date,horizon,bucket,row_type,fraction_ret_zero,unique_forward_return_values,fraction_unchanged_mid,p_return_gt_0,p_return_lt_0,count
2024-01-01,100ms,,daily,0.964843139638,30200,0.964843139638,0.0180037847879,0.0171530755742,863985
2024-01-01,100ms,1,qi_1_decile,0.874581881735,10782,0.874581881735,0.00175927962129,0.123658838644,86399
2024-01-01,100ms,2,qi_1_decile,0.978634011968,1844,0.978634011968,0.00122686605169,0.0201391219806,86399
2024-01-01,100ms,3,qi_1_decile,0.989293733651,925,0.989293733651,0.00149309011783,0.00921317623093,86398
2024-01-01,100ms,4,qi_1_decile,0.992951307307,610,0.992951307307,0.00202548640609,0.00502320628711,86399
2024-01-01,100ms,5,qi_1_decile,0.991145628371,766,0.991145628371,0.00387740456955,0.00497696705942,86398
2024-01-01,100ms,6,qi_1_decile,0.991782312295,711,0.991782312295,0.00530098727995,0.00291670042477,86399
2024-01-01,100ms,7,qi_1_decile,0.991921109285,699,0.991921109285,0.00638903678326,0.0016898539318,86398
2024-01-01,100ms,8,qi_1_decile,0.989282159309,927,0.989282159309,0.00967614991088,0.00104169077988,86398
2024-01-01,100ms,9,qi_1_decile,0.977696501117,1926,0.977696501117,0.0211460780796,0.00115742080348,86399
2024-01-01,100ms,10,qi_1_decile,0.871142850529,11085,0.871142850529,0.127144146855,0.0017130026158,86398
2024-01-01,500ms,,daily,0.901945760381,44905,0.901945760381,0.0508506552806,0.0472035843381,863981
2024-01-01,500ms,1,qi_1_decile,0.726929709835,13899,0.726929709835,0.00450236692554,0.26856792324,86399
2024-01-01,500ms,2,qi_1_decile,0.910045255153,4560,0.910045255153,0.00511579995139,0.0848389448952,86399
2024-01-01,500ms,3,qi_1_decile,0.950797472164,2692,0.950797472164,0.00678256441121,0.0424199634251,86398
2024-01-01,500ms,4,qi_1_decile,0.965913957337,1888,0.965913957337,0.00909732751536,0.0249887151472,86399
2024-01-01,500ms,5,qi_1_decile,0.964582513484,2017,0.964582513484,0.0150119215723,0.0204055649436,86398
2024-01-01,500ms,6,qi_1_decile,0.966468355016,1933,0.966468355016,0.0224200194453,0.0111116255382,86396
2024-01-01,500ms,7,qi_1_decile,0.9637371668,2036,0.9637371668,0.0299894672269,0.00627336597336,86397
2024-01-01,500ms,8,qi_1_decile,0.950623857034,2687,0.950623857034,0.0445264936688,0.00484964929744,86398
2024-01-01,500ms,9,qi_1_decile,0.906642437991,4629,0.906642437991,0.0882186136414,0.00513894836746,86399
2024-01-01,500ms,10,qi_1_decile,0.713720225005,14191,0.713720225005,0.282842195421,0.0034375795736,86398
2024-01-01,1s,,daily,0.841828939693,48229,0.841828939693,0.0820983453244,0.0760727149828,863976
2024-01-01,1s,1,qi_1_decile,0.616523339391,14302,0.616523339391,0.00925936642785,0.374217294182,86399
2024-01-01,1s,2,qi_1_decile,0.840924084769,5564,0.840924084769,0.0118056921955,0.147270223035,86399
2024-01-01,1s,3,qi_1_decile,0.902393573925,3588,0.902393573925,0.0150813676243,0.0825250584504,86398
2024-01-01,1s,4,qi_1_decile,0.930103357678,2700,0.930103357678,0.0192247595458,0.0506718827764,86399
2024-01-01,1s,5,qi_1_decile,0.930646542744,2715,0.930646542744,0.0295145720966,0.0398388851594,86398
2024-01-01,1s,6,qi_1_decile,0.931952868188,2721,0.931952868188,0.0454303439974,0.0226167878143,86396
2024-01-01,1s,7,qi_1_decile,0.927335439888,2824,0.927335439888,0.0594117851314,0.0132527749806,86397
2024-01-01,1s,8,qi_1_decile,0.905142777771,3547,0.905142777771,0.0844281365388,0.0104290856898,86393
2024-01-01,1s,9,qi_1_decile,0.83514855496,5692,0.83514855496,0.153080475468,0.0117709695714,86399
2024-01-01,1s,10,qi_1_decile,0.598127271465,14645,0.598127271465,0.393747540452,0.00812518808306,86398
2024-01-01,5s,,daily,0.568565264094,54170,0.568565264094,0.224457598711,0.206977137195,863936
2024-01-01,5s,1,qi_1_decile,0.308417921504,15075,0.308417921504,0.0718642576882,0.619717820808,86399
2024-01-01,5s,2,qi_1_decile,0.515121702797,7662,0.515121702797,0.0891908471163,0.395687450086,86399
2024-01-01,5s,3,qi_1_decile,0.629690502095,6002,0.629690502095,0.0938216162411,0.276487881664,86398
2024-01-01,5s,4,qi_1_decile,0.688838991192,4991,0.688838991192,0.105904003519,0.205257005289,86399
2024-01-01,5s,5,qi_1_decile,0.69295585546,5079,0.69295585546,0.133614204033,0.173429940508,86398
2024-01-01,5s,6,qi_1_decile,0.707359136997,5076,0.707359136997,0.177056808186,0.115584054817,86396
2024-01-01,5s,7,qi_1_decile,0.686283134622,4977,0.686283134622,0.228984836208,0.08473202917,86390
2024-01-01,5s,8,qi_1_decile,0.640689032437,5836,0.640689032437,0.290824477322,0.068486490241,86382
2024-01-01,5s,9,qi_1_decile,0.523494206036,7834,0.523494206036,0.405866895107,0.0706388988574,86383
2024-01-01,5s,10,qi_1_decile,0.292804889342,15334,0.292804889342,0.647525233818,0.0596698768404,86392
2024-01-01,30s,,daily,0.155527587572,57568,0.155527587572,0.434190203384,0.410282209044,863686
2024-01-01,30s,1,qi_1_decile,0.0523342632572,15883,0.0523342632572,0.304235591003,0.64343014574,86387
2024-01-01,30s,2,qi_1_decile,0.110694357621,9290,0.110694357621,0.317670347989,0.57163529439,86382
2024-01-01,30s,3,qi_1_decile,0.145678497835,7602,0.145678497835,0.325171910815,0.52914959135,86382
2024-01-01,30s,4,qi_1_decile,0.198861071565,6712,0.198861071565,0.354526198826,0.446612729609,86397
2024-01-01,30s,5,qi_1_decile,0.206734108061,6880,0.206734108061,0.374681698227,0.418584193713,86396
2024-01-01,30s,6,qi_1_decile,0.22781541312,6819,0.22781541312,0.421608476637,0.350576110243,86355
2024-01-01,30s,7,qi_1_decile,0.222886056017,6900,0.222886056017,0.472321604316,0.304792339667,86367
2024-01-01,30s,8,qi_1_decile,0.19444412279,7577,0.19444412279,0.507775680589,0.297780196621,86359
2024-01-01,30s,9,qi_1_decile,0.125628664797,9258,0.125628664797,0.586831065891,0.287540269312,86294
2024-01-01,30s,10,qi_1_decile,0.0701888452766,15881,0.0701888452766,0.677330461866,0.252480692857,86367
2024-02-01,100ms,,daily,0.954490792022,38941,0.954490792022,0.0223442930905,0.023164914888,863979
2024-02-01,100ms,1,qi_1_decile,0.837693002153,13872,0.837693002153,0.00164355656381,0.160663441283,86398
2024-02-01,100ms,2,qi_1_decile,0.966110326628,2922,0.966110326628,0.00156253616982,0.0323271372023,86398
2024-02-01,100ms,3,qi_1_decile,0.984282043566,1356,0.984282043566,0.00188661774578,0.0138313386884,86398
2024-02-01,100ms,4,qi_1_decile,0.989270584967,928,0.989270584967,0.00287043681567,0.00785897821709,86398
2024-02-01,100ms,5,qi_1_decile,0.989455774439,912,0.989455774439,0.00454871640547,0.0059955091553,86398
2024-02-01,100ms,6,qi_1_decile,0.989571517859,902,0.989571517859,0.00657422625524,0.00385425588555,86398
2024-02-01,100ms,7,qi_1_decile,0.988819185629,967,0.988819185629,0.00883122294498,0.00234959142573,86398
2024-02-01,100ms,8,qi_1_decile,0.98540475474,1260,0.98540475474,0.0131021551425,0.00149309011783,86398
2024-02-01,100ms,9,qi_1_decile,0.966793212806,2865,0.966793212806,0.0318410148383,0.00136577235584,86398
2024-02-01,100ms,10,qi_1_decile,0.847506279153,13096,0.847506279153,0.150583932312,0.00190978853432,86397
2024-02-01,500ms,,daily,0.871189559883,57702,0.871189559883,0.0624624555109,0.066347984606,863975
2024-02-01,500ms,1,qi_1_decile,0.651704900576,17774,0.651704900576,0.00495381837543,0.343341281048,86398
2024-02-01,500ms,2,qi_1_decile,0.869869672909,6854,0.869869672909,0.00827565452904,0.121854672562,86398
2024-02-01,500ms,3,qi_1_decile,0.923331558601,4142,0.923331558601,0.0116206393667,0.0650478020325,86398
2024-02-01,500ms,4,qi_1_decile,0.943713974861,3058,0.943713974861,0.0155096182782,0.0407764068613,86398
2024-02-01,500ms,5,qi_1_decile,0.94417694854,3161,0.94417694854,0.0231139609713,0.0327090904882,86398
2024-02-01,500ms,6,qi_1_decile,0.946248755758,3035,0.946248755758,0.0313664668164,0.0223847774254,86398
2024-02-01,500ms,7,qi_1_decile,0.942359776847,3142,0.942359776847,0.043044977893,0.0145952452603,86398
2024-02-01,500ms,8,qi_1_decile,0.92877149934,3861,0.92877149934,0.0618185606148,0.00940994004491,86398
2024-02-01,500ms,9,qi_1_decile,0.877715661423,6372,0.877715661423,0.115119737954,0.00716460062271,86397
2024-02-01,500ms,10,qi_1_decile,0.683994258861,16616,0.683994258861,0.309813181471,0.0061925596685,86394
2024-02-01,1s,,daily,0.793686123361,62107,0.793686123361,0.10051506418,0.105798812459,863970
2024-02-01,1s,1,qi_1_decile,0.533276233246,18419,0.533276233246,0.0118868492326,0.454836917521,86398
2024-02-01,1s,2,qi_1_decile,0.780353711891,8289,0.780353711891,0.0187157110118,0.200930577097,86398
2024-02-01,1s,3,qi_1_decile,0.852542882937,5597,0.852542882937,0.0266325609389,0.120824556124,86398
2024-02-01,1s,4,qi_1_decile,0.886918678673,4334,0.886918678673,0.0333572536401,0.0797240676868,86398
2024-02-01,1s,5,qi_1_decile,0.887393226695,4355,0.887393226695,0.0468066390426,0.0658001342624,86398
2024-02-01,1s,6,qi_1_decile,0.888816870761,4322,0.888816870761,0.0618995810088,0.0492835482303,86398
2024-02-01,1s,7,qi_1_decile,0.884163985277,4366,0.884163985277,0.0829880321304,0.0328479825922,86398
2024-02-01,1s,8,qi_1_decile,0.860405356915,5340,0.860405356915,0.116305719213,0.0232889238711,86393
2024-02-01,1s,9,qi_1_decile,0.795351690452,7589,0.795351690452,0.187703276734,0.0169450328136,86397
2024-02-01,1s,10,qi_1_decile,0.567632011482,17313,0.567632011482,0.418871680904,0.013496307614,86394
2024-02-01,5s,,daily,0.466804023474,70342,0.466804023474,0.263428750014,0.269767226511,863930
2024-02-01,5s,1,qi_1_decile,0.250306720063,19398,0.250306720063,0.0874094307739,0.662283849163,86398
2024-02-01,5s,2,qi_1_decile,0.435530915067,11413,0.435530915067,0.112745665409,0.451723419524,86398
2024-02-01,5s,3,qi_1_decile,0.505810319683,9054,0.505810319683,0.145281140767,0.34890853955,86398
2024-02-01,5s,4,qi_1_decile,0.57070765527,7901,0.57070765527,0.160327785365,0.268964559365,86398
2024-02-01,5s,5,qi_1_decile,0.561459756013,7999,0.561459756013,0.192747517304,0.245792726683,86398
2024-02-01,5s,6,qi_1_decile,0.556203771226,7874,0.556203771226,0.229167390122,0.214628838652,86391
2024-02-01,5s,7,qi_1_decile,0.545512419844,8099,0.545512419844,0.283781281107,0.170706299049,86394
2024-02-01,5s,8,qi_1_decile,0.523308322912,8867,0.523308322912,0.334989115835,0.141702561252,86364
2024-02-01,5s,9,qi_1_decile,0.452191627024,10704,0.452191627024,0.436531361043,0.111277011933,86397
2024-02-01,5s,10,qi_1_decile,0.267032432808,18399,0.267032432808,0.651353103225,0.0816144639674,86394
2024-02-01,30s,,daily,0.0710923027047,74311,0.0710923027047,0.462027602816,0.466880094479,863680
2024-02-01,30s,1,qi_1_decile,0.0364823259798,20518,0.0364823259798,0.323190351629,0.640327322392,86398
2024-02-01,30s,2,qi_1_decile,0.0667839533323,13119,0.0667839533323,0.338364313989,0.594851732679,86398
2024-02-01,30s,3,qi_1_decile,0.0860340756517,11148,0.0860340756517,0.369554146025,0.544411778323,86396
2024-02-01,30s,4,qi_1_decile,0.0987834380896,10028,0.0987834380896,0.396951071292,0.504265490618,86391
2024-02-01,30s,5,qi_1_decile,0.0840297229103,10186,0.0840297229103,0.432336396676,0.483633880414,86398
2024-02-01,30s,6,qi_1_decile,0.0904932309581,9812,0.0904932309581,0.466710674125,0.442796094917,86349
2024-02-01,30s,7,qi_1_decile,0.0740405901921,10387,0.0740405901921,0.510808210763,0.415151199045,86277
2024-02-01,30s,8,qi_1_decile,0.0720716545195,11073,0.0720716545195,0.539297591046,0.388630754435,86303
2024-02-01,30s,9,qi_1_decile,0.0646012781328,12661,0.0646012781328,0.58606557377,0.349333148097,86376
2024-02-01,30s,10,qi_1_decile,0.0376183531264,19734,0.0376183531264,0.657186841679,0.305194805195,86394
2024-03-01,100ms,,daily,0.934681277368,55409,0.934681277368,0.0345061480462,0.0308125745862,863933
2024-03-01,100ms,1,qi_1_decile,0.798840197236,17136,0.798840197236,0.00195615436257,0.199203648402,86394
2024-03-01,100ms,2,qi_1_decile,0.952137325941,4126,0.952137325941,0.00209507714745,0.0457675969118,86393
2024-03-01,100ms,3,qi_1_decile,0.974997684971,2158,0.974997684971,0.00306741364941,0.0219349013798,86392
2024-03-01,100ms,4,qi_1_decile,0.981584156124,1592,0.981584156124,0.00472260484067,0.0136932390356,86393
2024-03-01,100ms,5,qi_1_decile,0.983378282963,1437,0.983378282963,0.00704918222541,0.00957253481185,86393
2024-03-01,100ms,6,qi_1_decile,0.983552098525,1421,0.983552098525,0.00994282010325,0.00650508137139,86394
2024-03-01,100ms,7,qi_1_decile,0.981514920018,1598,0.981514920018,0.0144454476005,0.00403963238188,86394
2024-03-01,100ms,8,qi_1_decile,0.973215422546,2311,0.973215422546,0.023809799405,0.00297477804915,86393
2024-03-01,100ms,9,qi_1_decile,0.943966016159,4826,0.943966016159,0.0539620807,0.00207190314142,86394
2024-03-01,100ms,10,qi_1_decile,0.773627492968,19159,0.773627492968,0.224011204611,0.00236130242033,86393
2024-03-01,500ms,,daily,0.813183149848,82507,0.813183149848,0.097165134312,0.0896517158398,863921
2024-03-01,500ms,1,qi_1_decile,0.589878926777,21686,0.589878926777,0.0106373127764,0.399483760446,86394
2024-03-01,500ms,2,qi_1_decile,0.822245887787,9210,0.822245887787,0.013786477445,0.163967634768,86389
2024-03-01,500ms,3,qi_1_decile,0.875260452841,6595,0.875260452841,0.0212298004352,0.103509746724,86388
2024-03-01,500ms,4,qi_1_decile,0.89833196356,5548,0.89833196356,0.0318906342243,0.0697774022156,86389
2024-03-01,500ms,5,qi_1_decile,0.907480930168,5142,0.907480930168,0.0429548690287,0.0495642008033,86393
2024-03-01,500ms,6,qi_1_decile,0.908500590319,5085,0.908500590319,0.0536727087529,0.0378267009283,86394
2024-03-01,500ms,7,qi_1_decile,0.898083200222,5516,0.898083200222,0.0748315855268,0.027085214251,86394
2024-03-01,500ms,8,qi_1_decile,0.871540518329,6869,0.871540518329,0.108805111525,0.0196543701457,86393
2024-03-01,500ms,9,qi_1_decile,0.801895964998,10618,0.801895964998,0.183334490821,0.0147695441813,86394
2024-03-01,500ms,10,qi_1_decile,0.558621647587,24231,0.558621647587,0.43049784126,0.0108805111525,86393
2024-03-01,1s,,daily,0.705170469935,88953,0.705170469935,0.152257305772,0.142572224293,863906
2024-03-01,1s,1,qi_1_decile,0.463064564669,22655,0.463064564669,0.0252911081788,0.511644327152,86394
2024-03-01,1s,2,qi_1_decile,0.702224949065,11212,0.702224949065,0.0331079829598,0.264667067976,86384
2024-03-01,1s,3,qi_1_decile,0.765659909936,8776,0.765659909936,0.0511558987301,0.183184191334,86383
2024-03-01,1s,4,qi_1_decile,0.799881922578,7674,0.799881922578,0.0679292461567,0.132188831265,86384
2024-03-01,1s,5,qi_1_decile,0.816547636961,7213,0.816547636961,0.0870672392439,0.0963851237948,86393
2024-03-01,1s,6,qi_1_decile,0.824466976873,6977,0.824466976873,0.100944510035,0.0745885130912,86394
2024-03-01,1s,7,qi_1_decile,0.80281038035,7508,0.80281038035,0.138921684376,0.0582679352733,86394
2024-03-01,1s,8,qi_1_decile,0.764564258678,8991,0.764564258678,0.190385795145,0.0450499461762,86393
2024-03-01,1s,9,qi_1_decile,0.680325022571,12612,0.680325022571,0.285228140843,0.0344468365859,86394
2024-03-01,1s,10,qi_1_decile,0.432176217981,25165,0.432176217981,0.542509231072,0.0253145509474,86393
2024-03-01,5s,,daily,0.310019934293,100921,0.310019934293,0.351053090973,0.338926974734,863838
2024-03-01,5s,1,qi_1_decile,0.158703150682,25433,0.158703150682,0.163171053545,0.678125795773,86394
2024-03-01,5s,2,qi_1_decile,0.285125402376,15702,0.285125402376,0.192607859938,0.522266737686,86362
2024-03-01,5s,3,qi_1_decile,0.332943560058,13630,0.332943560058,0.226732272069,0.440324167873,86375
2024-03-01,5s,4,qi_1_decile,0.362143204389,12634,0.362143204389,0.253929671042,0.383927124569,86394
2024-03-01,5s,5,qi_1_decile,0.39194147674,12142,0.39194147674,0.288333545542,0.319724977718,86393
2024-03-01,5s,6,qi_1_decile,0.412764923084,11913,0.412764923084,0.316148299052,0.271086777864,86393
2024-03-01,5s,7,qi_1_decile,0.378228504613,12166,0.378228504613,0.389955892057,0.23181560333,86379
2024-03-01,5s,8,qi_1_decile,0.344774495277,13704,0.344774495277,0.444538340433,0.21068716429,86384
2024-03-01,5s,9,qi_1_decile,0.285112343292,16505,0.285112343292,0.534895296746,0.179992359962,86387
2024-03-01,5s,10,qi_1_decile,0.148442293666,27362,0.148442293666,0.700232700835,0.151325005499,86377
2024-03-01,30s,,daily,0.0232610920948,105611,0.0232610920948,0.494791497798,0.481947410108,863588
2024-03-01,30s,1,qi_1_decile,0.00853335185893,26732,0.00853335185893,0.370917132701,0.62054951544,86367
2024-03-01,30s,2,qi_1_decile,0.0219617291387,17642,0.0219617291387,0.40078997359,0.577248297271,86332
2024-03-01,30s,3,qi_1_decile,0.0237441334956,15726,0.0237441334956,0.441172721479,0.535083145026,86295
2024-03-01,30s,4,qi_1_decile,0.02416918429,14563,0.02416918429,0.455903971479,0.519926844231,86391
2024-03-01,30s,5,qi_1_decile,0.0354049923586,14084,0.0354049923586,0.467628398092,0.496966609549,86372
2024-03-01,30s,6,qi_1_decile,0.0322617986503,13894,0.0322617986503,0.503165985623,0.464572215727,86387
2024-03-01,30s,7,qi_1_decile,0.0318689587313,14550,0.0318689587313,0.529605834346,0.438525206922,86385
2024-03-01,30s,8,qi_1_decile,0.0274264535557,15677,0.0274264535557,0.561454713922,0.411118832523,86340
2024-03-01,30s,9,qi_1_decile,0.0181925562221,18380,0.0181925562221,0.592236607453,0.389570836325,86354
2024-03-01,30s,10,qi_1_decile,0.00904301511029,28626,0.00904301511029,0.624998552654,0.365958432235,86365
2024-04-01,100ms,,daily,0.940207376472,50550,0.940207376472,0.0306550485221,0.0291375750056,863936
2024-04-01,100ms,1,qi_1_decile,0.825275195907,14878,0.825275195907,0.00419015429491,0.170534649798,86393
2024-04-01,100ms,2,qi_1_decile,0.949753455101,4315,0.949753455101,0.00315994166262,0.0470866032363,86394
2024-04-01,100ms,3,qi_1_decile,0.973123133551,2319,0.973123133551,0.00387758409149,0.0229992823576,86394
2024-04-01,100ms,4,qi_1_decile,0.981503131041,1598,0.981503131041,0.00483835495931,0.013658514,86393
2024-04-01,100ms,5,qi_1_decile,0.982186262935,1538,0.982186262935,0.00699122624256,0.0108225108225,86394
2024-04-01,100ms,6,qi_1_decile,0.980808630329,1658,0.980808630329,0.0109152361881,0.00827613348304,86393
2024-04-01,100ms,7,qi_1_decile,0.979813412968,1744,0.979813412968,0.0142833993101,0.00590318772137,86394
2024-04-01,100ms,8,qi_1_decile,0.974697316943,2186,0.974697316943,0.0213324999421,0.00397018311457,86394
2024-04-01,100ms,9,qi_1_decile,0.949336759497,4352,0.949336759497,0.0470518786027,0.00361136190013,86394
2024-04-01,100ms,10,qi_1_decile,0.805574525714,16422,0.805574525714,0.189911219659,0.00451425462711,86393
2024-04-01,500ms,,daily,0.843280558752,73658,0.843280558752,0.079315821031,0.0774036202175,863926
2024-04-01,500ms,1,qi_1_decile,0.640567664865,18678,0.640567664865,0.00926043825024,0.350171896885,86389
2024-04-01,500ms,2,qi_1_decile,0.842732134176,8693,0.842732134176,0.00965344815612,0.147614417668,86394
2024-04-01,500ms,3,qi_1_decile,0.899530059958,5899,0.899530059958,0.0146190707688,0.0858508692733,86394
2024-04-01,500ms,4,qi_1_decile,0.924529175493,4681,0.924529175493,0.0199905082705,0.0554803162366,86391
2024-04-01,500ms,5,qi_1_decile,0.929358520268,4497,0.929358520268,0.0280343542376,0.0426071254948,86394
2024-04-01,500ms,6,qi_1_decile,0.924434823878,4858,0.924434823878,0.0422623250645,0.0333028510574,86389
2024-04-01,500ms,7,qi_1_decile,0.922147371345,4912,0.922147371345,0.0549575201982,0.0228951084566,86394
2024-04-01,500ms,8,qi_1_decile,0.905386948168,5746,0.905386948168,0.0796004352154,0.0150126166169,86394
2024-04-01,500ms,9,qi_1_decile,0.833796328449,9274,0.833796328449,0.15520753756,0.0109961339908,86394
2024-04-01,500ms,10,qi_1_decile,0.610315650574,20562,0.610315650574,0.379567789057,0.0101165603695,86393
2024-04-01,1s,,daily,0.759094034388,79908,0.759094034388,0.120789241572,0.120116724041,863918
2024-04-01,1s,1,qi_1_decile,0.522792517479,19403,0.522792517479,0.0186252720285,0.458582210492,86388
2024-04-01,1s,2,qi_1_decile,0.746868995532,10334,0.746868995532,0.0210547028729,0.232076301595,86394
2024-04-01,1s,3,qi_1_decile,0.822641509434,7648,0.822641509434,0.0311957402477,0.146162750318,86390
2024-04-01,1s,4,qi_1_decile,0.858550080448,6540,0.858550080448,0.0404787535739,0.100971165978,86391
2024-04-01,1s,5,qi_1_decile,0.868810334051,6168,0.868810334051,0.053765307776,0.077424358173,86394
2024-04-01,1s,6,qi_1_decile,0.860926539023,6582,0.860926539023,0.076169749728,0.0629037112495,86386
2024-04-01,1s,7,qi_1_decile,0.854908905711,6706,0.854908905711,0.0995092251777,0.0455818691113,86394
2024-04-01,1s,8,qi_1_decile,0.830474338496,7567,0.830474338496,0.136884505868,0.0326411556358,86394
2024-04-01,1s,9,qi_1_decile,0.736023334954,11033,0.736023334954,0.240236590504,0.0237400745422,86394
2024-04-01,1s,10,qi_1_decile,0.488940076164,21398,0.488940076164,0.489958677208,0.0211012466288,86393
2024-04-01,5s,,daily,0.433098192106,89474,0.433098192106,0.27837148301,0.288530324884,863878
2024-04-01,5s,1,qi_1_decile,0.22985084997,21006,0.22985084997,0.100861549863,0.669287600167,86356
2024-04-01,5s,2,qi_1_decile,0.400085654096,13752,0.400085654096,0.117380836632,0.482533509271,86394
2024-04-01,5s,3,qi_1_decile,0.483816072793,11439,0.483816072793,0.14869996064,0.367483966567,86382
2024-04-01,5s,4,qi_1_decile,0.522802509434,10454,0.522802509434,0.170613700025,0.306583790541,86394
2024-04-01,5s,5,qi_1_decile,0.554606382609,10148,0.554606382609,0.193017791205,0.252375826186,86391
2024-04-01,5s,6,qi_1_decile,0.531630184398,10500,0.531630184398,0.24572572897,0.222644086631,86389
2024-04-01,5s,7,qi_1_decile,0.520343554305,10557,0.520343554305,0.289567200287,0.190089245408,86391
2024-04-01,5s,8,qi_1_decile,0.484883209482,11324,0.484883209482,0.366321735306,0.148795055212,86394
2024-04-01,5s,9,qi_1_decile,0.385536032595,14298,0.385536032595,0.484721161192,0.129742806213,86394
2024-04-01,5s,10,qi_1_decile,0.217355572789,22972,0.217355572789,0.666709108377,0.115935318834,86393
2024-04-01,30s,,daily,0.0762156854572,94101,0.0762156854572,0.449898567439,0.473885747104,863628
2024-04-01,30s,1,qi_1_decile,0.0360216361467,22226,0.0360216361467,0.301805714815,0.662172649038,86337
2024-04-01,30s,2,qi_1_decile,0.0660115285784,15707,0.0660115285784,0.319211982314,0.614776489108,86394
2024-04-01,30s,3,qi_1_decile,0.0852839711977,13434,0.0852839711977,0.351624180964,0.563091847839,86382
2024-04-01,30s,4,qi_1_decile,0.0965194636778,12589,0.0965194636778,0.385093671121,0.518386865202,86366
2024-04-01,30s,5,qi_1_decile,0.10836246614,12066,0.10836246614,0.411918597921,0.479718935939,86386
2024-04-01,30s,6,qi_1_decile,0.108630676552,12390,0.108630676552,0.460426320667,0.43094300278,86320
2024-04-01,30s,7,qi_1_decile,0.093230747839,12576,0.093230747839,0.490915621886,0.415853630275,86302
2024-04-01,30s,8,qi_1_decile,0.0864702136282,13509,0.0864702136282,0.53945464019,0.374075146182,86365
2024-04-01,30s,9,qi_1_decile,0.0472293284869,15984,0.0472293284869,0.601166842233,0.35160382928,86387
2024-04-01,30s,10,qi_1_decile,0.0344256791953,24122,0.0344256791953,0.637338087025,0.32823623378,86389
2024-05-01,100ms,,daily,0.88527925832,94628,0.88527925832,0.0571665017332,0.0575542399463,863985
2024-05-01,100ms,1,qi_1_decile,0.709742010903,24229,0.709742010903,0.00581025243348,0.284447736664,86399
2024-05-01,100ms,2,qi_1_decile,0.884755610597,9855,0.884755610597,0.00785888725564,0.107385502147,86399
2024-05-01,100ms,3,qi_1_decile,0.934836454548,5606,0.934836454548,0.0100349545128,0.0551285909396,86398
2024-05-01,100ms,4,qi_1_decile,0.948089076136,4480,0.948089076136,0.0156137873562,0.0362971365078,86398
2024-05-01,100ms,5,qi_1_decile,0.945635315632,4692,0.945635315632,0.0242945438552,0.0300701405125,86398
2024-05-01,100ms,6,qi_1_decile,0.94611048739,4653,0.94611048739,0.0306832255003,0.0232062871098,86399
2024-05-01,100ms,7,qi_1_decile,0.944362781977,4797,0.944362781977,0.0396879593514,0.015949258672,86399
2024-05-01,100ms,8,qi_1_decile,0.933621148638,5696,0.933621148638,0.0565522350054,0.00982661635686,86398
2024-05-01,100ms,9,qi_1_decile,0.882313452702,10004,0.882313452702,0.11025590574,0.00743064155835,86399
2024-05-01,100ms,10,qi_1_decile,0.723326928864,22898,0.723326928864,0.270874325795,0.00579874534133,86398
2024-05-01,500ms,,daily,0.693456221838,138872,0.693456221838,0.154476776688,0.152067001473,863981
2024-05-01,500ms,1,qi_1_decile,0.47682264841,31327,0.47682264841,0.0344911399437,0.488686211646,86399
2024-05-01,500ms,2,qi_1_decile,0.680355096703,19453,0.680355096703,0.0460653479786,0.273579555319,86399
2024-05-01,500ms,3,qi_1_decile,0.758003657492,14740,0.758003657492,0.060371767865,0.181624574643,86398
2024-05-01,500ms,4,qi_1_decile,0.785413338889,13133,0.785413338889,0.0794615366808,0.13512512443,86394
2024-05-01,500ms,5,qi_1_decile,0.783339892127,13287,0.783339892127,0.1016921688,0.114967939073,86398
2024-05-01,500ms,6,qi_1_decile,0.77872429079,13467,0.77872429079,0.120556950891,0.100718758319,86399
2024-05-01,500ms,7,qi_1_decile,0.772034398546,13712,0.772034398546,0.146263266936,0.0817023345178,86399
2024-05-01,500ms,8,qi_1_decile,0.751255816107,14935,0.751255816107,0.186809879858,0.0619343040348,86398
2024-05-01,500ms,9,qi_1_decile,0.666929015382,19943,0.666929015382,0.285663028507,0.0474079561106,86399
2024-05-01,500ms,10,qi_1_decile,0.481689390958,29594,0.481689390958,0.483390819232,0.0349197898099,86398
2024-05-01,1s,,daily,0.562771419576,151751,0.562771419576,0.221531616619,0.215696963805,863976
2024-05-01,1s,1,qi_1_decile,0.361647704256,33338,0.361647704256,0.0692021898402,0.569150105904,86399
2024-05-01,1s,2,qi_1_decile,0.549890623734,23135,0.549890623734,0.0886352851306,0.361474091135,86399
2024-05-01,1s,3,qi_1_decile,0.624435750828,18619,0.624435750828,0.112884557513,0.26267969166,86398
2024-05-01,1s,4,qi_1_decile,0.661426802023,16773,0.661426802023,0.132829411152,0.205743786825,86389
2024-05-01,1s,5,qi_1_decile,0.653545220954,17211,0.653545220954,0.165246880715,0.181207898331,86398
2024-05-01,1s,6,qi_1_decile,0.64508848482,17463,0.64508848482,0.192027685506,0.162883829674,86399
2024-05-01,1s,7,qi_1_decile,0.639069896642,17548,0.639069896642,0.2245743585,0.136355744858,86399
2024-05-01,1s,8,qi_1_decile,0.612757239751,19124,0.612757239751,0.27218222644,0.115060533809,86398
2024-05-01,1s,9,qi_1_decile,0.527749163763,23761,0.527749163763,0.380050695031,0.0922001412053,86399
2024-05-01,1s,10,qi_1_decile,0.352114632283,32028,0.352114632283,0.577675409153,0.0702099585639,86398
2024-05-01,5s,,daily,0.219832256093,169617,0.219832256093,0.394823227646,0.38534451626,863936
2024-05-01,5s,1,qi_1_decile,0.129233903642,37286,0.129233903642,0.232144097423,0.638621998935,86386
2024-05-01,5s,2,qi_1_decile,0.218704053162,28796,0.218704053162,0.26591569515,0.515380251687,86377
2024-05-01,5s,3,qi_1_decile,0.248544475953,24756,0.248544475953,0.300885467909,0.450570056138,86395
2024-05-01,5s,4,qi_1_decile,0.281859539051,22965,0.281859539051,0.321483556554,0.396656904395,86387
2024-05-01,5s,5,qi_1_decile,0.272054908678,23453,0.272054908678,0.355355448043,0.372589643279,86398
2024-05-01,5s,6,qi_1_decile,0.268996168937,23659,0.268996168937,0.385050752902,0.345953078161,86399
2024-05-01,5s,7,qi_1_decile,0.252005231542,23979,0.252005231542,0.420548848945,0.327445919513,86399
2024-05-01,5s,8,qi_1_decile,0.234172087317,25419,0.234172087317,0.46623764439,0.299590268293,86398
2024-05-01,5s,9,qi_1_decile,0.188011435318,29657,0.188011435318,0.540828018843,0.27116054584,86399
2024-05-01,5s,10,qi_1_decile,0.104736220746,36120,0.104736220746,0.659714345239,0.235549434015,86398
2024-05-01,30s,,daily,0.0242263970934,175033,0.0242263970934,0.478957630435,0.496815972471,863686
2024-05-01,30s,1,qi_1_decile,0.0143543439255,38782,0.0143543439255,0.390322393934,0.59532326214,86385
2024-05-01,30s,2,qi_1_decile,0.0231989524549,30587,0.0231989524549,0.414487178002,0.562313869544,86297
2024-05-01,30s,3,qi_1_decile,0.0263523527232,26801,0.0263523527232,0.43907465728,0.534572989996,86368
2024-05-01,30s,4,qi_1_decile,0.0332252836305,24772,0.0332252836305,0.448379254457,0.518395461912,86380
2024-05-01,30s,5,qi_1_decile,0.0334498483761,25447,0.0334498483761,0.451098405056,0.515451746568,86398
2024-05-01,30s,6,qi_1_decile,0.0302553299845,25639,0.0302553299845,0.481457904118,0.488286765897,86398
2024-05-01,30s,7,qi_1_decile,0.0299343666439,25923,0.0299343666439,0.493685538668,0.476380094688,86389
2024-05-01,30s,8,qi_1_decile,0.0232216241246,27145,0.0232216241246,0.53025409504,0.446524280836,86385
2024-05-01,30s,9,qi_1_decile,0.0192251978724,31350,0.0192251978724,0.551157104284,0.429617697843,86293
2024-05-01,30s,10,qi_1_decile,0.00904008426609,37066,0.00904008426609,0.589654254396,0.401305661338,86393
2024-06-01,100ms,,daily,0.992087450113,6751,0.992087450113,0.00381969201708,0.00409285787042,863944
2024-06-01,100ms,1,qi_1_decile,0.970924243301,2475,0.970924243301,0.000127322182997,0.0289484345159,86395
2024-06-01,100ms,2,qi_1_decile,0.994235777533,499,0.994235777533,0.000219920134267,0.00554430233231,86395
2024-06-01,100ms,3,qi_1_decile,0.997245179063,239,0.997245179063,0.000289371947126,0.00246544898951,86394
2024-06-01,100ms,4,qi_1_decile,0.998229064182,154,0.998229064182,0.000393541292899,0.00137739452515,86395
2024-06-01,100ms,5,qi_1_decile,0.9986341486,119,0.9986341486,0.000520875533897,0.0008449758661,86393
2024-06-01,100ms,6,qi_1_decile,0.998518415631,129,0.998518415631,0.000844966085608,0.000636618283677,86394
2024-06-01,100ms,7,qi_1_decile,0.998506858036,130,0.998506858036,0.00108802592743,0.000405116036808,86395
2024-06-01,100ms,8,qi_1_decile,0.997650299789,204,0.997650299789,0.00210662777508,0.000243072435586,86394
2024-06-01,100ms,9,qi_1_decile,0.995057584351,428,0.995057584351,0.00475721974651,0.000185195902541,86395
2024-06-01,100ms,10,qi_1_decile,0.971873046739,2402,0.971873046739,0.0278491561914,0.000277797069241,86394
2024-06-01,500ms,,daily,0.97122124787,9080,0.97122124787,0.0137463886214,0.0150323635084,863936
2024-06-01,500ms,1,qi_1_decile,0.90458938596,3150,0.90458938596,0.000648185658892,0.0947624283813,86395
2024-06-01,500ms,2,qi_1_decile,0.973725331327,978,0.973725331327,0.00122692285433,0.0250477458186,86395
2024-06-01,500ms,3,qi_1_decile,0.986075421904,545,0.986075421904,0.00134268583466,0.012581892261,86394
2024-06-01,500ms,4,qi_1_decile,0.991272643093,358,0.991272643093,0.00185195902541,0.00687539788182,86395
2024-06-01,500ms,5,qi_1_decile,0.993274606721,306,0.993274606721,0.00262764935351,0.00409774392573,86389
2024-06-01,500ms,6,qi_1_decile,0.993656673226,283,0.993656673226,0.00386618821623,0.0024771385577,86390
2024-06-01,500ms,7,qi_1_decile,0.992557439667,316,0.992557439667,0.00593784362521,0.00150471670814,86395
2024-06-01,500ms,8,qi_1_decile,0.989212213811,448,0.989212213811,0.0095955737667,0.00119221242216,86394
2024-06-01,500ms,9,qi_1_decile,0.977579721049,845,0.977579721049,0.0216100468777,0.000810232073615,86395
2024-06-01,500ms,10,qi_1_decile,0.910271546635,3016,0.910271546635,0.0887561636225,0.000972289742343,86394
2024-06-01,1s,,daily,0.948517581367,9595,0.948517581367,0.0245611313932,0.0269212872399,863926
2024-06-01,1s,1,qi_1_decile,0.840210660339,3278,0.840210660339,0.00148156722033,0.158307772441,86395
2024-06-01,1s,2,qi_1_decile,0.949580415533,1179,0.949580415533,0.00251171942821,0.0479078650385,86395
2024-06-01,1s,3,qi_1_decile,0.970750283585,709,0.970750283585,0.00309049239531,0.0261592240202,86394
2024-06-01,1s,4,qi_1_decile,0.982093871173,442,0.982093871173,0.00409745934371,0.0138086694832,86395
2024-06-01,1s,5,qi_1_decile,0.985958047787,394,0.985958047787,0.00547555102797,0.0085664011854,86384
2024-06-01,1s,6,qi_1_decile,0.986710655785,356,0.986710655785,0.00825374775713,0.00503559645772,86385
2024-06-01,1s,7,qi_1_decile,0.984408819955,417,0.984408819955,0.0123502517507,0.00324092829446,86395
2024-06-01,1s,8,qi_1_decile,0.978285529088,540,0.978285529088,0.019225872167,0.00248859874528,86394
2024-06-01,1s,9,qi_1_decile,0.956698883037,1010,0.956698883037,0.0415186064008,0.00178251056195,86395
2024-06-01,1s,10,qi_1_decile,0.850487302359,3136,0.850487302359,0.14760284279,0.00190985485103,86394
2024-06-01,5s,,daily,0.817589124063,11071,0.817589124063,0.0876168602955,0.0947940156416,863852
2024-06-01,5s,1,qi_1_decile,0.56923433069,3563,0.56923433069,0.0122576537994,0.41850801551,86395
2024-06-01,5s,2,qi_1_decile,0.790728630129,1833,0.790728630129,0.0155448810695,0.193726488801,86395
2024-06-01,5s,3,qi_1_decile,0.849468713105,1313,0.849468713105,0.0238442484432,0.126687038452,86394
2024-06-01,5s,4,qi_1_decile,0.906198275363,879,0.906198275363,0.0248394004283,0.0689623242086,86395
2024-06-01,5s,5,qi_1_decile,0.917527564162,732,0.917527564162,0.0315598072825,0.0509126285555,86344
2024-06-01,5s,6,qi_1_decile,0.924216280066,720,0.924216280066,0.0445391483596,0.0312445715742,86351
2024-06-01,5s,7,qi_1_decile,0.912842178367,765,0.912842178367,0.0646333699867,0.0225244516465,86395
2024-06-01,5s,8,qi_1_decile,0.89349954858,968,0.89349954858,0.0924832743015,0.0140171771188,86394
2024-06-01,5s,9,qi_1_decile,0.810833960299,1615,0.810833960299,0.178401527866,0.0107645118352,86395
2024-06-01,5s,10,qi_1_decile,0.601453804662,3404,0.601453804662,0.388013056462,0.0105331388754,86394
2024-06-01,30s,,daily,0.449484832133,12590,0.449484832133,0.273950268758,0.276564899109,863602
2024-06-01,30s,1,qi_1_decile,0.202430696221,3868,0.202430696221,0.112240291684,0.685329012096,86395
2024-06-01,30s,2,qi_1_decile,0.35277912818,2438,0.35277912818,0.120170382202,0.527050489617,86394
2024-06-01,30s,3,qi_1_decile,0.444874005996,1954,0.444874005996,0.143182896762,0.411943097242,86393
2024-06-01,30s,4,qi_1_decile,0.548623895701,1660,0.548623895701,0.14730163141,0.304074472889,86367
2024-06-01,30s,5,qi_1_decile,0.600947471088,1389,0.600947471088,0.171020853653,0.228031675259,86124
2024-06-01,30s,6,qi_1_decile,0.581630881417,1409,0.581630881417,0.238092482204,0.180276636379,86395
2024-06-01,30s,7,qi_1_decile,0.581788282707,1443,0.581788282707,0.278931338375,0.139280378919,86351
2024-06-01,30s,8,qi_1_decile,0.530546102739,1673,0.530546102739,0.355013079612,0.114440817649,86394
2024-06-01,30s,9,qi_1_decile,0.418843683084,2216,0.418843683084,0.483060362289,0.098095954627,86395
2024-06-01,30s,10,qi_1_decile,0.232955992314,3664,0.232955992314,0.69012894414,0.0769150635461,86394
2024-07-01,100ms,,daily,0.970461087596,24616,0.970461087596,0.0149286035887,0.0146103088154,863979
2024-07-01,100ms,1,qi_1_decile,0.904986226533,7981,0.904986226533,0.000636588809926,0.0943771846571,86398
2024-07-01,100ms,2,qi_1_decile,0.973587351559,2269,0.973587351559,0.000451399337948,0.025961249103,86398
2024-07-01,100ms,3,qi_1_decile,0.987476561957,1082,0.987476561957,0.000729183545915,0.0117942544966,86398
2024-07-01,100ms,4,qi_1_decile,0.993425773745,569,0.993425773745,0.000763906571911,0.00581031968333,86398
2024-07-01,100ms,5,qi_1_decile,0.994722100049,457,0.994722100049,0.00197921248177,0.00329868746962,86398
2024-07-01,100ms,6,qi_1_decile,0.995439709253,395,0.995439709253,0.00297460589365,0.00158568485382,86398
2024-07-01,100ms,7,qi_1_decile,0.994097085581,511,0.994097085581,0.00459501377347,0.00130790064585,86398
2024-07-01,100ms,8,qi_1_decile,0.988622421815,983,0.988622421815,0.0106599689808,0.000717609203917,86398
2024-07-01,100ms,9,qi_1_decile,0.974999131914,2137,0.974999131914,0.0243989953355,0.000601872750211,86397
2024-07-01,100ms,10,qi_1_decile,0.897254566078,8575,0.897254566078,0.10209727077,0.000648163151925,86398
2024-07-01,500ms,,daily,0.898190341156,34419,0.898190341156,0.050923927197,0.0508857316473,863975
2024-07-01,500ms,1,qi_1_decile,0.743963701183,10072,0.743963701183,0.00223395143181,0.253802347385,86394
2024-07-01,500ms,2,qi_1_decile,0.890356258247,4911,0.890356258247,0.0025579295817,0.107085812172,86398
2024-07-01,500ms,3,qi_1_decile,0.934767008496,2943,0.934767008496,0.00524317692539,0.059989814579,86398
2024-07-01,500ms,4,qi_1_decile,0.958251348411,1949,0.958251348411,0.00715294335517,0.034595708234,86398
2024-07-01,500ms,5,qi_1_decile,0.96450149309,1704,0.96450149309,0.0139239334244,0.0215745734855,86398
2024-07-01,500ms,6,qi_1_decile,0.966885807542,1640,0.966885807542,0.0198847195537,0.0132294729045,86398
2024-07-01,500ms,7,qi_1_decile,0.959871756291,1923,0.959871756291,0.0313317437904,0.00879649991898,86398
2024-07-01,500ms,8,qi_1_decile,0.938655987407,2859,0.938655987407,0.0570036343434,0.0043403782495,86398
2024-07-01,500ms,9,qi_1_decile,0.897565887704,4566,0.897565887704,0.0994131740685,0.00302093822702,86397
2024-07-01,500ms,10,qi_1_decile,0.727077015672,10824,0.727077015672,0.270492372509,0.00243061181972,86398
2024-07-01,1s,,daily,0.828040325474,37324,0.828040325474,0.0854531986064,0.0865064759193,863970
2024-07-01,1s,1,qi_1_decile,0.625936172429,10586,0.625936172429,0.00600770931484,0.368056118256,86389
2024-07-01,1s,2,qi_1_decile,0.807657584666,5952,0.807657584666,0.0069330308572,0.185409384476,86398
2024-07-01,1s,3,qi_1_decile,0.872369730781,3908,0.872369730781,0.0133683650084,0.114261904211,86398
2024-07-01,1s,4,qi_1_decile,0.908828908077,2789,0.908828908077,0.0192481307438,0.0719229611797,86398
2024-07-01,1s,5,qi_1_decile,0.921421792171,2513,0.921421792171,0.0308687701104,0.0477094377185,86398
2024-07-01,1s,6,qi_1_decile,0.925148730295,2454,0.925148730295,0.042859788421,0.0319914812843,86398
2024-07-01,1s,7,qi_1_decile,0.91162989884,2800,0.91162989884,0.0671890553022,0.0211810458575,86398
2024-07-01,1s,8,qi_1_decile,0.87890923401,3776,0.87890923401,0.109736336489,0.0113544295007,86398
2024-07-01,1s,9,qi_1_decile,0.818234429436,5684,0.818234429436,0.174137990902,0.00762757966133,86397
2024-07-01,1s,10,qi_1_decile,0.610245607537,11239,0.610245607537,0.384175559619,0.00557883284335,86398
2024-07-01,5s,,daily,0.515688771081,44279,0.515688771081,0.239919900918,0.244391328001,863930
2024-07-01,5s,1,qi_1_decile,0.295162653881,11965,0.295162653881,0.0632433496624,0.641593996456,86349
2024-07-01,5s,2,qi_1_decile,0.471434523947,8618,0.471434523947,0.0823630176624,0.44620245839,86398
2024-07-01,5s,3,qi_1_decile,0.553195675826,6745,0.553195675826,0.101263918146,0.345540406028,86398
2024-07-01,5s,4,qi_1_decile,0.616009629853,5317,0.616009629853,0.119099979166,0.264890390981,86398
2024-07-01,5s,5,qi_1_decile,0.631797032339,5071,0.631797032339,0.161415773513,0.206787194148,86398
2024-07-01,5s,6,qi_1_decile,0.635542900795,5157,0.635542900795,0.197576304733,0.166880794472,86397
2024-07-01,5s,7,qi_1_decile,0.60273385958,5512,0.60273385958,0.256336952244,0.140929188176,86398
2024-07-01,5s,8,qi_1_decile,0.569411328966,6343,0.569411328966,0.335297113359,0.0952915576749,86398
2024-07-01,5s,9,qi_1_decile,0.482812102132,8258,0.482812102132,0.439871293317,0.077316604551,86398
2024-07-01,5s,10,qi_1_decile,0.298664320933,12623,0.298664320933,0.642630616449,0.0587050626172,86398
2024-07-01,30s,,daily,0.107485411263,48539,0.107485411263,0.447137828825,0.445376759911,863680
2024-07-01,30s,1,qi_1_decile,0.0417313709584,13257,0.0417313709584,0.306072546066,0.652196082976,86290
2024-07-01,30s,2,qi_1_decile,0.0824063011124,10242,0.0824063011124,0.322792812649,0.594800886239,86207
2024-07-01,30s,3,qi_1_decile,0.118694877196,8382,0.118694877196,0.355390171069,0.525914951735,86398
2024-07-01,30s,4,qi_1_decile,0.132863409609,6925,0.132863409609,0.379515492436,0.487621097955,86397
2024-07-01,30s,5,qi_1_decile,0.165189009005,6776,0.165189009005,0.381143082016,0.453667908979,86398
2024-07-01,30s,6,qi_1_decile,0.142838954605,6979,0.142838954605,0.444663070904,0.41249797449,86398
2024-07-01,30s,7,qi_1_decile,0.111518785157,7236,0.111518785157,0.485335308688,0.403145906155,86398
2024-07-01,30s,8,qi_1_decile,0.118856917984,8184,0.118856917984,0.535220722702,0.345922359314,86398
2024-07-01,30s,9,qi_1_decile,0.111877589759,9995,0.111877589759,0.595407301095,0.292715109146,86398
2024-07-01,30s,10,qi_1_decile,0.0487395541563,13851,0.0487395541563,0.665385772819,0.285874673025,86398
2024-08-01,100ms,,daily,0.924464141243,53719,0.924464141243,0.0378732550374,0.0376626037197,863987
2024-08-01,100ms,1,qi_1_decile,0.762184747509,16448,0.762184747509,0.00115742080348,0.236657831688,86399
2024-08-01,100ms,2,qi_1_decile,0.938228451718,4960,0.938228451718,0.0010301045151,0.0607414437667,86399
2024-08-01,100ms,3,qi_1_decile,0.961191680459,3233,0.961191680459,0.00171298278915,0.0370953367516,86399
2024-08-01,100ms,4,qi_1_decile,0.978483547263,1840,0.978483547263,0.00244215789535,0.0190742948414,86399
2024-08-01,100ms,5,qi_1_decile,0.985138544874,1280,0.985138544874,0.00481492627144,0.0100465288548,86398
2024-08-01,100ms,6,qi_1_decile,0.985786872533,1227,0.985786872533,0.00835657820114,0.00585654926562,86399
2024-08-01,100ms,7,qi_1_decile,0.980925484386,1639,0.980925484386,0.0158799972222,0.00319451839163,86398
2024-08-01,100ms,8,qi_1_decile,0.964339865045,3021,0.964339865045,0.0339818747902,0.00167826016505,86399
2024-08-01,100ms,9,qi_1_decile,0.936654359425,5219,0.936654359425,0.0622345166032,0.00111112397134,86399
2024-08-01,100ms,10,qi_1_decile,0.751707215445,18660,0.751707215445,0.247123776013,0.00116900854186,86398
2024-08-01,500ms,,daily,0.776701624916,80934,0.776701624916,0.11163761324,0.111660761844,863983
2024-08-01,500ms,1,qi_1_decile,0.547078091182,21084,0.547078091182,0.0100811351983,0.44284077362,86399
2024-08-01,500ms,2,qi_1_decile,0.771883933842,11023,0.771883933842,0.0131020034954,0.215014062663,86399
2024-08-01,500ms,3,qi_1_decile,0.823967869998,9324,0.823967869998,0.020266438269,0.155765691733,86399
2024-08-01,500ms,4,qi_1_decile,0.865496128427,7553,0.865496128427,0.0294100626165,0.105093808956,86399
2024-08-01,500ms,5,qi_1_decile,0.888712701683,6524,0.888712701683,0.043334336443,0.0679529618741,86398
2024-08-01,500ms,6,qi_1_decile,0.889142235443,6517,0.889142235443,0.0630331369576,0.0478246275999,86399
2024-08-01,500ms,7,qi_1_decile,0.871819802301,7288,0.871819802301,0.095550616941,0.0326295807579,86394
2024-08-01,500ms,8,qi_1_decile,0.828366069052,9316,0.828366069052,0.14971238093,0.0219215500179,86399
2024-08-01,500ms,9,qi_1_decile,0.757844419496,12173,0.757844419496,0.226657715946,0.0154978645586,86399
2024-08-01,500ms,10,qi_1_decile,0.522708859001,24304,0.522708859001,0.465230676636,0.0120604643626,86398
2024-08-01,1s,,daily,0.655843088597,89883,0.655843088597,0.171580757843,0.172576153559,863978
2024-08-01,1s,1,qi_1_decile,0.421347469299,22934,0.421347469299,0.0299887730182,0.548663757682,86399
2024-08-01,1s,2,qi_1_decile,0.641836132363,13423,0.641836132363,0.0383916480515,0.319772219586,86399
2024-08-01,1s,3,qi_1_decile,0.702473408257,12250,0.702473408257,0.0515862452112,0.245940346532,86399
2024-08-01,1s,4,qi_1_decile,0.748075787914,10744,0.748075787914,0.0697230292017,0.182201182884,86399
2024-08-01,1s,5,qi_1_decile,0.782379221741,9655,0.782379221741,0.0898516169356,0.127769161323,86398
2024-08-01,1s,6,qi_1_decile,0.780529867244,9645,0.780529867244,0.122767624625,0.0967025081309,86399
2024-08-01,1s,7,qi_1_decile,0.757749739553,10232,0.757749739553,0.16882741058,0.0734228498669,86390
2024-08-01,1s,8,qi_1_decile,0.703430634968,12245,0.703430634968,0.243153776708,0.0534155883238,86398
2024-08-01,1s,9,qi_1_decile,0.620458570122,14932,0.620458570122,0.337689093624,0.0418523362539,86399
2024-08-01,1s,10,qi_1_decile,0.40015972592,26197,0.40015972592,0.563832496123,0.0360077779578,86398
2024-08-01,5s,,daily,0.288926983186,108047,0.288926983186,0.352444272621,0.358628744192,863938
2024-08-01,5s,1,qi_1_decile,0.136066389657,28026,0.136066389657,0.189782289147,0.674151321196,86399
2024-08-01,5s,2,qi_1_decile,0.26792907079,18664,0.26792907079,0.197590166211,0.534480762998,86396
2024-08-01,5s,3,qi_1_decile,0.315635345047,17983,0.315635345047,0.225443896567,0.458920758386,86394
2024-08-01,5s,4,qi_1_decile,0.337750873863,16700,0.337750873863,0.260816222598,0.401432903539,86398
2024-08-01,5s,5,qi_1_decile,0.37584203338,15986,0.37584203338,0.281499571749,0.34265839487,86398
2024-08-01,5s,6,qi_1_decile,0.375490457065,15687,0.375490457065,0.323719024526,0.300790518409,86399
2024-08-01,5s,7,qi_1_decile,0.366188216229,16081,0.366188216229,0.377265887255,0.256545896516,86390
2024-08-01,5s,8,qi_1_decile,0.310060555536,17927,0.310060555536,0.466682876562,0.223256567902,86367
2024-08-01,5s,9,qi_1_decile,0.260419680783,19670,0.260419680783,0.537656685841,0.201923633375,86399
2024-08-01,5s,10,qi_1_decile,0.143903794069,30320,0.143903794069,0.664020000463,0.192076205468,86398
2024-08-01,30s,,daily,0.0389816693065,116521,0.0389816693065,0.480674734395,0.480343596299,863688
2024-08-01,30s,1,qi_1_decile,0.018178449853,30165,0.018178449853,0.401674269967,0.58014728018,86366
2024-08-01,30s,2,qi_1_decile,0.0330076180332,20722,0.0330076180332,0.407391113066,0.5596012689,86374
2024-08-01,30s,3,qi_1_decile,0.0386485735458,20080,0.0386485735458,0.410997128566,0.550354297888,86368
2024-08-01,30s,4,qi_1_decile,0.0456955022107,18727,0.0456955022107,0.435623509803,0.518680987986,86398
2024-08-01,30s,5,qi_1_decile,0.0485680868065,18359,0.0485680868065,0.448415225875,0.503016687318,86353
2024-08-01,30s,6,qi_1_decile,0.0465611897426,18181,0.0465611897426,0.484908151683,0.468530658574,86338
2024-08-01,30s,7,qi_1_decile,0.0531306441902,18241,0.0531306441902,0.516452090955,0.430417264854,86372
2024-08-01,30s,8,qi_1_decile,0.0452092549274,19724,0.0452092549274,0.551474164486,0.403316580587,86354
2024-08-01,30s,9,qi_1_decile,0.0353673925375,21613,0.0353673925375,0.567904235983,0.396728371479,86379
2024-08-01,30s,10,qi_1_decile,0.0254555136249,31862,0.0254555136249,0.581899844882,0.392644641493,86386
2024-09-01,100ms,,daily,0.944076373553,35559,0.944076373553,0.0284178507438,0.0275057757036,863964
2024-09-01,100ms,1,qi_1_decile,0.810801425992,11583,0.810801425992,0.000497708227233,0.188700865781,86396
2024-09-01,100ms,2,qi_1_decile,0.958771716611,3383,0.958771716611,0.000740766461798,0.0404875169277,86397
2024-09-01,100ms,3,qi_1_decile,0.978540673179,1829,0.978540673179,0.00119218482337,0.0202671419973,86396
2024-09-01,100ms,4,qi_1_decile,0.988413949558,999,0.988413949558,0.00194451196222,0.00964153847935,86397
2024-09-01,100ms,5,qi_1_decile,0.990207879994,845,0.990207879994,0.00354183064031,0.00625028936525,86396
2024-09-01,100ms,6,qi_1_decile,0.989941663966,870,0.989941663966,0.00603037177647,0.0040279642576,86396
2024-09-01,100ms,7,qi_1_decile,0.986318969409,1177,0.986318969409,0.0109378797875,0.00274315080385,86397
2024-09-01,100ms,8,qi_1_decile,0.977151719987,1949,0.977151719987,0.0214130283809,0.00143525163202,86396
2024-09-01,100ms,9,qi_1_decile,0.949778348785,4110,0.949778348785,0.0493072676135,0.000914383601282,86397
2024-09-01,100ms,10,qi_1_decile,0.810836149822,11614,0.810836149822,0.188573545072,0.000590305106718,86396
2024-09-01,500ms,,daily,0.835902522814,54972,0.835902522814,0.0838723268315,0.0802251503549,863956
2024-09-01,500ms,1,qi_1_decile,0.59704602278,15633,0.59704602278,0.00601907584036,0.39693490138,86392
2024-09-01,500ms,2,qi_1_decile,0.837980485434,7159,0.837980485434,0.00747711147378,0.154542403093,86397
2024-09-01,500ms,3,qi_1_decile,0.898722163063,5175,0.898722163063,0.0114935876661,0.0897842492708,86396
2024-09-01,500ms,4,qi_1_decile,0.932601826452,3725,0.932601826452,0.0160653726403,0.0513328009074,86397
2024-09-01,500ms,5,qi_1_decile,0.941698689754,3287,0.941698689754,0.0230797722117,0.0352215380342,86396
2024-09-01,500ms,6,qi_1_decile,0.93698490601,3501,0.93698490601,0.0373877210853,0.0256273729049,86392
2024-09-01,500ms,7,qi_1_decile,0.921270414482,4207,0.921270414482,0.0604650624443,0.0182645230737,86397
2024-09-01,500ms,8,qi_1_decile,0.886869762489,5644,0.886869762489,0.0992522801982,0.0138779573128,86396
2024-09-01,500ms,9,qi_1_decile,0.811231871477,8357,0.811231871477,0.179809484126,0.00895864439737,86397
2024-09-01,500ms,10,qi_1_decile,0.594610861614,15860,0.594610861614,0.397668873559,0.00772026482708,86396
2024-09-01,1s,,daily,0.744795392305,61311,0.744795392305,0.130794054258,0.124410553437,863946
2024-09-01,1s,1,qi_1_decile,0.463584591166,17097,0.463584591166,0.0164482822484,0.519967126586,86392
2024-09-01,1s,2,qi_1_decile,0.732849520238,8452,0.732849520238,0.0177205227033,0.249429957059,86397
2024-09-01,1s,3,qi_1_decile,0.819448785174,6574,0.819448785174,0.0254771909111,0.155074023915,86391
2024-09-01,1s,4,qi_1_decile,0.871141359075,5001,0.871141359075,0.0341215551466,0.0947370857784,86397
2024-09-01,1s,5,qi_1_decile,0.884126579934,4726,0.884126579934,0.0477568405945,0.0681165794713,86396
2024-09-01,1s,6,qi_1_decile,0.877400534803,4875,0.877400534803,0.0732749140496,0.0493245511477,86387
2024-09-01,1s,7,qi_1_decile,0.849508663495,5670,0.849508663495,0.112538629814,0.0379527066912,86397
2024-09-01,1s,8,qi_1_decile,0.797722116765,7301,0.797722116765,0.173040418538,0.0292374646974,86396
2024-09-01,1s,9,qi_1_decile,0.694850515643,9879,0.694850515643,0.283713554869,0.0214359294883,86397
2024-09-01,1s,10,qi_1_decile,0.457324413167,17271,0.457324413167,0.523832121857,0.0188434649752,86396
2024-09-01,5s,,daily,0.422224074306,77460,0.422224074306,0.296399318433,0.281376607261,863892
2024-09-01,5s,1,qi_1_decile,0.194320641793,20557,0.194320641793,0.099822881817,0.70585647639,86383
2024-09-01,5s,2,qi_1_decile,0.389158969373,11510,0.389158969373,0.102541843184,0.508299187444,86394
2024-09-01,5s,3,qi_1_decile,0.493934342733,9899,0.493934342733,0.123732462842,0.382333194425,86388
2024-09-01,5s,4,qi_1_decile,0.559046913352,8674,0.559046913352,0.153220951234,0.287732135414,86372
2024-09-01,5s,5,qi_1_decile,0.57371869068,8543,0.57371869068,0.198504560396,0.227776748924,86396
2024-09-01,5s,6,qi_1_decile,0.553421993819,9016,0.553421993819,0.262833200227,0.183744805954,86397
2024-09-01,5s,7,qi_1_decile,0.51136034816,9411,0.51136034816,0.330613331481,0.158026320358,86397
2024-09-01,5s,8,qi_1_decile,0.446560025927,10812,0.446560025927,0.416466040094,0.136973933978,86396
2024-09-01,5s,9,qi_1_decile,0.331720305626,13317,0.331720305626,0.551111368372,0.117168326001,86380
2024-09-01,5s,10,qi_1_decile,0.168968271423,20672,0.168968271423,0.725138617185,0.105893111391,86389
2024-09-01,30s,,daily,0.0742819362653,86917,0.0742819362653,0.461529198441,0.464188865294,863642
2024-09-01,30s,1,qi_1_decile,0.0283140134101,22808,0.0283140134101,0.322687109886,0.648998876704,86353
2024-09-01,30s,2,qi_1_decile,0.0743717429068,13174,0.0743717429068,0.3288940359,0.596734221193,86350
2024-09-01,30s,3,qi_1_decile,0.0986564744035,11800,0.0986564744035,0.351609914292,0.549733611304,86340
2024-09-01,30s,4,qi_1_decile,0.111763751796,10838,0.111763751796,0.404536818203,0.483699430001,86316
2024-09-01,30s,5,qi_1_decile,0.108136598476,10743,0.108136598476,0.44268239001,0.449181011514,86326
2024-09-01,30s,6,qi_1_decile,0.0886411520919,11098,0.0886411520919,0.481303975365,0.430054872543,86382
2024-09-01,30s,7,qi_1_decile,0.0931053642951,11271,0.0931053642951,0.514122658764,0.392771976941,86386
2024-09-01,30s,8,qi_1_decile,0.0664151118107,12674,0.0664151118107,0.548034631233,0.385550256956,86396
2024-09-01,30s,9,qi_1_decile,0.0516105883306,14575,0.0516105883306,0.588828315798,0.359561095871,86397
2024-09-01,30s,10,qi_1_decile,0.0218644381684,22759,0.0218644381684,0.632320940784,0.345814621047,86396
2024-10-01,100ms,,daily,0.920527977018,62398,0.920527977018,0.0390623824477,0.0404096405344,863977
2024-10-01,100ms,1,qi_1_decile,0.768579927544,18017,0.768579927544,0.00180561825063,0.229614454206,86397
2024-10-01,100ms,2,qi_1_decile,0.916479548138,7106,0.916479548138,0.00212967892775,0.0813907729346,86398
2024-10-01,100ms,3,qi_1_decile,0.957985138545,3614,0.957985138545,0.00334498483761,0.0386698766175,86398
2024-10-01,100ms,4,qi_1_decile,0.974548021945,2193,0.974548021945,0.00560198152735,0.0198499965277,86398
2024-10-01,100ms,5,qi_1_decile,0.978656913354,1839,0.978656913354,0.00907428412695,0.0122688025186,86398
2024-10-01,100ms,6,qi_1_decile,0.978344155468,1870,0.978344155468,0.0123036679514,0.00935217658021,86397
2024-10-01,100ms,7,qi_1_decile,0.975242482465,2137,0.975242482465,0.0188314544318,0.00592606310331,86398
2024-10-01,100ms,8,qi_1_decile,0.956376305007,3753,0.956376305007,0.0403481562073,0.00327553878562,86398
2024-10-01,100ms,9,qi_1_decile,0.920749563064,6711,0.920749563064,0.0772712015463,0.00197923539012,86397
2024-10-01,100ms,10,qi_1_decile,0.7783166277,17315,0.7783166277,0.219912497974,0.00177087432579,86398
2024-10-01,500ms,,daily,0.774817788179,93127,0.774817788179,0.110519267518,0.114662944302,863967
2024-10-01,500ms,1,qi_1_decile,0.548411366399,23289,0.548411366399,0.0179987267782,0.433589906823,86395
2024-10-01,500ms,2,qi_1_decile,0.749618037872,13685,0.749618037872,0.0223158479559,0.228066114172,86396
2024-10-01,500ms,3,qi_1_decile,0.824695016088,10056,0.824695016088,0.0297692076205,0.145535776291,86398
2024-10-01,500ms,4,qi_1_decile,0.858330053936,8120,0.858330053936,0.0452441028728,0.0964258431908,86398
2024-10-01,500ms,5,qi_1_decile,0.876432324822,7288,0.876432324822,0.0542605152897,0.069307159888,86398
2024-10-01,500ms,6,qi_1_decile,0.873438820275,7263,0.873438820275,0.0662669429236,0.0602942368016,86393
2024-10-01,500ms,7,qi_1_decile,0.861512997986,7934,0.861512997986,0.0938794879511,0.0446075140628,86398
2024-10-01,500ms,8,qi_1_decile,0.826998310146,10000,0.826998310146,0.142098196718,0.0309034931364,86398
2024-10-01,500ms,9,qi_1_decile,0.764859077493,12848,0.764859077493,0.214561027837,0.0205798946698,86395
2024-10-01,500ms,10,qi_1_decile,0.563878793491,22394,0.563878793491,0.418794416537,0.017326789972,86398
2024-10-01,1s,,daily,0.665397703597,102235,0.665397703597,0.163916153526,0.170686142877,863960
2024-10-01,1s,1,qi_1_decile,0.423389010429,25009,0.423389010429,0.0445532520749,0.532057737496,86391
2024-10-01,1s,2,qi_1_decile,0.633138491811,16072,0.633138491811,0.0493431332832,0.317518374906,86395
2024-10-01,1s,3,qi_1_decile,0.714391536841,12644,0.714391536841,0.0616796685108,0.223928794648,86398
2024-10-01,1s,4,qi_1_decile,0.750827565453,10972,0.750827565453,0.0853954952661,0.163776939281,86398
2024-10-01,1s,5,qi_1_decile,0.779231000718,9941,0.779231000718,0.0979999537026,0.12276904558,86398
2024-10-01,1s,6,qi_1_decile,0.775590049889,9952,0.775590049889,0.115752798324,0.108657151787,86391
2024-10-01,1s,7,qi_1_decile,0.76082779694,10600,0.76082779694,0.155304520938,0.0838676821223,86398
2024-10-01,1s,8,qi_1_decile,0.721486608486,12595,0.721486608486,0.214704044075,0.0638093474386,86398
2024-10-01,1s,9,qi_1_decile,0.653382718907,15185,0.653382718907,0.299299727994,0.0473175530991,86395
2024-10-01,1s,10,qi_1_decile,0.441700039353,24062,0.441700039353,0.51511609065,0.043183869997,86398
2024-10-01,5s,,daily,0.352234003148,117633,0.352234003148,0.318105843134,0.329660153718,863920
2024-10-01,5s,1,qi_1_decile,0.166116688087,28023,0.166116688087,0.1738279667,0.660055345213,86367
2024-10-01,5s,2,qi_1_decile,0.323281899316,20055,0.323281899316,0.178332889604,0.49838521108,86389
2024-10-01,5s,3,qi_1_decile,0.384279728697,17037,0.384279728697,0.206185328364,0.409534942938,86398
2024-10-01,5s,4,qi_1_decile,0.410158465581,15439,0.410158465581,0.237177483766,0.352664050653,86391
2024-10-01,5s,5,qi_1_decile,0.464687156335,14215,0.464687156335,0.244162759738,0.291150083927,86385
2024-10-01,5s,6,qi_1_decile,0.457892543809,14330,0.457892543809,0.275226278386,0.266881177805,86398
2024-10-01,5s,7,qi_1_decile,0.413759577768,15310,0.413759577768,0.335991573879,0.250248848353,86398
2024-10-01,5s,8,qi_1_decile,0.390055325355,17201,0.390055325355,0.39703465358,0.212910021065,86398
2024-10-01,5s,9,qi_1_decile,0.333329475219,19261,0.333329475219,0.487592305377,0.179078219403,86398
2024-10-01,5s,10,qi_1_decile,0.178730989143,27230,0.178730989143,0.645443181555,0.175825829302,86398
2024-10-01,30s,,daily,0.0645258026793,123195,0.0645258026793,0.454194310327,0.481279886994,863670
2024-10-01,30s,1,qi_1_decile,0.0302784692873,29192,0.0302784692873,0.32452961269,0.645191918022,86365
2024-10-01,30s,2,qi_1_decile,0.0468362929178,21515,0.0468362929178,0.356157247702,0.59700645938,86386
2024-10-01,30s,3,qi_1_decile,0.0724983494145,18834,0.0724983494145,0.379171348152,0.548330302434,86333
2024-10-01,30s,4,qi_1_decile,0.0802182399481,17154,0.0802182399481,0.401299709245,0.518482050807,86327
2024-10-01,30s,5,qi_1_decile,0.0992492875182,15634,0.0992492875182,0.425890312565,0.474860399917,86318
2024-10-01,30s,6,qi_1_decile,0.10357560394,15601,0.10357560394,0.458462108321,0.437962287738,86391
2024-10-01,30s,7,qi_1_decile,0.0799152571806,16790,0.0799152571806,0.48855624631,0.43152849651,86379
2024-10-01,30s,8,qi_1_decile,0.0576522343135,18781,0.0576522343135,0.525109979162,0.417237786525,86380
2024-10-01,30s,9,qi_1_decile,0.0528399291609,21012,0.0528399291609,0.57509288947,0.372067181369,86393
2024-10-01,30s,10,qi_1_decile,0.0222343109794,28283,0.0222343109794,0.607514062826,0.370251626195,86398
2024-11-01,100ms,,daily,0.938636424141,46079,0.938636424141,0.0319752670586,0.0293883088006,863949
2024-11-01,100ms,1,qi_1_decile,0.817038023034,13745,0.817038023034,0.00119219862261,0.181769778344,86395
2024-11-01,100ms,2,qi_1_decile,0.948596562301,4329,0.948596562301,0.00148156722033,0.0499218704786,86395
2024-11-01,100ms,3,qi_1_decile,0.974234620059,2208,0.974234620059,0.00225707506221,0.0235083048788,86395
2024-11-01,100ms,4,qi_1_decile,0.981271847582,1615,0.981271847582,0.00370396092321,0.0150241914948,86394
2024-11-01,100ms,5,qi_1_decile,0.983806933272,1399,0.983806933272,0.00667862723537,0.00951443949303,86395
2024-11-01,100ms,6,qi_1_decile,0.984223624052,1361,0.984223624052,0.00979223334684,0.00598414260084,86395
2024-11-01,100ms,7,qi_1_decile,0.980149314196,1708,0.980149314196,0.0163088141675,0.00354187163609,86395
2024-11-01,100ms,8,qi_1_decile,0.970102436484,2562,0.970102436484,0.0278025348689,0.00209502864749,86395
2024-11-01,100ms,9,qi_1_decile,0.938433937149,5099,0.938433937149,0.0602465420453,0.0013195208056,86395
2024-11-01,100ms,10,qi_1_decile,0.808507436773,14131,0.808507436773,0.190288789861,0.00120377336651,86395
2024-11-01,500ms,,daily,0.809949707447,67909,0.809949707447,0.0986197038006,0.0914305887528,863945
2024-11-01,500ms,1,qi_1_decile,0.6036113201,17757,0.6036113201,0.0114126974941,0.384975982406,86395
2024-11-01,500ms,2,qi_1_decile,0.818783711832,8852,0.818783711832,0.0140750515082,0.16714123666,86394
2024-11-01,500ms,3,qi_1_decile,0.872962774331,6624,0.872962774331,0.022444207797,0.104593017872,86392
2024-11-01,500ms,4,qi_1_decile,0.885536032595,6146,0.885536032595,0.0341806143945,0.0802833530106,86394
2024-11-01,500ms,5,qi_1_decile,0.895294866601,5759,0.895294866601,0.047340702587,0.057364430812,86395
2024-11-01,500ms,6,qi_1_decile,0.896162972394,5854,0.896162972394,0.0594015857399,0.0444354418658,86395
2024-11-01,500ms,7,qi_1_decile,0.884565078998,6261,0.884565078998,0.0843798830951,0.0310550379073,86395
2024-11-01,500ms,8,qi_1_decile,0.862966606864,7229,0.862966606864,0.117009086174,0.0200243069622,86395
2024-11-01,500ms,9,qi_1_decile,0.79422420279,9827,0.79422420279,0.193032004167,0.0127437930436,86395
2024-11-01,500ms,10,qi_1_decile,0.585392673187,17972,0.585392673187,0.402916835465,0.0116904913479,86395
2024-11-01,1s,,daily,0.701995508947,74783,0.701995508947,0.154261870037,0.143742621015,863940
2024-11-01,1s,1,qi_1_decile,0.476485907749,19091,0.476485907749,0.0310203136756,0.492493778575,86395
2024-11-01,1s,2,qi_1_decile,0.709528439475,10720,0.709528439475,0.0355001504734,0.254971410052,86394
2024-11-01,1s,3,qi_1_decile,0.772667816504,8844,0.772667816504,0.0511291946891,0.176202988806,86389
2024-11-01,1s,4,qi_1_decile,0.786114455042,8473,0.786114455042,0.0715459764793,0.142339568479,86392
2024-11-01,1s,5,qi_1_decile,0.799328664853,8106,0.799328664853,0.0921465362579,0.108524798889,86395
2024-11-01,1s,6,qi_1_decile,0.802835812258,8179,0.802835812258,0.110434631634,0.0867295561086,86395
2024-11-01,1s,7,qi_1_decile,0.786746918224,8687,0.786746918224,0.148064124081,0.0651889576943,86395
2024-11-01,1s,8,qi_1_decile,0.759025406563,9577,0.759025406563,0.193703339314,0.0472712541235,86395
2024-11-01,1s,9,qi_1_decile,0.674529776029,11665,0.674529776029,0.29233173216,0.0331384918109,86395
2024-11-01,1s,10,qi_1_decile,0.452699809017,19346,0.452699809017,0.51673129232,0.0305688986631,86395
2024-11-01,5s,,daily,0.347236948721,89194,0.347236948721,0.333147355018,0.319615696261,863900
2024-11-01,5s,1,qi_1_decile,0.186617272517,22404,0.186617272517,0.151748089836,0.661634637648,86380
2024-11-01,5s,2,qi_1_decile,0.344681885534,14774,0.344681885534,0.166778570106,0.48853954436,86384
2024-11-01,5s,3,qi_1_decile,0.397154335066,13593,0.397154335066,0.19978698033,0.403058684604,86377
2024-11-01,5s,4,qi_1_decile,0.422588524002,13218,0.422588524002,0.237148248041,0.340263227957,86389
2024-11-01,5s,5,qi_1_decile,0.42863591643,13076,0.42863591643,0.270108223856,0.301255859714,86395
2024-11-01,5s,6,qi_1_decile,0.434145494531,13146,0.434145494531,0.302343885642,0.263510619828,86395
2024-11-01,5s,7,qi_1_decile,0.416945425082,13659,0.416945425082,0.362104288443,0.220950286475,86395
2024-11-01,5s,8,qi_1_decile,0.376040280109,14273,0.376040280109,0.427374269344,0.196585450547,86395
2024-11-01,5s,9,qi_1_decile,0.296533364199,15437,0.296533364199,0.542288326871,0.16117830893,86395
2024-11-01,5s,10,qi_1_decile,0.169014410556,22810,0.169014410556,0.671705538515,0.159280050929,86395
2024-11-01,30s,,daily,0.0470259943264,96337,0.0470259943264,0.480086840734,0.47288716494,863650
2024-11-01,30s,1,qi_1_decile,0.0243227598981,23798,0.0243227598981,0.368696457513,0.606980782589,86380
2024-11-01,30s,2,qi_1_decile,0.0458186701241,16271,0.0458186701241,0.377338395999,0.576842933877,86384
2024-11-01,30s,3,qi_1_decile,0.0576820469993,15309,0.0576820469993,0.413215951006,0.529102001995,86214
2024-11-01,30s,4,qi_1_decile,0.0679887013498,15304,0.0679887013498,0.447199648075,0.484811650575,86382
2024-11-01,30s,5,qi_1_decile,0.0621679495341,15114,0.0621679495341,0.483511777302,0.454320273164,86395
2024-11-01,30s,6,qi_1_decile,0.0593573479026,15401,0.0593573479026,0.478447078433,0.462195573664,86392
2024-11-01,30s,7,qi_1_decile,0.04832511517,15894,0.04832511517,0.510718336922,0.440956547908,86394
2024-11-01,30s,8,qi_1_decile,0.0477342438799,16450,0.0477342438799,0.532716013658,0.419549742462,86395
2024-11-01,30s,9,qi_1_decile,0.033409017191,17140,0.033409017191,0.581425791205,0.385165191604,86324
2024-11-01,30s,10,qi_1_decile,0.0234633638153,24405,0.0234633638153,0.60751244357,0.369024192615,86390
2024-12-01,100ms,,daily,0.972697474265,23271,0.972697474265,0.0137953624249,0.0135071633105,863986
2024-12-01,100ms,1,qi_1_decile,0.905542888228,8042,0.905542888228,0.00062500723388,0.0938321045382,86399
2024-12-01,100ms,2,qi_1_decile,0.979004386625,1814,0.979004386625,0.000462968321393,0.0205326450538,86399
2024-12-01,100ms,3,qi_1_decile,0.989884142178,874,0.989884142178,0.00060185881781,0.00951399900462,86399
2024-12-01,100ms,4,qi_1_decile,0.994872566495,443,0.994872566495,0.000752332229913,0.00437510127549,86398
2024-12-01,100ms,5,qi_1_decile,0.99616893714,332,0.99616893714,0.001331033924,0.00250002893552,86399
2024-12-01,100ms,6,qi_1_decile,0.996655053878,290,0.996655053878,0.00186344749361,0.00148149862846,86399
2024-12-01,100ms,7,qi_1_decile,0.995520677801,388,0.995520677801,0.00361123650127,0.00086808569742,86397
2024-12-01,100ms,8,qi_1_decile,0.991539253927,732,0.991539253927,0.00766212571905,0.000798620354402,86399
2024-12-01,100ms,9,qi_1_decile,0.97679371289,2004,0.97679371289,0.022592854084,0.000613433025845,86399
2024-12-01,100ms,10,qi_1_decile,0.900993078543,8461,0.900993078543,0.0984513530406,0.000555568415936,86398
2024-12-01,500ms,,daily,0.908564067307,32717,0.908564067307,0.045364371017,0.0460715616761,863982
2024-12-01,500ms,1,qi_1_decile,0.741409044086,10296,0.741409044086,0.00270836468015,0.255882591234,86399
2024-12-01,500ms,2,qi_1_decile,0.912232780472,3835,0.912232780472,0.00282410676049,0.0849431127675,86399
2024-12-01,500ms,3,qi_1_decile,0.94817069642,2458,0.94817069642,0.00376161761131,0.0480676859686,86399
2024-12-01,500ms,4,qi_1_decile,0.968390472002,1510,0.968390472002,0.00586819139332,0.025741336605,86398
2024-12-01,500ms,5,qi_1_decile,0.972534086437,1352,0.972534086437,0.0103821847728,0.01708372879,86398
2024-12-01,500ms,6,qi_1_decile,0.973899858793,1358,0.973899858793,0.0146531169703,0.0114470242367,86398
2024-12-01,500ms,7,qi_1_decile,0.967822956816,1562,0.967822956816,0.0253481023647,0.0068289408197,86397
2024-12-01,500ms,8,qi_1_decile,0.951526094656,2320,0.951526094656,0.0437862425779,0.00468766276607,86397
2024-12-01,500ms,9,qi_1_decile,0.901954883737,4412,0.901954883737,0.0946538733087,0.0033912429542,86399
2024-12-01,500ms,10,qi_1_decile,0.747702493113,10601,0.747702493113,0.249658556911,0.00263894997569,86398
2024-12-01,1s,,daily,0.847249405945,35329,0.847249405945,0.0757265529059,0.0770240411492,863977
2024-12-01,1s,1,qi_1_decile,0.619891433929,10839,0.619891433929,0.00684035694858,0.373268209123,86399
2024-12-01,1s,2,qi_1_decile,0.841931040869,4798,0.841931040869,0.00738434472621,0.150684614405,86399
2024-12-01,1s,3,qi_1_decile,0.901028947094,3186,0.901028947094,0.00978020578942,0.0891908471163,86399
2024-12-01,1s,4,qi_1_decile,0.933007708512,2284,0.933007708512,0.0149656242043,0.052026667284,86398
2024-12-01,1s,5,qi_1_decile,0.938586541355,2100,0.938586541355,0.0232528530753,0.0381606055696,86398
2024-12-01,1s,6,qi_1_decile,0.941468552513,2054,0.941468552513,0.0330447464062,0.025486701081,86398
2024-12-01,1s,7,qi_1_decile,0.93131705962,2338,0.93131705962,0.0526175677396,0.0160653726403,86397
2024-12-01,1s,8,qi_1_decile,0.902352069636,3235,0.902352069636,0.0861306602463,0.0115172701176,86392
2024-12-01,1s,9,qi_1_decile,0.830692484867,5202,0.830692484867,0.16143705367,0.00787046146367,86399
2024-12-01,1s,10,qi_1_decile,0.632225282993,11072,0.632225282993,0.361813930878,0.00596078612931,86398
2024-12-01,5s,,daily,0.57421548099,41153,0.57421548099,0.212087223953,0.213697295057,863937
2024-12-01,5s,1,qi_1_decile,0.293869142004,11610,0.293869142004,0.0522806976933,0.653850160303,86399
2024-12-01,5s,2,qi_1_decile,0.540399773146,6967,0.540399773146,0.0696998807857,0.389900346069,86399
2024-12-01,5s,3,qi_1_decile,0.626315119388,5712,0.626315119388,0.0832301299784,0.290454750634,86399
2024-12-01,5s,4,qi_1_decile,0.687481191694,4981,0.687481191694,0.103821847728,0.208696960578,86398
2024-12-01,5s,5,qi_1_decile,0.708170800875,4549,0.708170800875,0.121572349612,0.170256849513,86393
2024-12-01,5s,6,qi_1_decile,0.714634682844,4544,0.714634682844,0.155203352744,0.130161964412,86377
2024-12-01,5s,7,qi_1_decile,0.689664752732,4935,0.689664752732,0.209390627894,0.100944619374,86384
2024-12-01,5s,8,qi_1_decile,0.638566070932,5546,0.638566070932,0.283371145476,0.0780627835911,86392
2024-12-01,5s,9,qi_1_decile,0.530128012223,7184,0.530128012223,0.405715410079,0.0641565776986,86398
2024-12-01,5s,10,qi_1_decile,0.312993356328,11804,0.312993356328,0.636577235584,0.0504294080882,86398
2024-12-01,30s,,daily,0.147327677735,44511,0.147327677735,0.433767093866,0.418905228399,863687
2024-12-01,30s,1,qi_1_decile,0.0552479788737,12268,0.0552479788737,0.259561259237,0.685190761889,86338
2024-12-01,30s,2,qi_1_decile,0.125548594787,8381,0.125548594787,0.29244878817,0.582002617043,86357
2024-12-01,30s,3,qi_1_decile,0.158906964627,7572,0.158906964627,0.327783245528,0.513309789845,86365
2024-12-01,30s,4,qi_1_decile,0.172955392486,7094,0.172955392486,0.358422648672,0.468621958842,86398
2024-12-01,30s,5,qi_1_decile,0.194413239603,6898,0.194413239603,0.380082689613,0.425504070784,86347
2024-12-01,30s,6,qi_1_decile,0.207770250709,6602,0.207770250709,0.409252504198,0.382977245093,86355
2024-12-01,30s,7,qi_1_decile,0.185716932197,6950,0.185716932197,0.476449610967,0.337833456836,86368
2024-12-01,30s,8,qi_1_decile,0.169126926239,7326,0.169126926239,0.534704132078,0.296168941683,86373
2024-12-01,30s,9,qi_1_decile,0.134974651017,8590,0.134974651017,0.601106558326,0.263918790657,86394
2024-12-01,30s,10,qi_1_decile,0.0686174645801,12465,0.0686174645801,0.697657190481,0.233725344939,86392
2025-01-01,100ms,,daily,0.97530298348,21289,0.97530298348,0.0114549804338,0.013242036086,863991
2025-01-01,100ms,1,qi_1_decile,0.895613425926,8993,0.895613425926,0.000729166666667,0.103657407407,86400
2025-01-01,100ms,2,qi_1_decile,0.986168821398,1196,0.986168821398,0.000405097281219,0.0134260813204,86399
2025-01-01,100ms,3,qi_1_decile,0.992789268394,624,0.992789268394,0.000509265153532,0.00670146645216,86399
2025-01-01,100ms,4,qi_1_decile,0.995543929907,386,0.995543929907,0.000879639810646,0.00357643028276,86399
2025-01-01,100ms,5,qi_1_decile,0.997106447991,251,0.997106447991,0.0012963112999,0.0015972407088,86399
2025-01-01,100ms,6,qi_1_decile,0.997037037037,257,0.997037037037,0.00179398148148,0.00116898148148,86400
2025-01-01,100ms,7,qi_1_decile,0.995624949363,379,0.995624949363,0.00348383661848,0.000891214018681,86399
2025-01-01,100ms,8,qi_1_decile,0.993321604667,578,0.993321604667,0.00618069862728,0.000497696705942,86398
2025-01-01,100ms,9,qi_1_decile,0.988020694684,1036,0.988020694684,0.0114931885786,0.000486116737462,86399
2025-01-01,100ms,10,qi_1_decile,0.911804534775,7613,0.911804534775,0.087778793736,0.000416671489253,86399
2025-01-01,500ms,,daily,0.918657340909,30411,0.918657340909,0.0385121535393,0.0428305055516,863987
2025-01-01,500ms,1,qi_1_decile,0.73212962963,11624,0.73212962963,0.00346064814815,0.264409722222,86400
2025-01-01,500ms,2,qi_1_decile,0.931075591153,3048,0.931075591153,0.00288197780067,0.0660424310467,86399
2025-01-01,500ms,3,qi_1_decile,0.957962476418,1908,0.957962476418,0.00423616014074,0.0378013634417,86399
2025-01-01,500ms,4,qi_1_decile,0.969941781734,1364,0.969941781734,0.00723388002176,0.0228243382447,86399
2025-01-01,500ms,5,qi_1_decile,0.976967326011,1066,0.976967326011,0.0100001157421,0.0130325582472,86399
2025-01-01,500ms,6,qi_1_decile,0.978935185185,946,0.978935185185,0.0124421296296,0.00862268518519,86400
2025-01-01,500ms,7,qi_1_decile,0.970485427903,1304,0.970485427903,0.0226046899234,0.0069098821732,86398
2025-01-01,500ms,8,qi_1_decile,0.96017130621,1775,0.96017130621,0.0360669020198,0.00376179177036,86395
2025-01-01,500ms,9,qi_1_decile,0.937082605123,2704,0.937082605123,0.0600585654927,0.0028588293846,86399
2025-01-01,500ms,10,qi_1_decile,0.771826062802,9765,0.771826062802,0.226136876584,0.00203706061413,86399
2025-01-01,1s,,daily,0.865899984027,32888,0.865899984027,0.0644156938455,0.0696843221271,863982
2025-01-01,1s,1,qi_1_decile,0.627465277778,12048,0.627465277778,0.00814814814815,0.364386574074,86400
2025-01-01,1s,2,qi_1_decile,0.871341103485,3888,0.871341103485,0.00725702843783,0.121401868077,86399
2025-01-01,1s,3,qi_1_decile,0.91348279494,2636,0.91348279494,0.0100579867823,0.076459218278,86399
2025-01-01,1s,4,qi_1_decile,0.936133520064,1977,0.936133520064,0.0166900079862,0.0471764719499,86399
2025-01-01,1s,5,qi_1_decile,0.947835044387,1678,0.947835044387,0.0224539635875,0.0297109920254,86399
2025-01-01,1s,6,qi_1_decile,0.952523148148,1527,0.952523148148,0.0268518518519,0.020625,86400
2025-01-01,1s,7,qi_1_decile,0.937055085481,1868,0.937055085481,0.046600997766,0.0163439167525,86393
2025-01-01,1s,8,qi_1_decile,0.918073962614,2467,0.918073962614,0.0726430927716,0.00928294461485,86395
2025-01-01,1s,9,qi_1_decile,0.881896781213,3489,0.881896781213,0.111679533328,0.00642368545932,86399
2025-01-01,1s,10,qi_1_decile,0.673202236137,10129,0.673202236137,0.321774557576,0.00502320628711,86399
2025-01-01,5s,,daily,0.610141653028,37507,0.610141653028,0.19074312859,0.199115218383,863942
2025-01-01,5s,1,qi_1_decile,0.34068287037,12633,0.34068287037,0.0639236111111,0.595393518519,86400
2025-01-01,5s,2,qi_1_decile,0.578490491788,5722,0.578490491788,0.0655563143092,0.355953193903,86399
2025-01-01,5s,3,qi_1_decile,0.658537714557,4840,0.658537714557,0.0769684834315,0.264493802012,86399
2025-01-01,5s,4,qi_1_decile,0.6956214771,4243,0.6956214771,0.0997812474681,0.204597275431,86399
2025-01-01,5s,5,qi_1_decile,0.726756096714,3846,0.726756096714,0.12427227167,0.148971631616,86399
2025-01-01,5s,6,qi_1_decile,0.736689814815,3668,0.736689814815,0.145416666667,0.117893518519,86400
2025-01-01,5s,7,qi_1_decile,0.706341949,4140,0.706341949,0.185477990115,0.108180060885,86393
2025-01-01,5s,8,qi_1_decile,0.669479655033,4551,0.669479655033,0.253226833362,0.077293511605,86385
2025-01-01,5s,9,qi_1_decile,0.603408156886,5466,0.603408156886,0.329331681736,0.0672601613781,86381
2025-01-01,5s,10,qi_1_decile,0.385393635616,10834,0.385393635616,0.563568592497,0.051037771887,86387
2025-01-01,30s,,daily,0.164960425707,40945,0.164960425707,0.408615571292,0.426424003001,863692
2025-01-01,30s,1,qi_1_decile,0.062962962963,13270,0.062962962963,0.269456018519,0.667581018519,86400
2025-01-01,30s,2,qi_1_decile,0.133322527988,7076,0.133322527988,0.268809984139,0.597867487873,86377
2025-01-01,30s,3,qi_1_decile,0.181013816346,6663,0.181013816346,0.293965048004,0.52502113565,86347
2025-01-01,30s,4,qi_1_decile,0.194560281716,6099,0.194560281716,0.337399221574,0.46804049671,86328
2025-01-01,30s,5,qi_1_decile,0.220433156999,6000,0.220433156999,0.35924712637,0.420319716631,86389
2025-01-01,30s,6,qi_1_decile,0.231956375761,5688,0.231956375761,0.389191191794,0.378852432445,86374
2025-01-01,30s,7,qi_1_decile,0.219513606741,5997,0.219513606741,0.436006065447,0.344480327812,86391
2025-01-01,30s,8,qi_1_decile,0.177718341496,6626,0.177718341496,0.508087579747,0.314194078757,86367
2025-01-01,30s,9,qi_1_decile,0.146394570429,7208,0.146394570429,0.559484376086,0.294121053485,86342
2025-01-01,30s,10,qi_1_decile,0.0817578753603,11894,0.0817578753603,0.664540329023,0.253701795617,86377
2025-02-01,100ms,,daily,0.973758985915,22584,0.973758985915,0.0135348632104,0.0127061508743,863991
2025-02-01,100ms,1,qi_1_decile,0.905011574074,8187,0.905011574074,0.000486111111111,0.0945023148148,86400
2025-02-01,100ms,2,qi_1_decile,0.983877128208,1392,0.983877128208,0.000347226241044,0.0157756455515,86399
2025-02-01,100ms,3,qi_1_decile,0.990786930404,795,0.990786930404,0.000567136193706,0.00864593340201,86399
2025-02-01,100ms,4,qi_1_decile,0.995590226739,382,0.995590226739,0.000902788226716,0.00350698503455,86399
2025-02-01,100ms,5,qi_1_decile,0.996793944374,278,0.996793944374,0.00127316288383,0.00193289274181,86399
2025-02-01,100ms,6,qi_1_decile,0.996874963831,271,0.996874963831,0.00218752531858,0.00093751085082,86399
2025-02-01,100ms,7,qi_1_decile,0.994930496881,439,0.994930496881,0.00456023796572,0.000509265153532,86399
2025-02-01,100ms,8,qi_1_decile,0.990590168868,814,0.990590168868,0.00892371439484,0.000486116737462,86399
2025-02-01,100ms,9,qi_1_decile,0.980879408326,1652,0.980879408326,0.0187386428084,0.000381948865149,86399
2025-02-01,100ms,10,qi_1_decile,0.902255813146,8425,0.902255813146,0.0973622379889,0.000381948865149,86399
2025-02-01,500ms,,daily,0.911185006256,31658,0.911185006256,0.046600238198,0.0422147555461,863987
2025-02-01,500ms,1,qi_1_decile,0.747662037037,10533,0.747662037037,0.0019212962963,0.250416666667,86400
2025-02-01,500ms,2,qi_1_decile,0.92631859165,3229,0.92631859165,0.00211808007037,0.0715633282793,86399
2025-02-01,500ms,3,qi_1_decile,0.950971654765,2189,0.950971654765,0.00349541082651,0.045532934409,86399
2025-02-01,500ms,4,qi_1_decile,0.971782080811,1322,0.971782080811,0.00578710401741,0.0224308151715,86399
2025-02-01,500ms,5,qi_1_decile,0.978123734012,1033,0.978123734012,0.00892412755368,0.0129521384339,86395
2025-02-01,500ms,6,qi_1_decile,0.977904836862,1052,0.977904836862,0.0139121980578,0.00818296508061,86399
2025-02-01,500ms,7,qi_1_decile,0.968390837857,1373,0.968390837857,0.0274077246264,0.00420143751664,86399
2025-02-01,500ms,8,qi_1_decile,0.952279540272,2003,0.952279540272,0.0447574624706,0.00296299725691,86399
2025-02-01,500ms,9,qi_1_decile,0.914350860542,3389,0.914350860542,0.0833921688908,0.00225697056679,86399
2025-02-01,500ms,10,qi_1_decile,0.72407088045,10917,0.72407088045,0.274285582009,0.00164353754094,86399
2025-02-01,1s,,daily,0.851252688135,34186,0.851252688135,0.0781821843511,0.0705651275142,863982
2025-02-01,1s,1,qi_1_decile,0.632164351852,10925,0.632164351852,0.00390046296296,0.363935185185,86400
2025-02-01,1s,2,qi_1_decile,0.863574809894,4049,0.863574809894,0.00569451035313,0.130730679753,86399
2025-02-01,1s,3,qi_1_decile,0.904269725344,2902,0.904269725344,0.00836815240917,0.0873621222468,86399
2025-02-01,1s,4,qi_1_decile,0.939027072073,1978,0.939027072073,0.0131598745356,0.0478130533918,86399
2025-02-01,1s,5,qi_1_decile,0.950899368012,1662,0.950899368012,0.020846355071,0.0282542769174,86394
2025-02-01,1s,6,qi_1_decile,0.950276051252,1652,0.950276051252,0.0311584892994,0.0185654594488,86397
2025-02-01,1s,7,qi_1_decile,0.932243017697,1987,0.932243017697,0.0563329745246,0.011424007778,86397
2025-02-01,1s,8,qi_1_decile,0.905207236195,2692,0.905207236195,0.0869685991736,0.00782416463154,86399
2025-02-01,1s,9,qi_1_decile,0.842880125927,4228,0.842880125927,0.151425363719,0.00569451035313,86399
2025-02-01,1s,10,qi_1_decile,0.591997592565,11435,0.591997592565,0.403963008831,0.00403939860415,86399
2025-02-01,5s,,daily,0.573104444511,39739,0.573104444511,0.22330665716,0.203588898329,863942
2025-02-01,5s,1,qi_1_decile,0.317222222222,11390,0.317222222222,0.0378819444444,0.644895833333,86400
2025-02-01,5s,2,qi_1_decile,0.567529716779,5977,0.567529716779,0.0478477760159,0.384622507205,86399
2025-02-01,5s,3,qi_1_decile,0.626789661917,5341,0.626789661917,0.0707415595088,0.302468778574,86399
2025-02-01,5s,4,qi_1_decile,0.695008044075,4657,0.695008044075,0.103820646072,0.201171309853,86399
2025-02-01,5s,5,qi_1_decile,0.72110331736,4516,0.72110331736,0.1318957335,0.14700094914,86394
2025-02-01,5s,6,qi_1_decile,0.722988771849,4370,0.722988771849,0.168028707026,0.108982521125,86390
2025-02-01,5s,7,qi_1_decile,0.678862118072,4612,0.678862118072,0.235588334047,0.0855495478807,86371
2025-02-01,5s,8,qi_1_decile,0.633521609297,4962,0.633521609297,0.302229218269,0.0642491724345,86398
2025-02-01,5s,9,qi_1_decile,0.509265796997,6371,0.509265796997,0.439491625479,0.0512425775236,86393
2025-02-01,5s,10,qi_1_decile,0.258810865867,11998,0.258810865867,0.695552031852,0.0456371022813,86399
2025-02-01,30s,,daily,0.13285986208,43238,0.13285986208,0.446528392066,0.420611745854,863692
2025-02-01,30s,1,qi_1_decile,0.0520759783779,12172,0.0520759783779,0.257810239255,0.690113782367,86393
2025-02-01,30s,2,qi_1_decile,0.126338329764,7575,0.126338329764,0.283974767058,0.589686903177,86395
2025-02-01,30s,3,qi_1_decile,0.147650851342,7462,0.147650851342,0.323128031206,0.529221117452,86393
2025-02-01,30s,4,qi_1_decile,0.177956292249,7098,0.177956292249,0.373032225206,0.449011482545,86392
2025-02-01,30s,5,qi_1_decile,0.186073191647,7012,0.186073191647,0.397791271699,0.416135536654,86294
2025-02-01,30s,6,qi_1_decile,0.187796688665,6637,0.187796688665,0.451325691791,0.360877619544,86370
2025-02-01,30s,7,qi_1_decile,0.156542299802,6850,0.156542299802,0.499913070691,0.343544629507,86277
2025-02-01,30s,8,qi_1_decile,0.146359248585,6835,0.146359248585,0.5570911027,0.296549648715,86397
2025-02-01,30s,9,qi_1_decile,0.101051144914,7807,0.101051144914,0.629865018175,0.26908383691,86382
2025-02-01,30s,10,qi_1_decile,0.046863968333,12476,0.046863968333,0.691373742752,0.261762288915,86399
2025-03-01,100ms,,daily,0.944471644369,47704,0.944471644369,0.0294013817561,0.0261269738753,863973
2025-03-01,100ms,1,qi_1_decile,0.808039537952,16546,0.808039537952,0.000972244727887,0.19098821732,86398
2025-03-01,100ms,2,qi_1_decile,0.960588909337,3395,0.960588909337,0.00131949026008,0.0380916004028,86397
2025-03-01,100ms,3,qi_1_decile,0.984351489618,1351,0.984351489618,0.00137734669784,0.0142711636843,86398
2025-03-01,100ms,4,qi_1_decile,0.990300589141,839,0.990300589141,0.00221072490943,0.00748868594974,86397
2025-03-01,100ms,5,qi_1_decile,0.992360934281,661,0.992360934281,0.00331026181162,0.0043288039075,86398
2025-03-01,100ms,6,qi_1_decile,0.992152414464,679,0.992152414464,0.00549793971943,0.00234964581694,86396
2025-03-01,100ms,7,qi_1_decile,0.989235861941,930,0.989235861941,0.00943308872891,0.00133104932985,86398
2025-03-01,100ms,8,qi_1_decile,0.979177517738,1799,0.979177517738,0.0198039283771,0.00101855388497,86397
2025-03-01,100ms,9,qi_1_decile,0.947799717586,4501,0.947799717586,0.051494247552,0.000706034861918,86398
2025-03-01,100ms,10,qi_1_decile,0.800708366128,17150,0.800708366128,0.198597157276,0.000694476596139,86396
2025-03-01,500ms,,daily,0.823086583369,68551,0.823086583369,0.0940049654789,0.0829084511525,863965
2025-03-01,500ms,1,qi_1_decile,0.564932058612,20903,0.564932058612,0.00664367230723,0.42842426908,86398
2025-03-01,500ms,2,qi_1_decile,0.833929418846,8350,0.833929418846,0.00903966572913,0.157030915425,86397
2025-03-01,500ms,3,qi_1_decile,0.903319521285,5053,0.903319521285,0.0119678696266,0.0847126090882,86398
2025-03-01,500ms,4,qi_1_decile,0.926502077618,3997,0.926502077618,0.0189937150596,0.054504207322,86397
2025-03-01,500ms,5,qi_1_decile,0.932334830316,3623,0.932334830316,0.0293300615769,0.0383351081069,86396
2025-03-01,500ms,6,qi_1_decile,0.932229089983,3671,0.932229089983,0.0428733476862,0.0248975623307,86394
2025-03-01,500ms,7,qi_1_decile,0.919164795481,4234,0.919164795481,0.0652445658464,0.0155906386722,86398
2025-03-01,500ms,8,qi_1_decile,0.880470386703,5983,0.880470386703,0.107179647441,0.0123499658553,86397
2025-03-01,500ms,9,qi_1_decile,0.801963008403,9285,0.801963008403,0.190397925878,0.00763906571911,86398
2025-03-01,500ms,10,qi_1_decile,0.53601027873,21901,0.53601027873,0.458398925826,0.00559079544402,86392
2025-03-01,1s,,daily,0.720950743962,74993,0.720950743962,0.147959095092,0.131090160946,863955
2025-03-01,1s,1,qi_1_decile,0.439095812403,21566,0.439095812403,0.0181601425959,0.542744045001,86398
2025-03-01,1s,2,qi_1_decile,0.721321342176,10519,0.721321342176,0.0240517610565,0.254626896767,86397
2025-03-01,1s,3,qi_1_decile,0.815759624065,7197,0.815759624065,0.0312622977384,0.152978078196,86398
2025-03-01,1s,4,qi_1_decile,0.845608065095,6338,0.845608065095,0.0461705846268,0.108221350278,86397
2025-03-01,1s,5,qi_1_decile,0.85199032329,5796,0.85199032329,0.068199969905,0.0798097068049,86393
2025-03-01,1s,6,qi_1_decile,0.852196962682,5859,0.852196962682,0.0896610797296,0.0581419575887,86392
2025-03-01,1s,7,qi_1_decile,0.829764577884,6570,0.829764577884,0.130894233663,0.0393411884534,86398
2025-03-01,1s,8,qi_1_decile,0.774841719041,8410,0.774841719041,0.190446427538,0.0347118534208,86397
2025-03-01,1s,9,qi_1_decile,0.681636148985,11261,0.681636148985,0.295539248594,0.0228246024214,86398
2025-03-01,1s,10,qi_1_decile,0.397270422633,22730,0.397270422633,0.5852500955,0.0174794818665,86387
2025-03-01,5s,,daily,0.348801783521,86159,0.348801783521,0.340553229565,0.310644986914,863909
2025-03-01,5s,1,qi_1_decile,0.168244635292,23141,0.168244635292,0.133729947452,0.698025417255,86398
2025-03-01,5s,2,qi_1_decile,0.336154398314,14727,0.336154398314,0.15671382592,0.507131775766,86374
2025-03-01,5s,3,qi_1_decile,0.417579110628,12521,0.417579110628,0.180536586495,0.401884302877,86398
2025-03-01,5s,4,qi_1_decile,0.444540898411,12284,0.444540898411,0.22733428244,0.328124819149,86397
2025-03-01,5s,5,qi_1_decile,0.451842933877,11763,0.451842933877,0.268255695499,0.279901370624,86384
2025-03-01,5s,6,qi_1_decile,0.452699573995,11563,0.452699573995,0.320476014077,0.226824411928,86384
2025-03-01,5s,7,qi_1_decile,0.426306164495,12007,0.426306164495,0.379974073474,0.193719762032,86398
2025-03-01,5s,8,qi_1_decile,0.368878549024,13527,0.368878549024,0.449888306307,0.181233144669,86397
2025-03-01,5s,9,qi_1_decile,0.293461903549,15042,0.293461903549,0.561155742829,0.145382353622,86386
2025-03-01,5s,10,qi_1_decile,0.128320581529,24408,0.128320581529,0.727454770641,0.14422464783,86393
2025-03-01,30s,,daily,0.043745274466,90493,0.043745274466,0.485751899766,0.470502825768,863659
2025-03-01,30s,1,qi_1_decile,0.0108178227684,24409,0.0108178227684,0.364145982696,0.625036194535,86339
2025-03-01,30s,2,qi_1_decile,0.0302549246813,16691,0.0302549246813,0.396755504056,0.572989571263,86300
2025-03-01,30s,3,qi_1_decile,0.0476245601037,15024,0.0476245601037,0.415829320244,0.536546119652,86384
2025-03-01,30s,4,qi_1_decile,0.0530589080127,15157,0.0530589080127,0.44278301559,0.504158076397,86338
2025-03-01,30s,5,qi_1_decile,0.0493948694192,14640,0.0493948694192,0.475024610574,0.475580520007,86345
2025-03-01,30s,6,qi_1_decile,0.060575186403,14059,0.060575186403,0.499328486083,0.440096327514,86372
2025-03-01,30s,7,qi_1_decile,0.0621665104112,14267,0.0621665104112,0.52484461266,0.412988876929,86397
2025-03-01,30s,8,qi_1_decile,0.0560204636735,15528,0.0560204636735,0.5492899059,0.394689630427,86397
2025-03-01,30s,9,qi_1_decile,0.0547498061186,16689,0.0547498061186,0.581100320628,0.364149873254,86393
2025-03-01,30s,10,qi_1_decile,0.0127670903072,25155,0.0127670903072,0.608201958469,0.379030951223,86394
2025-04-01,100ms,,daily,0.947479776988,45145,0.947479776988,0.026676203803,0.0258440192085,863991
2025-04-01,100ms,1,qi_1_decile,0.819479166667,15556,0.819479166667,0.000590277777778,0.179930555556,86400
2025-04-01,100ms,2,qi_1_decile,0.95888841306,3549,0.95888841306,0.000439819905323,0.0406717670343,86399
2025-04-01,100ms,3,qi_1_decile,0.979687264899,1754,0.979687264899,0.000810194562437,0.0195025405387,86399
2025-04-01,100ms,4,qi_1_decile,0.990474426787,824,0.990474426787,0.00125001446776,0.00827555874489,86399
2025-04-01,100ms,5,qi_1_decile,0.993657333997,549,0.993657333997,0.00189817011771,0.00444449588537,86399
2025-04-01,100ms,6,qi_1_decile,0.993923611111,526,0.993923611111,0.00375,0.00232638888889,86400
2025-04-01,100ms,7,qi_1_decile,0.990740633572,800,0.990740633572,0.00788203567171,0.00137733075614,86399
2025-04-01,100ms,8,qi_1_decile,0.980474085048,1687,0.980474085048,0.0186694136438,0.000856501307901,86398
2025-04-01,100ms,9,qi_1_decile,0.955045775993,3878,0.955045775993,0.0444565330617,0.000497690945497,86399
2025-04-01,100ms,10,qi_1_decile,0.812428384588,16136,0.812428384588,0.187016053427,0.000555561985671,86399
2025-04-01,500ms,,daily,0.833203508849,64969,0.833203508849,0.0841447845859,0.082651706565,863987
2025-04-01,500ms,1,qi_1_decile,0.601608796296,19354,0.601608796296,0.00528935185185,0.393101851852,86400
2025-04-01,500ms,2,qi_1_decile,0.8258428917,8614,0.8258428917,0.00827555874489,0.165881549555,86399
2025-04-01,500ms,3,qi_1_decile,0.887267213741,5807,0.887267213741,0.0117130985312,0.101019687728,86399
2025-04-01,500ms,4,qi_1_decile,0.923482910682,4206,0.923482910682,0.0167941758585,0.0597229134596,86399
2025-04-01,500ms,5,qi_1_decile,0.938714568456,3505,0.938714568456,0.0232410097339,0.0380444218104,86399
2025-04-01,500ms,6,qi_1_decile,0.938564814815,3546,0.938564814815,0.0360532407407,0.0253819444444,86400
2025-04-01,500ms,7,qi_1_decile,0.921214365907,4361,0.921214365907,0.0606141274783,0.0181715066147,86399
2025-04-01,500ms,8,qi_1_decile,0.888122410241,5920,0.888122410241,0.100581031968,0.0112965577907,86398
2025-04-01,500ms,9,qi_1_decile,0.816676118937,9191,0.816676118937,0.174666373453,0.00865750761004,86399
2025-04-01,500ms,10,qi_1_decile,0.590531859483,19982,0.590531859483,0.404236356271,0.00523178424677,86395
2025-04-01,1s,,daily,0.73452919158,70837,0.73452919158,0.133499309013,0.131971499406,863982
2025-04-01,1s,1,qi_1_decile,0.471516203704,20359,0.471516203704,0.0189699074074,0.509513888889,86400
2025-04-01,1s,2,qi_1_decile,0.713978171044,10663,0.713978171044,0.026585955856,0.2594358731,86399
2025-04-01,1s,3,qi_1_decile,0.789360987974,8033,0.789360987974,0.0337503906295,0.176888621396,86399
2025-04-01,1s,4,qi_1_decile,0.844882463917,6204,0.844882463917,0.0412852000602,0.113832336022,86399
2025-04-01,1s,5,qi_1_decile,0.863852590886,5632,0.863852590886,0.0549774881654,0.0811699209482,86399
2025-04-01,1s,6,qi_1_decile,0.864826388889,5642,0.864826388889,0.0781712962963,0.0570023148148,86400
2025-04-01,1s,7,qi_1_decile,0.839106934108,6417,0.839106934108,0.116309216542,0.0445838493501,86399
2025-04-01,1s,8,qi_1_decile,0.79308548809,7984,0.79308548809,0.17506192273,0.0318525891803,86398
2025-04-01,1s,9,qi_1_decile,0.700077547194,11415,0.700077547194,0.272711489716,0.0272109630899,86399
2025-04-01,1s,10,qi_1_decile,0.464579233708,21013,0.464579233708,0.517212640352,0.0182081259405,86390
2025-04-01,5s,,daily,0.375631697498,81241,0.375631697498,0.315164675406,0.309203627095,863942
2025-04-01,5s,1,qi_1_decile,0.168888888889,22575,0.168888888889,0.135034722222,0.696076388889,86400
2025-04-01,5s,2,qi_1_decile,0.33441359275,14831,0.33441359275,0.148068843389,0.517517563861,86399
2025-04-01,5s,3,qi_1_decile,0.407724626442,12409,0.407724626442,0.171228833667,0.421046539891,86399
2025-04-01,5s,4,qi_1_decile,0.473813354321,10969,0.473813354321,0.195245315339,0.330941330339,86399
2025-04-01,5s,5,qi_1_decile,0.495364529682,10327,0.495364529682,0.232687878332,0.271947591986,86399
2025-04-01,5s,6,qi_1_decile,0.496412037037,10240,0.496412037037,0.281805555556,0.221782407407,86400
2025-04-01,5s,7,qi_1_decile,0.457933540897,10992,0.457933540897,0.345108160974,0.196958298128,86399
2025-04-01,5s,8,qi_1_decile,0.415530452094,12482,0.415530452094,0.422220421769,0.162249126137,86398
2025-04-01,5s,9,qi_1_decile,0.321082970645,15441,0.321082970645,0.528879988888,0.150037040467,86392
2025-04-01,5s,10,qi_1_decile,0.185057378093,22955,0.185057378093,0.691571036511,0.123371585396,86357
2025-04-01,30s,,daily,0.043038490573,85569,0.043038490573,0.481276890373,0.475684619054,863692
2025-04-01,30s,1,qi_1_decile,0.0113800808067,23563,0.0113800808067,0.348881093784,0.639738825409,86379
2025-04-01,30s,2,qi_1_decile,0.0388451869273,16542,0.0388451869273,0.379276388197,0.581878424876,86317
2025-04-01,30s,3,qi_1_decile,0.0475418755137,14371,0.0475418755137,0.410547883362,0.541910241124,86387
2025-04-01,30s,4,qi_1_decile,0.0636846007693,13018,0.0636846007693,0.426514203624,0.509801195607,86316
2025-04-01,30s,5,qi_1_decile,0.0660647103085,12622,0.0660647103085,0.455484169705,0.478451119986,86385
2025-04-01,30s,6,qi_1_decile,0.0581813972333,12742,0.0581813972333,0.495491115356,0.446327487411,86385
2025-04-01,30s,7,qi_1_decile,0.0520564436779,13376,0.0520564436779,0.524592820679,0.423350735643,86387
2025-04-01,30s,8,qi_1_decile,0.0436055933694,14494,0.0436055933694,0.559255915173,0.397138491457,86388
2025-04-01,30s,9,qi_1_decile,0.0320172240164,17377,0.0320172240164,0.587294972856,0.380687803128,86391
2025-04-01,30s,10,qi_1_decile,0.0170107808284,24018,0.0170107808284,0.625334367799,0.357654851373,86357
2025-05-01,100ms,,daily,0.974896700193,21542,0.974896700193,0.0125001446776,0.0126031551291,863990
2025-05-01,100ms,1,qi_1_decile,0.907476851852,7952,0.907476851852,0.000671296296296,0.0918518518519,86400
2025-05-01,100ms,2,qi_1_decile,0.982962568578,1472,0.982962568578,0.000590291441932,0.0164471399801,86398
2025-05-01,100ms,3,qi_1_decile,0.992384171113,659,0.992384171113,0.00091436243475,0.00670146645216,86399
2025-05-01,100ms,4,qi_1_decile,0.994490676975,477,0.994490676975,0.00122686605169,0.00428245697288,86399
2025-05-01,100ms,5,qi_1_decile,0.99546291045,393,0.99546291045,0.00207178323823,0.00246530631142,86399
2025-05-01,100ms,6,qi_1_decile,0.994872625841,444,0.994872625841,0.00369217236311,0.00143520179632,86399
2025-05-01,100ms,7,qi_1_decile,0.993749927661,541,0.993749927661,0.00517367099156,0.00107640134724,86399
2025-05-01,100ms,8,qi_1_decile,0.990150348962,852,0.990150348962,0.00929408905196,0.000555561985671,86399
2025-05-01,100ms,9,qi_1_decile,0.980358568965,1697,0.980358568965,0.0190048495932,0.000636581441915,86399
2025-05-01,100ms,10,qi_1_decile,0.917059225223,7116,0.917059225223,0.0823620643757,0.000578710401741,86399
2025-05-01,500ms,,daily,0.913866659876,30043,0.913866659876,0.0424636510314,0.0436696890922,863986
2025-05-01,500ms,1,qi_1_decile,0.772662037037,9811,0.772662037037,0.0040625,0.223275462963,86400
2025-05-01,500ms,2,qi_1_decile,0.913987082436,3942,0.913987082436,0.00589161284348,0.0801213047202,86394
2025-05-01,500ms,3,qi_1_decile,0.947904489635,2427,0.947904489635,0.00888899177074,0.043206518594,86399
2025-05-01,500ms,4,qi_1_decile,0.956284216253,2086,0.956284216253,0.0125464415097,0.0311693422378,86399
2025-05-01,500ms,5,qi_1_decile,0.962592159631,1836,0.962592159631,0.0172339957638,0.0201738446047,86399
2025-05-01,500ms,6,qi_1_decile,0.961087512587,1901,0.961087512587,0.0250697346034,0.0138427528096,86399
2025-05-01,500ms,7,qi_1_decile,0.956226345212,2107,0.956226345212,0.0332874223081,0.0104862324795,86399
2025-05-01,500ms,8,qi_1_decile,0.944906769754,2578,0.944906769754,0.0491325131078,0.00596071713793,86399
2025-05-01,500ms,9,qi_1_decile,0.920554636049,3807,0.920554636049,0.0746767902406,0.00476857371034,86399
2025-05-01,500ms,10,qi_1_decile,0.80246299147,8706,0.80246299147,0.193844836167,0.00369217236311,86399
2025-05-01,1s,,daily,0.853671550648,32250,0.853671550648,0.0722434868359,0.0740849625165,863981
2025-05-01,1s,1,qi_1_decile,0.6728125,10260,0.6728125,0.0109490740741,0.316238425926,86400
2025-05-01,1s,2,qi_1_decile,0.843695377884,4931,0.843695377884,0.0150366366088,0.141267985507,86389
2025-05-01,1s,3,qi_1_decile,0.893783492865,3400,0.893783492865,0.0226622993322,0.0835542078033,86399
2025-05-01,1s,4,qi_1_decile,0.908922556974,2959,0.908922556974,0.0281137513166,0.0629636917094,86399
2025-05-01,1s,5,qi_1_decile,0.920114816144,2693,0.920114816144,0.0368291299668,0.0430560538895,86399
2025-05-01,1s,6,qi_1_decile,0.917938865033,2749,0.917938865033,0.0506834569845,0.0313776779824,86399
2025-05-01,1s,7,qi_1_decile,0.908714221229,2957,0.908714221229,0.0663317862475,0.0249539925231,86399
2025-05-01,1s,8,qi_1_decile,0.893158485631,3415,0.893158485631,0.0905103068323,0.0163312075371,86399
2025-05-01,1s,9,qi_1_decile,0.859581708122,4648,0.859581708122,0.128311670274,0.0121066216044,86399
2025-05-01,1s,10,qi_1_decile,0.717994421232,9072,0.717994421232,0.273000844917,0.00900473385109,86399
2025-05-01,5s,,daily,0.576957222773,37675,0.576957222773,0.212574701282,0.210468075945,863941
2025-05-01,5s,1,qi_1_decile,0.367917211682,11524,0.367917211682,0.0738867216891,0.558196066629,86389
2025-05-01,5s,2,qi_1_decile,0.543759116483,7361,0.543759116483,0.101282674631,0.354958208886,86382
2025-05-01,5s,3,qi_1_decile,0.605979235871,5940,0.605979235871,0.121286125997,0.272734638132,86399
2025-05-01,5s,4,qi_1_decile,0.649764464866,5451,0.649764464866,0.129063993796,0.221171541337,86399
2025-05-01,5s,5,qi_1_decile,0.666350250046,5204,0.666350250046,0.158131135395,0.175518614558,86384
2025-05-01,5s,6,qi_1_decile,0.659980090749,5246,0.659980090749,0.198305398648,0.141714510603,86392
2025-05-01,5s,7,qi_1_decile,0.640088426949,5403,0.640088426949,0.231426289656,0.128485283394,86399
2025-05-01,5s,8,qi_1_decile,0.618919200454,5770,0.618919200454,0.277318024514,0.103762775032,86399
2025-05-01,5s,9,qi_1_decile,0.583050729754,6874,0.583050729754,0.334008495469,0.0829407747775,86399
2025-05-01,5s,10,qi_1_decile,0.433755020313,10248,0.433755020313,0.500989594787,0.0652553849003,86399
2025-05-01,30s,,daily,0.153651016394,41075,0.153651016394,0.444706498042,0.401642485565,863691
2025-05-01,30s,1,qi_1_decile,0.0826957135746,12448,0.0826957135746,0.286969405827,0.630334880598,86389
2025-05-01,30s,2,qi_1_decile,0.113935773657,8985,0.113935773657,0.336690514228,0.549373712116,86382
2025-05-01,30s,3,qi_1_decile,0.155997175893,7721,0.155997175893,0.369888540377,0.47411428373,86399
2025-05-01,30s,4,qi_1_decile,0.188948946168,7197,0.188948946168,0.385270662855,0.425780390977,86399
2025-05-01,30s,5,qi_1_decile,0.204297838345,6981,0.204297838345,0.414940545798,0.380761615858,86369
2025-05-01,30s,6,qi_1_decile,0.190076998784,7189,0.190076998784,0.465836855208,0.344086146008,86365
2025-05-01,30s,7,qi_1_decile,0.167917764036,7330,0.167917764036,0.497360513279,0.334721722686,86191
2025-05-01,30s,8,qi_1_decile,0.151460086344,7553,0.151460086344,0.516892556627,0.33164735703,86399
2025-05-01,30s,9,qi_1_decile,0.161691686246,8656,0.161691686246,0.551754071228,0.286554242526,86399
2025-05-01,30s,10,qi_1_decile,0.119538420584,11420,0.119538420584,0.621546545678,0.258915033739,86399
2025-06-01,100ms,,daily,0.984511412735,13256,0.984511412735,0.0079167491328,0.00757183813257,863991
2025-06-01,100ms,1,qi_1_decile,0.940520833333,5115,0.940520833333,0.000347222222222,0.0591319444444,86400
2025-06-01,100ms,2,qi_1_decile,0.991921202792,699,0.991921202792,0.000243058368731,0.00783573883957,86399
2025-06-01,100ms,3,qi_1_decile,0.996354124469,316,0.996354124469,0.000347226241044,0.00329864928992,86399
2025-06-01,100ms,4,qi_1_decile,0.997129563184,248,0.997129563184,0.000474548021945,0.00239588879372,86398
2025-06-01,100ms,5,qi_1_decile,0.998298591419,148,0.998298591419,0.000671304066019,0.0010301045151,86399
2025-06-01,100ms,6,qi_1_decile,0.998229166667,154,0.998229166667,0.00113425925926,0.000636574074074,86400
2025-06-01,100ms,7,qi_1_decile,0.997592564729,209,0.997592564729,0.00201391219806,0.000393523073184,86399
2025-06-01,100ms,8,qi_1_decile,0.99664347967,290,0.99664347967,0.00304401671316,0.00031250361694,86399
2025-06-01,100ms,9,qi_1_decile,0.992476764777,650,0.992476764777,0.00724545422979,0.000277780992836,86399
2025-06-01,100ms,10,qi_1_decile,0.935948332735,5467,0.935948332735,0.0636465699834,0.000405097281219,86399
2025-06-01,500ms,,daily,0.946316321889,18420,0.946316321889,0.0267920697881,0.0268916083228,863987
2025-06-01,500ms,1,qi_1_decile,0.833888888889,6395,0.833888888889,0.001875,0.164236111111,86400
2025-06-01,500ms,2,qi_1_decile,0.955948564219,1808,0.955948564219,0.00210650586234,0.0419449299182,86399
2025-06-01,500ms,3,qi_1_decile,0.975543698422,1058,0.975543698422,0.0028588293846,0.021597472193,86399
2025-06-01,500ms,4,qi_1_decile,0.979026321272,948,0.979026321272,0.0046415260319,0.0163321526958,86394
2025-06-01,500ms,5,qi_1_decile,0.98539334946,720,0.98539334946,0.00618062709059,0.00842602344935,86399
2025-06-01,500ms,6,qi_1_decile,0.983275462963,806,0.983275462963,0.0103587962963,0.00636574074074,86400
2025-06-01,500ms,7,qi_1_decile,0.982615539532,817,0.982615539532,0.0135996944409,0.00378476602738,86399
2025-06-01,500ms,8,qi_1_decile,0.977140939131,1005,0.977140939131,0.0202432898529,0.00261577101587,86399
2025-06-01,500ms,9,qi_1_decile,0.957777289089,1732,0.957777289089,0.0403824118335,0.00184029907754,86399
2025-06-01,500ms,10,qi_1_decile,0.83255593236,6763,0.83255593236,0.16567321381,0.00177085382933,86399
2025-06-01,1s,,daily,0.907655483563,19672,0.907655483563,0.0460472556141,0.0462972608226,863982
2025-06-01,1s,1,qi_1_decile,0.752037037037,6602,0.752037037037,0.00521990740741,0.242743055556,86400
2025-06-01,1s,2,qi_1_decile,0.9137142791,2308,0.9137142791,0.00641211125129,0.0798736096483,86399
2025-06-01,1s,3,qi_1_decile,0.947950786467,1483,0.947950786467,0.0078125904235,0.0442366231091,86399
2025-06-01,1s,4,qi_1_decile,0.954322888331,1338,0.954322888331,0.0117954832212,0.0338816284481,86389
2025-06-01,1s,5,qi_1_decile,0.965103762775,1098,0.965103762775,0.0148034120765,0.0200928251484,86399
2025-06-01,1s,6,qi_1_decile,0.962175925926,1191,0.962175925926,0.0233101851852,0.0145138888889,86400
2025-06-01,1s,7,qi_1_decile,0.961180106251,1223,0.961180106251,0.0281716223567,0.010648271392,86399
2025-06-01,1s,8,qi_1_decile,0.951909165615,1413,0.951909165615,0.0403129665853,0.0077778677994,86399
2025-06-01,1s,9,qi_1_decile,0.917603213,2113,0.917603213,0.0774314517529,0.00496533524694,86399
2025-06-01,1s,10,qi_1_decile,0.750564242642,6965,0.750564242642,0.245199597218,0.00423616014074,86399
2025-06-01,5s,,daily,0.696473837364,22497,0.696473837364,0.153244083515,0.150282079121,863942
2025-06-01,5s,1,qi_1_decile,0.465625,7245,0.465625,0.0453935185185,0.488981481481,86400
2025-06-01,5s,2,qi_1_decile,0.674298546162,3522,0.674298546162,0.0545305120845,0.271170941754,86392
2025-06-01,5s,3,qi_1_decile,0.756556864742,2730,0.756556864742,0.0628139540267,0.180629181231,86398
2025-06-01,5s,4,qi_1_decile,0.776361489303,2645,0.776361489303,0.0783319440585,0.145306566639,86376
2025-06-01,5s,5,qi_1_decile,0.800863495885,2559,0.800863495885,0.0947877721575,0.104348731957,86393
2025-06-01,5s,6,qi_1_decile,0.800979189333,2457,0.800979189333,0.111680825945,0.0873399847219,86398
2025-06-01,5s,7,qi_1_decile,0.788349132493,2504,0.788349132493,0.135733879649,0.0759169878584,86397
2025-06-01,5s,8,qi_1_decile,0.771051565484,2665,0.771051565484,0.175079576364,0.0538688581515,86395
2025-06-01,5s,9,qi_1_decile,0.682936145094,3271,0.682936145094,0.265847984352,0.0512158705541,86399
2025-06-01,5s,10,qi_1_decile,0.447739426349,7527,0.447739426349,0.508229738176,0.0440308354747,86394
2025-06-01,30s,,daily,0.243943442801,25125,0.243943442801,0.387844277821,0.368212279377,863692
2025-06-01,30s,1,qi_1_decile,0.113368055556,7783,0.113368055556,0.236180555556,0.650451388889,86400
2025-06-01,30s,2,qi_1_decile,0.225350970671,4736,0.225350970671,0.250463327619,0.52418570171,86332
2025-06-01,30s,3,qi_1_decile,0.295179886095,3987,0.295179886095,0.274251053387,0.430569060518,86388
2025-06-01,30s,4,qi_1_decile,0.280164120633,4112,0.280164120633,0.307239388952,0.412596490415,86278
2025-06-01,30s,5,qi_1_decile,0.296650108266,4128,0.296650108266,0.34580424034,0.357545651394,86361
2025-06-01,30s,6,qi_1_decile,0.30775641545,4109,0.30775641545,0.384707094325,0.307536490225,86393
2025-06-01,30s,7,qi_1_decile,0.316809446631,4046,0.316809446631,0.415848576059,0.26734197731,86380
2025-06-01,30s,8,qi_1_decile,0.290616895146,4070,0.290616895146,0.464164968507,0.245218136347,86368
2025-06-01,30s,9,qi_1_decile,0.214472557235,4525,0.214472557235,0.53630871085,0.249218731915,86398
2025-06-01,30s,10,qi_1_decile,0.0991619788411,8203,0.0991619788411,0.663275227446,0.237562793713,86394
2025-07-01,100ms,,daily,0.981975913097,15500,0.981975913097,0.00897616195288,0.00904792494979,863955
2025-07-01,100ms,1,qi_1_decile,0.93338811982,5734,0.93338811982,0.000127320709292,0.0664845594703,86396
2025-07-01,100ms,2,qi_1_decile,0.988425122115,1001,0.988425122115,0.000127323656735,0.0114475542283,86394
2025-07-01,100ms,3,qi_1_decile,0.994177971202,504,0.994177971202,0.00026621602852,0.00555581276911,86396
2025-07-01,100ms,4,qi_1_decile,0.996863244401,272,0.996863244401,0.000393541292899,0.00274321430638,86395
2025-07-01,100ms,5,qi_1_decile,0.998055465531,169,0.998055465531,0.000497708227233,0.00144682624196,86396
2025-07-01,100ms,6,qi_1_decile,0.998159615719,160,0.998159615719,0.000636610914984,0.00120377336651,86395
2025-07-01,100ms,7,qi_1_decile,0.997858697162,186,0.997858697162,0.00155099773138,0.000590305106718,86396
2025-07-01,100ms,8,qi_1_decile,0.995879438863,357,0.995879438863,0.0036691513496,0.00045140978749,86396
2025-07-01,100ms,9,qi_1_decile,0.989513403398,905,0.989513403398,0.0101740821334,0.000312514468262,86396
2025-07-01,100ms,10,qi_1_decile,0.927437930436,6240,0.927437930436,0.0723189999421,0.000243069622085,86395
2025-07-01,500ms,,daily,0.935057208503,21130,0.935057208503,0.031334170578,0.0336086209192,863945
2025-07-01,500ms,1,qi_1_decile,0.81291957961,6920,0.81291957961,0.00098384184453,0.186096578545,86396
2025-07-01,500ms,2,qi_1_decile,0.937031206593,2636,0.937031206593,0.0014584683767,0.0615103250301,86392
2025-07-01,500ms,3,qi_1_decile,0.962984397426,1594,0.962984397426,0.00262743645539,0.0343881661188,86396
2025-07-01,500ms,4,qi_1_decile,0.976814714496,1078,0.976814714496,0.00469956361195,0.0184857218923,86391
2025-07-01,500ms,5,qi_1_decile,0.982626510487,846,0.982626510487,0.00589147645724,0.0114820130562,86396
2025-07-01,500ms,6,qi_1_decile,0.982637080251,871,0.982637080251,0.00787119028603,0.00949172946256,86391
2025-07-01,500ms,7,qi_1_decile,0.980936617436,949,0.980936617436,0.0129288392981,0.00613454326589,86396
2025-07-01,500ms,8,qi_1_decile,0.969720820408,1388,0.969720820408,0.0263322376036,0.00394694198806,86396
2025-07-01,500ms,9,qi_1_decile,0.942659382379,2432,0.942659382379,0.054493263577,0.00284735404417,86396
2025-07-01,500ms,10,qi_1_decile,0.802245500318,7722,0.802245500318,0.196053012327,0.00170148735459,86395
2025-07-01,1s,,daily,0.888294836996,22880,0.888294836996,0.0533616533651,0.058343509639,863935
2025-07-01,1s,1,qi_1_decile,0.720554192324,7211,0.720554192324,0.0030209731932,0.276424834483,86396
2025-07-01,1s,2,qi_1_decile,0.882431243634,3255,0.882431243634,0.00508148902676,0.11248726734,86392
2025-07-01,1s,3,qi_1_decile,0.924568267049,2220,0.924568267049,0.00745404879856,0.067977684152,86396
2025-07-01,1s,4,qi_1_decile,0.948128168916,1671,0.948128168916,0.0123283865441,0.0395434445396,86386
2025-07-01,1s,5,qi_1_decile,0.958968007778,1366,0.958968007778,0.0150585675263,0.0259734246956,86396
2025-07-01,1s,6,qi_1_decile,0.95926423263,1385,0.95926423263,0.018984557683,0.0217512096868,86386
2025-07-01,1s,7,qi_1_decile,0.955240983379,1528,0.955240983379,0.0286703088106,0.0160887078105,86396
2025-07-01,1s,8,qi_1_decile,0.935714616417,1970,0.935714616417,0.0538913838604,0.0103939997222,86396
2025-07-01,1s,9,qi_1_decile,0.890793555257,3084,0.890793555257,0.101069493958,0.00813695078476,86396
2025-07-01,1s,10,qi_1_decile,0.707297876034,8015,0.707297876034,0.288049076914,0.00465304705133,86395
2025-07-01,5s,,daily,0.652713741823,26608,0.652713741823,0.164426581902,0.182859676275,863881
2025-07-01,5s,1,qi_1_decile,0.416107227186,7940,0.416107227186,0.0359160146303,0.547976758183,86396
2025-07-01,5s,2,qi_1_decile,0.614820130562,4741,0.614820130562,0.0479536089634,0.337226260475,86396
2025-07-01,5s,3,qi_1_decile,0.691941756563,3946,0.691941756563,0.058636973934,0.249421269503,86396
2025-07-01,5s,4,qi_1_decile,0.744305291912,3399,0.744305291912,0.0823996481319,0.173295059956,86396
2025-07-01,5s,5,qi_1_decile,0.786196436221,3005,0.786196436221,0.0931700031261,0.120633560653,86369
2025-07-01,5s,6,qi_1_decile,0.785335525402,3076,0.785335525402,0.102996341407,0.111668133191,86372
2025-07-01,5s,7,qi_1_decile,0.754473690303,3232,0.754473690303,0.147741741325,0.0977845683728,86394
2025-07-01,5s,8,qi_1_decile,0.710295734707,3769,0.710295734707,0.210845535043,0.0788587302506,86395
2025-07-01,5s,9,qi_1_decile,0.616380308433,4915,0.616380308433,0.317452415135,0.0661672764322,86372
2025-07-01,5s,10,qi_1_decile,0.407349962382,8627,0.407349962382,0.547161294056,0.0454887435615,86395
2025-07-01,30s,,daily,0.202200939985,29325,0.202200939985,0.376591391462,0.421207668553,863631
2025-07-01,30s,1,qi_1_decile,0.0979327746655,8724,0.0979327746655,0.217776285939,0.684290939395,86396
2025-07-01,30s,2,qi_1_decile,0.177357748044,6040,0.177357748044,0.231075512755,0.591566739201,86396
2025-07-01,30s,3,qi_1_decile,0.219593499699,5558,0.219593499699,0.250254641419,0.530151858882,86396
2025-07-01,30s,4,qi_1_decile,0.249363396454,4976,0.249363396454,0.294585397472,0.456051206074,86396
2025-07-01,30s,5,qi_1_decile,0.249988421101,4703,0.249988421101,0.35484692696,0.395164651938,86364
2025-07-01,30s,6,qi_1_decile,0.279275308527,4649,0.279275308527,0.356546348706,0.364178342767,86216
2025-07-01,30s,7,qi_1_decile,0.254208832179,4802,0.254208832179,0.415742306,0.330048861821,86366
2025-07-01,30s,8,qi_1_decile,0.228434097753,5122,0.228434097753,0.459497336113,0.312068566134,86340
2025-07-01,30s,9,qi_1_decile,0.176203598638,5971,0.176203598638,0.522890952458,0.300905448904,86366
2025-07-01,30s,10,qi_1_decile,0.0898547369639,9381,0.0898547369639,0.662769836217,0.247375426819,86395
2025-08-01,100ms,,daily,0.946947364035,45370,0.946947364035,0.0268463444642,0.0262062915007,863991
2025-08-01,100ms,1,qi_1_decile,0.804513888889,16746,0.804513888889,0.000891203703704,0.194594907407,86400
2025-08-01,100ms,2,qi_1_decile,0.968217224736,2739,0.968217224736,0.000520839361567,0.031261935902,86399
2025-08-01,100ms,3,qi_1_decile,0.982592391116,1505,0.982592391116,0.000833342978507,0.0165742659059,86399
2025-08-01,100ms,4,qi_1_decile,0.990080903714,858,0.990080903714,0.0017940022454,0.00812509404044,86399
2025-08-01,100ms,5,qi_1_decile,0.992777610593,625,0.992777610593,0.0026273756337,0.00459501377347,86398
2025-08-01,100ms,6,qi_1_decile,0.992488425926,650,0.992488425926,0.00449074074074,0.00302083333333,86400
2025-08-01,100ms,7,qi_1_decile,0.990173497378,850,0.990173497378,0.0083450039931,0.00148149862846,86399
2025-08-01,100ms,8,qi_1_decile,0.983124804685,1459,0.983124804685,0.0159839812961,0.000891214018681,86399
2025-08-01,100ms,9,qi_1_decile,0.969131587171,2659,0.969131587171,0.0301971087628,0.000671304066019,86399
2025-08-01,100ms,10,qi_1_decile,0.796374958043,17441,0.796374958043,0.20278012477,0.000844917186542,86399
2025-08-01,500ms,,daily,0.827820326,64872,0.827820326,0.0858855515187,0.086294122481,863987
2025-08-01,500ms,1,qi_1_decile,0.579282407407,20461,0.579282407407,0.0049537037037,0.415763888889,86400
2025-08-01,500ms,2,qi_1_decile,0.830461000706,8342,0.830461000706,0.005983865554,0.16355513374,86399
2025-08-01,500ms,3,qi_1_decile,0.885750992488,6028,0.885750992488,0.0115742080348,0.102674799477,86399
2025-08-01,500ms,4,qi_1_decile,0.916816166854,4559,0.916816166854,0.0210071875832,0.062176645563,86399
2025-08-01,500ms,5,qi_1_decile,0.929844665139,4039,0.929844665139,0.0277102576568,0.0424450772044,86394
2025-08-01,500ms,6,qi_1_decile,0.92900462963,4040,0.92900462963,0.0403009259259,0.0306944444444,86400
2025-08-01,500ms,7,qi_1_decile,0.919165731085,4485,0.919165731085,0.0610655215917,0.0197687473235,86399
2025-08-01,500ms,8,qi_1_decile,0.885195430503,6024,0.885195430503,0.102859986805,0.0119445826919,86399
2025-08-01,500ms,9,qi_1_decile,0.834083727821,8340,0.834083727821,0.158034236507,0.00788203567171,86399
2025-08-01,500ms,10,qi_1_decile,0.568606118126,21244,0.568606118126,0.425363719487,0.00603016238614,86399
2025-08-01,1s,,daily,0.722915523703,70922,0.722915523703,0.137520226116,0.139564250181,863982
2025-08-01,1s,1,qi_1_decile,0.452361111111,21490,0.452361111111,0.0179050925926,0.529733796296,86400
2025-08-01,1s,2,qi_1_decile,0.713816132131,10499,0.713816132131,0.0213196912001,0.264864176669,86399
2025-08-01,1s,3,qi_1_decile,0.783307677172,8409,0.783307677172,0.0337388164215,0.182953506406,86399
2025-08-01,1s,4,qi_1_decile,0.823139960183,7189,0.823139960183,0.0518658271216,0.124994212695,86396
2025-08-01,1s,5,qi_1_decile,0.843990184276,6633,0.843990184276,0.0668696175572,0.0891401981665,86392
2025-08-01,1s,6,qi_1_decile,0.842708333333,6548,0.842708333333,0.086099537037,0.0711921296296,86400
2025-08-01,1s,7,qi_1_decile,0.829430896191,6982,0.829430896191,0.11838099978,0.052188104029,86399
2025-08-01,1s,8,qi_1_decile,0.783272954548,8282,0.783272954548,0.181587749858,0.0351392955937,86399
2025-08-01,1s,9,qi_1_decile,0.715517540712,10589,0.715517540712,0.259308556812,0.0251739024757,86399
2025-08-01,1s,10,qi_1_decile,0.441625481776,22141,0.441625481776,0.538119654163,0.0202548640609,86399
2025-08-01,5s,,daily,0.342042637121,82222,0.342042637121,0.326064712677,0.331892650201,863942
2025-08-01,5s,1,qi_1_decile,0.155520833333,24161,0.155520833333,0.152349537037,0.69212962963,86400
2025-08-01,5s,2,qi_1_decile,0.30773504323,15145,0.30773504323,0.158022662299,0.534242294471,86399
2025-08-01,5s,3,qi_1_decile,0.371404761629,13608,0.371404761629,0.189018391417,0.439576846954,86399
2025-08-01,5s,4,qi_1_decile,0.402415442156,12941,0.402415442156,0.236240895775,0.36134366207,86361
2025-08-01,5s,5,qi_1_decile,0.427575908412,12418,0.427575908412,0.264403208816,0.308020882772,86387
2025-08-01,5s,6,qi_1_decile,0.456435185185,11925,0.456435185185,0.286643518519,0.256921296296,86400
2025-08-01,5s,7,qi_1_decile,0.430305906318,12222,0.430305906318,0.350733226079,0.218960867603,86399
2025-08-01,5s,8,qi_1_decile,0.391694348314,13271,0.391694348314,0.422470167479,0.185835484207,86399
2025-08-01,5s,9,qi_1_decile,0.321311589255,14894,0.321311589255,0.508397087929,0.170291322816,86399
2025-08-01,5s,10,qi_1_decile,0.156066621141,24577,0.156066621141,0.692322827811,0.151610551048,86399
2025-08-01,30s,,daily,0.0365581711999,86686,0.0365581711999,0.48335633536,0.48008549344,863692
2025-08-01,30s,1,qi_1_decile,0.0120540521763,25564,0.0120540521763,0.369217586642,0.618728361182,86361
2025-08-01,30s,2,qi_1_decile,0.0240463768116,17165,0.0240463768116,0.401542028986,0.574411594203,86250
2025-08-01,30s,3,qi_1_decile,0.0271875687505,15909,0.0271875687505,0.420758889802,0.552053541447,86363
2025-08-01,30s,4,qi_1_decile,0.0329040327998,15157,0.0329040327998,0.455363554238,0.511732412962,86342
2025-08-01,30s,5,qi_1_decile,0.0452882611716,14496,0.0452882611716,0.466867330401,0.487844408428,86380
2025-08-01,30s,6,qi_1_decile,0.0556481481481,14342,0.0556481481481,0.473194444444,0.471157407407,86400
2025-08-01,30s,7,qi_1_decile,0.0594104098427,14476,0.0594104098427,0.496394634197,0.44419495596,86399
2025-08-01,30s,8,qi_1_decile,0.0512390189701,15248,0.0512390189701,0.548594312434,0.400166668596,86399
2025-08-01,30s,9,qi_1_decile,0.0420722462066,16685,0.0420722462066,0.574335351104,0.38359240269,86399
2025-08-01,30s,10,qi_1_decile,0.0156946260952,25615,0.0156946260952,0.627055868702,0.357249505203,86399
2025-09-01,100ms,,daily,0.957019141957,36873,0.957019141957,0.0206767395939,0.0223041184491,863966
2025-09-01,100ms,1,qi_1_decile,0.850723983472,12812,0.850723983472,0.000462979038624,0.14881303749,86397
2025-09-01,100ms,2,qi_1_decile,0.958331886524,3597,0.958331886524,0.000358808754934,0.0413093047212,86397
2025-09-01,100ms,3,qi_1_decile,0.980138199243,1716,0.980138199243,0.00047455351459,0.0193872472424,86397
2025-09-01,100ms,4,qi_1_decile,0.992465016146,652,0.992465016146,0.000925958077248,0.00660902577636,86397
2025-09-01,100ms,5,qi_1_decile,0.995647997037,377,0.995647997037,0.00156255425536,0.00278944870771,86397
2025-09-01,100ms,6,qi_1_decile,0.995682720465,374,0.995682720465,0.00269685289998,0.00162042663518,86397
2025-09-01,100ms,7,qi_1_decile,0.993182554748,590,0.993182554748,0.00582202879763,0.000995416454465,86396
2025-09-01,100ms,8,qi_1_decile,0.9838071207,1399,0.9838071207,0.0155215519237,0.000671327376267,86396
2025-09-01,100ms,9,qi_1_decile,0.963898791611,3116,0.963898791611,0.0357423954813,0.000358812908005,86396
2025-09-01,100ms,10,qi_1_decile,0.856312792259,12355,0.856312792259,0.143201074124,0.000486133617297,86396
2025-09-01,500ms,,daily,0.862999967591,53300,0.862999967591,0.0672082837552,0.0697917486539,863956
2025-09-01,500ms,1,qi_1_decile,0.675544289732,15896,0.675544289732,0.00358808754934,0.320867622718,86397
2025-09-01,500ms,2,qi_1_decile,0.835804483952,7503,0.835804483952,0.00505804599697,0.159137470051,86397
2025-09-01,500ms,3,qi_1_decile,0.898202483883,5032,0.898202483883,0.00775489889695,0.0940426172205,86397
2025-09-01,500ms,4,qi_1_decile,0.938944639281,3231,0.938944639281,0.0141903075338,0.0468650531847,86397
2025-09-01,500ms,5,qi_1_decile,0.952278435594,2562,0.952278435594,0.0201280137042,0.027593550702,86397
2025-09-01,500ms,6,qi_1_decile,0.953273840527,2546,0.953273840527,0.0273273377548,0.0193988217183,86397
2025-09-01,500ms,7,qi_1_decile,0.940260672284,3125,0.940260672284,0.0454440225947,0.0142953051208,86392
2025-09-01,500ms,8,qi_1_decile,0.907608255298,4541,0.907608255298,0.0846480617643,0.00774368293728,86393
2025-09-01,500ms,9,qi_1_decile,0.846411167571,6948,0.846411167571,0.148924102647,0.00466472978135,86393
2025-09-01,500ms,10,qi_1_decile,0.68167507755,15066,0.68167507755,0.315026158618,0.00329876383166,86396
2025-09-01,1s,,daily,0.774211731915,57335,0.774211731915,0.111463497351,0.114324770734,863951
2025-09-01,1s,1,qi_1_decile,0.554139611329,16603,0.554139611329,0.0130907323171,0.432769656354,86397
2025-09-01,1s,2,qi_1_decile,0.72687709064,8764,0.72687709064,0.0163315855875,0.256791323773,86397
2025-09-01,1s,3,qi_1_decile,0.80898642314,6398,0.80898642314,0.0231952498351,0.167818327025,86397
2025-09-01,1s,4,qi_1_decile,0.869196847113,4659,0.869196847113,0.0372929615612,0.0935101913261,86397
2025-09-01,1s,5,qi_1_decile,0.893503246641,3923,0.893503246641,0.045765477968,0.0607312753915,86397
2025-09-01,1s,6,qi_1_decile,0.892230054284,3956,0.892230054284,0.0617845527044,0.0459853930113,86397
2025-09-01,1s,7,qi_1_decile,0.869841527082,4622,0.869841527082,0.0930464074456,0.0371120654728,86387
2025-09-01,1s,8,qi_1_decile,0.823735719329,5957,0.823735719329,0.15360040744,0.0226638732305,86393
2025-09-01,1s,9,qi_1_decile,0.73999050849,8130,0.73999050849,0.244684175801,0.0153253157084,86393
2025-09-01,1s,10,qi_1_decile,0.563625630816,15771,0.563625630816,0.425853048752,0.0105213204315,86396
2025-09-01,5s,,daily,0.403492952399,66074,0.403492952399,0.299185911512,0.297321136089,863911
2025-09-01,5s,1,qi_1_decile,0.229301943355,18366,0.229301943355,0.123835318356,0.64686273829,86397
2025-09-01,5s,2,qi_1_decile,0.333935206084,11717,0.333935206084,0.140965542785,0.525099251131,86397
2025-09-01,5s,3,qi_1_decile,0.409123001956,10176,0.409123001956,0.162980196072,0.427896801972,86397
2025-09-01,5s,4,qi_1_decile,0.464033523951,8860,0.464033523951,0.207267381289,0.328699094761,86386
2025-09-01,5s,5,qi_1_decile,0.531605569896,7773,0.531605569896,0.217876448323,0.250517981781,86393
2025-09-01,5s,6,qi_1_decile,0.52918094268,7701,0.52918094268,0.259005463469,0.211813593851,86392
2025-09-01,5s,7,qi_1_decile,0.480703988884,8463,0.480703988884,0.326289584901,0.193006426214,86365
2025-09-01,5s,8,qi_1_decile,0.442904932227,9364,0.442904932227,0.410876132931,0.146218934843,86391
2025-09-01,5s,9,qi_1_decile,0.35870458465,11228,0.35870458465,0.508038473558,0.133256941792,86397
2025-09-01,5s,10,qi_1_decile,0.255486365109,17523,0.255486365109,0.634728459651,0.10978517524,86396
2025-09-01,30s,,daily,0.049908471032,70542,0.049908471032,0.470130062606,0.479961466362,863661
2025-09-01,30s,1,qi_1_decile,0.0205680818556,19541,0.0205680818556,0.366035464605,0.61339645354,86396
2025-09-01,30s,2,qi_1_decile,0.0339145940438,13182,0.0339145940438,0.3804362929,0.585649113056,86364
2025-09-01,30s,3,qi_1_decile,0.0505594551393,11922,0.0505594551393,0.40520536521,0.544235179651,86334
2025-09-01,30s,4,qi_1_decile,0.061361501803,10728,0.061361501803,0.426794058648,0.511844439549,86243
2025-09-01,30s,5,qi_1_decile,0.0866218296734,9663,0.0866218296734,0.449234259784,0.464143910542,86387
2025-09-01,30s,6,qi_1_decile,0.0685827391425,9850,0.0685827391425,0.466987684045,0.464429576813,86392
2025-09-01,30s,7,qi_1_decile,0.0711978231923,10905,0.0711978231923,0.495050078157,0.433752098651,86365
2025-09-01,30s,8,qi_1_decile,0.0501221220294,11946,0.0501221220294,0.531155586938,0.418722291032,86389
2025-09-01,30s,9,qi_1_decile,0.0313559812489,13324,0.0313559812489,0.57136408357,0.397279935181,86395
2025-09-01,30s,10,qi_1_decile,0.024827538312,19145,0.024827538312,0.608893930275,0.366278531413,86396
2025-10-01,100ms,,daily,0.968726200314,26960,0.968726200314,0.0149204497316,0.016353349954,863982
2025-10-01,100ms,1,qi_1_decile,0.884951040533,9929,0.884951040533,0.00052084538994,0.114528114077,86398
2025-10-01,100ms,2,qi_1_decile,0.976770295609,2005,0.976770295609,0.000416676311952,0.0228130280794,86398
2025-10-01,100ms,3,qi_1_decile,0.986921144921,1131,0.986921144921,0.000752323522263,0.0123265315571,86399
2025-10-01,100ms,4,qi_1_decile,0.993205861247,588,0.993205861247,0.00101854209588,0.00577559665733,86398
2025-10-01,100ms,5,qi_1_decile,0.995486006621,391,0.995486006621,0.00151623880182,0.00299775457765,86398
2025-10-01,100ms,6,qi_1_decile,0.995902730356,355,0.995902730356,0.00207178323823,0.00202548640609,86399
2025-10-01,100ms,7,qi_1_decile,0.994316998079,492,0.994316998079,0.00457186508947,0.00111113683187,86398
2025-10-01,100ms,8,qi_1_decile,0.989571517859,901,0.989571517859,0.00961827820088,0.000810203939906,86398
2025-10-01,100ms,9,qi_1_decile,0.977707817311,1927,0.977707817311,0.0218060603255,0.000486122363944,86398
2025-10-01,100ms,10,qi_1_decile,0.892428065464,9275,0.892428065464,0.106912197042,0.000659737493923,86398
2025-10-01,500ms,,daily,0.903048008389,38961,0.903048008389,0.0466310328783,0.0503209587326,863974
2025-10-01,500ms,1,qi_1_decile,0.756360395398,12231,0.756360395398,0.00284741995972,0.240792184642,86394
2025-10-01,500ms,2,qi_1_decile,0.89755549897,4709,0.89755549897,0.00380795851756,0.0986365425126,86398
2025-10-01,500ms,3,qi_1_decile,0.927915832359,3496,0.927915832359,0.00697924744499,0.0651049201958,86399
2025-10-01,500ms,4,qi_1_decile,0.953181786615,2415,0.953181786615,0.0100581031968,0.0367601101877,86398
2025-10-01,500ms,5,qi_1_decile,0.964605662168,1862,0.964605662168,0.0135998518484,0.0217944859835,86398
2025-10-01,500ms,6,qi_1_decile,0.966770448732,1762,0.966770448732,0.0178937256218,0.0153358256461,86399
2025-10-01,500ms,7,qi_1_decile,0.958992106299,2115,0.958992106299,0.0304289451145,0.0105789485868,86398
2025-10-01,500ms,8,qi_1_decile,0.941396393268,2885,0.941396393268,0.0525962451096,0.00600736162233,86394
2025-10-01,500ms,9,qi_1_decile,0.903122757471,4517,0.903122757471,0.0924211208593,0.00445612166948,86398
2025-10-01,500ms,10,qi_1_decile,0.760573161416,11486,0.760573161416,0.235676751777,0.00375008680756,86398
2025-10-01,1s,,daily,0.840086854968,41820,0.840086854968,0.0771381843562,0.0827749606757,863969
2025-10-01,1s,1,qi_1_decile,0.665069333519,12567,0.665069333519,0.00820658842049,0.326724078061,86394
2025-10-01,1s,2,qi_1_decile,0.821859302299,5618,0.821859302299,0.0105557999028,0.167584897799,86398
2025-10-01,1s,3,qi_1_decile,0.866341045614,4436,0.866341045614,0.0180904871584,0.115568467228,86399
2025-10-01,1s,4,qi_1_decile,0.903458413389,3429,0.903458413389,0.0237505497812,0.0727910368296,86398
2025-10-01,1s,5,qi_1_decile,0.923250538207,2815,0.923250538207,0.0298502280145,0.0468992337786,86398
2025-10-01,1s,6,qi_1_decile,0.92761490295,2690,0.92761490295,0.0389240616211,0.0334610354287,86399
2025-10-01,1s,7,qi_1_decile,0.912602143568,3175,0.912602143568,0.0617491145628,0.025648741869,86398
2025-10-01,1s,8,qi_1_decile,0.886420724861,3938,0.886420724861,0.0972114505319,0.0163678246073,86389
2025-10-01,1s,9,qi_1_decile,0.828445102896,5586,0.828445102896,0.1589041413,0.0126507558045,86398
2025-10-01,1s,10,qi_1_decile,0.665802449131,11746,0.665802449131,0.324139447672,0.0100581031968,86398
2025-10-01,5s,,daily,0.556691579979,47716,0.556691579979,0.217120851366,0.226187568654,863929
2025-10-01,5s,1,qi_1_decile,0.367027802857,13540,0.367027802857,0.0673310646573,0.565641132486,86394
2025-10-01,5s,2,qi_1_decile,0.504791777587,7585,0.504791777587,0.0856732794741,0.409534942938,86398
2025-10-01,5s,3,qi_1_decile,0.56840935659,6893,0.56840935659,0.105985022975,0.325605620435,86399
2025-10-01,5s,4,qi_1_decile,0.633371142851,6055,0.633371142851,0.118451816014,0.248177041135,86398
2025-10-01,5s,5,qi_1_decile,0.668221486608,5440,0.668221486608,0.145396884187,0.186381629204,86398
2025-10-01,5s,6,qi_1_decile,0.678213868216,5335,0.678213868216,0.175951110545,0.145835021239,86399
2025-10-01,5s,7,qi_1_decile,0.654085211292,5909,0.654085211292,0.216095466278,0.12981932243,86397
2025-10-01,5s,8,qi_1_decile,0.603503166279,6519,0.603503166279,0.29672721379,0.0997696199308,86379
2025-10-01,5s,9,qi_1_decile,0.517317219984,7645,0.517317219984,0.399893503727,0.0827892762884,86388
2025-10-01,5s,10,qi_1_decile,0.371930677595,12777,0.371930677595,0.55981199134,0.0682573310643,86379
2025-10-01,30s,,daily,0.144706540277,51243,0.144706540277,0.435764908027,0.419528551696,863679
2025-10-01,30s,1,qi_1_decile,0.0854106123583,14097,0.0854106123583,0.274443968462,0.64014541918,86371
2025-10-01,30s,2,qi_1_decile,0.123785705188,8692,0.123785705188,0.328134588442,0.548079706369,86367
2025-10-01,30s,3,qi_1_decile,0.140069218571,8472,0.140069218571,0.348639357355,0.511291424074,86393
2025-10-01,30s,4,qi_1_decile,0.171151352353,8058,0.171151352353,0.369187662097,0.45966098555,86368
2025-10-01,30s,5,qi_1_decile,0.178840609913,7477,0.178840609913,0.395459229157,0.42570016093,86373
2025-10-01,30s,6,qi_1_decile,0.181146838901,7346,0.181146838901,0.433826423131,0.385026737968,86394
2025-10-01,30s,7,qi_1_decile,0.178965401489,7830,0.178965401489,0.474702225926,0.346332372585,86391
2025-10-01,30s,8,qi_1_decile,0.169868343349,8388,0.169868343349,0.508632368778,0.321499287873,86361
2025-10-01,30s,9,qi_1_decile,0.130386446017,9029,0.130386446017,0.578615186854,0.29099836713,86351
2025-10-01,30s,10,qi_1_decile,0.0873826903024,13756,0.0873826903024,0.646205538176,0.266411771521,86310
2025-11-01,100ms,,daily,0.985491713436,12451,0.985491713436,0.00669568709787,0.00781259946597,863989
2025-11-01,100ms,1,qi_1_decile,0.935404344958,5543,0.935404344958,0.000266206784801,0.0643294482575,86399
2025-11-01,100ms,2,qi_1_decile,0.991793886503,710,0.991793886503,0.000196761536592,0.00800935196009,86399
2025-11-01,100ms,3,qi_1_decile,0.996782370166,279,0.996782370166,0.000196761536592,0.00302086829709,86399
2025-11-01,100ms,4,qi_1_decile,0.998680525012,115,0.998680525012,0.000208338155976,0.00111113683187,86398
2025-11-01,100ms,5,qi_1_decile,0.999039340733,84,0.999039340733,0.000381948865149,0.000578710401741,86399
2025-11-01,100ms,6,qi_1_decile,0.998935172861,93,0.998935172861,0.000787046146367,0.000277780992836,86399
2025-11-01,100ms,7,qi_1_decile,0.9987036887,113,0.9987036887,0.0010301045151,0.000266206784801,86399
2025-11-01,100ms,8,qi_1_decile,0.997141170615,248,0.997141170615,0.00267364205604,0.000185187328557,86399
2025-11-01,100ms,9,qi_1_decile,0.993726779245,543,0.993726779245,0.00609960763435,0.000173613120522,86399
2025-11-01,100ms,10,qi_1_decile,0.944710008218,4753,0.944710008218,0.0551163786618,0.000173613120522,86399
2025-11-01,500ms,,daily,0.951016510703,17455,0.951016510703,0.0227828029422,0.0262006863545,863985
2025-11-01,500ms,1,qi_1_decile,0.814870542483,7076,0.814870542483,0.000879639810646,0.184249817706,86399
2025-11-01,500ms,2,qi_1_decile,0.959513420294,1662,0.959513420294,0.001331033924,0.0391555457818,86399
2025-11-01,500ms,3,qi_1_decile,0.98138867348,818,0.98138867348,0.00157409229273,0.0170372342272,86399
2025-11-01,500ms,4,qi_1_decile,0.989316387712,490,0.989316387712,0.00261592240202,0.00806768988587,86394
2025-11-01,500ms,5,qi_1_decile,0.992071667496,411,0.992071667496,0.00344911399437,0.00447921850947,86399
2025-11-01,500ms,6,qi_1_decile,0.992280003241,366,0.992280003241,0.00516209678353,0.00255789997569,86399
2025-11-01,500ms,7,qi_1_decile,0.989803122721,499,0.989803122721,0.00767369992708,0.00252317735159,86399
2025-11-01,500ms,8,qi_1_decile,0.982522945867,736,0.982522945867,0.0159839812961,0.00149307283649,86399
2025-11-01,500ms,9,qi_1_decile,0.965578305304,1491,0.965578305304,0.0329633444832,0.00145835021239,86399
2025-11-01,500ms,10,qi_1_decile,0.842822254887,5963,0.842822254887,0.15619393743,0.000983807682959,86399
2025-11-01,1s,,daily,0.916829093266,18859,0.916829093266,0.0392717424014,0.0438991643325,863980
2025-11-01,1s,1,qi_1_decile,0.719904165557,7382,0.719904165557,0.00212965427841,0.277966180164,86399
2025-11-01,1s,2,qi_1_decile,0.922151876758,2097,0.922151876758,0.00327550087385,0.0745726223683,86399
2025-11-01,1s,3,qi_1_decile,0.960207872776,1172,0.960207872776,0.00401625018808,0.0357758770356,86399
2025-11-01,1s,4,qi_1_decile,0.976721573348,694,0.976721573348,0.00620449362766,0.0170739330239,86389
2025-11-01,1s,5,qi_1_decile,0.981481267144,607,0.981481267144,0.00837972661721,0.0101390062385,86399
2025-11-01,1s,6,qi_1_decile,0.981689602889,577,0.981689602889,0.0115279112027,0.0067824859084,86399
2025-11-01,1s,7,qi_1_decile,0.976261299321,755,0.976261299321,0.017303441012,0.00643525966736,86399
2025-11-01,1s,8,qi_1_decile,0.96271947592,1004,0.96271947592,0.0334147385965,0.00386578548363,86399
2025-11-01,1s,9,qi_1_decile,0.930114931886,1861,0.930114931886,0.0659729857984,0.00391208231577,86399
2025-11-01,1s,10,qi_1_decile,0.757045799141,6226,0.757045799141,0.240488894547,0.00246530631142,86399
2025-11-01,5s,,daily,0.738151954997,21611,0.738151954997,0.127847998704,0.1340000463,863940
2025-11-01,5s,1,qi_1_decile,0.412516348569,7589,0.412516348569,0.0203706061413,0.56711304529,86399
2025-11-01,5s,2,qi_1_decile,0.701952568895,3128,0.701952568895,0.0282989386451,0.269748492459,86399
2025-11-01,5s,3,qi_1_decile,0.802451417262,2242,0.802451417262,0.0310651743654,0.166483408373,86399
2025-11-01,5s,4,qi_1_decile,0.861399668786,1646,0.861399668786,0.039849911406,0.098750419808,86349
2025-11-01,5s,5,qi_1_decile,0.88102871561,1443,0.88102871561,0.0542483130592,0.0647229713307,86399
2025-11-01,5s,6,qi_1_decile,0.880600469913,1333,0.880600469913,0.0715633282793,0.0478362018079,86399
2025-11-01,5s,7,qi_1_decile,0.857556221716,1601,0.857556221716,0.0975589995255,0.044884778759,86399
2025-11-01,5s,8,qi_1_decile,0.801097234922,2002,0.801097234922,0.16343939166,0.0354633734187,86399
2025-11-01,5s,9,qi_1_decile,0.722253729789,2785,0.722253729789,0.251472817972,0.026273452239,86399
2025-11-01,5s,10,qi_1_decile,0.460734499242,6401,0.460734499242,0.520561580574,0.0187039201843,86399
2025-11-01,30s,,daily,0.32099248573,23717,0.32099248573,0.340095404601,0.338912109669,863690
2025-11-01,30s,1,qi_1_decile,0.11251562717,7685,0.11251562717,0.170868639163,0.716615733667,86388
2025-11-01,30s,2,qi_1_decile,0.254147612156,3760,0.254147612156,0.210639652677,0.535212735166,86375
2025-11-01,30s,3,qi_1_decile,0.343693886771,3400,0.343693886771,0.224348652124,0.431957461104,86321
2025-11-01,30s,4,qi_1_decile,0.402078596947,2938,0.402078596947,0.248155709182,0.349765693871,86212
2025-11-01,30s,5,qi_1_decile,0.435016608989,2651,0.435016608989,0.27663514624,0.288348244771,86399
2025-11-01,30s,6,qi_1_decile,0.473547147536,2567,0.473547147536,0.297283533374,0.229169319089,86399
2025-11-01,30s,7,qi_1_decile,0.399333325617,2956,0.399333325617,0.347504022037,0.253162652346,86399
2025-11-01,30s,8,qi_1_decile,0.354957812012,2990,0.354957812012,0.418905311404,0.226136876584,86399
2025-11-01,30s,9,qi_1_decile,0.287688514913,3622,0.287688514913,0.523165777382,0.189145707705,86399
2025-11-01,30s,10,qi_1_decile,0.147096609914,6651,0.147096609914,0.683086609799,0.169816780287,86399
2025-12-01,100ms,,daily,0.918188867927,70318,0.918188867927,0.040279401382,0.0415317306913,863990
2025-12-01,100ms,1,qi_1_decile,0.725563953286,23614,0.725563953286,0.00187502170164,0.272561025012,86399
2025-12-01,100ms,2,qi_1_decile,0.935751571199,5549,0.935751571199,0.00186344749361,0.0623849813077,86399
2025-12-01,100ms,3,qi_1_decile,0.964096806676,3102,0.964096806676,0.00299771988102,0.032905473443,86399
2025-12-01,100ms,4,qi_1_decile,0.978113172606,1891,0.978113172606,0.00451394113358,0.0173728862603,86399
2025-12-01,100ms,5,qi_1_decile,0.982441926411,1518,0.982441926411,0.0070486926932,0.0105093808956,86399
2025-12-01,100ms,6,qi_1_decile,0.98280072686,1487,0.98280072686,0.00993067049387,0.00726860264586,86399
2025-12-01,100ms,7,qi_1_decile,0.978425676223,1865,0.978425676223,0.0163659301612,0.00520839361567,86399
2025-12-01,100ms,8,qi_1_decile,0.965832937881,2953,0.965832937881,0.030926283869,0.00324077824975,86399
2025-12-01,100ms,9,qi_1_decile,0.938344193799,5323,0.938344193799,0.0594567066748,0.00219909952661,86399
2025-12-01,100ms,10,qi_1_decile,0.730517714325,23186,0.730517714325,0.267815599718,0.00166668595701,86399
2025-12-01,500ms,,daily,0.755242561801,102198,0.755242561801,0.120168613843,0.124588824356,863986
2025-12-01,500ms,1,qi_1_decile,0.472591323672,29122,0.472591323672,0.0195032177416,0.507905458586,86396
2025-12-01,500ms,2,qi_1_decile,0.757853191046,12868,0.757853191046,0.0227551563694,0.219391652585,86398
2025-12-01,500ms,3,qi_1_decile,0.818203914397,10202,0.818203914397,0.0338429842938,0.147953101309,86399
2025-12-01,500ms,4,qi_1_decile,0.850021412285,8555,0.850021412285,0.0470144330374,0.102964154678,86399
2025-12-01,500ms,5,qi_1_decile,0.86766050533,7634,0.86766050533,0.0581372469589,0.0742022477112,86399
2025-12-01,500ms,6,qi_1_decile,0.869570249656,7622,0.869570249656,0.0702901653954,0.0601395849489,86399
2025-12-01,500ms,7,qi_1_decile,0.852174214979,8453,0.852174214979,0.0976747416058,0.0501510434149,86399
2025-12-01,500ms,8,qi_1_decile,0.821282653734,10034,0.821282653734,0.140684498663,0.0380328476024,86399
2025-12-01,500ms,9,qi_1_decile,0.762960219447,12697,0.762960219447,0.211229296635,0.0258104839176,86399
2025-12-01,500ms,10,qi_1_decile,0.480098149284,28392,0.480098149284,0.500549774882,0.0193520758342,86399
2025-12-01,1s,,daily,0.62424289423,111183,0.62424289423,0.185259861039,0.190497244731,863981
2025-12-01,1s,1,qi_1_decile,0.344032502633,30425,0.344032502633,0.0489507251745,0.607016772192,86393
2025-12-01,1s,2,qi_1_decile,0.620901188699,15541,0.620901188699,0.0552102503559,0.323888560945,86397
2025-12-01,1s,3,qi_1_decile,0.68577976342,13646,0.68577976342,0.0742841269474,0.239936109632,86398
2025-12-01,1s,4,qi_1_decile,0.722936608063,11995,0.722936608063,0.0979872452227,0.179076146715,86399
2025-12-01,1s,5,qi_1_decile,0.747184573896,10995,0.747184573896,0.113010567252,0.139804858853,86399
2025-12-01,1s,6,qi_1_decile,0.747531800137,11103,0.747531800137,0.133172837649,0.119295362215,86399
2025-12-01,1s,7,qi_1_decile,0.719915739766,12125,0.719915739766,0.177606222294,0.10247803794,86399
2025-12-01,1s,8,qi_1_decile,0.683989398025,13438,0.683989398025,0.23340547923,0.0826051227445,86399
2025-12-01,1s,9,qi_1_decile,0.619856711305,15564,0.619856711305,0.319887961666,0.0602553270292,86399
2025-12-01,1s,10,qi_1_decile,0.350281831966,29527,0.350281831966,0.599069433674,0.0506487343604,86399
2025-12-01,5s,,daily,0.223148339991,125888,0.223148339991,0.388178127905,0.388673532105,863941
2025-12-01,5s,1,qi_1_decile,0.0943083782062,32850,0.0943083782062,0.212344392334,0.69334722946,86355
2025-12-01,5s,2,qi_1_decile,0.211708739887,20410,0.211708739887,0.238457353843,0.54983390627,86397
2025-12-01,5s,3,qi_1_decile,0.249710634752,19551,0.249710634752,0.271910736608,0.47837862864,86396
2025-12-01,5s,4,qi_1_decile,0.264702137756,18696,0.264702137756,0.311566106089,0.423731756155,86399
2025-12-01,5s,5,qi_1_decile,0.300038194887,17850,0.300038194887,0.340837278209,0.359124526904,86399
2025-12-01,5s,6,qi_1_decile,0.300559034248,17904,0.300559034248,0.37240014352,0.327040822232,86399
2025-12-01,5s,7,qi_1_decile,0.276681443072,18814,0.276681443072,0.413210801051,0.310107755877,86399
2025-12-01,5s,8,qi_1_decile,0.238150904524,19930,0.238150904524,0.481822706281,0.280026389194,86399
2025-12-01,5s,9,qi_1_decile,0.205419044202,20571,0.205419044202,0.555180036806,0.239400918992,86399
2025-12-01,5s,10,qi_1_decile,0.0901399321751,32347,0.0901399321751,0.683954675401,0.225905392424,86399
2025-12-01,30s,,daily,0.0124685796193,130521,0.0124685796193,0.483072070914,0.504459349466,863691
2025-12-01,30s,1,qi_1_decile,0.00615095913261,33737,0.00615095913261,0.388089611713,0.605759429154,86328
2025-12-01,30s,2,qi_1_decile,0.0126079607289,22003,0.0126079607289,0.411964248501,0.57542779077,86374
2025-12-01,30s,3,qi_1_decile,0.0125467752586,21563,0.0125467752586,0.420554467834,0.566898756908,86317
2025-12-01,30s,4,qi_1_decile,0.0156608363257,20618,0.0156608363257,0.443530638249,0.540808525426,86330
2025-12-01,30s,5,qi_1_decile,0.0186728716631,19581,0.0186728716631,0.465664142993,0.515662985344,86382
2025-12-01,30s,6,qi_1_decile,0.0173172199843,19829,0.0173172199843,0.502870769088,0.479812010927,86388
2025-12-01,30s,7,qi_1_decile,0.015475074366,20514,0.015475074366,0.506927323865,0.477597601769,86397
2025-12-01,30s,8,qi_1_decile,0.0120610227562,21912,0.0120610227562,0.537710952149,0.450228025094,86394
2025-12-01,30s,9,qi_1_decile,0.0100466451381,22257,0.0100466451381,0.563503362385,0.426449992477,86397
2025-12-01,30s,10,qi_1_decile,0.00414428597888,33249,0.00414428597888,0.589738840526,0.406116873495,86384
