date,feature,horizon,bucket,mean_future_return,mean_future_move_bps,median_future_move_bps,observation_count,row_type,top_minus_bottom_move_bps,monotonicity_spearman,median,std,t_stat,positive_days,positive_pct,valid_days
2024-01-01,di_10,100ms,1,-3.78399803825e-06,-0.0378386042919,0,86399,daily_bucket,,,,,,,,
2024-01-01,di_10,100ms,2,-8.4846788852e-07,-0.00848424877004,0,86399,daily_bucket,,,,,,,,
2024-01-01,di_10,100ms,3,-4.03300989925e-07,-0.00403276039384,0,86398,daily_bucket,,,,,,,,
2024-01-01,di_10,100ms,4,-1.7457988583e-07,-0.00174562991668,0,86399,daily_bucket,,,,,,,,
2024-01-01,di_10,100ms,5,-4.53537520495e-08,-0.000453374687509,0,86398,daily_bucket,,,,,,,,
2024-01-01,di_10,100ms,6,1.4254982856e-07,0.00142574077053,0,86399,daily_bucket,,,,,,,,
2024-01-01,di_10,100ms,7,2.97115353562e-07,0.00297139292259,0,86398,daily_bucket,,,,,,,,
2024-01-01,di_10,100ms,8,4.22120039457e-07,0.00422144544835,0,86398,daily_bucket,,,,,,,,
2024-01-01,di_10,100ms,9,9.31439640463e-07,0.00931481831463,0,86399,daily_bucket,,,,,,,,
2024-01-01,di_10,100ms,10,3.9702036833e-06,0.0397035165984,0,86398,daily_bucket,,,,,,,,
2024-01-01,di_10,100ms,,,,,863985,daily_monotonicity,,1,,,,,,
2024-01-01,di_10,100ms,,,,,863985,daily_top_bottom,0.0775421208904,,,,,,,
2024-01-01,di_5,100ms,1,-3.84787749809e-06,-0.03847740923,0,86399,daily_bucket,,,,,,,,
2024-01-01,di_5,100ms,2,-7.90382921444e-07,-0.00790341573145,0,86399,daily_bucket,,,,,,,,
2024-01-01,di_5,100ms,3,-3.97684763775e-07,-0.0039765703568,0,86398,daily_bucket,,,,,,,,
2024-01-01,di_5,100ms,4,-1.55663716575e-07,-0.00155647904728,0,86399,daily_bucket,,,,,,,,
2024-01-01,di_5,100ms,5,-5.03579065386e-08,-0.000503395666105,0,86398,daily_bucket,,,,,,,,
2024-01-01,di_5,100ms,6,1.64529638707e-07,0.0016455313902,0,86399,daily_bucket,,,,,,,,
2024-01-01,di_5,100ms,7,2.33865388159e-07,0.00233885062259,0,86398,daily_bucket,,,,,,,,
2024-01-01,di_5,100ms,8,4.12815663233e-07,0.00412842035018,0,86398,daily_bucket,,,,,,,,
2024-01-01,di_5,100ms,9,8.5044893657e-07,0.00850490234174,0,86399,daily_bucket,,,,,,,,
2024-01-01,di_5,100ms,10,4.08803570166e-06,0.0408818666334,0,86398,daily_bucket,,,,,,,,
2024-01-01,di_5,100ms,,,,,863985,daily_monotonicity,,1,,,,,,
2024-01-01,di_5,100ms,,,,,863985,daily_top_bottom,0.0793592758634,,,,,,,
2024-01-01,microprice_deviation_bps,100ms,1,-3.84823922164e-06,-0.0384809629848,0,86399,daily_bucket,,,,,,,,
2024-01-01,microprice_deviation_bps,100ms,2,-7.51292409779e-07,-0.00751248813279,0,86399,daily_bucket,,,,,,,,
2024-01-01,microprice_deviation_bps,100ms,3,-3.17470567906e-07,-0.00317449350597,0,86398,daily_bucket,,,,,,,,
2024-01-01,microprice_deviation_bps,100ms,4,-1.35470472351e-07,-0.00135454177681,0,86399,daily_bucket,,,,,,,,
2024-01-01,microprice_deviation_bps,100ms,5,-4.88382425141e-08,-0.000488195671685,0,86398,daily_bucket,,,,,,,,
2024-01-01,microprice_deviation_bps,100ms,6,1.09482057839e-07,0.00109500804894,0,86399,daily_bucket,,,,,,,,
2024-01-01,microprice_deviation_bps,100ms,7,1.87861592432e-07,0.00187877827602,0,86398,daily_bucket,,,,,,,,
2024-01-01,microprice_deviation_bps,100ms,8,3.59788747755e-07,0.00359814641033,0,86398,daily_bucket,,,,,,,,
2024-01-01,microprice_deviation_bps,100ms,9,7.36625285748e-07,0.00736662382675,0,86399,daily_bucket,,,,,,,,
2024-01-01,microprice_deviation_bps,100ms,10,4.21528302492e-06,0.0421544395424,0,86398,daily_bucket,,,,,,,,
2024-01-01,microprice_deviation_bps,100ms,,,,,863985,daily_monotonicity,,1,,,,,,
2024-01-01,microprice_deviation_bps,100ms,,,,,863985,daily_top_bottom,0.0806354025272,,,,,,,
2024-01-01,ofi_100ms,100ms,1,-3.14260843839e-06,-0.0314248029823,0,86399,daily_bucket,,,,,,,,
2024-01-01,ofi_100ms,100ms,2,-3.91785937355e-07,-0.00391742236336,0,86399,daily_bucket,,,,,,,,
2024-01-01,ofi_100ms,100ms,3,-4.35928060708e-08,-0.00043564362804,0,86398,daily_bucket,,,,,,,,
2024-01-01,ofi_100ms,100ms,4,-2.62741701418e-08,-0.000262542171349,0,86399,daily_bucket,,,,,,,,
2024-01-01,ofi_100ms,100ms,5,4.12606022473e-08,0.0004127159687,0,86398,daily_bucket,,,,,,,,
2024-01-01,ofi_100ms,100ms,6,-2.59216779442e-08,-0.000259045061672,0,86399,daily_bucket,,,,,,,,
2024-01-01,ofi_100ms,100ms,7,5.9217900485e-08,0.000592633325039,0,86399,daily_bucket,,,,,,,,
2024-01-01,ofi_100ms,100ms,8,1.43773946273e-07,0.00143797577246,0,86398,daily_bucket,,,,,,,,
2024-01-01,ofi_100ms,100ms,9,5.16738640304e-07,0.00516782261435,0,86399,daily_bucket,,,,,,,,
2024-01-01,ofi_100ms,100ms,10,3.37695065577e-06,0.0337709117772,0,86397,daily_bucket,,,,,,,,
2024-01-01,ofi_100ms,100ms,,,,,863985,daily_monotonicity,,0.987878787879,,,,,,
2024-01-01,ofi_100ms,100ms,,,,,863985,daily_top_bottom,0.0651957147594,,,,,,,
2024-01-01,qi_1,100ms,1,-3.82825289e-06,-0.0382811913714,0,86399,daily_bucket,,,,,,,,
2024-01-01,qi_1,100ms,2,-7.52486538855e-07,-0.00752441970011,0,86399,daily_bucket,,,,,,,,
2024-01-01,qi_1,100ms,3,-3.49323928663e-07,-0.00349298248053,0,86398,daily_bucket,,,,,,,,
2024-01-01,qi_1,100ms,4,-1.25630665976e-07,-0.00125613247806,0,86399,daily_bucket,,,,,,,,
2024-01-01,qi_1,100ms,5,-4.43413602103e-08,-0.000443195856687,0,86398,daily_bucket,,,,,,,,
2024-01-01,qi_1,100ms,6,1.11418473081e-07,0.00111439639252,0,86399,daily_bucket,,,,,,,,
2024-01-01,qi_1,100ms,7,2.19563637791e-07,0.00219582838894,0,86398,daily_bucket,,,,,,,,
2024-01-01,qi_1,100ms,8,3.7613852941e-07,0.00376165611044,0,86398,daily_bucket,,,,,,,,
2024-01-01,qi_1,100ms,9,7.54339782571e-07,0.00754377560896,0,86399,daily_bucket,,,,,,,,
2024-01-01,qi_1,100ms,10,4.1463041965e-06,0.0414645738303,0,86398,daily_bucket,,,,,,,,
2024-01-01,qi_1,100ms,,,,,863985,daily_monotonicity,,1,,,,,,
2024-01-01,qi_1,100ms,,,,,863985,daily_top_bottom,0.0797457652017,,,,,,,
2024-01-01,trade_imbalance_100ms,100ms,1,-2.30559720452e-06,-0.0230551356548,0,28305,daily_bucket,,,,,,,,
2024-01-01,trade_imbalance_100ms,100ms,2,-1.3567015104e-06,-0.0135664867333,0,28305,daily_bucket,,,,,,,,
2024-01-01,trade_imbalance_100ms,100ms,3,-1.92970449061e-06,-0.0192961699514,0,28304,daily_bucket,,,,,,,,
2024-01-01,trade_imbalance_100ms,100ms,4,-2.92676294587e-06,-0.0292660287687,0,28305,daily_bucket,,,,,,,,
2024-01-01,trade_imbalance_100ms,100ms,5,-4.53048124768e-06,-0.0453023491343,0,28303,daily_bucket,,,,,,,,
2024-01-01,trade_imbalance_100ms,100ms,6,3.94084916354e-06,0.0394109725559,0,28305,daily_bucket,,,,,,,,
2024-01-01,trade_imbalance_100ms,100ms,7,2.66678728608e-06,0.0266689614243,0,28305,daily_bucket,,,,,,,,
2024-01-01,trade_imbalance_100ms,100ms,8,1.49591083169e-06,0.0149596106105,0,28304,daily_bucket,,,,,,,,
2024-01-01,trade_imbalance_100ms,100ms,9,2.43957059326e-06,0.0243967282174,0,28305,daily_bucket,,,,,,,,
2024-01-01,trade_imbalance_100ms,100ms,10,3.80046995897e-06,0.0380067331907,0,28304,daily_bucket,,,,,,,,
2024-01-01,trade_imbalance_100ms,100ms,,,,,283045,daily_monotonicity,,0.636363636364,,,,,,
2024-01-01,trade_imbalance_100ms,100ms,,,,,283045,daily_top_bottom,0.0610618688455,,,,,,,
2024-01-01,di_10,1s,1,-2.33983286256e-05,-0.233965731324,0,86399,daily_bucket,,,,,,,,
2024-01-01,di_10,1s,2,-1.00190180906e-05,-0.100180448957,0,86399,daily_bucket,,,,,,,,
2024-01-01,di_10,1s,3,-5.35782841833e-06,-0.0535721730431,0,86398,daily_bucket,,,,,,,,
2024-01-01,di_10,1s,4,-2.39350804479e-06,-0.0239299191238,0,86399,daily_bucket,,,,,,,,
2024-01-01,di_10,1s,5,-7.27642237406e-07,-0.00727132289326,0,86398,daily_bucket,,,,,,,,
2024-01-01,di_10,1s,6,1.93749177149e-06,0.0193805869476,0,86396,daily_bucket,,,,,,,,
2024-01-01,di_10,1s,7,3.91199326494e-06,0.0391255412896,0,86392,daily_bucket,,,,,,,,
2024-01-01,di_10,1s,8,6.0630199789e-06,0.0606371382339,0,86398,daily_bucket,,,,,,,,
2024-01-01,di_10,1s,9,1.10739580391e-05,0.110749576102,0,86399,daily_bucket,,,,,,,,
2024-01-01,di_10,1s,10,2.39873130294e-05,0.239890774069,0,86398,daily_bucket,,,,,,,,
2024-01-01,di_10,1s,,,,,863976,daily_monotonicity,,1,,,,,,
2024-01-01,di_10,1s,,,,,863976,daily_top_bottom,0.473856505393,,,,,,,
2024-01-01,di_5,1s,1,-2.36161090892e-05,-0.236143848926,0,86399,daily_bucket,,,,,,,,
2024-01-01,di_5,1s,2,-1.00570044745e-05,-0.100560462213,0,86399,daily_bucket,,,,,,,,
2024-01-01,di_5,1s,3,-5.27611841906e-06,-0.0527546768246,0,86398,daily_bucket,,,,,,,,
2024-01-01,di_5,1s,4,-2.40222442927e-06,-0.0240171550819,0,86399,daily_bucket,,,,,,,,
2024-01-01,di_5,1s,5,-8.00097324701e-07,-0.00799567014603,0,86398,daily_bucket,,,,,,,,
2024-01-01,di_5,1s,6,1.98084929226e-06,0.0198139087244,0,86396,daily_bucket,,,,,,,,
2024-01-01,di_5,1s,7,3.82978570907e-06,0.0383034469517,0,86392,daily_bucket,,,,,,,,
2024-01-01,di_5,1s,8,5.98910774513e-06,0.0598978145612,0,86398,daily_bucket,,,,,,,,
2024-01-01,di_5,1s,9,1.08493255112e-05,0.10850348525,0,86399,daily_bucket,,,,,,,,
2024-01-01,di_5,1s,10,2.4579937102e-05,0.245817188559,0,86398,daily_bucket,,,,,,,,
2024-01-01,di_5,1s,,,,,863976,daily_monotonicity,,1,,,,,,
2024-01-01,di_5,1s,,,,,863976,daily_top_bottom,0.481961037485,,,,,,,
2024-01-01,microprice_deviation_bps,1s,1,-2.30492410799e-05,-0.230474863091,0,86399,daily_bucket,,,,,,,,
2024-01-01,microprice_deviation_bps,1s,2,-1.05142829467e-05,-0.105133079196,0,86399,daily_bucket,,,,,,,,
2024-01-01,microprice_deviation_bps,1s,3,-5.07817536335e-06,-0.0507754030164,0,86398,daily_bucket,,,,,,,,
2024-01-01,microprice_deviation_bps,1s,4,-2.38815898708e-06,-0.0238766060102,0,86399,daily_bucket,,,,,,,,
2024-01-01,microprice_deviation_bps,1s,5,-8.93949941842e-07,-0.00893429686664,0,86398,daily_bucket,,,,,,,,
2024-01-01,microprice_deviation_bps,1s,6,2.03443803255e-06,0.0203495398668,0,86396,daily_bucket,,,,,,,,
2024-01-01,microprice_deviation_bps,1s,7,3.79651974281e-06,0.0379708134601,0,86392,daily_bucket,,,,,,,,
2024-01-01,microprice_deviation_bps,1s,8,5.85597299681e-06,0.058566093233,0,86398,daily_bucket,,,,,,,,
2024-01-01,microprice_deviation_bps,1s,9,1.03547278019e-05,0.103557186768,0,86399,daily_bucket,,,,,,,,
2024-01-01,microprice_deviation_bps,1s,10,2.49596045916e-05,0.249614677941,0,86398,daily_bucket,,,,,,,,
2024-01-01,microprice_deviation_bps,1s,,,,,863976,daily_monotonicity,,1,,,,,,
2024-01-01,microprice_deviation_bps,1s,,,,,863976,daily_top_bottom,0.480089541032,,,,,,,
2024-01-01,ofi_1s,1s,1,-1.94348717802e-05,-0.194330831993,0,86399,daily_bucket,,,,,,,,
2024-01-01,ofi_1s,1s,2,-6.36906224927e-06,-0.0636814357448,0,86396,daily_bucket,,,,,,,,
2024-01-01,ofi_1s,1s,3,-2.81057558259e-06,-0.0280995452537,0,86394,daily_bucket,,,,,,,,
2024-01-01,ofi_1s,1s,4,-1.36312479894e-06,-0.0136256023711,0,86396,daily_bucket,,,,,,,,
2024-01-01,ofi_1s,1s,5,-6.85666970228e-07,-0.0068529418134,0,86398,daily_bucket,,,,,,,,
2024-01-01,ofi_1s,1s,6,1.39118034657e-06,0.0139162014373,0,86399,daily_bucket,,,,,,,,
2024-01-01,ofi_1s,1s,7,2.06954336988e-06,0.0207012458946,0,86399,daily_bucket,,,,,,,,
2024-01-01,ofi_1s,1s,8,3.35978624517e-06,0.0336039637594,0,86398,daily_bucket,,,,,,,,
2024-01-01,ofi_1s,1s,9,7.72850583176e-06,0.077295357276,0,86399,daily_bucket,,,,,,,,
2024-01-01,ofi_1s,1s,10,2.11909197445e-05,0.211929445162,0,86398,daily_bucket,,,,,,,,
2024-01-01,ofi_1s,1s,,,,,863976,daily_monotonicity,,1,,,,,,
2024-01-01,ofi_1s,1s,,,,,863976,daily_top_bottom,0.406260277155,,,,,,,
2024-01-01,qi_1,1s,1,-2.33677776529e-05,-0.233660694197,0,86399,daily_bucket,,,,,,,,
2024-01-01,qi_1,1s,2,-1.02671919801e-05,-0.10266219319,0,86399,daily_bucket,,,,,,,,
2024-01-01,qi_1,1s,3,-5.14749052699e-06,-0.0514684034077,0,86398,daily_bucket,,,,,,,,
2024-01-01,qi_1,1s,4,-2.27008957688e-06,-0.0226957829222,0,86399,daily_bucket,,,,,,,,
2024-01-01,qi_1,1s,5,-8.70970638487e-07,-0.00870427748975,0,86398,daily_bucket,,,,,,,,
2024-01-01,qi_1,1s,6,2.03186146898e-06,0.0203238434469,0,86396,daily_bucket,,,,,,,,
2024-01-01,qi_1,1s,7,3.93358715278e-06,0.039341686456,0,86397,daily_bucket,,,,,,,,
2024-01-01,qi_1,1s,8,5.89253790383e-06,0.0589318932633,0,86393,daily_bucket,,,,,,,,
2024-01-01,qi_1,1s,9,1.01337516644e-05,0.101347394586,0,86399,daily_bucket,,,,,,,,
2024-01-01,qi_1,1s,10,2.50093618771e-05,0.250111845054,0,86398,daily_bucket,,,,,,,,
2024-01-01,qi_1,1s,,,,,863976,daily_monotonicity,,1,,,,,,
2024-01-01,qi_1,1s,,,,,863976,daily_top_bottom,0.483772539251,,,,,,,
2024-01-01,trade_imbalance_1s,1s,1,-2.8535423967e-06,-0.0285310809736,0,81927,daily_bucket,,,,,,,,
2024-01-01,trade_imbalance_1s,1s,2,-6.41524040822e-06,-0.064143975255,0,81926,daily_bucket,,,,,,,,
2024-01-01,trade_imbalance_1s,1s,3,-8.01857634436e-06,-0.0801738343455,0,81926,daily_bucket,,,,,,,,
2024-01-01,trade_imbalance_1s,1s,4,-3.56672805061e-06,-0.0356571996375,0,81927,daily_bucket,,,,,,,,
2024-01-01,trade_imbalance_1s,1s,5,-9.78887194559e-07,-0.00977896314496,0,81926,daily_bucket,,,,,,,,
2024-01-01,trade_imbalance_1s,1s,6,2.11945230122e-06,0.0212042543545,0,81926,daily_bucket,,,,,,,,
2024-01-01,trade_imbalance_1s,1s,7,4.64683374181e-06,0.0464788001845,0,81927,daily_bucket,,,,,,,,
2024-01-01,trade_imbalance_1s,1s,8,7.26090418777e-06,0.0726195908087,0,81920,daily_bucket,,,,,,,,
2024-01-01,trade_imbalance_1s,1s,9,9.9412731543e-06,0.0994245141325,0,81922,daily_bucket,,,,,,,,
2024-01-01,trade_imbalance_1s,1s,10,3.34457070908e-06,0.0334510132984,0,81926,daily_bucket,,,,,,,,
2024-01-01,trade_imbalance_1s,1s,,,,,819253,daily_monotonicity,,0.842424242424,,,,,,
2024-01-01,trade_imbalance_1s,1s,,,,,819253,daily_top_bottom,0.061982094272,,,,,,,
2024-01-01,di_10,30s,1,-7.64113817612e-05,-0.763488818877,-0.873487616532,86382,daily_bucket,,,,,,,,
2024-01-01,di_10,30s,2,-5.03107912695e-05,-0.502610689997,-0.507529689618,86385,daily_bucket,,,,,,,,
2024-01-01,di_10,30s,3,-3.52445773937e-05,-0.351969673797,-0.00941828326594,86383,daily_bucket,,,,,,,,
2024-01-01,di_10,30s,4,-1.43428716317e-05,-0.143039275602,0,86398,daily_bucket,,,,,,,,
2024-01-01,di_10,30s,5,-9.47752044799e-06,-0.094369654269,0,86396,daily_bucket,,,,,,,,
2024-01-01,di_10,30s,6,2.04437282119e-05,0.204863026349,0,86363,daily_bucket,,,,,,,,
2024-01-01,di_10,30s,7,4.47274373759e-05,0.447673124525,0,86345,daily_bucket,,,,,,,,
2024-01-01,di_10,30s,8,6.35287456878e-05,0.635723702754,0.065591612332,86362,daily_bucket,,,,,,,,
2024-01-01,di_10,30s,9,9.04639125987e-05,0.905142544755,0.505772763884,86321,daily_bucket,,,,,,,,
2024-01-01,di_10,30s,10,0.000119881892898,1.19941791437,0.913753501404,86351,daily_bucket,,,,,,,,
2024-01-01,di_10,30s,,,,,863686,daily_monotonicity,,1,,,,,,
2024-01-01,di_10,30s,,,,,863686,daily_top_bottom,1.96290673324,,,,,,,
2024-01-01,di_5,30s,1,-7.95042146107e-05,-0.794420977122,-0.890591846327,86385,daily_bucket,,,,,,,,
2024-01-01,di_5,30s,2,-4.70031329116e-05,-0.46951370826,-0.490114242567,86381,daily_bucket,,,,,,,,
2024-01-01,di_5,30s,3,-3.91893906219e-05,-0.391435802511,-0.0115848020835,86383,daily_bucket,,,,,,,,
2024-01-01,di_5,30s,4,-1.40839355633e-05,-0.14045112837,0,86399,daily_bucket,,,,,,,,
2024-01-01,di_5,30s,5,-8.16497000059e-06,-0.0812393426359,0,86397,daily_bucket,,,,,,,,
2024-01-01,di_5,30s,6,2.08324511702e-05,0.208740704211,0,86367,daily_bucket,,,,,,,,
2024-01-01,di_5,30s,7,4.39657465949e-05,0.440053804567,0,86333,daily_bucket,,,,,,,,
2024-01-01,di_5,30s,8,6.36209940032e-05,0.636640999496,0.0712152620279,86364,daily_bucket,,,,,,,,
2024-01-01,di_5,30s,9,9.21308965323e-05,0.921830743411,0.520650859447,86326,daily_bucket,,,,,,,,
2024-01-01,di_5,30s,10,0.000120654214079,1.20713774658,0.923925215838,86351,daily_bucket,,,,,,,,
2024-01-01,di_5,30s,,,,,863686,daily_monotonicity,,1,,,,,,
2024-01-01,di_5,30s,,,,,863686,daily_top_bottom,2.0015587237,,,,,,,
2024-01-01,microprice_deviation_bps,30s,1,-7.76259147941e-05,-0.775689367832,-0.848304233945,86394,daily_bucket,,,,,,,,
2024-01-01,microprice_deviation_bps,30s,2,-4.86966732576e-05,-0.486410515563,-0.471986264965,86378,daily_bucket,,,,,,,,
2024-01-01,microprice_deviation_bps,30s,3,-4.19936673146e-05,-0.419495180463,-0.104022982459,86379,daily_bucket,,,,,,,,
2024-01-01,microprice_deviation_bps,30s,4,-1.4487902197e-05,-0.144480035766,0,86397,daily_bucket,,,,,,,,
2024-01-01,microprice_deviation_bps,30s,5,-5.17881177885e-06,-0.0513481934415,0,86396,daily_bucket,,,,,,,,
2024-01-01,microprice_deviation_bps,30s,6,2.40405405253e-05,0.240810776684,0,86355,daily_bucket,,,,,,,,
2024-01-01,microprice_deviation_bps,30s,7,4.67846035314e-05,0.468243128977,0,86359,daily_bucket,,,,,,,,
2024-01-01,microprice_deviation_bps,30s,8,5.94789239067e-05,0.595223901101,0.00702852562267,86363,daily_bucket,,,,,,,,
2024-01-01,microprice_deviation_bps,30s,9,8.59532450604e-05,0.860043732118,0.475731543541,86269,daily_bucket,,,,,,,,
2024-01-01,microprice_deviation_bps,30s,10,0.000124968278878,1.25028438278,0.941930125504,86396,daily_bucket,,,,,,,,
2024-01-01,microprice_deviation_bps,30s,,,,,863686,daily_monotonicity,,1,,,,,,
2024-01-01,microprice_deviation_bps,30s,,,,,863686,daily_top_bottom,2.02597375061,,,,,,,
2024-01-01,ofi_30s,30s,1,-3.3720535994e-05,-0.336558749474,-0.461855917599,86399,daily_bucket,,,,,,,,
2024-01-01,ofi_30s,30s,2,-2.82670614273e-06,-0.0277844809718,-0.00938823557853,86399,daily_bucket,,,,,,,,
2024-01-01,ofi_30s,30s,3,-3.16140157363e-06,-0.0311049935059,0,86398,daily_bucket,,,,,,,,
2024-01-01,ofi_30s,30s,4,-1.01983487009e-06,-0.00978617648923,0,86399,daily_bucket,,,,,,,,
2024-01-01,ofi_30s,30s,5,-1.9796014945e-08,0.000135269868789,0,86398,daily_bucket,,,,,,,,
2024-01-01,ofi_30s,30s,6,1.88768357707e-05,0.189103575769,0,86385,daily_bucket,,,,,,,,
2024-01-01,ofi_30s,30s,7,2.78710138707e-05,0.279087884068,0,86310,daily_bucket,,,,,,,,
2024-01-01,ofi_30s,30s,8,3.82189019862e-05,0.382643506373,0,86312,daily_bucket,,,,,,,,
2024-01-01,ofi_30s,30s,9,4.18778899464e-05,0.419308007703,0.00236294923948,86288,daily_bucket,,,,,,,,
2024-01-01,ofi_30s,30s,10,6.71052611214e-05,0.671728782618,0.53909789471,86398,daily_bucket,,,,,,,,
2024-01-01,ofi_30s,30s,,,,,863686,daily_monotonicity,,0.987878787879,,,,,,
2024-01-01,ofi_30s,30s,,,,,863686,daily_top_bottom,1.00828753209,,,,,,,
2024-01-01,qi_1,30s,1,-7.87076573405e-05,-0.786484490042,-0.857301969979,86387,daily_bucket,,,,,,,,
2024-01-01,qi_1,30s,2,-4.87701301822e-05,-0.487161174664,-0.477483325826,86382,daily_bucket,,,,,,,,
2024-01-01,qi_1,30s,3,-4.14195454276e-05,-0.413756929925,-0.103967064179,86382,daily_bucket,,,,,,,,
2024-01-01,qi_1,30s,4,-1.41318433962e-05,-0.140920327864,0,86397,daily_bucket,,,,,,,,
2024-01-01,qi_1,30s,5,-4.97590467508e-06,-0.0493213968196,0,86396,daily_bucket,,,,,,,,
2024-01-01,qi_1,30s,6,2.29364571492e-05,0.229765960806,0,86355,daily_bucket,,,,,,,,
2024-01-01,qi_1,30s,7,4.88400276117e-05,0.488795372814,0,86367,daily_bucket,,,,,,,,
2024-01-01,qi_1,30s,8,5.78793726535e-05,0.579220158021,0.00702309086931,86359,daily_bucket,,,,,,,,
2024-01-01,qi_1,30s,9,8.6857858727e-05,0.869092138095,0.483796651427,86294,daily_bucket,,,,,,,,
2024-01-01,qi_1,30s,10,0.00012474734699,1.24808695593,0.941930125504,86367,daily_bucket,,,,,,,,
2024-01-01,qi_1,30s,,,,,863686,daily_monotonicity,,1,,,,,,
2024-01-01,qi_1,30s,,,,,863686,daily_top_bottom,2.03457144597,,,,,,,
2024-01-01,trade_imbalance_30s,30s,1,-2.5421066913e-05,-0.253898397748,0,86399,daily_bucket,,,,,,,,
2024-01-01,trade_imbalance_30s,30s,2,-6.51480808395e-06,-0.0647854508661,0,86399,daily_bucket,,,,,,,,
2024-01-01,trade_imbalance_30s,30s,3,-8.80667322261e-06,-0.0875882924885,0,86398,daily_bucket,,,,,,,,
2024-01-01,trade_imbalance_30s,30s,4,6.88670792787e-06,0.069420493645,0,86399,daily_bucket,,,,,,,,
2024-01-01,trade_imbalance_30s,30s,5,1.64793538471e-05,0.165372718179,0,86261,daily_bucket,,,,,,,,
2024-01-01,trade_imbalance_30s,30s,6,2.88168786101e-06,0.0293619955888,0,86297,daily_bucket,,,,,,,,
2024-01-01,trade_imbalance_30s,30s,7,1.99107376431e-05,0.199637794837,0,86399,daily_bucket,,,,,,,,
2024-01-01,trade_imbalance_30s,30s,8,4.55972143941e-05,0.456553373251,0,86398,daily_bucket,,,,,,,,
2024-01-01,trade_imbalance_30s,30s,9,4.11119344263e-05,0.411589310181,0,86338,daily_bucket,,,,,,,,
2024-01-01,trade_imbalance_30s,30s,10,6.10116263077e-05,0.610460260527,0.00708880416718,86398,daily_bucket,,,,,,,,
2024-01-01,trade_imbalance_30s,30s,,,,,863686,daily_monotonicity,,0.939393939394,,,,,,
2024-01-01,trade_imbalance_30s,30s,,,,,863686,daily_top_bottom,0.864358658275,,,,,,,
2024-01-01,di_10,500ms,1,-1.40937279698e-05,-0.140928760583,0,86399,daily_bucket,,,,,,,,
2024-01-01,di_10,500ms,2,-5.04131033579e-06,-0.0504091616531,0,86399,daily_bucket,,,,,,,,
2024-01-01,di_10,500ms,3,-2.58891875348e-06,-0.0258868114707,0,86398,daily_bucket,,,,,,,,
2024-01-01,di_10,500ms,4,-1.11890190342e-06,-0.0111869988837,0,86399,daily_bucket,,,,,,,,
2024-01-01,di_10,500ms,5,-3.45525261994e-07,-0.00345339830566,0,86398,daily_bucket,,,,,,,,
2024-01-01,di_10,500ms,6,8.64478170021e-07,0.00864692983072,0,86396,daily_bucket,,,,,,,,
2024-01-01,di_10,500ms,7,1.86118456669e-06,0.018613919616,0,86397,daily_bucket,,,,,,,,
2024-01-01,di_10,500ms,8,2.85255110372e-06,0.0285281857321,0,86398,daily_bucket,,,,,,,,
2024-01-01,di_10,500ms,9,5.57196498877e-06,0.0557236979594,0,86399,daily_bucket,,,,,,,,
2024-01-01,di_10,500ms,10,1.45768407985e-05,0.14577717248,0,86398,daily_bucket,,,,,,,,
2024-01-01,di_10,500ms,,,,,863981,daily_monotonicity,,1,,,,,,
2024-01-01,di_10,500ms,,,,,863981,daily_top_bottom,0.286705933063,,,,,,,
2024-01-01,di_5,500ms,1,-1.42834681199e-05,-0.142826262717,0,86399,daily_bucket,,,,,,,,
2024-01-01,di_5,500ms,2,-4.9619696884e-06,-0.0496158793871,0,86399,daily_bucket,,,,,,,,
2024-01-01,di_5,500ms,3,-2.55288902843e-06,-0.0255262622385,0,86398,daily_bucket,,,,,,,,
2024-01-01,di_5,500ms,4,-1.09280842678e-06,-0.0109262079249,0,86399,daily_bucket,,,,,,,,
2024-01-01,di_5,500ms,5,-3.55601668864e-07,-0.00355400330484,0,86398,daily_bucket,,,,,,,,
2024-01-01,di_5,500ms,6,8.53012554533e-07,0.00853211477671,0,86396,daily_bucket,,,,,,,,
2024-01-01,di_5,500ms,7,1.77838164356e-06,0.0177859467042,0,86397,daily_bucket,,,,,,,,
2024-01-01,di_5,500ms,8,2.74997854708e-06,0.0275023296422,0,86398,daily_bucket,,,,,,,,
2024-01-01,di_5,500ms,9,5.46682520479e-06,0.0546723873315,0,86399,daily_bucket,,,,,,,,
2024-01-01,di_5,500ms,10,1.49371753545e-05,0.149380621529,0,86398,daily_bucket,,,,,,,,
2024-01-01,di_5,500ms,,,,,863981,daily_monotonicity,,1,,,,,,
2024-01-01,di_5,500ms,,,,,863981,daily_top_bottom,0.292206884246,,,,,,,
2024-01-01,microprice_deviation_bps,500ms,1,-1.39523699223e-05,-0.139515110927,0,86399,daily_bucket,,,,,,,,
2024-01-01,microprice_deviation_bps,500ms,2,-5.22705304485e-06,-0.0522665058044,0,86399,daily_bucket,,,,,,,,
2024-01-01,microprice_deviation_bps,500ms,3,-2.32929414142e-06,-0.023290554019,0,86398,daily_bucket,,,,,,,,
2024-01-01,microprice_deviation_bps,500ms,4,-1.08027566487e-06,-0.0108009233578,0,86399,daily_bucket,,,,,,,,
2024-01-01,microprice_deviation_bps,500ms,5,-4.15619294414e-07,-0.004154187788,0,86398,daily_bucket,,,,,,,,
2024-01-01,microprice_deviation_bps,500ms,6,8.28635312342e-07,0.00828816770866,0,86396,daily_bucket,,,,,,,,
2024-01-01,microprice_deviation_bps,500ms,7,1.61442502729e-06,0.016146269667,0,86397,daily_bucket,,,,,,,,
2024-01-01,microprice_deviation_bps,500ms,8,2.76310394156e-06,0.027633502514,0,86398,daily_bucket,,,,,,,,
2024-01-01,microprice_deviation_bps,500ms,9,5.13990891251e-06,0.0514029427611,0,86399,daily_bucket,,,,,,,,
2024-01-01,microprice_deviation_bps,500ms,10,1.51971756589e-05,0.151981187779,0,86398,daily_bucket,,,,,,,,
2024-01-01,microprice_deviation_bps,500ms,,,,,863981,daily_monotonicity,,1,,,,,,
2024-01-01,microprice_deviation_bps,500ms,,,,,863981,daily_top_bottom,0.291496298706,,,,,,,
2024-01-01,ofi_500ms,500ms,1,-1.09037930353e-05,-0.109029428594,0,86396,daily_bucket,,,,,,,,
2024-01-01,ofi_500ms,500ms,2,-2.78015526987e-06,-0.027798046766,0,86397,daily_bucket,,,,,,,,
2024-01-01,ofi_500ms,500ms,3,-1.54152115027e-06,-0.0154121278737,0,86398,daily_bucket,,,,,,,,
2024-01-01,ofi_500ms,500ms,4,-7.68300550434e-07,-0.00768088393997,0,86399,daily_bucket,,,,,,,,
2024-01-01,ofi_500ms,500ms,5,6.90135818958e-08,0.000691772551238,0,86398,daily_bucket,,,,,,,,
2024-01-01,ofi_500ms,500ms,6,3.92937335316e-07,0.00393098658053,0,86399,daily_bucket,,,,,,,,
2024-01-01,ofi_500ms,500ms,7,1.10100505472e-06,0.0110123063356,0,86399,daily_bucket,,,,,,,,
2024-01-01,ofi_500ms,500ms,8,1.57454357597e-06,0.0157483355432,0,86398,daily_bucket,,,,,,,,
2024-01-01,ofi_500ms,500ms,9,3.06052758947e-06,0.0306088293776,0,86399,daily_bucket,,,,,,,,
2024-01-01,ofi_500ms,500ms,10,1.23338383747e-05,0.123347632806,0,86398,daily_bucket,,,,,,,,
2024-01-01,ofi_500ms,500ms,,,,,863981,daily_monotonicity,,1,,,,,,
2024-01-01,ofi_500ms,500ms,,,,,863981,daily_top_bottom,0.2323770614,,,,,,,
2024-01-01,qi_1,500ms,1,-1.40570606692e-05,-0.140562418119,0,86399,daily_bucket,,,,,,,,
2024-01-01,qi_1,500ms,2,-5.1478893741e-06,-0.0514748245284,0,86399,daily_bucket,,,,,,,,
2024-01-01,qi_1,500ms,3,-2.36716155202e-06,-0.0236690698005,0,86398,daily_bucket,,,,,,,,
2024-01-01,qi_1,500ms,4,-1.04158776942e-06,-0.0104139805986,0,86399,daily_bucket,,,,,,,,
2024-01-01,qi_1,500ms,5,-3.91764099431e-07,-0.00391549526386,0,86398,daily_bucket,,,,,,,,
2024-01-01,qi_1,500ms,6,8.55307150045e-07,0.00855498282759,0,86396,daily_bucket,,,,,,,,
2024-01-01,qi_1,500ms,7,1.70109580006e-06,0.0170131030221,0,86397,daily_bucket,,,,,,,,
2024-01-01,qi_1,500ms,8,2.76015986224e-06,0.0276041345819,0,86398,daily_bucket,,,,,,,,
2024-01-01,qi_1,500ms,9,5.09972039468e-06,0.0510011412108,0,86399,daily_bucket,,,,,,,,
2024-01-01,qi_1,500ms,10,1.51278189754e-05,0.151287234542,0,86398,daily_bucket,,,,,,,,
2024-01-01,qi_1,500ms,,,,,863981,daily_monotonicity,,1,,,,,,
2024-01-01,qi_1,500ms,,,,,863981,daily_top_bottom,0.29184965266,,,,,,,
2024-01-01,trade_imbalance_500ms,500ms,1,-2.44461873725e-06,-0.024443797428,0,69578,daily_bucket,,,,,,,,
2024-01-01,trade_imbalance_500ms,500ms,2,-1.39464375827e-06,-0.0139447747745,0,69577,daily_bucket,,,,,,,,
2024-01-01,trade_imbalance_500ms,500ms,3,-2.75956539349e-06,-0.027590966052,0,69577,daily_bucket,,,,,,,,
2024-01-01,trade_imbalance_500ms,500ms,4,-6.74663581568e-06,-0.0674587855131,0,69576,daily_bucket,,,,,,,,
2024-01-01,trade_imbalance_500ms,500ms,5,-1.07192555076e-06,-0.0107141108002,0,69577,daily_bucket,,,,,,,,
2024-01-01,trade_imbalance_500ms,500ms,6,1.33507429054e-06,0.0133553511192,0,69578,daily_bucket,,,,,,,,
2024-01-01,trade_imbalance_500ms,500ms,7,4.67335932653e-06,0.046739552467,0,69573,daily_bucket,,,,,,,,
2024-01-01,trade_imbalance_500ms,500ms,8,7.21418181654e-06,0.0721479282392,0,69577,daily_bucket,,,,,,,,
2024-01-01,trade_imbalance_500ms,500ms,9,1.67504322387e-06,0.0167520117562,0,69577,daily_bucket,,,,,,,,
2024-01-01,trade_imbalance_500ms,500ms,10,2.96463086359e-06,0.0296508517288,0,69577,daily_bucket,,,,,,,,
2024-01-01,trade_imbalance_500ms,500ms,,,,,695767,daily_monotonicity,,0.793939393939,,,,,,
2024-01-01,trade_imbalance_500ms,500ms,,,,,695767,daily_top_bottom,0.0540946491568,,,,,,,
2024-01-01,di_10,5s,1,-5.8371966861e-05,-0.583623972827,-0.278274052336,86399,daily_bucket,,,,,,,,
2024-01-01,di_10,5s,2,-3.36469388168e-05,-0.336401175721,0,86399,daily_bucket,,,,,,,,
2024-01-01,di_10,5s,3,-2.03264475788e-05,-0.203210651561,0,86398,daily_bucket,,,,,,,,
2024-01-01,di_10,5s,4,-1.05743942575e-05,-0.105697820164,0,86399,daily_bucket,,,,,,,,
2024-01-01,di_10,5s,5,-4.40145970565e-06,-0.0439688087294,0,86398,daily_bucket,,,,,,,,
2024-01-01,di_10,5s,6,8.76997979488e-06,0.0877465146935,0,86396,daily_bucket,,,,,,,,
2024-01-01,di_10,5s,7,1.51208752854e-05,0.151252961719,0,86386,daily_bucket,,,,,,,,
2024-01-01,di_10,5s,8,2.66342109926e-05,0.26639464564,0,86390,daily_bucket,,,,,,,,
2024-01-01,di_10,5s,9,4.01340064653e-05,0.401410433797,0,86373,daily_bucket,,,,,,,,
2024-01-01,di_10,5s,10,6.20747815609e-05,0.620838556084,0.291182375388,86398,daily_bucket,,,,,,,,
2024-01-01,di_10,5s,,,,,863936,daily_monotonicity,,1,,,,,,
2024-01-01,di_10,5s,,,,,863936,daily_top_bottom,1.20446252891,,,,,,,
2024-01-01,di_5,5s,1,-5.92849278445e-05,-0.592752998235,-0.295729698362,86399,daily_bucket,,,,,,,,
2024-01-01,di_5,5s,2,-3.40486379431e-05,-0.340417877854,0,86399,daily_bucket,,,,,,,,
2024-01-01,di_5,5s,3,-1.97398426982e-05,-0.197344430648,0,86398,daily_bucket,,,,,,,,
2024-01-01,di_5,5s,4,-1.02922766927e-05,-0.102876708781,0,86399,daily_bucket,,,,,,,,
2024-01-01,di_5,5s,5,-3.63901830977e-06,-0.0363450003474,0,86398,daily_bucket,,,,,,,,
2024-01-01,di_5,5s,6,7.90853952663e-06,0.0791314699405,0,86396,daily_bucket,,,,,,,,
2024-01-01,di_5,5s,7,1.56035592524e-05,0.156077574798,0,86385,daily_bucket,,,,,,,,
2024-01-01,di_5,5s,8,2.56286600496e-05,0.256338234202,0,86385,daily_bucket,,,,,,,,
2024-01-01,di_5,5s,9,4.03189571936e-05,0.403264519904,0,86379,daily_bucket,,,,,,,,
2024-01-01,di_5,5s,10,6.29565175874e-05,0.629654731549,0.306444960598,86398,daily_bucket,,,,,,,,
2024-01-01,di_5,5s,,,,,863936,daily_monotonicity,,1,,,,,,
2024-01-01,di_5,5s,,,,,863936,daily_top_bottom,1.22240772978,,,,,,,
2024-01-01,microprice_deviation_bps,5s,1,-5.67629870061e-05,-0.567540851087,-0.254036863336,86399,daily_bucket,,,,,,,,
2024-01-01,microprice_deviation_bps,5s,2,-3.58347498289e-05,-0.358272726208,0,86399,daily_bucket,,,,,,,,
2024-01-01,microprice_deviation_bps,5s,3,-1.99062723237e-05,-0.19901096535,0,86398,daily_bucket,,,,,,,,
2024-01-01,microprice_deviation_bps,5s,4,-1.08833082833e-05,-0.10878699754,0,86399,daily_bucket,,,,,,,,
2024-01-01,microprice_deviation_bps,5s,5,-4.24282521508e-06,-0.0423809303007,0,86398,daily_bucket,,,,,,,,
2024-01-01,microprice_deviation_bps,5s,6,9.01989951948e-06,0.0902467638774,0,86396,daily_bucket,,,,,,,,
2024-01-01,microprice_deviation_bps,5s,7,1.72268286702e-05,0.172312680535,0,86382,daily_bucket,,,,,,,,
2024-01-01,microprice_deviation_bps,5s,8,2.45245746406e-05,0.245297219508,0,86387,daily_bucket,,,,,,,,
2024-01-01,microprice_deviation_bps,5s,9,3.82819808908e-05,0.382893090857,0,86380,daily_bucket,,,,,,,,
2024-01-01,microprice_deviation_bps,5s,10,6.39876306385e-05,0.639964645573,0.307556946239,86398,daily_bucket,,,,,,,,
2024-01-01,microprice_deviation_bps,5s,,,,,863936,daily_monotonicity,,1,,,,,,
2024-01-01,microprice_deviation_bps,5s,,,,,863936,daily_top_bottom,1.20750549666,,,,,,,
2024-01-01,ofi_5s,5s,1,-3.38792946298e-05,-0.338694144951,0,86399,daily_bucket,,,,,,,,
2024-01-01,ofi_5s,5s,2,-2.79115122837e-05,-0.279039781747,0,86399,daily_bucket,,,,,,,,
2024-01-01,ofi_5s,5s,3,-1.38830243242e-05,-0.138775615658,0,86397,daily_bucket,,,,,,,,
2024-01-01,ofi_5s,5s,4,-6.90499780343e-06,-0.0690093648456,0,86382,daily_bucket,,,,,,,,
2024-01-01,ofi_5s,5s,5,-3.66763573437e-06,-0.0366455556871,0,86391,daily_bucket,,,,,,,,
2024-01-01,ofi_5s,5s,6,3.64021675945e-06,0.0364349235713,0,86397,daily_bucket,,,,,,,,
2024-01-01,ofi_5s,5s,7,8.97126230411e-06,0.0897564703827,0,86396,daily_bucket,,,,,,,,
2024-01-01,ofi_5s,5s,8,2.03314977672e-05,0.203373844621,0,86392,daily_bucket,,,,,,,,
2024-01-01,ofi_5s,5s,9,3.44731731579e-05,0.344810227,0,86385,daily_bucket,,,,,,,,
2024-01-01,ofi_5s,5s,10,4.42312191459e-05,0.44241225095,0.00708866346677,86398,daily_bucket,,,,,,,,
2024-01-01,ofi_5s,5s,,,,,863936,daily_monotonicity,,1,,,,,,
2024-01-01,ofi_5s,5s,,,,,863936,daily_top_bottom,0.781106395901,,,,,,,
2024-01-01,qi_1,5s,1,-5.75739323872e-05,-0.575649094534,-0.257725286166,86399,daily_bucket,,,,,,,,
2024-01-01,qi_1,5s,2,-3.56780335681e-05,-0.356706292323,0,86399,daily_bucket,,,,,,,,
2024-01-01,qi_1,5s,3,-1.96422252721e-05,-0.196371265448,0,86398,daily_bucket,,,,,,,,
2024-01-01,qi_1,5s,4,-1.0577097712e-05,-0.105724842107,0,86399,daily_bucket,,,,,,,,
2024-01-01,qi_1,5s,5,-4.15571643278e-06,-0.0415095849243,0,86398,daily_bucket,,,,,,,,
2024-01-01,qi_1,5s,6,8.87677633866e-06,0.0888154961525,0,86396,daily_bucket,,,,,,,,
2024-01-01,qi_1,5s,7,1.73786129211e-05,0.173830150418,0,86390,daily_bucket,,,,,,,,
2024-01-01,qi_1,5s,8,2.48536304217e-05,0.248586512749,0,86382,daily_bucket,,,,,,,,
2024-01-01,qi_1,5s,9,3.77094742219e-05,0.37716824426,0,86383,daily_bucket,,,,,,,,
2024-01-01,qi_1,5s,10,6.42222143611e-05,0.642311919837,0.3127243239,86392,daily_bucket,,,,,,,,
2024-01-01,qi_1,5s,,,,,863936,daily_monotonicity,,1,,,,,,
2024-01-01,qi_1,5s,,,,,863936,daily_top_bottom,1.21796101437,,,,,,,
2024-01-01,trade_imbalance_5s,5s,1,-2.31318342337e-05,-0.231270535006,0,86396,daily_bucket,,,,,,,,
2024-01-01,trade_imbalance_5s,5s,2,-1.89054370667e-05,-0.188997006725,0,86395,daily_bucket,,,,,,,,
2024-01-01,trade_imbalance_5s,5s,3,-1.15475863183e-05,-0.115414037096,0,86395,daily_bucket,,,,,,,,
2024-01-01,trade_imbalance_5s,5s,4,-6.98556141845e-06,-0.0697897533829,0,86395,daily_bucket,,,,,,,,
2024-01-01,trade_imbalance_5s,5s,5,4.91447399362e-08,0.000558453047183,0,86395,daily_bucket,,,,,,,,
2024-01-01,trade_imbalance_5s,5s,6,4.30045671563e-06,0.0430728078091,0,86396,daily_bucket,,,,,,,,
2024-01-01,trade_imbalance_5s,5s,7,1.19049017497e-05,0.119112194317,0,86395,daily_bucket,,,,,,,,
2024-01-01,trade_imbalance_5s,5s,8,1.82075604656e-05,0.182143582259,0,86393,daily_bucket,,,,,,,,
2024-01-01,trade_imbalance_5s,5s,9,2.41166209317e-05,0.241229131476,0,86347,daily_bucket,,,,,,,,
2024-01-01,trade_imbalance_5s,5s,10,2.74156054037e-05,0.274208105314,0,86395,daily_bucket,,,,,,,,
2024-01-01,trade_imbalance_5s,5s,,,,,863902,daily_monotonicity,,1,,,,,,
2024-01-01,trade_imbalance_5s,5s,,,,,863902,daily_top_bottom,0.50547864032,,,,,,,
2024-02-01,di_10,100ms,1,-6.00798634512e-06,-0.060077530073,0,86398,daily_bucket,,,,,,,,
2024-02-01,di_10,100ms,2,-1.53600060079e-06,-0.0153592321592,0,86398,daily_bucket,,,,,,,,
2024-02-01,di_10,100ms,3,-7.37545551506e-07,-0.00737490159905,0,86398,daily_bucket,,,,,,,,
2024-02-01,di_10,100ms,4,-3.37135236966e-07,-0.00337098925504,0,86398,daily_bucket,,,,,,,,
2024-02-01,di_10,100ms,5,-8.66082164365e-08,-0.000865678576987,0,86398,daily_bucket,,,,,,,,
2024-02-01,di_10,100ms,6,1.65415255323e-07,0.00165456895226,0,86398,daily_bucket,,,,,,,,
2024-02-01,di_10,100ms,7,3.96077547965e-07,0.00396119671784,0,86398,daily_bucket,,,,,,,,
2024-02-01,di_10,100ms,8,6.98113591251e-07,0.00698163046621,0,86398,daily_bucket,,,,,,,,
2024-02-01,di_10,100ms,9,1.52332594934e-06,0.0152340330808,0,86398,daily_bucket,,,,,,,,
2024-02-01,di_10,100ms,10,6.0587297101e-06,0.0605897976572,0,86397,daily_bucket,,,,,,,,
2024-02-01,di_10,100ms,,,,,863979,daily_monotonicity,,1,,,,,,
2024-02-01,di_10,100ms,,,,,863979,daily_top_bottom,0.12066732773,,,,,,,
2024-02-01,di_5,100ms,1,-6.11024859227e-06,-0.0611001245966,0,86398,daily_bucket,,,,,,,,
2024-02-01,di_5,100ms,2,-1.54119786119e-06,-0.0154111633534,0,86398,daily_bucket,,,,,,,,
2024-02-01,di_5,100ms,3,-6.27875129476e-07,-0.00627829112123,0,86398,daily_bucket,,,,,,,,
2024-02-01,di_5,100ms,4,-3.1242642508e-07,-0.00312385612366,0,86398,daily_bucket,,,,,,,,
2024-02-01,di_5,100ms,5,-9.90229157625e-08,-0.000989820190774,0,86398,daily_bucket,,,,,,,,
2024-02-01,di_5,100ms,6,1.41015925037e-07,0.00141054038711,0,86398,daily_bucket,,,,,,,,
2024-02-01,di_5,100ms,7,3.83989370577e-07,0.00384030075767,0,86398,daily_bucket,,,,,,,,
2024-02-01,di_5,100ms,8,6.49983520808e-07,0.00650029929195,0,86398,daily_bucket,,,,,,,,
2024-02-01,di_5,100ms,9,1.51309107322e-06,0.0151318106752,0,86398,daily_bucket,,,,,,,,
2024-02-01,di_5,100ms,10,6.13907806728e-06,0.0613932087838,0,86397,daily_bucket,,,,,,,,
2024-02-01,di_5,100ms,,,,,863979,daily_monotonicity,,1,,,,,,
2024-02-01,di_5,100ms,,,,,863979,daily_top_bottom,0.12249333338,,,,,,,
2024-02-01,microprice_deviation_bps,100ms,1,-6.25626019052e-06,-0.0625599086671,0,86398,daily_bucket,,,,,,,,
2024-02-01,microprice_deviation_bps,100ms,2,-1.31904138855e-06,-0.013189764496,0,86398,daily_bucket,,,,,,,,
2024-02-01,microprice_deviation_bps,100ms,3,-5.29846694884e-07,-0.00529802484041,0,86398,daily_bucket,,,,,,,,
2024-02-01,microprice_deviation_bps,100ms,4,-2.70918458654e-07,-0.00270884452735,0,86398,daily_bucket,,,,,,,,
2024-02-01,microprice_deviation_bps,100ms,5,-1.22669230311e-07,-0.00122635005088,0,86398,daily_bucket,,,,,,,,
2024-02-01,microprice_deviation_bps,100ms,6,1.22347288759e-07,0.00122380098768,0,86398,daily_bucket,,,,,,,,
2024-02-01,microprice_deviation_bps,100ms,7,2.9883831425e-07,0.00298872375852,0,86398,daily_bucket,,,,,,,,
2024-02-01,microprice_deviation_bps,100ms,8,5.56340113162e-07,0.0055638429268,0,86398,daily_bucket,,,,,,,,
2024-02-01,microprice_deviation_bps,100ms,9,1.37440949271e-06,0.0137448202387,0,86398,daily_bucket,,,,,,,,
2024-02-01,microprice_deviation_bps,100ms,10,6.28318945518e-06,0.0628346258635,0,86397,daily_bucket,,,,,,,,
2024-02-01,microprice_deviation_bps,100ms,,,,,863979,daily_monotonicity,,1,,,,,,
2024-02-01,microprice_deviation_bps,100ms,,,,,863979,daily_top_bottom,0.125394534531,,,,,,,
2024-02-01,ofi_100ms,100ms,1,-5.32946500725e-06,-0.0532922818142,0,86398,daily_bucket,,,,,,,,
2024-02-01,ofi_100ms,100ms,2,-9.17487092449e-07,-0.00917397761079,0,86398,daily_bucket,,,,,,,,
2024-02-01,ofi_100ms,100ms,3,-2.61965095433e-07,-0.00261919908759,0,86398,daily_bucket,,,,,,,,
2024-02-01,ofi_100ms,100ms,4,-2.64041212286e-08,-0.000263620149915,0,86398,daily_bucket,,,,,,,,
2024-02-01,ofi_100ms,100ms,5,3.10035718722e-08,0.000310220161252,0,86398,daily_bucket,,,,,,,,
2024-02-01,ofi_100ms,100ms,6,6.69812087364e-10,7.16602448864e-06,0,86398,daily_bucket,,,,,,,,
2024-02-01,ofi_100ms,100ms,7,2.28433955141e-08,0.000228792356315,0,86397,daily_bucket,,,,,,,,
2024-02-01,ofi_100ms,100ms,8,3.00156671873e-07,0.00300201495704,0,86398,daily_bucket,,,,,,,,
2024-02-01,ofi_100ms,100ms,9,9.35990561599e-07,0.00936072631324,0,86398,daily_bucket,,,,,,,,
2024-02-01,ofi_100ms,100ms,10,5.38097354517e-06,0.0538123554223,0,86398,daily_bucket,,,,,,,,
2024-02-01,ofi_100ms,100ms,,,,,863979,daily_monotonicity,,0.963636363636,,,,,,
2024-02-01,ofi_100ms,100ms,,,,,863979,daily_top_bottom,0.107104637237,,,,,,,
2024-02-01,qi_1,100ms,1,-6.17479629124e-06,-0.0617455313286,0,86398,daily_bucket,,,,,,,,
2024-02-01,qi_1,100ms,2,-1.35327910809e-06,-0.0135320539073,0,86398,daily_bucket,,,,,,,,
2024-02-01,qi_1,100ms,3,-5.75827470417e-07,-0.00575777643337,0,86398,daily_bucket,,,,,,,,
2024-02-01,qi_1,100ms,4,-2.84185306177e-07,-0.00284144849716,0,86398,daily_bucket,,,,,,,,
2024-02-01,qi_1,100ms,5,-1.03147265816e-07,-0.00103105475851,0,86398,daily_bucket,,,,,,,,
2024-02-01,qi_1,100ms,6,1.52732027301e-07,0.0015276971583,0,86398,daily_bucket,,,,,,,,
2024-02-01,qi_1,100ms,7,3.55452216626e-07,0.00355494130026,0,86398,daily_bucket,,,,,,,,
2024-02-01,qi_1,100ms,8,5.8881081193e-07,0.00588858562667,0,86398,daily_bucket,,,,,,,,
2024-02-01,qi_1,100ms,9,1.4283086263e-06,0.0142838953629,0,86398,daily_bucket,,,,,,,,
2024-02-01,qi_1,100ms,10,6.10231836726e-06,0.0610256457325,0,86397,daily_bucket,,,,,,,,
2024-02-01,qi_1,100ms,,,,,863979,daily_monotonicity,,1,,,,,,
2024-02-01,qi_1,100ms,,,,,863979,daily_top_bottom,0.122771177061,,,,,,,
2024-02-01,trade_imbalance_100ms,100ms,1,-5.31309191483e-06,-0.0531284865786,0,27869,daily_bucket,,,,,,,,
2024-02-01,trade_imbalance_100ms,100ms,2,-2.06609085874e-06,-0.0206601775861,0,27869,daily_bucket,,,,,,,,
2024-02-01,trade_imbalance_100ms,100ms,3,-4.47429935565e-06,-0.0447404431567,0,27868,daily_bucket,,,,,,,,
2024-02-01,trade_imbalance_100ms,100ms,4,-4.24490332128e-06,-0.0424469072462,0,27869,daily_bucket,,,,,,,,
2024-02-01,trade_imbalance_100ms,100ms,5,-6.62780005168e-06,-0.0662744226172,0,27868,daily_bucket,,,,,,,,
2024-02-01,trade_imbalance_100ms,100ms,6,5.06793129769e-06,0.0506835232741,0,27869,daily_bucket,,,,,,,,
2024-02-01,trade_imbalance_100ms,100ms,7,5.1741669605e-06,0.051744219003,0,27869,daily_bucket,,,,,,,,
2024-02-01,trade_imbalance_100ms,100ms,8,2.34552326294e-06,0.0234563277283,0,27868,daily_bucket,,,,,,,,
2024-02-01,trade_imbalance_100ms,100ms,9,5.8591278717e-06,0.0585941107854,0,27869,daily_bucket,,,,,,,,
2024-02-01,trade_imbalance_100ms,100ms,10,4.41386953175e-06,0.0441409120835,0,27868,daily_bucket,,,,,,,,
2024-02-01,trade_imbalance_100ms,100ms,,,,,278686,daily_monotonicity,,0.709090909091,,,,,,
2024-02-01,trade_imbalance_100ms,100ms,,,,,278686,daily_top_bottom,0.0972693986621,,,,,,,
2024-02-01,di_10,1s,1,-3.45004242173e-05,-0.344973908368,0,86398,daily_bucket,,,,,,,,
2024-02-01,di_10,1s,2,-1.53852908667e-05,-0.153834908621,0,86398,daily_bucket,,,,,,,,
2024-02-01,di_10,1s,3,-8.01483764195e-06,-0.0801350102848,0,86398,daily_bucket,,,,,,,,
2024-02-01,di_10,1s,4,-4.58691235426e-06,-0.0458573738882,0,86398,daily_bucket,,,,,,,,
2024-02-01,di_10,1s,5,-1.4952855343e-06,-0.0149408638686,0,86398,daily_bucket,,,,,,,,
2024-02-01,di_10,1s,6,1.46110783279e-06,0.014623489089,0,86398,daily_bucket,,,,,,,,
2024-02-01,di_10,1s,7,5.59019952795e-06,0.0559144037054,0,86398,daily_bucket,,,,,,,,
2024-02-01,di_10,1s,8,8.86208602172e-06,0.0886350806371,0,86393,daily_bucket,,,,,,,,
2024-02-01,di_10,1s,9,1.54788035726e-05,0.154805593404,0,86397,daily_bucket,,,,,,,,
2024-02-01,di_10,1s,10,3.39570078357e-05,0.339602120018,0,86394,daily_bucket,,,,,,,,
2024-02-01,di_10,1s,,,,,863970,daily_monotonicity,,1,,,,,,
2024-02-01,di_10,1s,,,,,863970,daily_top_bottom,0.684576028386,,,,,,,
2024-02-01,di_5,1s,1,-3.52753186756e-05,-0.352722261882,0,86398,daily_bucket,,,,,,,,
2024-02-01,di_5,1s,2,-1.5219045437e-05,-0.152172579756,0,86398,daily_bucket,,,,,,,,
2024-02-01,di_5,1s,3,-7.96641930871e-06,-0.079650708273,0,86398,daily_bucket,,,,,,,,
2024-02-01,di_5,1s,4,-4.10076329249e-06,-0.040996614985,0,86398,daily_bucket,,,,,,,,
2024-02-01,di_5,1s,5,-1.73101088116e-06,-0.017298006177,0,86398,daily_bucket,,,,,,,,
2024-02-01,di_5,1s,6,1.40733460714e-06,0.0140851624343,0,86398,daily_bucket,,,,,,,,
2024-02-01,di_5,1s,7,5.35884158957e-06,0.0536003277527,0,86398,daily_bucket,,,,,,,,
2024-02-01,di_5,1s,8,8.62488848861e-06,0.086263327351,0,86393,daily_bucket,,,,,,,,
2024-02-01,di_5,1s,9,1.57109823818e-05,0.157128575684,0,86397,daily_bucket,,,,,,,,
2024-02-01,di_5,1s,10,3.45569814416e-05,0.345601567062,0,86394,daily_bucket,,,,,,,,
2024-02-01,di_5,1s,,,,,863970,daily_monotonicity,,1,,,,,,
2024-02-01,di_5,1s,,,,,863970,daily_top_bottom,0.698323828943,,,,,,,
2024-02-01,microprice_deviation_bps,1s,1,-3.5304246638e-05,-0.353008976363,0,86398,daily_bucket,,,,,,,,
2024-02-01,microprice_deviation_bps,1s,2,-1.51566830137e-05,-0.151549798132,0,86398,daily_bucket,,,,,,,,
2024-02-01,microprice_deviation_bps,1s,3,-7.53206295031e-06,-0.0753072121365,0,86398,daily_bucket,,,,,,,,
2024-02-01,microprice_deviation_bps,1s,4,-3.89943628979e-06,-0.0389842041323,0,86398,daily_bucket,,,,,,,,
2024-02-01,microprice_deviation_bps,1s,5,-1.90630906642e-06,-0.0190507878232,0,86398,daily_bucket,,,,,,,,
2024-02-01,microprice_deviation_bps,1s,6,1.46668650779e-06,0.0146781744486,0,86398,daily_bucket,,,,,,,,
2024-02-01,microprice_deviation_bps,1s,7,5.08969410882e-06,0.0509083661017,0,86398,daily_bucket,,,,,,,,
2024-02-01,microprice_deviation_bps,1s,8,8.55931138798e-06,0.0856077401981,0,86393,daily_bucket,,,,,,,,
2024-02-01,microprice_deviation_bps,1s,9,1.58356910078e-05,0.158374246134,0,86397,daily_bucket,,,,,,,,
2024-02-01,microprice_deviation_bps,1s,10,3.421380762e-05,0.342171058569,0,86394,daily_bucket,,,,,,,,
2024-02-01,microprice_deviation_bps,1s,,,,,863970,daily_monotonicity,,1,,,,,,
2024-02-01,microprice_deviation_bps,1s,,,,,863970,daily_top_bottom,0.695180034931,,,,,,,
2024-02-01,ofi_1s,1s,1,-2.99357760573e-05,-0.29932440843,0,86398,daily_bucket,,,,,,,,
2024-02-01,ofi_1s,1s,2,-1.23369418926e-05,-0.123349396038,0,86398,daily_bucket,,,,,,,,
2024-02-01,ofi_1s,1s,3,-5.23854140547e-06,-0.0523722119616,0,86398,daily_bucket,,,,,,,,
2024-02-01,ofi_1s,1s,4,-1.70925240048e-06,-0.0170820327333,0,86397,daily_bucket,,,,,,,,
2024-02-01,ofi_1s,1s,5,-9.29142353593e-07,-0.00928253237587,0,86397,daily_bucket,,,,,,,,
2024-02-01,ofi_1s,1s,6,1.90074448518e-06,0.0190158921964,0,86398,daily_bucket,,,,,,,,
2024-02-01,ofi_1s,1s,7,3.22316862934e-06,0.0322415668255,0,86394,daily_bucket,,,,,,,,
2024-02-01,ofi_1s,1s,8,6.18900150771e-06,0.0619039560791,0,86398,daily_bucket,,,,,,,,
2024-02-01,ofi_1s,1s,9,1.12383057515e-05,0.112403884576,0,86394,daily_bucket,,,,,,,,
2024-02-01,ofi_1s,1s,10,2.89632627614e-05,0.289667651314,0,86398,daily_bucket,,,,,,,,
2024-02-01,ofi_1s,1s,,,,,863970,daily_monotonicity,,1,,,,,,
2024-02-01,ofi_1s,1s,,,,,863970,daily_top_bottom,0.588992059745,,,,,,,
2024-02-01,qi_1,1s,1,-3.55106594611e-05,-0.355074864976,0,86398,daily_bucket,,,,,,,,
2024-02-01,qi_1,1s,2,-1.506127173e-05,-0.150595073351,0,86398,daily_bucket,,,,,,,,
2024-02-01,qi_1,1s,3,-7.5082837664e-06,-0.0750690921636,0,86398,daily_bucket,,,,,,,,
2024-02-01,qi_1,1s,4,-3.84681062422e-06,-0.0384576122944,0,86398,daily_bucket,,,,,,,,
2024-02-01,qi_1,1s,5,-1.86627893755e-06,-0.0186497576381,0,86398,daily_bucket,,,,,,,,
2024-02-01,qi_1,1s,6,1.53154904594e-06,0.0153270389413,0,86398,daily_bucket,,,,,,,,
2024-02-01,qi_1,1s,7,5.33115787899e-06,0.0533234545341,0,86398,daily_bucket,,,,,,,,
2024-02-01,qi_1,1s,8,8.40526528688e-06,0.0840671555853,0,86393,daily_bucket,,,,,,,,
2024-02-01,qi_1,1s,9,1.57905832492e-05,0.157924148111,0,86397,daily_bucket,,,,,,,,
2024-02-01,qi_1,1s,10,3.41011870813e-05,0.341043063528,0,86394,daily_bucket,,,,,,,,
2024-02-01,qi_1,1s,,,,,863970,daily_monotonicity,,1,,,,,,
2024-02-01,qi_1,1s,,,,,863970,daily_top_bottom,0.696117928504,,,,,,,
2024-02-01,trade_imbalance_1s,1s,1,-5.12284398633e-06,-0.051218658612,0,82409,daily_bucket,,,,,,,,
2024-02-01,trade_imbalance_1s,1s,2,-9.48728449101e-06,-0.094854444345,0,82399,daily_bucket,,,,,,,,
2024-02-01,trade_imbalance_1s,1s,3,-1.40108215289e-05,-0.140086232975,0,82409,daily_bucket,,,,,,,,
2024-02-01,trade_imbalance_1s,1s,4,-6.56863761405e-06,-0.0656691031167,0,82409,daily_bucket,,,,,,,,
2024-02-01,trade_imbalance_1s,1s,5,-3.26502023909e-06,-0.0326330113156,0,82408,daily_bucket,,,,,,,,
2024-02-01,trade_imbalance_1s,1s,6,5.41726634172e-07,0.00543469533151,0,82409,daily_bucket,,,,,,,,
2024-02-01,trade_imbalance_1s,1s,7,5.66529737612e-06,0.0566724588371,0,82409,daily_bucket,,,,,,,,
2024-02-01,trade_imbalance_1s,1s,8,1.35327044278e-05,0.135350171694,0,82409,daily_bucket,,,,,,,,
2024-02-01,trade_imbalance_1s,1s,9,1.44121449763e-05,0.144144653139,0,82409,daily_bucket,,,,,,,,
2024-02-01,trade_imbalance_1s,1s,10,5.50699679471e-06,0.0550810476007,0,82408,daily_bucket,,,,,,,,
2024-02-01,trade_imbalance_1s,1s,,,,,824078,daily_monotonicity,,0.842424242424,,,,,,
2024-02-01,trade_imbalance_1s,1s,,,,,824078,daily_top_bottom,0.106299706213,,,,,,,
2024-02-01,di_10,30s,1,-0.000105631652951,-1.05546101877,-0.910755593741,86398,daily_bucket,,,,,,,,
2024-02-01,di_10,30s,2,-6.78280232061e-05,-0.677492294394,-0.633284404574,86398,daily_bucket,,,,,,,,
2024-02-01,di_10,30s,3,-4.25236569369e-05,-0.424419750113,-0.32390459662,86398,daily_bucket,,,,,,,,
2024-02-01,di_10,30s,4,-2.81169391505e-05,-0.280298319388,-0.00471382875909,86395,daily_bucket,,,,,,,,
2024-02-01,di_10,30s,5,-3.54379332606e-06,-0.0345314590895,0,86392,daily_bucket,,,,,,,,
2024-02-01,di_10,30s,6,1.39349406963e-05,0.140222408458,0,86389,daily_bucket,,,,,,,,
2024-02-01,di_10,30s,7,3.76176105783e-05,0.377044526413,0.00237198430363,86298,daily_bucket,,,,,,,,
2024-02-01,di_10,30s,8,5.70618993897e-05,0.571518488294,0.208758386957,86267,daily_bucket,,,,,,,,
2024-02-01,di_10,30s,9,7.27812397014e-05,0.728690453818,0.562509056218,86351,daily_bucket,,,,,,,,
2024-02-01,di_10,30s,10,0.000106676651876,1.0676759556,0.951065577232,86394,daily_bucket,,,,,,,,
2024-02-01,di_10,30s,,,,,863680,daily_monotonicity,,1,,,,,,
2024-02-01,di_10,30s,,,,,863680,daily_top_bottom,2.12313697437,,,,,,,
2024-02-01,di_5,30s,1,-0.000108606346637,-1.08520752029,-0.929396063763,86398,daily_bucket,,,,,,,,
2024-02-01,di_5,30s,2,-6.70006053633e-05,-0.669213561973,-0.605918200338,86398,daily_bucket,,,,,,,,
2024-02-01,di_5,30s,3,-4.96388698189e-05,-0.495560172076,-0.432838634679,86398,daily_bucket,,,,,,,,
2024-02-01,di_5,30s,4,-2.15178302655e-05,-0.214337141178,-0.00232648141903,86396,daily_bucket,,,,,,,,
2024-02-01,di_5,30s,5,-3.9042581898e-06,-0.0381326965177,0,86391,daily_bucket,,,,,,,,
2024-02-01,di_5,30s,6,9.67136495604e-06,0.0975898813591,0,86390,daily_bucket,,,,,,,,
2024-02-01,di_5,30s,7,4.60750662732e-05,0.461629211811,0.00709610815131,86298,daily_bucket,,,,,,,,
2024-02-01,di_5,30s,8,5.6220997288e-05,0.563089011557,0.146956431566,86268,daily_bucket,,,,,,,,
2024-02-01,di_5,30s,9,6.99576423743e-05,0.700469218189,0.557616694047,86349,daily_bucket,,,,,,,,
2024-02-01,di_5,30s,10,0.000109179030435,1.09270189326,0.971198170736,86394,daily_bucket,,,,,,,,
2024-02-01,di_5,30s,,,,,863680,daily_monotonicity,,1,,,,,,
2024-02-01,di_5,30s,,,,,863680,daily_top_bottom,2.17790941354,,,,,,,
2024-02-01,microprice_deviation_bps,30s,1,-0.000104653906403,-1.04567350189,-0.925292258898,86398,daily_bucket,,,,,,,,
2024-02-01,microprice_deviation_bps,30s,2,-7.27064419813e-05,-0.726271294917,-0.657247609556,86398,daily_bucket,,,,,,,,
2024-02-01,microprice_deviation_bps,30s,3,-4.70864692451e-05,-0.470027591128,-0.32390459662,86396,daily_bucket,,,,,,,,
2024-02-01,microprice_deviation_bps,30s,4,-2.22370877714e-05,-0.221543184701,-0.00466330962779,86391,daily_bucket,,,,,,,,
2024-02-01,microprice_deviation_bps,30s,5,-9.17082447633e-06,-0.0908094107157,0,86398,daily_bucket,,,,,,,,
2024-02-01,microprice_deviation_bps,30s,6,1.17221787926e-05,0.118111510704,0,86342,daily_bucket,,,,,,,,
2024-02-01,microprice_deviation_bps,30s,7,4.67291194626e-05,0.468193050507,0.00710756554153,86257,daily_bucket,,,,,,,,
2024-02-01,microprice_deviation_bps,30s,8,5.77810700483e-05,0.578673573522,0.22382020856,86322,daily_bucket,,,,,,,,
2024-02-01,microprice_deviation_bps,30s,9,6.94271171582e-05,0.695150159873,0.585141596567,86384,daily_bucket,,,,,,,,
2024-02-01,microprice_deviation_bps,30s,10,0.000110596865934,1.10687913371,0.984437680993,86394,daily_bucket,,,,,,,,
2024-02-01,microprice_deviation_bps,30s,,,,,863680,daily_monotonicity,,1,,,,,,
2024-02-01,microprice_deviation_bps,30s,,,,,863680,daily_top_bottom,2.1525526356,,,,,,,
2024-02-01,ofi_30s,30s,1,-2.45030493531e-05,-0.244140010238,-0.237423286965,86398,daily_bucket,,,,,,,,
2024-02-01,ofi_30s,30s,2,-1.95298384118e-05,-0.194450576739,-0.0972665335545,86398,daily_bucket,,,,,,,,
2024-02-01,ofi_30s,30s,3,-1.10731707444e-06,-0.0102234450291,-0.00466330962779,86398,daily_bucket,,,,,,,,
2024-02-01,ofi_30s,30s,4,2.43771938998e-06,0.025141108375,0,86398,daily_bucket,,,,,,,,
2024-02-01,ofi_30s,30s,5,2.04705166238e-06,0.0212230255331,0,86342,daily_bucket,,,,,,,,
2024-02-01,ofi_30s,30s,6,1.46797158442e-05,0.147523488055,0,86154,daily_bucket,,,,,,,,
2024-02-01,ofi_30s,30s,7,2.95681039978e-05,0.296527255503,0,86398,daily_bucket,,,,,,,,
2024-02-01,ofi_30s,30s,8,1.0531602924e-05,0.106290357776,0,86398,daily_bucket,,,,,,,,
2024-02-01,ofi_30s,30s,9,1.1219124273e-05,0.113133601024,0.0260729832577,86398,daily_bucket,,,,,,,,
2024-02-01,ofi_30s,30s,10,1.4953127839e-05,0.15060329688,0.161101154823,86398,daily_bucket,,,,,,,,
2024-02-01,ofi_30s,30s,,,,,863680,daily_monotonicity,,0.854545454545,,,,,,
2024-02-01,ofi_30s,30s,,,,,863680,daily_top_bottom,0.394743307117,,,,,,,
2024-02-01,qi_1,30s,1,-0.000105443288035,-1.05357161195,-0.926776737715,86398,daily_bucket,,,,,,,,
2024-02-01,qi_1,30s,2,-7.26614782715e-05,-0.725816606568,-0.658005461593,86398,daily_bucket,,,,,,,,
2024-02-01,qi_1,30s,3,-4.7410920442e-05,-0.473276929758,-0.320100687903,86396,daily_bucket,,,,,,,,
2024-02-01,qi_1,30s,4,-2.10899675113e-05,-0.210069125796,-0.00237749397632,86391,daily_bucket,,,,,,,,
2024-02-01,qi_1,30s,5,-9.32876305112e-06,-0.0923868122616,0,86398,daily_bucket,,,,,,,,
2024-02-01,qi_1,30s,6,1.20387007028e-05,0.121278063036,0,86349,daily_bucket,,,,,,,,
2024-02-01,qi_1,30s,7,4.65334216875e-05,0.466237304662,0.00710756554153,86277,daily_bucket,,,,,,,,
2024-02-01,qi_1,30s,8,5.58507926766e-05,0.559365862972,0.214127183696,86303,daily_bucket,,,,,,,,
2024-02-01,qi_1,30s,9,6.98778275559e-05,0.699660708838,0.579762642855,86376,daily_bucket,,,,,,,,
2024-02-01,qi_1,30s,10,0.000112040714681,1.12131576479,0.99245390758,86394,daily_bucket,,,,,,,,
2024-02-01,qi_1,30s,,,,,863680,daily_monotonicity,,1,,,,,,
2024-02-01,qi_1,30s,,,,,863680,daily_top_bottom,2.17488737674,,,,,,,
2024-02-01,trade_imbalance_30s,30s,1,-1.08560311314e-05,-0.107869751488,-0.00948606514816,86398,daily_bucket,,,,,,,,
2024-02-01,trade_imbalance_30s,30s,2,-7.36169819893e-06,-0.0727686538918,0,86398,daily_bucket,,,,,,,,
2024-02-01,trade_imbalance_30s,30s,3,9.76680333229e-06,0.0986069155395,0,86398,daily_bucket,,,,,,,,
2024-02-01,trade_imbalance_30s,30s,4,1.2669622746e-05,0.12765765371,0,86384,daily_bucket,,,,,,,,
2024-02-01,trade_imbalance_30s,30s,5,1.90405232468e-07,0.00279241816496,0,86361,daily_bucket,,,,,,,,
2024-02-01,trade_imbalance_30s,30s,6,-9.72907989017e-06,-0.0963916665208,0,86219,daily_bucket,,,,,,,,
2024-02-01,trade_imbalance_30s,30s,7,-7.23317222246e-06,-0.0714432328101,0,86359,daily_bucket,,,,,,,,
2024-02-01,trade_imbalance_30s,30s,8,-1.28879563023e-05,-0.12802369268,0,86367,daily_bucket,,,,,,,,
2024-02-01,trade_imbalance_30s,30s,9,3.80830145316e-05,0.381682601691,0.00697645944915,86398,daily_bucket,,,,,,,,
2024-02-01,trade_imbalance_30s,30s,10,2.75856370574e-05,0.276699118274,0.137478597486,86398,daily_bucket,,,,,,,,
2024-02-01,trade_imbalance_30s,30s,,,,,863680,daily_monotonicity,,0.381818181818,,,,,,
2024-02-01,trade_imbalance_30s,30s,,,,,863680,daily_top_bottom,0.384568869762,,,,,,,
2024-02-01,di_10,500ms,1,-2.11545664188e-05,-0.211531438054,0,86398,daily_bucket,,,,,,,,
2024-02-01,di_10,500ms,2,-8.31610738938e-06,-0.0831537921461,0,86398,daily_bucket,,,,,,,,
2024-02-01,di_10,500ms,3,-4.12022504558e-06,-0.0411968146122,0,86398,daily_bucket,,,,,,,,
2024-02-01,di_10,500ms,4,-2.18134029772e-06,-0.0218088823934,0,86398,daily_bucket,,,,,,,,
2024-02-01,di_10,500ms,5,-5.90268431271e-07,-0.00589813262271,0,86398,daily_bucket,,,,,,,,
2024-02-01,di_10,500ms,6,8.51934189835e-07,0.00852396183643,0,86398,daily_bucket,,,,,,,,
2024-02-01,di_10,500ms,7,2.69117155595e-06,0.0269165634368,0,86398,daily_bucket,,,,,,,,
2024-02-01,di_10,500ms,8,4.40043357018e-06,0.0440097533948,0,86398,daily_bucket,,,,,,,,
2024-02-01,di_10,500ms,9,8.29184148615e-06,0.0829255395204,0,86397,daily_bucket,,,,,,,,
2024-02-01,di_10,500ms,10,2.08101031706e-05,0.20811644177,0,86394,daily_bucket,,,,,,,,
2024-02-01,di_10,500ms,,,,,863975,daily_monotonicity,,1,,,,,,
2024-02-01,di_10,500ms,,,,,863975,daily_top_bottom,0.419647879824,,,,,,,
2024-02-01,di_5,500ms,1,-2.15491089948e-05,-0.215476607552,0,86398,daily_bucket,,,,,,,,
2024-02-01,di_5,500ms,2,-8.32205931592e-06,-0.0832132701881,0,86398,daily_bucket,,,,,,,,
2024-02-01,di_5,500ms,3,-4.0051846465e-06,-0.0400465816385,0,86398,daily_bucket,,,,,,,,
2024-02-01,di_5,500ms,4,-1.93787891544e-06,-0.0193743898323,0,86398,daily_bucket,,,,,,,,
2024-02-01,di_5,500ms,5,-7.24730546725e-07,-0.00724270891523,0,86398,daily_bucket,,,,,,,,
2024-02-01,di_5,500ms,6,7.99063100355e-07,0.00799515929286,0,86398,daily_bucket,,,,,,,,
2024-02-01,di_5,500ms,7,2.63563807613e-06,0.0263608909954,0,86398,daily_bucket,,,,,,,,
2024-02-01,di_5,500ms,8,4.28156331542e-06,0.0428210377136,0,86398,daily_bucket,,,,,,,,
2024-02-01,di_5,500ms,9,8.4145978767e-06,0.0841538270895,0,86397,daily_bucket,,,,,,,,
2024-02-01,di_5,500ms,10,2.10910908706e-05,0.210925987456,0,86394,daily_bucket,,,,,,,,
2024-02-01,di_5,500ms,,,,,863975,daily_monotonicity,,1,,,,,,
2024-02-01,di_5,500ms,,,,,863975,daily_top_bottom,0.426402595007,,,,,,,
2024-02-01,microprice_deviation_bps,500ms,1,-2.1798013472e-05,-0.217963957013,0,86398,daily_bucket,,,,,,,,
2024-02-01,microprice_deviation_bps,500ms,2,-7.97892535019e-06,-0.079782396323,0,86398,daily_bucket,,,,,,,,
2024-02-01,microprice_deviation_bps,500ms,3,-3.68061505429e-06,-0.0368010649348,0,86398,daily_bucket,,,,,,,,
2024-02-01,microprice_deviation_bps,500ms,4,-1.8330032352e-06,-0.0183261295853,0,86398,daily_bucket,,,,,,,,
2024-02-01,microprice_deviation_bps,500ms,5,-7.6370824961e-07,-0.00763249691792,0,86398,daily_bucket,,,,,,,,
2024-02-01,microprice_deviation_bps,500ms,6,7.86635338165e-07,0.00787056769056,0,86398,daily_bucket,,,,,,,,
2024-02-01,microprice_deviation_bps,500ms,7,2.38159400923e-06,0.0238201569012,0,86398,daily_bucket,,,,,,,,
2024-02-01,microprice_deviation_bps,500ms,8,4.08236178129e-06,0.0408287939493,0,86398,daily_bucket,,,,,,,,
2024-02-01,microprice_deviation_bps,500ms,9,8.36654385652e-06,0.0836725115151,0,86397,daily_bucket,,,,,,,,
2024-02-01,microprice_deviation_bps,500ms,10,2.11201219837e-05,0.211217367058,0,86394,daily_bucket,,,,,,,,
2024-02-01,microprice_deviation_bps,500ms,,,,,863975,daily_monotonicity,,1,,,,,,
2024-02-01,microprice_deviation_bps,500ms,,,,,863975,daily_top_bottom,0.42918132407,,,,,,,
2024-02-01,ofi_500ms,500ms,1,-1.82955347666e-05,-0.182939548939,0,86398,daily_bucket,,,,,,,,
2024-02-01,ofi_500ms,500ms,2,-5.70043726809e-06,-0.0569962759099,0,86398,daily_bucket,,,,,,,,
2024-02-01,ofi_500ms,500ms,3,-2.27995201775e-06,-0.0227937182236,0,86398,daily_bucket,,,,,,,,
2024-02-01,ofi_500ms,500ms,4,-1.11156717424e-06,-0.0111113038375,0,86398,daily_bucket,,,,,,,,
2024-02-01,ofi_500ms,500ms,5,1.88018078461e-08,0.000190963585754,0,86398,daily_bucket,,,,,,,,
2024-02-01,ofi_500ms,500ms,6,7.52669379431e-07,0.00752972997626,0,86398,daily_bucket,,,,,,,,
2024-02-01,ofi_500ms,500ms,7,1.62347123157e-06,0.0162388488736,0,86398,daily_bucket,,,,,,,,
2024-02-01,ofi_500ms,500ms,8,2.86320867496e-06,0.0286372843583,0,86398,daily_bucket,,,,,,,,
2024-02-01,ofi_500ms,500ms,9,5.62147116134e-06,0.0562226739108,0,86393,daily_bucket,,,,,,,,
2024-02-01,ofi_500ms,500ms,10,1.719011126e-05,0.171917204986,0,86398,daily_bucket,,,,,,,,
2024-02-01,ofi_500ms,500ms,,,,,863975,daily_monotonicity,,1,,,,,,
2024-02-01,ofi_500ms,500ms,,,,,863975,daily_top_bottom,0.354856753925,,,,,,,
2024-02-01,qi_1,500ms,1,-2.18408728065e-05,-0.218393706782,0,86398,daily_bucket,,,,,,,,
2024-02-01,qi_1,500ms,2,-7.98156880918e-06,-0.0798085222314,0,86398,daily_bucket,,,,,,,,
2024-02-01,qi_1,500ms,3,-3.66911601599e-06,-0.0366857230353,0,86398,daily_bucket,,,,,,,,
2024-02-01,qi_1,500ms,4,-1.83880963395e-06,-0.0183839743585,0,86398,daily_bucket,,,,,,,,
2024-02-01,qi_1,500ms,5,-7.02954178281e-07,-0.00702453576973,0,86398,daily_bucket,,,,,,,,
2024-02-01,qi_1,500ms,6,8.32931894346e-07,0.00833373653171,0,86398,daily_bucket,,,,,,,,
2024-02-01,qi_1,500ms,7,2.53111749639e-06,0.025315828119,0,86398,daily_bucket,,,,,,,,
2024-02-01,qi_1,500ms,8,4.06129960445e-06,0.0406181520563,0,86398,daily_bucket,,,,,,,,
2024-02-01,qi_1,500ms,9,8.37851001562e-06,0.0837926420952,0,86397,daily_bucket,,,,,,,,
2024-02-01,qi_1,500ms,10,2.09124445643e-05,0.2091393609,0,86394,daily_bucket,,,,,,,,
2024-02-01,qi_1,500ms,,,,,863975,daily_monotonicity,,1,,,,,,
2024-02-01,qi_1,500ms,,,,,863975,daily_top_bottom,0.427533067682,,,,,,,
2024-02-01,trade_imbalance_500ms,500ms,1,-4.22806830119e-06,-0.0422752975031,0,69776,daily_bucket,,,,,,,,
2024-02-01,trade_imbalance_500ms,500ms,2,-3.44261863505e-06,-0.0344205693287,0,69776,daily_bucket,,,,,,,,
2024-02-01,trade_imbalance_500ms,500ms,3,-3.76859143935e-06,-0.0376789574985,0,69776,daily_bucket,,,,,,,,
2024-02-01,trade_imbalance_500ms,500ms,4,-1.23460644643e-05,-0.1234471938,0,69772,daily_bucket,,,,,,,,
2024-02-01,trade_imbalance_500ms,500ms,5,-3.38317473386e-06,-0.0338232867548,0,69776,daily_bucket,,,,,,,,
2024-02-01,trade_imbalance_500ms,500ms,6,6.42632479834e-07,0.00643430011752,0,69776,daily_bucket,,,,,,,,
2024-02-01,trade_imbalance_500ms,500ms,7,7.83174976448e-06,0.0783289691257,0,69776,daily_bucket,,,,,,,,
2024-02-01,trade_imbalance_500ms,500ms,8,1.07775446037e-05,0.107788810882,0,69776,daily_bucket,,,,,,,,
2024-02-01,trade_imbalance_500ms,500ms,9,2.93336736325e-06,0.0293372445048,0,69776,daily_bucket,,,,,,,,
2024-02-01,trade_imbalance_500ms,500ms,10,4.98942688488e-06,0.0499017758818,0,69776,daily_bucket,,,,,,,,
2024-02-01,trade_imbalance_500ms,500ms,,,,,697756,daily_monotonicity,,0.818181818182,,,,,,
2024-02-01,trade_imbalance_500ms,500ms,,,,,697756,daily_top_bottom,0.0921770733849,,,,,,,
2024-02-01,di_10,5s,1,-7.84772137884e-05,-0.784615462544,-0.418105322845,86398,daily_bucket,,,,,,,,
2024-02-01,di_10,5s,2,-4.45504831908e-05,-0.445385976253,0,86398,daily_bucket,,,,,,,,
2024-02-01,di_10,5s,3,-2.76797143808e-05,-0.276688126988,0,86398,daily_bucket,,,,,,,,
2024-02-01,di_10,5s,4,-1.79390249137e-05,-0.179285949677,0,86398,daily_bucket,,,,,,,,
2024-02-01,di_10,5s,5,-4.82490963477e-06,-0.0481392721044,0,86398,daily_bucket,,,,,,,,
2024-02-01,di_10,5s,6,2.64104580061e-06,0.0265208368587,0,86391,daily_bucket,,,,,,,,
2024-02-01,di_10,5s,7,1.97546954481e-05,0.197653898008,0,86396,daily_bucket,,,,,,,,
2024-02-01,di_10,5s,8,3.0007349561e-05,0.300186112198,0,86363,daily_bucket,,,,,,,,
2024-02-01,di_10,5s,9,4.61867614634e-05,0.461992738717,0,86396,daily_bucket,,,,,,,,
2024-02-01,di_10,5s,10,8.17215482028e-05,0.817378124982,0.414935053773,86394,daily_bucket,,,,,,,,
2024-02-01,di_10,5s,,,,,863930,daily_monotonicity,,1,,,,,,
2024-02-01,di_10,5s,,,,,863930,daily_top_bottom,1.60199358753,,,,,,,
2024-02-01,di_5,5s,1,-7.97345397951e-05,-0.797186303052,-0.42865545113,86398,daily_bucket,,,,,,,,
2024-02-01,di_5,5s,2,-4.51808634642e-05,-0.451690267237,0,86398,daily_bucket,,,,,,,,
2024-02-01,di_5,5s,3,-2.81713894826e-05,-0.281603935555,0,86398,daily_bucket,,,,,,,,
2024-02-01,di_5,5s,4,-1.57546605736e-05,-0.157447996621,0,86398,daily_bucket,,,,,,,,
2024-02-01,di_5,5s,5,-5.66689494526e-06,-0.0565579084793,0,86398,daily_bucket,,,,,,,,
2024-02-01,di_5,5s,6,2.05632668317e-06,0.0206743600937,0,86391,daily_bucket,,,,,,,,
2024-02-01,di_5,5s,7,2.01894561993e-05,0.202000427668,0,86392,daily_bucket,,,,,,,,
2024-02-01,di_5,5s,8,2.91736243334e-05,0.291847956432,0,86369,daily_bucket,,,,,,,,
2024-02-01,di_5,5s,9,4.59782240663e-05,0.459907731135,0,86394,daily_bucket,,,,,,,,
2024-02-01,di_5,5s,10,8.39504679191e-05,0.839669822382,0.455775584648,86394,daily_bucket,,,,,,,,
2024-02-01,di_5,5s,,,,,863930,daily_monotonicity,,1,,,,,,
2024-02-01,di_5,5s,,,,,863930,daily_top_bottom,1.63685612543,,,,,,,
2024-02-01,microprice_deviation_bps,5s,1,-8.02784083355e-05,-0.802620113485,-0.443622937781,86398,daily_bucket,,,,,,,,
2024-02-01,microprice_deviation_bps,5s,2,-4.48743475396e-05,-0.448626039766,0,86398,daily_bucket,,,,,,,,
2024-02-01,microprice_deviation_bps,5s,3,-2.83799215475e-05,-0.283688901255,0,86398,daily_bucket,,,,,,,,
2024-02-01,microprice_deviation_bps,5s,4,-1.46561499971e-05,-0.146466642897,0,86398,daily_bucket,,,,,,,,
2024-02-01,microprice_deviation_bps,5s,5,-6.22508797394e-06,-0.0621377676355,0,86398,daily_bucket,,,,,,,,
2024-02-01,microprice_deviation_bps,5s,6,2.87309076832e-06,0.028840775356,0,86391,daily_bucket,,,,,,,,
2024-02-01,microprice_deviation_bps,5s,7,1.93156290575e-05,0.193264282155,0,86384,daily_bucket,,,,,,,,
2024-02-01,microprice_deviation_bps,5s,8,2.92213450859e-05,0.292321385871,0,86374,daily_bucket,,,,,,,,
2024-02-01,microprice_deviation_bps,5s,9,4.69270127567e-05,0.469395035447,0,86397,daily_bucket,,,,,,,,
2024-02-01,microprice_deviation_bps,5s,10,8.2915074153e-05,0.829316726058,0.423838124145,86394,daily_bucket,,,,,,,,
2024-02-01,microprice_deviation_bps,5s,,,,,863930,daily_monotonicity,,1,,,,,,
2024-02-01,microprice_deviation_bps,5s,,,,,863930,daily_top_bottom,1.63193683954,,,,,,,
2024-02-01,ofi_5s,5s,1,-4.66432749585e-05,-0.466269027848,-0.00946853021544,86398,daily_bucket,,,,,,,,
2024-02-01,ofi_5s,5s,2,-3.54234410956e-05,-0.354090791565,0,86398,daily_bucket,,,,,,,,
2024-02-01,ofi_5s,5s,3,-2.48769172327e-05,-0.248649718989,0,86398,daily_bucket,,,,,,,,
2024-02-01,ofi_5s,5s,4,-1.35265202305e-05,-0.135169601447,0,86381,daily_bucket,,,,,,,,
2024-02-01,ofi_5s,5s,5,-2.75791300918e-06,-0.0275002204829,0,86376,daily_bucket,,,,,,,,
2024-02-01,ofi_5s,5s,6,8.27686476712e-06,0.0828465336894,0,86393,daily_bucket,,,,,,,,
2024-02-01,ofi_5s,5s,7,1.2868486461e-05,0.128781847643,0,86392,daily_bucket,,,,,,,,
2024-02-01,ofi_5s,5s,8,2.19009302628e-05,0.219124296272,0,86398,daily_bucket,,,,,,,,
2024-02-01,ofi_5s,5s,9,3.64061605254e-05,0.364201355591,0,86398,daily_bucket,,,,,,,,
2024-02-01,ofi_5s,5s,10,5.05960079816e-05,0.506145522055,0.00474322830047,86398,daily_bucket,,,,,,,,
2024-02-01,ofi_5s,5s,,,,,863930,daily_monotonicity,,1,,,,,,
2024-02-01,ofi_5s,5s,,,,,863930,daily_top_bottom,0.972414549903,,,,,,,
2024-02-01,qi_1,5s,1,-8.05145466619e-05,-0.804983492139,-0.443622937781,86398,daily_bucket,,,,,,,,
2024-02-01,qi_1,5s,2,-4.49325516676e-05,-0.449206637781,0,86398,daily_bucket,,,,,,,,
2024-02-01,qi_1,5s,3,-2.81999179071e-05,-0.281890352943,0,86398,daily_bucket,,,,,,,,
2024-02-01,qi_1,5s,4,-1.45489567443e-05,-0.145393996442,0,86398,daily_bucket,,,,,,,,
2024-02-01,qi_1,5s,5,-6.26340572062e-06,-0.0625190430596,0,86398,daily_bucket,,,,,,,,
2024-02-01,qi_1,5s,6,2.8119867059e-06,0.028229524827,0,86391,daily_bucket,,,,,,,,
2024-02-01,qi_1,5s,7,1.95326611032e-05,0.195435618987,0,86394,daily_bucket,,,,,,,,
2024-02-01,qi_1,5s,8,2.87661399554e-05,0.287770342121,0,86364,daily_bucket,,,,,,,,
2024-02-01,qi_1,5s,9,4.64792001953e-05,0.464916661021,0,86397,daily_bucket,,,,,,,,
2024-02-01,qi_1,5s,10,8.3708631209e-05,0.837250155969,0.433403427406,86394,daily_bucket,,,,,,,,
2024-02-01,qi_1,5s,,,,,863930,daily_monotonicity,,1,,,,,,
2024-02-01,qi_1,5s,,,,,863930,daily_top_bottom,1.64223364811,,,,,,,
2024-02-01,trade_imbalance_5s,5s,1,-3.00332654754e-05,-0.300224551538,0,86395,daily_bucket,,,,,,,,
2024-02-01,trade_imbalance_5s,5s,2,-1.68249992843e-05,-0.1681344628,0,86391,daily_bucket,,,,,,,,
2024-02-01,trade_imbalance_5s,5s,3,-1.33229447377e-05,-0.133103988153,0,86364,daily_bucket,,,,,,,,
2024-02-01,trade_imbalance_5s,5s,4,-9.701909803e-06,-0.0968956516643,0,86391,daily_bucket,,,,,,,,
2024-02-01,trade_imbalance_5s,5s,5,-3.26365190974e-06,-0.0325123819246,0,86398,daily_bucket,,,,,,,,
2024-02-01,trade_imbalance_5s,5s,6,-2.44703321528e-06,-0.0243391446085,0,86398,daily_bucket,,,,,,,,
2024-02-01,trade_imbalance_5s,5s,7,8.56882537877e-06,0.0858057760649,0,86397,daily_bucket,,,,,,,,
2024-02-01,trade_imbalance_5s,5s,8,1.49157267635e-05,0.149285708902,0,86398,daily_bucket,,,,,,,,
2024-02-01,trade_imbalance_5s,5s,9,2.64475236876e-05,0.264595506924,0,86398,daily_bucket,,,,,,,,
2024-02-01,trade_imbalance_5s,5s,10,3.24700164142e-05,0.324822446864,0,86397,daily_bucket,,,,,,,,
2024-02-01,trade_imbalance_5s,5s,,,,,863927,daily_monotonicity,,1,,,,,,
2024-02-01,trade_imbalance_5s,5s,,,,,863927,daily_top_bottom,0.625046998403,,,,,,,
2024-03-01,di_10,100ms,1,-8.19591500055e-06,-0.0819553989116,0,86394,daily_bucket,,,,,,,,
2024-03-01,di_10,100ms,2,-2.69872588723e-06,-0.0269858122818,0,86394,daily_bucket,,,,,,,,
2024-03-01,di_10,100ms,3,-1.38096010528e-06,-0.0138085281461,0,86391,daily_bucket,,,,,,,,
2024-03-01,di_10,100ms,4,-6.17786690114e-07,-0.00617706737639,0,86393,daily_bucket,,,,,,,,
2024-03-01,di_10,100ms,5,-1.90124344193e-07,-0.0019005304278,0,86393,daily_bucket,,,,,,,,
2024-03-01,di_10,100ms,6,2.04201706711e-07,0.0020427402605,0,86394,daily_bucket,,,,,,,,
2024-03-01,di_10,100ms,7,8.29661146201e-07,0.00829743727473,0,86394,daily_bucket,,,,,,,,
2024-03-01,di_10,100ms,8,1.41035698193e-06,0.0141044976452,0,86393,daily_bucket,,,,,,,,
2024-03-01,di_10,100ms,9,2.84924838425e-06,0.0284940435362,0,86394,daily_bucket,,,,,,,,
2024-03-01,di_10,100ms,10,8.03055584773e-06,0.0803088919247,0,86393,daily_bucket,,,,,,,,
2024-03-01,di_10,100ms,,,,,863933,daily_monotonicity,,1,,,,,,
2024-03-01,di_10,100ms,,,,,863933,daily_top_bottom,0.162264290836,,,,,,,
2024-03-01,di_5,100ms,1,-8.6382768947e-06,-0.0863789129151,0,86394,daily_bucket,,,,,,,,
2024-03-01,di_5,100ms,2,-2.5448820725e-06,-0.0254473297768,0,86394,daily_bucket,,,,,,,,
2024-03-01,di_5,100ms,3,-1.24404884727e-06,-0.0124395109223,0,86390,daily_bucket,,,,,,,,
2024-03-01,di_5,100ms,4,-5.79851539664e-07,-0.00579777096133,0,86394,daily_bucket,,,,,,,,
2024-03-01,di_5,100ms,5,-1.63877626101e-07,-0.00163807152024,0,86393,daily_bucket,,,,,,,,
2024-03-01,di_5,100ms,6,1.71168324412e-07,0.00171236044136,0,86394,daily_bucket,,,,,,,,
2024-03-01,di_5,100ms,7,6.75796751524e-07,0.00675871758414,0,86394,daily_bucket,,,,,,,,
2024-03-01,di_5,100ms,8,1.14907533063e-06,0.0114916238154,0,86393,daily_bucket,,,,,,,,
2024-03-01,di_5,100ms,9,2.63552838764e-06,0.0263567311983,0,86394,daily_bucket,,,,,,,,
2024-03-01,di_5,100ms,10,8.77988368365e-06,0.0878024711372,0,86393,daily_bucket,,,,,,,,
2024-03-01,di_5,100ms,,,,,863933,daily_monotonicity,,1,,,,,,
2024-03-01,di_5,100ms,,,,,863933,daily_top_bottom,0.174181384052,,,,,,,
2024-03-01,microprice_deviation_bps,100ms,1,-9.16684233214e-06,-0.0916641146871,0,86394,daily_bucket,,,,,,,,
2024-03-01,microprice_deviation_bps,100ms,2,-2.13617213824e-06,-0.0213604460972,0,86393,daily_bucket,,,,,,,,
2024-03-01,microprice_deviation_bps,100ms,3,-1.04312360749e-06,-0.0104303965751,0,86392,daily_bucket,,,,,,,,
2024-03-01,microprice_deviation_bps,100ms,4,-5.33049002563e-07,-0.00532980473739,0,86393,daily_bucket,,,,,,,,
2024-03-01,microprice_deviation_bps,100ms,5,-8.46332599807e-08,-0.000845698140157,0,86393,daily_bucket,,,,,,,,
2024-03-01,microprice_deviation_bps,100ms,6,1.19989434693e-07,0.00120051967961,0,86394,daily_bucket,,,,,,,,
2024-03-01,microprice_deviation_bps,100ms,7,5.32617890811e-07,0.00532683698909,0,86394,daily_bucket,,,,,,,,
2024-03-01,microprice_deviation_bps,100ms,8,9.31024980749e-07,0.00931098463744,0,86393,daily_bucket,,,,,,,,
2024-03-01,microprice_deviation_bps,100ms,9,2.09928766126e-06,0.020994070138,0,86394,daily_bucket,,,,,,,,
2024-03-01,microprice_deviation_bps,100ms,10,9.52142540199e-06,0.0952184521893,0,86393,daily_bucket,,,,,,,,
2024-03-01,microprice_deviation_bps,100ms,,,,,863933,daily_monotonicity,,1,,,,,,
2024-03-01,microprice_deviation_bps,100ms,,,,,863933,daily_top_bottom,0.186882566876,,,,,,,
2024-03-01,ofi_100ms,100ms,1,-8.09896416723e-06,-0.0809854144042,0,86399,daily_bucket,,,,,,,,
2024-03-01,ofi_100ms,100ms,2,-1.5040888357e-06,-0.0150396029184,0,86399,daily_bucket,,,,,,,,
2024-03-01,ofi_100ms,100ms,3,-5.43334673115e-07,-0.00543249212804,0,86398,daily_bucket,,,,,,,,
2024-03-01,ofi_100ms,100ms,4,-1.54820491304e-07,-0.00154759292791,0,86399,daily_bucket,,,,,,,,
2024-03-01,ofi_100ms,100ms,5,-1.37386730952e-09,-1.32174323049e-05,0,86359,daily_bucket,,,,,,,,
2024-03-01,ofi_100ms,100ms,6,-2.73896521456e-09,-2.65003370123e-05,0,86386,daily_bucket,,,,,,,,
2024-03-01,ofi_100ms,100ms,7,1.98895703643e-07,0.00198969244712,0,86398,daily_bucket,,,,,,,,
2024-03-01,ofi_100ms,100ms,8,5.6470209871e-07,0.00564792279562,0,86398,daily_bucket,,,,,,,,
2024-03-01,ofi_100ms,100ms,9,1.55039807486e-06,0.0155052139333,0,86399,daily_bucket,,,,,,,,
2024-03-01,ofi_100ms,100ms,10,8.23186805238e-06,0.0823225728402,0,86398,daily_bucket,,,,,,,,
2024-03-01,ofi_100ms,100ms,,,,,863933,daily_monotonicity,,0.987878787879,,,,,,
2024-03-01,ofi_100ms,100ms,,,,,863933,daily_top_bottom,0.163307987244,,,,,,,
2024-03-01,qi_1,100ms,1,-8.97818559823e-06,-0.0897778215776,0,86394,daily_bucket,,,,,,,,
2024-03-01,qi_1,100ms,2,-2.21906686206e-06,-0.022189316179,0,86393,daily_bucket,,,,,,,,
2024-03-01,qi_1,100ms,3,-1.0796841808e-06,-0.0107959381301,0,86392,daily_bucket,,,,,,,,
2024-03-01,qi_1,100ms,4,-5.72717565397e-07,-0.00572642190593,0,86393,daily_bucket,,,,,,,,
2024-03-01,qi_1,100ms,5,-1.14537372371e-07,-0.00114466063809,0,86393,daily_bucket,,,,,,,,
2024-03-01,qi_1,100ms,6,1.64024906031e-07,0.00164097961387,0,86394,daily_bucket,,,,,,,,
2024-03-01,qi_1,100ms,7,5.69384236076e-07,0.00569455008229,0,86394,daily_bucket,,,,,,,,
2024-03-01,qi_1,100ms,8,1.00724472663e-06,0.0100732691218,0,86393,daily_bucket,,,,,,,,
2024-03-01,qi_1,100ms,9,2.1822895272e-06,0.0218241732925,0,86394,daily_bucket,,,,,,,,
2024-03-01,qi_1,100ms,10,9.2817687091e-06,0.0928215446887,0,86393,daily_bucket,,,,,,,,
2024-03-01,qi_1,100ms,,,,,863933,daily_monotonicity,,1,,,,,,
2024-03-01,qi_1,100ms,,,,,863933,daily_top_bottom,0.182599366266,,,,,,,
2024-03-01,trade_imbalance_100ms,100ms,1,-3.9064430747e-06,-0.0390624762057,0,39043,daily_bucket,,,,,,,,
2024-03-01,trade_imbalance_100ms,100ms,2,-3.34030596645e-06,-0.0334012343685,0,39031,daily_bucket,,,,,,,,
2024-03-01,trade_imbalance_100ms,100ms,3,-5.60195350789e-06,-0.0560163770365,0,39043,daily_bucket,,,,,,,,
2024-03-01,trade_imbalance_100ms,100ms,4,-4.30300690198e-06,-0.0430273398556,0,39042,daily_bucket,,,,,,,,
2024-03-01,trade_imbalance_100ms,100ms,5,-8.19100821071e-06,-0.0819038618014,0,39033,daily_bucket,,,,,,,,
2024-03-01,trade_imbalance_100ms,100ms,6,7.44913027275e-06,0.0744960243288,0,39032,daily_bucket,,,,,,,,
2024-03-01,trade_imbalance_100ms,100ms,7,4.09076949323e-06,0.0409097539934,0,39042,daily_bucket,,,,,,,,
2024-03-01,trade_imbalance_100ms,100ms,8,3.80283518551e-06,0.0380301618869,0,39030,daily_bucket,,,,,,,,
2024-03-01,trade_imbalance_100ms,100ms,9,5.94933548702e-06,0.0594965746228,0,39042,daily_bucket,,,,,,,,
2024-03-01,trade_imbalance_100ms,100ms,10,4.5122515117e-06,0.0451248898986,0,39042,daily_bucket,,,,,,,,
2024-03-01,trade_imbalance_100ms,100ms,,,,,390380,daily_monotonicity,,0.636363636364,,,,,,
2024-03-01,trade_imbalance_100ms,100ms,,,,,390380,daily_top_bottom,0.0841873661043,,,,,,,
2024-03-01,di_10,1s,1,-4.18773547034e-05,-0.418731872727,0,86394,daily_bucket,,,,,,,,
2024-03-01,di_10,1s,2,-2.13523062983e-05,-0.213496673505,0,86394,daily_bucket,,,,,,,,
2024-03-01,di_10,1s,3,-1.35935388924e-05,-0.13591173564,0,86373,daily_bucket,,,,,,,,
2024-03-01,di_10,1s,4,-6.47232313979e-06,-0.0647008810099,0,86384,daily_bucket,,,,,,,,
2024-03-01,di_10,1s,5,-2.23020499509e-06,-0.0222796700061,0,86393,daily_bucket,,,,,,,,
2024-03-01,di_10,1s,6,2.58665502631e-06,0.0258869619828,0,86394,daily_bucket,,,,,,,,
2024-03-01,di_10,1s,7,8.00151030935e-06,0.0800351319399,0,86394,daily_bucket,,,,,,,,
2024-03-01,di_10,1s,8,1.39061915873e-05,0.139084639354,0,86393,daily_bucket,,,,,,,,
2024-03-01,di_10,1s,9,2.15649738295e-05,0.215675593071,0,86394,daily_bucket,,,,,,,,
2024-03-01,di_10,1s,10,4.18666179627e-05,0.418704684608,0,86393,daily_bucket,,,,,,,,
2024-03-01,di_10,1s,,,,,863906,daily_monotonicity,,1,,,,,,
2024-03-01,di_10,1s,,,,,863906,daily_top_bottom,0.837436557336,,,,,,,
2024-03-01,di_5,1s,1,-4.34804984371e-05,-0.434762548616,0,86394,daily_bucket,,,,,,,,
2024-03-01,di_5,1s,2,-2.14564779261e-05,-0.214538122485,0,86394,daily_bucket,,,,,,,,
2024-03-01,di_5,1s,3,-1.3011782715e-05,-0.130095181668,0,86363,daily_bucket,,,,,,,,
2024-03-01,di_5,1s,4,-6.82985748865e-06,-0.0682751467942,0,86394,daily_bucket,,,,,,,,
2024-03-01,di_5,1s,5,-1.21122037313e-06,-0.0120902118516,0,86393,daily_bucket,,,,,,,,
2024-03-01,di_5,1s,6,1.69108283086e-06,0.016929644615,0,86394,daily_bucket,,,,,,,,
2024-03-01,di_5,1s,7,7.80430619131e-06,0.0780629826598,0,86394,daily_bucket,,,,,,,,
2024-03-01,di_5,1s,8,1.27143956065e-05,0.127166259985,0,86393,daily_bucket,,,,,,,,
2024-03-01,di_5,1s,9,2.20622052916e-05,0.22064821975,0,86394,daily_bucket,,,,,,,,
2024-03-01,di_5,1s,10,4.41174762334e-05,0.441214367541,0.0320358827516,86393,daily_bucket,,,,,,,,
2024-03-01,di_5,1s,,,,,863906,daily_monotonicity,,1,,,,,,
2024-03-01,di_5,1s,,,,,863906,daily_top_bottom,0.875976916157,,,,,,,
2024-03-01,microprice_deviation_bps,1s,1,-4.41105638112e-05,-0.441061301297,-0.00965541437531,86394,daily_bucket,,,,,,,,
2024-03-01,microprice_deviation_bps,1s,2,-2.06202460009e-05,-0.206177323162,0,86384,daily_bucket,,,,,,,,
2024-03-01,microprice_deviation_bps,1s,3,-1.36636119285e-05,-0.136612692492,0,86383,daily_bucket,,,,,,,,
2024-03-01,microprice_deviation_bps,1s,4,-6.76318060313e-06,-0.0676094302528,0,86384,daily_bucket,,,,,,,,
2024-03-01,microprice_deviation_bps,1s,5,-9.67784157494e-07,-0.00965627328659,0,86393,daily_bucket,,,,,,,,
2024-03-01,microprice_deviation_bps,1s,6,2.02278671691e-06,0.0202463841074,0,86394,daily_bucket,,,,,,,,
2024-03-01,microprice_deviation_bps,1s,7,7.16365707657e-06,0.0716567843717,0,86394,daily_bucket,,,,,,,,
2024-03-01,microprice_deviation_bps,1s,8,1.28662322209e-05,0.128683516651,0,86393,daily_bucket,,,,,,,,
2024-03-01,microprice_deviation_bps,1s,9,2.10600203361e-05,0.210625127422,0,86394,daily_bucket,,,,,,,,
2024-03-01,microprice_deviation_bps,1s,10,4.54120985292e-05,0.454163263092,0.0967205107564,86393,daily_bucket,,,,,,,,
2024-03-01,microprice_deviation_bps,1s,,,,,863906,daily_monotonicity,,1,,,,,,
2024-03-01,microprice_deviation_bps,1s,,,,,863906,daily_top_bottom,0.895224564389,,,,,,,
2024-03-01,ofi_1s,1s,1,-3.2993053008e-05,-0.329888394952,0,86399,daily_bucket,,,,,,,,
2024-03-01,ofi_1s,1s,2,-1.89041982691e-05,-0.189010686905,0,86391,daily_bucket,,,,,,,,
2024-03-01,ofi_1s,1s,3,-1.04905307034e-05,-0.104880930699,0,86397,daily_bucket,,,,,,,,
2024-03-01,ofi_1s,1s,4,-5.50063267164e-06,-0.054986399751,0,86382,daily_bucket,,,,,,,,
2024-03-01,ofi_1s,1s,5,-2.62481055245e-06,-0.0262325168993,0,86345,daily_bucket,,,,,,,,
2024-03-01,ofi_1s,1s,6,1.97076433305e-06,0.0197241249677,0,86398,daily_bucket,,,,,,,,
2024-03-01,ofi_1s,1s,7,6.07584859912e-06,0.0607794029285,0,86399,daily_bucket,,,,,,,,
2024-03-01,ofi_1s,1s,8,1.01493210243e-05,0.101515989781,0,86398,daily_bucket,,,,,,,,
2024-03-01,ofi_1s,1s,9,2.09424758618e-05,0.209457881821,0,86399,daily_bucket,,,,,,,,
2024-03-01,ofi_1s,1s,10,3.3774145702e-05,0.337778797506,0,86398,daily_bucket,,,,,,,,
2024-03-01,ofi_1s,1s,,,,,863906,daily_monotonicity,,1,,,,,,
2024-03-01,ofi_1s,1s,,,,,863906,daily_top_bottom,0.667667192458,,,,,,,
2024-03-01,qi_1,1s,1,-4.3923859371e-05,-0.439195566688,-0.0064133781534,86394,daily_bucket,,,,,,,,
2024-03-01,qi_1,1s,2,-2.07710133237e-05,-0.207684545199,0,86384,daily_bucket,,,,,,,,
2024-03-01,qi_1,1s,3,-1.35012591924e-05,-0.134988909331,0,86383,daily_bucket,,,,,,,,
2024-03-01,qi_1,1s,4,-6.84084286296e-06,-0.0683857674085,0,86384,daily_bucket,,,,,,,,
2024-03-01,qi_1,1s,5,-1.07746221647e-06,-0.0107526030955,0,86393,daily_bucket,,,,,,,,
2024-03-01,qi_1,1s,6,2.13891528976e-06,0.021408231367,0,86394,daily_bucket,,,,,,,,
2024-03-01,qi_1,1s,7,7.19676654268e-06,0.0719878957356,0,86394,daily_bucket,,,,,,,,
2024-03-01,qi_1,1s,8,1.28754560331e-05,0.128776117972,0,86393,daily_bucket,,,,,,,,
2024-03-01,qi_1,1s,9,2.11337202723e-05,0.211362568182,0,86394,daily_bucket,,,,,,,,
2024-03-01,qi_1,1s,10,4.51689774613e-05,0.451730536269,0.0885896741325,86393,daily_bucket,,,,,,,,
2024-03-01,qi_1,1s,,,,,863906,daily_monotonicity,,1,,,,,,
2024-03-01,qi_1,1s,,,,,863906,daily_top_bottom,0.890926102957,,,,,,,
2024-03-01,trade_imbalance_1s,1s,1,-8.80076707553e-06,-0.0879888742431,0,85460,daily_bucket,,,,,,,,
2024-03-01,trade_imbalance_1s,1s,2,-1.72437688716e-05,-0.172408138781,0,85461,daily_bucket,,,,,,,,
2024-03-01,trade_imbalance_1s,1s,3,-1.21902216945e-05,-0.121872255745,0,85463,daily_bucket,,,,,,,,
2024-03-01,trade_imbalance_1s,1s,4,-7.58290427952e-06,-0.075801723654,0,85444,daily_bucket,,,,,,,,
2024-03-01,trade_imbalance_1s,1s,5,-2.2097255714e-06,-0.0220704695668,0,85442,daily_bucket,,,,,,,,
2024-03-01,trade_imbalance_1s,1s,6,2.64415881403e-06,0.0264707398383,0,85447,daily_bucket,,,,,,,,
2024-03-01,trade_imbalance_1s,1s,7,7.36048394383e-06,0.0736314483018,0,85459,daily_bucket,,,,,,,,
2024-03-01,trade_imbalance_1s,1s,8,1.20426525914e-05,0.120455362687,0,85462,daily_bucket,,,,,,,,
2024-03-01,trade_imbalance_1s,1s,9,1.7138794253e-05,0.171415557236,0,85465,daily_bucket,,,,,,,,
2024-03-01,trade_imbalance_1s,1s,10,1.12096168231e-05,0.112117186963,0,85464,daily_bucket,,,,,,,,
2024-03-01,trade_imbalance_1s,1s,,,,,854567,daily_monotonicity,,0.927272727273,,,,,,
2024-03-01,trade_imbalance_1s,1s,,,,,854567,daily_top_bottom,0.200106061207,,,,,,,
2024-03-01,di_10,30s,1,-0.000118109257772,-1.17972916351,-1.10944976297,86390,daily_bucket,,,,,,,,
2024-03-01,di_10,30s,2,-6.74138313576e-05,-0.672859751263,-0.691348515227,86324,daily_bucket,,,,,,,,
2024-03-01,di_10,30s,3,-4.55681887566e-05,-0.454360284632,-0.346519026997,86291,daily_bucket,,,,,,,,
2024-03-01,di_10,30s,4,-3.08279448373e-05,-0.30694883122,-0.217096442809,86374,daily_bucket,,,,,,,,
2024-03-01,di_10,30s,5,-9.12193522105e-06,-0.0899534206902,0,86373,daily_bucket,,,,,,,,
2024-03-01,di_10,30s,6,1.59229460989e-05,0.160564001751,0.00161420539488,86371,daily_bucket,,,,,,,,
2024-03-01,di_10,30s,7,3.47870853934e-05,0.349164382033,0.327646157632,86348,daily_bucket,,,,,,,,
2024-03-01,di_10,30s,8,6.28275555407e-05,0.629552360227,0.626759046066,86372,daily_bucket,,,,,,,,
2024-03-01,di_10,30s,9,9.17622820328e-05,0.918898314159,0.923370265705,86365,daily_bucket,,,,,,,,
2024-03-01,di_10,30s,10,0.000134722171064,1.34856540949,1.39932577497,86380,daily_bucket,,,,,,,,
2024-03-01,di_10,30s,,,,,863588,daily_monotonicity,,1,,,,,,
2024-03-01,di_10,30s,,,,,863588,daily_top_bottom,2.52829457301,,,,,,,
2024-03-01,di_5,30s,1,-0.000119235319747,-1.19100092977,-1.11170235658,86390,daily_bucket,,,,,,,,
2024-03-01,di_5,30s,2,-6.95108935365e-05,-0.693801387825,-0.767591609214,86317,daily_bucket,,,,,,,,
2024-03-01,di_5,30s,3,-4.17835203845e-05,-0.416501969429,-0.318126727997,86284,daily_bucket,,,,,,,,
2024-03-01,di_5,30s,4,-2.99785487058e-05,-0.298506541127,-0.195613025166,86389,daily_bucket,,,,,,,,
2024-03-01,di_5,30s,5,-9.50885737393e-06,-0.0937761141752,0,86380,daily_bucket,,,,,,,,
2024-03-01,di_5,30s,6,1.26047873431e-05,0.127347659746,0.00162079821232,86384,daily_bucket,,,,,,,,
2024-03-01,di_5,30s,7,3.7317446171e-05,0.37449347009,0.372857747036,86359,daily_bucket,,,,,,,,
2024-03-01,di_5,30s,8,5.91864174468e-05,0.593106940706,0.616299621008,86336,daily_bucket,,,,,,,,
2024-03-01,di_5,30s,9,9.45532135757e-05,0.946800054398,0.892160758918,86367,daily_bucket,,,,,,,,
2024-03-01,di_5,30s,10,0.000135349246339,1.35486273558,1.41564691315,86382,daily_bucket,,,,,,,,
2024-03-01,di_5,30s,,,,,863588,daily_monotonicity,,1,,,,,,
2024-03-01,di_5,30s,,,,,863588,daily_top_bottom,2.54586366534,,,,,,,
2024-03-01,microprice_deviation_bps,30s,1,-0.00011726225612,-1.17125295136,-1.09916206621,86367,daily_bucket,,,,,,,,
2024-03-01,microprice_deviation_bps,30s,2,-6.85731895118e-05,-0.684419504067,-0.792604805406,86333,daily_bucket,,,,,,,,
2024-03-01,microprice_deviation_bps,30s,3,-4.62294827005e-05,-0.461008904319,-0.350609735258,86294,daily_bucket,,,,,,,,
2024-03-01,microprice_deviation_bps,30s,4,-2.49727673222e-05,-0.248438398214,-0.159523448116,86391,daily_bucket,,,,,,,,
2024-03-01,microprice_deviation_bps,30s,5,-1.14163507705e-05,-0.1128259669,0,86372,daily_bucket,,,,,,,,
2024-03-01,microprice_deviation_bps,30s,6,1.09261511036e-05,0.11055439041,0.00162079821232,86387,daily_bucket,,,,,,,,
2024-03-01,microprice_deviation_bps,30s,7,3.74802739896e-05,0.376109583173,0.304279791869,86383,daily_bucket,,,,,,,,
2024-03-01,microprice_deviation_bps,30s,8,6.44995817421e-05,0.646214807382,0.65407456238,86343,daily_bucket,,,,,,,,
2024-03-01,microprice_deviation_bps,30s,9,9.23444586096e-05,0.924695702494,0.899789740546,86355,daily_bucket,,,,,,,,
2024-03-01,microprice_deviation_bps,30s,10,0.00013220734932,1.32349310719,1.39932577497,86363,daily_bucket,,,,,,,,
2024-03-01,microprice_deviation_bps,30s,,,,,863588,daily_monotonicity,,1,,,,,,
2024-03-01,microprice_deviation_bps,30s,,,,,863588,daily_top_bottom,2.49474605855,,,,,,,
2024-03-01,ofi_30s,30s,1,-7.81063943759e-05,-0.779549072504,-0.829907582112,86399,daily_bucket,,,,,,,,
2024-03-01,ofi_30s,30s,2,-4.14982385338e-05,-0.413666887157,-0.437324075988,86362,daily_bucket,,,,,,,,
2024-03-01,ofi_30s,30s,3,-4.10839229201e-05,-0.409569643922,-0.431558171721,86398,daily_bucket,,,,,,,,
2024-03-01,ofi_30s,30s,4,-1.27309394638e-05,-0.126077208695,-0.00159843723988,86367,daily_bucket,,,,,,,,
2024-03-01,ofi_30s,30s,5,1.41844578672e-05,0.14301756783,0,86318,daily_bucket,,,,,,,,
2024-03-01,ofi_30s,30s,6,1.95543523293e-05,0.196752051338,0.1790656177,86256,daily_bucket,,,,,,,,
2024-03-01,ofi_30s,30s,7,3.13907934071e-05,0.31515793676,0.2664762553,86351,daily_bucket,,,,,,,,
2024-03-01,ofi_30s,30s,8,4.95153958732e-05,0.496398213128,0.53713908264,86390,daily_bucket,,,,,,,,
2024-03-01,ofi_30s,30s,9,4.74746118522e-05,0.476119448622,0.60387864253,86350,daily_bucket,,,,,,,,
2024-03-01,ofi_30s,30s,10,8.03832327419e-05,0.80533498656,0.909331862421,86397,daily_bucket,,,,,,,,
2024-03-01,ofi_30s,30s,,,,,863588,daily_monotonicity,,0.987878787879,,,,,,
2024-03-01,ofi_30s,30s,,,,,863588,daily_top_bottom,1.58488405906,,,,,,,
2024-03-01,qi_1,30s,1,-0.000117079044285,-1.16942907223,-1.09916206621,86367,daily_bucket,,,,,,,,
2024-03-01,qi_1,30s,2,-6.91938203841e-05,-0.690626688723,-0.792604805406,86332,daily_bucket,,,,,,,,
2024-03-01,qi_1,30s,3,-4.54028642976e-05,-0.452738501789,-0.349847747074,86295,daily_bucket,,,,,,,,
2024-03-01,qi_1,30s,4,-2.55800619667e-05,-0.254510824089,-0.172216171855,86391,daily_bucket,,,,,,,,
2024-03-01,qi_1,30s,5,-1.11672720199e-05,-0.110330129155,0,86372,daily_bucket,,,,,,,,
2024-03-01,qi_1,30s,6,1.12370270715e-05,0.113663836585,0.00162079821232,86387,daily_bucket,,,,,,,,
2024-03-01,qi_1,30s,7,3.78816126787e-05,0.380124378654,0.313642339102,86385,daily_bucket,,,,,,,,
2024-03-01,qi_1,30s,8,6.46121940511e-05,0.647337018811,0.656091510332,86340,daily_bucket,,,,,,,,
2024-03-01,qi_1,30s,9,9.12721810224e-05,0.913976148616,0.890552746264,86354,daily_bucket,,,,,,,,
2024-03-01,qi_1,30s,10,0.000132423253054,1.32565006044,1.40627551669,86365,daily_bucket,,,,,,,,
2024-03-01,qi_1,30s,,,,,863588,daily_monotonicity,,1,,,,,,
2024-03-01,qi_1,30s,,,,,863588,daily_top_bottom,2.49507913267,,,,,,,
2024-03-01,trade_imbalance_30s,30s,1,-2.92706026154e-05,-0.291644605473,-0.172216171855,86399,daily_bucket,,,,,,,,
2024-03-01,trade_imbalance_30s,30s,2,-3.02961100744e-05,-0.301445957513,-0.177857536277,86362,daily_bucket,,,,,,,,
2024-03-01,trade_imbalance_30s,30s,3,-1.34827820972e-05,-0.133369778926,-0.0571138526304,86338,daily_bucket,,,,,,,,
2024-03-01,trade_imbalance_30s,30s,4,-1.71345140705e-05,-0.169929393087,-0.206806913283,86394,daily_bucket,,,,,,,,
2024-03-01,trade_imbalance_30s,30s,5,5.64230052107e-06,0.0577815269825,0,86316,daily_bucket,,,,,,,,
2024-03-01,trade_imbalance_30s,30s,6,2.44606949832e-05,0.245874581098,0.157733796695,86265,daily_bucket,,,,,,,,
2024-03-01,trade_imbalance_30s,30s,7,1.14769274175e-05,0.116093047675,0.0213037938206,86332,daily_bucket,,,,,,,,
2024-03-01,trade_imbalance_30s,30s,8,2.4919556237e-05,0.250423022168,0.406412802297,86396,daily_bucket,,,,,,,,
2024-03-01,trade_imbalance_30s,30s,9,3.65735442857e-05,0.36693841966,0.343541928682,86388,daily_bucket,,,,,,,,
2024-03-01,trade_imbalance_30s,30s,10,5.61551950679e-05,0.562805634217,0.522160414083,86398,daily_bucket,,,,,,,,
2024-03-01,trade_imbalance_30s,30s,,,,,863588,daily_monotonicity,,0.963636363636,,,,,,
2024-03-01,trade_imbalance_30s,30s,,,,,863588,daily_top_bottom,0.85445023969,,,,,,,
2024-03-01,di_10,500ms,1,-2.68310111986e-05,-0.26828919297,0,86394,daily_bucket,,,,,,,,
2024-03-01,di_10,500ms,2,-1.19334921438e-05,-0.119323689417,0,86394,daily_bucket,,,,,,,,
2024-03-01,di_10,500ms,3,-7.23388469038e-06,-0.07232933149,0,86383,daily_bucket,,,,,,,,
2024-03-01,di_10,500ms,4,-3.32706277274e-06,-0.0332617796662,0,86389,daily_bucket,,,,,,,,
2024-03-01,di_10,500ms,5,-1.04377870561e-06,-0.010428738171,0,86393,daily_bucket,,,,,,,,
2024-03-01,di_10,500ms,6,9.87738041572e-07,0.00988553163895,0,86394,daily_bucket,,,,,,,,
2024-03-01,di_10,500ms,7,4.3504190797e-06,0.0435120734032,0,86394,daily_bucket,,,,,,,,
2024-03-01,di_10,500ms,8,7.4333685057e-06,0.074343004118,0,86393,daily_bucket,,,,,,,,
2024-03-01,di_10,500ms,9,1.23475340291e-05,0.123486771833,0,86394,daily_bucket,,,,,,,,
2024-03-01,di_10,500ms,10,2.645099967e-05,0.264528800872,0,86393,daily_bucket,,,,,,,,
2024-03-01,di_10,500ms,,,,,863921,daily_monotonicity,,1,,,,,,
2024-03-01,di_10,500ms,,,,,863921,daily_top_bottom,0.532817993842,,,,,,,
2024-03-01,di_5,500ms,1,-2.79199146486e-05,-0.279177843048,0,86394,daily_bucket,,,,,,,,
2024-03-01,di_5,500ms,2,-1.19562947702e-05,-0.119551277903,0,86394,daily_bucket,,,,,,,,
2024-03-01,di_5,500ms,3,-6.82010801028e-06,-0.0681922111332,0,86378,daily_bucket,,,,,,,,
2024-03-01,di_5,500ms,4,-3.47576078647e-06,-0.0347483170261,0,86394,daily_bucket,,,,,,,,
2024-03-01,di_5,500ms,5,-6.29433989208e-07,-0.00628567055161,0,86393,daily_bucket,,,,,,,,
2024-03-01,di_5,500ms,6,7.39256229648e-07,0.00740000880887,0,86394,daily_bucket,,,,,,,,
2024-03-01,di_5,500ms,7,4.03975333009e-06,0.0404054117508,0,86394,daily_bucket,,,,,,,,
2024-03-01,di_5,500ms,8,6.58778358473e-06,0.0658867790876,0,86393,daily_bucket,,,,,,,,
2024-03-01,di_5,500ms,9,1.23339247696e-05,0.123350464409,0,86394,daily_bucket,,,,,,,,
2024-03-01,di_5,500ms,10,2.8301491059e-05,0.283034775212,0,86393,daily_bucket,,,,,,,,
2024-03-01,di_5,500ms,,,,,863921,daily_monotonicity,,1,,,,,,
2024-03-01,di_5,500ms,,,,,863921,daily_top_bottom,0.56221261826,,,,,,,
2024-03-01,microprice_deviation_bps,500ms,1,-2.87936098208e-05,-0.287913453903,0,86394,daily_bucket,,,,,,,,
2024-03-01,microprice_deviation_bps,500ms,2,-1.11529559764e-05,-0.111518753212,0,86389,daily_bucket,,,,,,,,
2024-03-01,microprice_deviation_bps,500ms,3,-6.94225756531e-06,-0.069413500591,0,86388,daily_bucket,,,,,,,,
2024-03-01,microprice_deviation_bps,500ms,4,-3.40529113215e-06,-0.0340442618648,0,86389,daily_bucket,,,,,,,,
2024-03-01,microprice_deviation_bps,500ms,5,-4.79716987407e-07,-0.0047886304977,0,86393,daily_bucket,,,,,,,,
2024-03-01,microprice_deviation_bps,500ms,6,9.78154084218e-07,0.00978882197291,0,86394,daily_bucket,,,,,,,,
2024-03-01,microprice_deviation_bps,500ms,7,3.55522942081e-06,0.0355597723697,0,86394,daily_bucket,,,,,,,,
2024-03-01,microprice_deviation_bps,500ms,8,6.4138940263e-06,0.0641474911835,0,86393,daily_bucket,,,,,,,,
2024-03-01,microprice_deviation_bps,500ms,9,1.14819941823e-05,0.114830290439,0,86394,daily_bucket,,,,,,,,
2024-03-01,microprice_deviation_bps,500ms,10,2.95452090391e-05,0.295473868865,0,86393,daily_bucket,,,,,,,,
2024-03-01,microprice_deviation_bps,500ms,,,,,863921,daily_monotonicity,,1,,,,,,
2024-03-01,microprice_deviation_bps,500ms,,,,,863921,daily_top_bottom,0.583387322768,,,,,,,
2024-03-01,ofi_500ms,500ms,1,-2.26622109534e-05,-0.226600528442,0,86399,daily_bucket,,,,,,,,
2024-03-01,ofi_500ms,500ms,2,-9.85704526712e-06,-0.0985566342549,0,86399,daily_bucket,,,,,,,,
2024-03-01,ofi_500ms,500ms,3,-4.91622547293e-06,-0.0491530057288,0,86398,daily_bucket,,,,,,,,
2024-03-01,ofi_500ms,500ms,4,-1.9499328161e-06,-0.0194910813422,0,86399,daily_bucket,,,,,,,,
2024-03-01,ofi_500ms,500ms,5,-6.16262264703e-07,-0.0061564813544,0,86333,daily_bucket,,,,,,,,
2024-03-01,ofi_500ms,500ms,6,7.5884068873e-07,0.00759498393615,0,86399,daily_bucket,,,,,,,,
2024-03-01,ofi_500ms,500ms,7,2.37366629053e-06,0.023744535463,0,86399,daily_bucket,,,,,,,,
2024-03-01,ofi_500ms,500ms,8,4.84226163079e-06,0.0484319901523,0,86398,daily_bucket,,,,,,,,
2024-03-01,ofi_500ms,500ms,9,1.01639966898e-05,0.101653285098,0,86399,daily_bucket,,,,,,,,
2024-03-01,ofi_500ms,500ms,10,2.30642005566e-05,0.230660975606,0,86398,daily_bucket,,,,,,,,
2024-03-01,ofi_500ms,500ms,,,,,863921,daily_monotonicity,,1,,,,,,
2024-03-01,ofi_500ms,500ms,,,,,863921,daily_top_bottom,0.457261504048,,,,,,,
2024-03-01,qi_1,500ms,1,-2.85264298387e-05,-0.285242596861,0,86394,daily_bucket,,,,,,,,
2024-03-01,qi_1,500ms,2,-1.12786501439e-05,-0.112775385781,0,86389,daily_bucket,,,,,,,,
2024-03-01,qi_1,500ms,3,-6.9049031827e-06,-0.069039755026,0,86388,daily_bucket,,,,,,,,
2024-03-01,qi_1,500ms,4,-3.50568678966e-06,-0.0350480297975,0,86389,daily_bucket,,,,,,,,
2024-03-01,qi_1,500ms,5,-5.52206525536e-07,-0.00551321305674,0,86393,daily_bucket,,,,,,,,
2024-03-01,qi_1,500ms,6,1.06036127674e-06,0.0106112664289,0,86394,daily_bucket,,,,,,,,
2024-03-01,qi_1,500ms,7,3.5930108815e-06,0.0359376805918,0,86394,daily_bucket,,,,,,,,
2024-03-01,qi_1,500ms,8,6.52641955523e-06,0.0652729768306,0,86393,daily_bucket,,,,,,,,
2024-03-01,qi_1,500ms,9,1.15833286188e-05,0.115843983966,0,86394,daily_bucket,,,,,,,,
2024-03-01,qi_1,500ms,10,2.92053914584e-05,0.292074577897,0,86393,daily_bucket,,,,,,,,
2024-03-01,qi_1,500ms,,,,,863921,daily_monotonicity,,1,,,,,,
2024-03-01,qi_1,500ms,,,,,863921,daily_top_bottom,0.577317174757,,,,,,,
2024-03-01,trade_imbalance_500ms,500ms,1,-3.90261570166e-06,-0.0390194295027,0,79247,daily_bucket,,,,,,,,
2024-03-01,trade_imbalance_500ms,500ms,2,-4.63377895673e-06,-0.0463274768486,0,79243,daily_bucket,,,,,,,,
2024-03-01,trade_imbalance_500ms,500ms,3,-1.42961975172e-05,-0.142944626696,0,79241,daily_bucket,,,,,,,,
2024-03-01,trade_imbalance_500ms,500ms,4,-7.16714811292e-06,-0.0716572356048,0,79235,daily_bucket,,,,,,,,
2024-03-01,trade_imbalance_500ms,500ms,5,-1.87212965879e-06,-0.0187093606462,0,79227,daily_bucket,,,,,,,,
2024-03-01,trade_imbalance_500ms,500ms,6,1.97502595075e-06,0.0197629223302,0,79239,daily_bucket,,,,,,,,
2024-03-01,trade_imbalance_500ms,500ms,7,6.96327410563e-06,0.0696459574432,0,79233,daily_bucket,,,,,,,,
2024-03-01,trade_imbalance_500ms,500ms,8,1.38175712545e-05,0.138191649127,0,79246,daily_bucket,,,,,,,,
2024-03-01,trade_imbalance_500ms,500ms,9,5.26343930469e-06,0.0526428018177,0,79244,daily_bucket,,,,,,,,
2024-03-01,trade_imbalance_500ms,500ms,10,5.22073020523e-06,0.0522173563075,0,79245,daily_bucket,,,,,,,,
2024-03-01,trade_imbalance_500ms,500ms,,,,,792400,daily_monotonicity,,0.781818181818,,,,,,
2024-03-01,trade_imbalance_500ms,500ms,,,,,792400,daily_top_bottom,0.0912367858102,,,,,,,
2024-03-01,di_10,5s,1,-8.40745198074e-05,-0.840532929453,-0.598437105983,86394,daily_bucket,,,,,,,,
2024-03-01,di_10,5s,2,-5.28561073163e-05,-0.52837958991,-0.0957006173258,86392,daily_bucket,,,,,,,,
2024-03-01,di_10,5s,3,-3.83078275227e-05,-0.3828946415,0,86352,daily_bucket,,,,,,,,
2024-03-01,di_10,5s,4,-2.09430297079e-05,-0.209261895678,0,86387,daily_bucket,,,,,,,,
2024-03-01,di_10,5s,5,-8.01617169317e-06,-0.0800005202106,0,86393,daily_bucket,,,,,,,,
2024-03-01,di_10,5s,6,6.41743219638e-06,0.0643322234013,0,86392,daily_bucket,,,,,,,,
2024-03-01,di_10,5s,7,2.66663582578e-05,0.266824417714,0,86378,daily_bucket,,,,,,,,
2024-03-01,di_10,5s,8,4.0648449777e-05,0.406650744107,0,86386,daily_bucket,,,,,,,,
2024-03-01,di_10,5s,9,5.3468551652e-05,0.534850673998,0.140281864965,86389,daily_bucket,,,,,,,,
2024-03-01,di_10,5s,10,8.87987605174e-05,0.888191940554,0.653381301322,86375,daily_bucket,,,,,,,,
2024-03-01,di_10,5s,,,,,863838,daily_monotonicity,,1,,,,,,
2024-03-01,di_10,5s,,,,,863838,daily_top_bottom,1.72872487001,,,,,,,
2024-03-01,di_5,5s,1,-8.62803985205e-05,-0.862588101186,-0.642410825247,86394,daily_bucket,,,,,,,,
2024-03-01,di_5,5s,2,-5.41159033164e-05,-0.540978285688,-0.0805879633334,86390,daily_bucket,,,,,,,,
2024-03-01,di_5,5s,3,-3.61783573543e-05,-0.36160713409,0,86347,daily_bucket,,,,,,,,
2024-03-01,di_5,5s,4,-2.2260666811e-05,-0.222430750969,0,86394,daily_bucket,,,,,,,,
2024-03-01,di_5,5s,5,-7.00266536413e-06,-0.0698658336606,0,86393,daily_bucket,,,,,,,,
2024-03-01,di_5,5s,6,5.63070033187e-06,0.0564611691235,0,86392,daily_bucket,,,,,,,,
2024-03-01,di_5,5s,7,2.61800660356e-05,0.261962384673,0,86381,daily_bucket,,,,,,,,
2024-03-01,di_5,5s,8,3.69728874922e-05,0.369887799732,0,86385,daily_bucket,,,,,,,,
2024-03-01,di_5,5s,9,5.64989825072e-05,0.565157441277,0.181068430327,86387,daily_bucket,,,,,,,,
2024-03-01,di_5,5s,10,9.23579557782e-05,0.92378877602,0.697829952179,86375,daily_bucket,,,,,,,,
2024-03-01,di_5,5s,,,,,863838,daily_monotonicity,,1,,,,,,
2024-03-01,di_5,5s,,,,,863838,daily_top_bottom,1.78637687721,,,,,,,
2024-03-01,microprice_deviation_bps,5s,1,-8.53013732672e-05,-0.852793480467,-0.633044553303,86394,daily_bucket,,,,,,,,
2024-03-01,microprice_deviation_bps,5s,2,-5.33302974958e-05,-0.533128038723,-0.0546335387099,86362,daily_bucket,,,,,,,,
2024-03-01,microprice_deviation_bps,5s,3,-3.86617409552e-05,-0.386437313396,0,86375,daily_bucket,,,,,,,,
2024-03-01,microprice_deviation_bps,5s,4,-2.41891852614e-05,-0.24172086162,0,86394,daily_bucket,,,,,,,,
2024-03-01,microprice_deviation_bps,5s,5,-4.96373181407e-06,-0.0494750943614,0,86393,daily_bucket,,,,,,,,
2024-03-01,microprice_deviation_bps,5s,6,6.04919963083e-06,0.0606451280175,0,86393,daily_bucket,,,,,,,,
2024-03-01,microprice_deviation_bps,5s,7,2.58786898883e-05,0.258946979561,0,86379,daily_bucket,,,,,,,,
2024-03-01,microprice_deviation_bps,5s,8,3.74574518418e-05,0.37473066607,0,86384,daily_bucket,,,,,,,,
2024-03-01,microprice_deviation_bps,5s,9,5.62073827655e-05,0.562239761797,0.144622234271,86387,daily_bucket,,,,,,,,
2024-03-01,microprice_deviation_bps,5s,10,9.26490334176e-05,0.926707997996,0.713923687915,86377,daily_bucket,,,,,,,,
2024-03-01,microprice_deviation_bps,5s,,,,,863838,daily_monotonicity,,1,,,,,,
2024-03-01,microprice_deviation_bps,5s,,,,,863838,daily_top_bottom,1.77950147846,,,,,,,
2024-03-01,ofi_5s,5s,1,-3.84616241287e-05,-0.384373742263,-0.0369421563731,86399,daily_bucket,,,,,,,,
2024-03-01,ofi_5s,5s,2,-3.16463773058e-05,-0.316268449091,0,86399,daily_bucket,,,,,,,,
2024-03-01,ofi_5s,5s,3,-3.12800410307e-05,-0.312612872792,0,86381,daily_bucket,,,,,,,,
2024-03-01,ofi_5s,5s,4,-2.31456442329e-05,-0.231302459836,0,86388,daily_bucket,,,,,,,,
2024-03-01,ofi_5s,5s,5,-6.70580001527e-06,-0.0669325778259,0,86397,daily_bucket,,,,,,,,
2024-03-01,ofi_5s,5s,6,8.84891687861e-06,0.0886185105004,0,86358,daily_bucket,,,,,,,,
2024-03-01,ofi_5s,5s,7,1.92929079079e-05,0.193077128824,0,86384,daily_bucket,,,,,,,,
2024-03-01,ofi_5s,5s,8,3.06092834265e-05,0.306266218374,0,86381,daily_bucket,,,,,,,,
2024-03-01,ofi_5s,5s,9,3.5095810721e-05,0.351136411251,0.00643707912063,86390,daily_bucket,,,,,,,,
2024-03-01,ofi_5s,5s,10,4.92135515594e-05,0.492363119369,0.197076945059,86361,daily_bucket,,,,,,,,
2024-03-01,ofi_5s,5s,,,,,863838,daily_monotonicity,,1,,,,,,
2024-03-01,ofi_5s,5s,,,,,863838,daily_top_bottom,0.876736861633,,,,,,,
2024-03-01,qi_1,5s,1,-8.56647548685e-05,-0.856428926189,-0.635774837064,86394,daily_bucket,,,,,,,,
2024-03-01,qi_1,5s,2,-5.31849579268e-05,-0.531674491736,-0.0437459459052,86362,daily_bucket,,,,,,,,
2024-03-01,qi_1,5s,3,-3.83057546347e-05,-0.382877135329,0,86375,daily_bucket,,,,,,,,
2024-03-01,qi_1,5s,4,-2.42744022672e-05,-0.242572224555,0,86394,daily_bucket,,,,,,,,
2024-03-01,qi_1,5s,5,-5.00435846193e-06,-0.0498807733243,0,86393,daily_bucket,,,,,,,,
2024-03-01,qi_1,5s,6,6.19017974974e-06,0.0620559318889,0,86393,daily_bucket,,,,,,,,
2024-03-01,qi_1,5s,7,2.56315875388e-05,0.256476265864,0,86379,daily_bucket,,,,,,,,
2024-03-01,qi_1,5s,8,3.76471722351e-05,0.376628991105,0,86384,daily_bucket,,,,,,,,
2024-03-01,qi_1,5s,9,5.55044786023e-05,0.555210094407,0.132814439197,86387,daily_bucket,,,,,,,,
2024-03-01,qi_1,5s,10,9.32564136887e-05,0.932779761671,0.715213288954,86377,daily_bucket,,,,,,,,
2024-03-01,qi_1,5s,,,,,863838,daily_monotonicity,,1,,,,,,
2024-03-01,qi_1,5s,,,,,863838,daily_top_bottom,1.78920868786,,,,,,,
2024-03-01,trade_imbalance_5s,5s,1,-2.87744013223e-05,-0.287598635397,0,86367,daily_bucket,,,,,,,,
2024-03-01,trade_imbalance_5s,5s,2,-2.68053700648e-05,-0.267867220747,0,86381,daily_bucket,,,,,,,,
2024-03-01,trade_imbalance_5s,5s,3,-2.00778729323e-05,-0.200590888064,0,86398,daily_bucket,,,,,,,,
2024-03-01,trade_imbalance_5s,5s,4,-1.15821621274e-05,-0.115623218744,0,86372,daily_bucket,,,,,,,,
2024-03-01,trade_imbalance_5s,5s,5,-2.72582896166e-06,-0.0270619503526,0,86375,daily_bucket,,,,,,,,
2024-03-01,trade_imbalance_5s,5s,6,4.60412443283e-06,0.0462323807183,0,86398,daily_bucket,,,,,,,,
2024-03-01,trade_imbalance_5s,5s,7,1.27692190777e-05,0.127869474476,0,86379,daily_bucket,,,,,,,,
2024-03-01,trade_imbalance_5s,5s,8,2.02634489954e-05,0.202809643879,0,86371,daily_bucket,,,,,,,,
2024-03-01,trade_imbalance_5s,5s,9,2.69136761232e-05,0.269286879717,0,86399,daily_bucket,,,,,,,,
2024-03-01,trade_imbalance_5s,5s,10,3.71956984475e-05,0.372110309645,0,86398,daily_bucket,,,,,,,,
2024-03-01,trade_imbalance_5s,5s,,,,,863838,daily_monotonicity,,1,,,,,,
2024-03-01,trade_imbalance_5s,5s,,,,,863838,daily_top_bottom,0.659708945042,,,,,,,
2024-04-01,di_10,100ms,1,-5.90081506442e-06,-0.0590057990924,0,86394,daily_bucket,,,,,,,,
2024-04-01,di_10,100ms,2,-2.57885774328e-06,-0.0257872983906,0,86393,daily_bucket,,,,,,,,
2024-04-01,di_10,100ms,3,-1.45387752251e-06,-0.0145379291773,0,86394,daily_bucket,,,,,,,,
2024-04-01,di_10,100ms,4,-8.41991062228e-07,-0.00841916982357,0,86393,daily_bucket,,,,,,,,
2024-04-01,di_10,100ms,5,-3.63347052869e-07,-0.00363288063031,0,86394,daily_bucket,,,,,,,,
2024-04-01,di_10,100ms,6,1.61023911563e-07,0.00161087545459,0,86393,daily_bucket,,,,,,,,
2024-04-01,di_10,100ms,7,7.08910364598e-07,0.00708979388227,0,86394,daily_bucket,,,,,,,,
2024-04-01,di_10,100ms,8,1.36315346985e-06,0.0136323299034,0,86394,daily_bucket,,,,,,,,
2024-04-01,di_10,100ms,9,2.50776159866e-06,0.025078716357,0,86394,daily_bucket,,,,,,,,
2024-04-01,di_10,100ms,10,6.13519804296e-06,0.0613540912282,0,86393,daily_bucket,,,,,,,,
2024-04-01,di_10,100ms,,,,,863936,daily_monotonicity,,1,,,,,,
2024-04-01,di_10,100ms,,,,,863936,daily_top_bottom,0.120359890321,,,,,,,
2024-04-01,di_5,100ms,1,-6.37895969082e-06,-0.0637871197169,0,86394,daily_bucket,,,,,,,,
2024-04-01,di_5,100ms,2,-2.50931411688e-06,-0.0250918898701,0,86393,daily_bucket,,,,,,,,
2024-04-01,di_5,100ms,3,-1.29129739406e-06,-0.0129121390694,0,86394,daily_bucket,,,,,,,,
2024-04-01,di_5,100ms,4,-6.52716123359e-07,-0.00652653789228,0,86393,daily_bucket,,,,,,,,
2024-04-01,di_5,100ms,5,-2.93578472855e-07,-0.00293515630637,0,86394,daily_bucket,,,,,,,,
2024-04-01,di_5,100ms,6,1.26165092396e-07,0.00126230495249,0,86393,daily_bucket,,,,,,,,
2024-04-01,di_5,100ms,7,5.7298311182e-07,0.00573048038964,0,86394,daily_bucket,,,,,,,,
2024-04-01,di_5,100ms,8,1.1250006492e-06,0.0112506923872,0,86394,daily_bucket,,,,,,,,
2024-04-01,di_5,100ms,9,2.3425694099e-06,0.0234267356563,0,86394,daily_bucket,,,,,,,,
2024-04-01,di_5,100ms,10,6.69631556415e-06,0.066965450053,0,86393,daily_bucket,,,,,,,,
2024-04-01,di_5,100ms,,,,,863936,daily_monotonicity,,1,,,,,,
2024-04-01,di_5,100ms,,,,,863936,daily_top_bottom,0.13075256977,,,,,,,
2024-04-01,microprice_deviation_bps,100ms,1,-7.12855743263e-06,-0.071282003244,0,86393,daily_bucket,,,,,,,,
2024-04-01,microprice_deviation_bps,100ms,2,-1.87743399119e-06,-0.0187734595353,0,86394,daily_bucket,,,,,,,,
2024-04-01,microprice_deviation_bps,100ms,3,-8.91022862441e-07,-0.00890971704997,0,86394,daily_bucket,,,,,,,,
2024-04-01,microprice_deviation_bps,100ms,4,-4.01226956722e-07,-0.00401186721659,0,86393,daily_bucket,,,,,,,,
2024-04-01,microprice_deviation_bps,100ms,5,-2.15443182229e-07,-0.00215407365293,0,86394,daily_bucket,,,,,,,,
2024-04-01,microprice_deviation_bps,100ms,6,6.57331067994e-08,0.000657794630531,0,86393,daily_bucket,,,,,,,,
2024-04-01,microprice_deviation_bps,100ms,7,3.64899836641e-07,0.00364943452741,0,86394,daily_bucket,,,,,,,,
2024-04-01,microprice_deviation_bps,100ms,8,7.24000113086e-07,0.00724049272158,0,86394,daily_bucket,,,,,,,,
2024-04-01,microprice_deviation_bps,100ms,9,1.79119909762e-06,0.0179127966155,0,86394,daily_bucket,,,,,,,,
2024-04-01,microprice_deviation_bps,100ms,10,7.30497609001e-06,0.0730529807147,0,86393,daily_bucket,,,,,,,,
2024-04-01,microprice_deviation_bps,100ms,,,,,863936,daily_monotonicity,,1,,,,,,
2024-04-01,microprice_deviation_bps,100ms,,,,,863936,daily_top_bottom,0.144334983959,,,,,,,
2024-04-01,ofi_100ms,100ms,1,-6.49279095938e-06,-0.0649246754856,0,86396,daily_bucket,,,,,,,,
2024-04-01,ofi_100ms,100ms,2,-1.66568353466e-06,-0.0166554982621,0,86395,daily_bucket,,,,,,,,
2024-04-01,ofi_100ms,100ms,3,-5.23413515165e-07,-0.00523339787109,0,86395,daily_bucket,,,,,,,,
2024-04-01,ofi_100ms,100ms,4,-1.30088515069e-07,-0.00130061856594,0,86395,daily_bucket,,,,,,,,
2024-04-01,ofi_100ms,100ms,5,-5.97667433339e-08,-0.000597418388076,0,86395,daily_bucket,,,,,,,,
2024-04-01,ofi_100ms,100ms,6,-1.20403460653e-08,-0.000119982868928,0,86381,daily_bucket,,,,,,,,
2024-04-01,ofi_100ms,100ms,7,7.11814769409e-08,0.000712085843986,0,86395,daily_bucket,,,,,,,,
2024-04-01,ofi_100ms,100ms,8,5.30067611458e-07,0.00530134420977,0,86395,daily_bucket,,,,,,,,
2024-04-01,ofi_100ms,100ms,9,1.53787027479e-06,0.0153798872335,0,86394,daily_bucket,,,,,,,,
2024-04-01,ofi_100ms,100ms,10,6.48188395516e-06,0.0648216113495,0,86395,daily_bucket,,,,,,,,
2024-04-01,ofi_100ms,100ms,,,,,863936,daily_monotonicity,,1,,,,,,
2024-04-01,ofi_100ms,100ms,,,,,863936,daily_top_bottom,0.129746286835,,,,,,,
2024-04-01,qi_1,100ms,1,-6.75175758611e-06,-0.0675146762934,0,86393,daily_bucket,,,,,,,,
2024-04-01,qi_1,100ms,2,-2.01803368497e-06,-0.0201793068341,0,86394,daily_bucket,,,,,,,,
2024-04-01,qi_1,100ms,3,-1.01317113762e-06,-0.0101310397613,0,86394,daily_bucket,,,,,,,,
2024-04-01,qi_1,100ms,4,-4.51144419433e-07,-0.00451088353614,0,86393,daily_bucket,,,,,,,,
2024-04-01,qi_1,100ms,5,-2.7672544472e-07,-0.00276671036651,0,86394,daily_bucket,,,,,,,,
2024-04-01,qi_1,100ms,6,7.57019113368e-08,0.000757688232342,0,86393,daily_bucket,,,,,,,,
2024-04-01,qi_1,100ms,7,4.02900940315e-07,0.00402959452794,0,86394,daily_bucket,,,,,,,,
2024-04-01,qi_1,100ms,8,7.80359267863e-07,0.00780422960114,0,86394,daily_bucket,,,,,,,,
2024-04-01,qi_1,100ms,9,1.92858896832e-06,0.0192868713588,0,86394,daily_bucket,,,,,,,,
2024-04-01,qi_1,100ms,10,7.06040607211e-06,0.0706066222524,0,86393,daily_bucket,,,,,,,,
2024-04-01,qi_1,100ms,,,,,863936,daily_monotonicity,,1,,,,,,
2024-04-01,qi_1,100ms,,,,,863936,daily_top_bottom,0.138121298546,,,,,,,
2024-04-01,trade_imbalance_100ms,100ms,1,-3.37874918151e-06,-0.0337856916527,0,36075,daily_bucket,,,,,,,,
2024-04-01,trade_imbalance_100ms,100ms,2,-2.47603941065e-06,-0.0247594442623,0,36075,daily_bucket,,,,,,,,
2024-04-01,trade_imbalance_100ms,100ms,3,-6.30748407843e-06,-0.0630717086358,0,36068,daily_bucket,,,,,,,,
2024-04-01,trade_imbalance_100ms,100ms,4,-6.25463559896e-06,-0.0625424540548,0,36075,daily_bucket,,,,,,,,
2024-04-01,trade_imbalance_100ms,100ms,5,-3.64456814263e-06,-0.0364419247528,0,36075,daily_bucket,,,,,,,,
2024-04-01,trade_imbalance_100ms,100ms,6,6.77717575714e-06,0.0677754576479,0,36075,daily_bucket,,,,,,,,
2024-04-01,trade_imbalance_100ms,100ms,7,3.32863498045e-06,0.033288014519,0,36075,daily_bucket,,,,,,,,
2024-04-01,trade_imbalance_100ms,100ms,8,2.61090762658e-06,0.0261100834166,0,36075,daily_bucket,,,,,,,,
2024-04-01,trade_imbalance_100ms,100ms,9,6.00665414852e-06,0.0600693743659,0,36074,daily_bucket,,,,,,,,
2024-04-01,trade_imbalance_100ms,100ms,10,3.16182782221e-06,0.031619654226,0,36075,daily_bucket,,,,,,,,
2024-04-01,trade_imbalance_100ms,100ms,,,,,360742,daily_monotonicity,,0.636363636364,,,,,,
2024-04-01,trade_imbalance_100ms,100ms,,,,,360742,daily_top_bottom,0.0654053458787,,,,,,,
2024-04-01,di_10,1s,1,-3.35574464093e-05,-0.335544784308,0,86391,daily_bucket,,,,,,,,
2024-04-01,di_10,1s,2,-1.98220254944e-05,-0.198197735976,0,86387,daily_bucket,,,,,,,,
2024-04-01,di_10,1s,3,-1.29459778558e-05,-0.129439096574,0,86394,daily_bucket,,,,,,,,
2024-04-01,di_10,1s,4,-7.03812462371e-06,-0.0703638558825,0,86391,daily_bucket,,,,,,,,
2024-04-01,di_10,1s,5,-3.32871769979e-06,-0.0332698729456,0,86394,daily_bucket,,,,,,,,
2024-04-01,di_10,1s,6,1.4565019201e-06,0.0145824240711,0,86386,daily_bucket,,,,,,,,
2024-04-01,di_10,1s,7,6.64929091999e-06,0.0665109203752,0,86394,daily_bucket,,,,,,,,
2024-04-01,di_10,1s,8,1.15557779777e-05,0.115576233434,0,86394,daily_bucket,,,,,,,,
2024-04-01,di_10,1s,9,1.99313454578e-05,0.199334858602,0,86394,daily_bucket,,,,,,,,
2024-04-01,di_10,1s,10,3.44738631987e-05,0.344767794342,0,86393,daily_bucket,,,,,,,,
2024-04-01,di_10,1s,,,,,863918,daily_monotonicity,,1,,,,,,
2024-04-01,di_10,1s,,,,,863918,daily_top_bottom,0.68031257865,,,,,,,
2024-04-01,di_5,1s,1,-3.51400232201e-05,-0.351368915394,0,86392,daily_bucket,,,,,,,,
2024-04-01,di_5,1s,2,-2.04316361295e-05,-0.204293013309,0,86386,daily_bucket,,,,,,,,
2024-04-01,di_5,1s,3,-1.20283304485e-05,-0.120263186463,0,86394,daily_bucket,,,,,,,,
2024-04-01,di_5,1s,4,-6.42135952305e-06,-0.0641976888288,0,86391,daily_bucket,,,,,,,,
2024-04-01,di_5,1s,5,-3.12223868058e-06,-0.0312059673406,0,86394,daily_bucket,,,,,,,,
2024-04-01,di_5,1s,6,1.36779586298e-06,0.0136952629733,0,86386,daily_bucket,,,,,,,,
2024-04-01,di_5,1s,7,6.12546963765e-06,0.0612720709226,0,86394,daily_bucket,,,,,,,,
2024-04-01,di_5,1s,8,1.0600633215e-05,0.106023555514,0,86394,daily_bucket,,,,,,,,
2024-04-01,di_5,1s,9,1.99058780218e-05,0.199080658553,0,86394,daily_bucket,,,,,,,,
2024-04-01,di_5,1s,10,3.65184014239e-05,0.365215136187,0,86393,daily_bucket,,,,,,,,
2024-04-01,di_5,1s,,,,,863918,daily_monotonicity,,1,,,,,,
2024-04-01,di_5,1s,,,,,863918,daily_top_bottom,0.716584051581,,,,,,,
2024-04-01,microprice_deviation_bps,1s,1,-3.70456199941e-05,-0.370413313461,0,86389,daily_bucket,,,,,,,,
2024-04-01,microprice_deviation_bps,1s,2,-1.87815843949e-05,-0.187795561891,0,86393,daily_bucket,,,,,,,,
2024-04-01,microprice_deviation_bps,1s,3,-1.10233730637e-05,-0.110217072597,0,86390,daily_bucket,,,,,,,,
2024-04-01,microprice_deviation_bps,1s,4,-5.80909159492e-06,-0.0580775044683,0,86391,daily_bucket,,,,,,,,
2024-04-01,microprice_deviation_bps,1s,5,-2.51105366381e-06,-0.0250973701311,0,86394,daily_bucket,,,,,,,,
2024-04-01,microprice_deviation_bps,1s,6,1.34087047327e-06,0.013423315967,0,86386,daily_bucket,,,,,,,,
2024-04-01,microprice_deviation_bps,1s,7,4.80236333945e-06,0.0480378352478,0,86394,daily_bucket,,,,,,,,
2024-04-01,microprice_deviation_bps,1s,8,9.51514512746e-06,0.0951653826252,0,86394,daily_bucket,,,,,,,,
2024-04-01,microprice_deviation_bps,1s,9,1.88189832965e-05,0.188209156219,0,86394,daily_bucket,,,,,,,,
2024-04-01,microprice_deviation_bps,1s,10,3.80678210047e-05,0.380721749417,0.00141731139572,86393,daily_bucket,,,,,,,,
2024-04-01,microprice_deviation_bps,1s,,,,,863918,daily_monotonicity,,1,,,,,,
2024-04-01,microprice_deviation_bps,1s,,,,,863918,daily_top_bottom,0.751135062878,,,,,,,
2024-04-01,ofi_1s,1s,1,-3.32785466346e-05,-0.332744233722,0,86396,daily_bucket,,,,,,,,
2024-04-01,ofi_1s,1s,2,-1.63735084485e-05,-0.163701762868,0,86391,daily_bucket,,,,,,,,
2024-04-01,ofi_1s,1s,3,-6.90733544645e-06,-0.0690562988748,0,86390,daily_bucket,,,,,,,,
2024-04-01,ofi_1s,1s,4,-3.33895874512e-06,-0.0333779062246,0,86393,daily_bucket,,,,,,,,
2024-04-01,ofi_1s,1s,5,-1.72892783242e-06,-0.0172819991109,0,86380,daily_bucket,,,,,,,,
2024-04-01,ofi_1s,1s,6,8.96340472085e-07,0.0089710583302,0,86395,daily_bucket,,,,,,,,
2024-04-01,ofi_1s,1s,7,3.08486939071e-06,0.0308599265144,0,86391,daily_bucket,,,,,,,,
2024-04-01,ofi_1s,1s,8,6.44468460457e-06,0.0644628545408,0,86392,daily_bucket,,,,,,,,
2024-04-01,ofi_1s,1s,9,1.62360476913e-05,0.162391135423,0,86395,daily_bucket,,,,,,,,
2024-04-01,ofi_1s,1s,10,3.23415510283e-05,0.323451394817,0,86395,daily_bucket,,,,,,,,
2024-04-01,ofi_1s,1s,,,,,863918,daily_monotonicity,,1,,,,,,
2024-04-01,ofi_1s,1s,,,,,863918,daily_top_bottom,0.656195628539,,,,,,,
2024-04-01,qi_1,1s,1,-3.6436088398e-05,-0.364326348181,0,86388,daily_bucket,,,,,,,,
2024-04-01,qi_1,1s,2,-1.8931527119e-05,-0.189293304802,0,86394,daily_bucket,,,,,,,,
2024-04-01,qi_1,1s,3,-1.12613121718e-05,-0.112594028963,0,86390,daily_bucket,,,,,,,,
2024-04-01,qi_1,1s,4,-5.94929232894e-06,-0.0594774552908,0,86391,daily_bucket,,,,,,,,
2024-04-01,qi_1,1s,5,-2.60143169967e-06,-0.0259991557217,0,86394,daily_bucket,,,,,,,,
2024-04-01,qi_1,1s,6,1.34105939216e-06,0.0134279031723,0,86386,daily_bucket,,,,,,,,
2024-04-01,qi_1,1s,7,4.91048266121e-06,0.0491213966826,0,86394,daily_bucket,,,,,,,,
2024-04-01,qi_1,1s,8,9.65432028495e-06,0.0965589234992,0,86394,daily_bucket,,,,,,,,
2024-04-01,qi_1,1s,9,1.88345651192e-05,0.188366995772,0,86394,daily_bucket,,,,,,,,
2024-04-01,qi_1,1s,10,3.78134969062e-05,0.378169811939,0,86393,daily_bucket,,,,,,,,
2024-04-01,qi_1,1s,,,,,863918,daily_monotonicity,,1,,,,,,
2024-04-01,qi_1,1s,,,,,863918,daily_top_bottom,0.74249616012,,,,,,,
2024-04-01,trade_imbalance_1s,1s,1,-4.84293489283e-06,-0.0484215350586,0,84510,daily_bucket,,,,,,,,
2024-04-01,trade_imbalance_1s,1s,2,-2.09608281948e-05,-0.209579966233,0,84502,daily_bucket,,,,,,,,
2024-04-01,trade_imbalance_1s,1s,3,-1.44532378601e-05,-0.144505063685,0,84509,daily_bucket,,,,,,,,
2024-04-01,trade_imbalance_1s,1s,4,-8.26294138599e-06,-0.0826018756074,0,84505,daily_bucket,,,,,,,,
2024-04-01,trade_imbalance_1s,1s,5,-2.43099028433e-06,-0.0242846704969,0,84502,daily_bucket,,,,,,,,
2024-04-01,trade_imbalance_1s,1s,6,3.26170138368e-06,0.0326401374127,0,84506,daily_bucket,,,,,,,,
2024-04-01,trade_imbalance_1s,1s,7,9.42993297254e-06,0.0943223152402,0,84510,daily_bucket,,,,,,,,
2024-04-01,trade_imbalance_1s,1s,8,1.3861621792e-05,0.138640020582,0,84509,daily_bucket,,,,,,,,
2024-04-01,trade_imbalance_1s,1s,9,1.64937354883e-05,0.164957205271,0,84510,daily_bucket,,,,,,,,
2024-04-01,trade_imbalance_1s,1s,10,5.38861870394e-06,0.0538960866012,0,84505,daily_bucket,,,,,,,,
2024-04-01,trade_imbalance_1s,1s,,,,,845068,daily_monotonicity,,0.854545454545,,,,,,
2024-04-01,trade_imbalance_1s,1s,,,,,845068,daily_top_bottom,0.10231762166,,,,,,,
2024-04-01,di_10,30s,1,-0.000125957884366,-1.25860942909,-1.0253844669,86379,daily_bucket,,,,,,,,
2024-04-01,di_10,30s,2,-0.000101773975517,-1.01671412181,-0.742140209615,86340,daily_bucket,,,,,,,,
2024-04-01,di_10,30s,3,-7.40327414009e-05,-0.739302817589,-0.519444096642,86377,daily_bucket,,,,,,,,
2024-04-01,di_10,30s,4,-4.67263566387e-05,-0.466200155163,-0.0791356601759,86382,daily_bucket,,,,,,,,
2024-04-01,di_10,30s,5,-2.54905424478e-05,-0.253801253148,0,86387,daily_bucket,,,,,,,,
2024-04-01,di_10,30s,6,1.00151659379e-06,0.0111928496468,0,86326,daily_bucket,,,,,,,,
2024-04-01,di_10,30s,7,2.53513643849e-05,0.25465266286,0,86357,daily_bucket,,,,,,,,
2024-04-01,di_10,30s,8,5.68194032309e-05,0.569321537189,0.296002507687,86305,daily_bucket,,,,,,,,
2024-04-01,di_10,30s,9,9.60700776296e-05,0.961849437447,0.718279724361,86386,daily_bucket,,,,,,,,
2024-04-01,di_10,30s,10,0.000118311063693,1.18421808509,0.997590690948,86389,daily_bucket,,,,,,,,
2024-04-01,di_10,30s,,,,,863628,daily_monotonicity,,1,,,,,,
2024-04-01,di_10,30s,,,,,863628,daily_top_bottom,2.44282751418,,,,,,,
2024-04-01,di_5,30s,1,-0.00012855159033,-1.28449012176,-1.05413763256,86383,daily_bucket,,,,,,,,
2024-04-01,di_5,30s,2,-0.000102997314783,-1.02895910985,-0.774322046992,86336,daily_bucket,,,,,,,,
2024-04-01,di_5,30s,3,-7.26685210196e-05,-0.725669341546,-0.517582684745,86386,daily_bucket,,,,,,,,
2024-04-01,di_5,30s,4,-4.8775888447e-05,-0.486709539168,-0.0848451981683,86373,daily_bucket,,,,,,,,
2024-04-01,di_5,30s,5,-2.44295962521e-05,-0.243214105753,0,86387,daily_bucket,,,,,,,,
2024-04-01,di_5,30s,6,3.89601587411e-06,0.0401298181967,0,86320,daily_bucket,,,,,,,,
2024-04-01,di_5,30s,7,2.43177018329e-05,0.244313531879,0,86308,daily_bucket,,,,,,,,
2024-04-01,di_5,30s,8,5.46058050191e-05,0.547154580415,0.295279138765,86361,daily_bucket,,,,,,,,
2024-04-01,di_5,30s,9,9.75917823794e-05,0.977078096423,0.725464476151,86385,daily_bucket,,,,,,,,
2024-04-01,di_5,30s,10,0.000120565681685,1.20679448659,0.998369448248,86389,daily_bucket,,,,,,,,
2024-04-01,di_5,30s,,,,,863628,daily_monotonicity,,1,,,,,,
2024-04-01,di_5,30s,,,,,863628,daily_top_bottom,2.49128460835,,,,,,,
2024-04-01,microprice_deviation_bps,30s,1,-0.000122749384329,-1.22612704194,-1.03570996451,86342,daily_bucket,,,,,,,,
2024-04-01,microprice_deviation_bps,30s,2,-0.000104293520038,-1.0420100025,-0.863977396856,86389,daily_bucket,,,,,,,,
2024-04-01,microprice_deviation_bps,30s,3,-7.55196250723e-05,-0.754248729677,-0.501525825595,86382,daily_bucket,,,,,,,,
2024-04-01,microprice_deviation_bps,30s,4,-4.72441392151e-05,-0.471443429836,-0.155001412979,86366,daily_bucket,,,,,,,,
2024-04-01,microprice_deviation_bps,30s,5,-2.18303349321e-05,-0.217312478081,0,86386,daily_bucket,,,,,,,,
2024-04-01,microprice_deviation_bps,30s,6,1.94042512938e-07,0.00303445919082,0,86320,daily_bucket,,,,,,,,
2024-04-01,microprice_deviation_bps,30s,7,1.82610602353e-05,0.183655831518,0,86302,daily_bucket,,,,,,,,
2024-04-01,microprice_deviation_bps,30s,8,5.50033627836e-05,0.551006764016,0.301361227137,86366,daily_bucket,,,,,,,,
2024-04-01,microprice_deviation_bps,30s,9,9.80421422726e-05,0.981494916622,0.761458061693,86386,daily_bucket,,,,,,,,
2024-04-01,microprice_deviation_bps,30s,10,0.000123676938743,1.23824266243,1.02826658698,86389,daily_bucket,,,,,,,,
2024-04-01,microprice_deviation_bps,30s,,,,,863628,daily_monotonicity,,1,,,,,,
2024-04-01,microprice_deviation_bps,30s,,,,,863628,daily_top_bottom,2.46436970437,,,,,,,
2024-04-01,ofi_30s,30s,1,-5.43030170638e-05,-0.541369589362,-0.359967911021,86394,daily_bucket,,,,,,,,
2024-04-01,ofi_30s,30s,2,-4.26428783054e-05,-0.425117654781,-0.287720085185,86394,daily_bucket,,,,,,,,
2024-04-01,ofi_30s,30s,3,-4.17390410553e-05,-0.416361686978,-0.23374324681,86387,daily_bucket,,,,,,,,
2024-04-01,ofi_30s,30s,4,-4.58079906859e-05,-0.457038608619,-0.194573653264,86390,daily_bucket,,,,,,,,
2024-04-01,ofi_30s,30s,5,-2.9978571654e-05,-0.298874699541,0,86319,daily_bucket,,,,,,,,
2024-04-01,ofi_30s,30s,6,1.28016746801e-05,0.128809880947,0,86361,daily_bucket,,,,,,,,
2024-04-01,ofi_30s,30s,7,1.27369110343e-05,0.128238809866,0,86207,daily_bucket,,,,,,,,
2024-04-01,ofi_30s,30s,8,3.07204011537e-05,0.308118200055,0.00145530591804,86389,daily_bucket,,,,,,,,
2024-04-01,ofi_30s,30s,9,4.04486807842e-05,0.40553463114,0.284767106197,86392,daily_bucket,,,,,,,,
2024-04-01,ofi_30s,30s,10,4.13616066853e-05,0.414925191795,0.465535290998,86395,daily_bucket,,,,,,,,
2024-04-01,ofi_30s,30s,,,,,863628,daily_monotonicity,,0.951515151515,,,,,,
2024-04-01,ofi_30s,30s,,,,,863628,daily_top_bottom,0.956294781157,,,,,,,
2024-04-01,qi_1,30s,1,-0.000130205186764,-1.30089819005,-1.0561661556,86337,daily_bucket,,,,,,,,
2024-04-01,qi_1,30s,2,-0.000101559742144,-1.01461939818,-0.852114289085,86394,daily_bucket,,,,,,,,
2024-04-01,qi_1,30s,3,-7.32489715916e-05,-0.731486584281,-0.48848128797,86382,daily_bucket,,,,,,,,
2024-04-01,qi_1,30s,4,-4.61700527313e-05,-0.460658122047,-0.139034283633,86366,daily_bucket,,,,,,,,
2024-04-01,qi_1,30s,5,-2.05223231188e-05,-0.204176826356,0,86386,daily_bucket,,,,,,,,
2024-04-01,qi_1,30s,6,1.14075034683e-06,0.0125578534793,0,86320,daily_bucket,,,,,,,,
2024-04-01,qi_1,30s,7,1.89685285809e-05,0.190786409709,0,86302,daily_bucket,,,,,,,,
2024-04-01,qi_1,30s,8,5.48553168983e-05,0.54957140556,0.29121740915,86365,daily_bucket,,,,,,,,
2024-04-01,qi_1,30s,9,9.8178668519e-05,0.982923475764,0.759296355601,86387,daily_bucket,,,,,,,,
2024-04-01,qi_1,30s,10,0.000122099288526,1.22225029033,1.00402664085,86389,daily_bucket,,,,,,,,
2024-04-01,qi_1,30s,,,,,863628,daily_monotonicity,,1,,,,,,
2024-04-01,qi_1,30s,,,,,863628,daily_top_bottom,2.52314848039,,,,,,,
2024-04-01,trade_imbalance_30s,30s,1,-8.36106376344e-05,-0.835468630048,-0.395198325969,86314,daily_bucket,,,,,,,,
2024-04-01,trade_imbalance_30s,30s,2,-3.46237498312e-05,-0.345408088816,-0.00286779487151,86367,daily_bucket,,,,,,,,
2024-04-01,trade_imbalance_30s,30s,3,2.37674000442e-06,0.0250028111281,0,86337,daily_bucket,,,,,,,,
2024-04-01,trade_imbalance_30s,30s,4,9.97079229764e-06,0.101378784445,0,86379,daily_bucket,,,,,,,,
2024-04-01,trade_imbalance_30s,30s,5,-2.22975906865e-05,-0.221271376909,0,86258,daily_bucket,,,,,,,,
2024-04-01,trade_imbalance_30s,30s,6,-1.19497684967e-05,-0.118145220435,0,86393,daily_bucket,,,,,,,,
2024-04-01,trade_imbalance_30s,30s,7,-5.2611893879e-06,-0.0514101133402,0,86395,daily_bucket,,,,,,,,
2024-04-01,trade_imbalance_30s,30s,8,1.78472126913e-05,0.179358710125,0,86395,daily_bucket,,,,,,,,
2024-04-01,trade_imbalance_30s,30s,9,1.75790985363e-05,0.176554227062,0,86395,daily_bucket,,,,,,,,
2024-04-01,trade_imbalance_30s,30s,10,3.34427821082e-05,0.335033955541,0.00431207430394,86395,daily_bucket,,,,,,,,
2024-04-01,trade_imbalance_30s,30s,,,,,863628,daily_monotonicity,,0.806060606061,,,,,,
2024-04-01,trade_imbalance_30s,30s,,,,,863628,daily_top_bottom,1.17050258559,,,,,,,
2024-04-01,di_10,500ms,1,-2.07789305144e-05,-0.207775174798,0,86392,daily_bucket,,,,,,,,
2024-04-01,di_10,500ms,2,-1.13935850195e-05,-0.113926563327,0,86391,daily_bucket,,,,,,,,
2024-04-01,di_10,500ms,3,-7.20895752015e-06,-0.0720816667933,0,86394,daily_bucket,,,,,,,,
2024-04-01,di_10,500ms,4,-3.99427657795e-06,-0.0399359636628,0,86391,daily_bucket,,,,,,,,
2024-04-01,di_10,500ms,5,-1.91659099762e-06,-0.0191594709373,0,86394,daily_bucket,,,,,,,,
2024-04-01,di_10,500ms,6,9.16102541484e-07,0.00916751806625,0,86389,daily_bucket,,,,,,,,
2024-04-01,di_10,500ms,7,3.57179105032e-06,0.0357248553901,0,86394,daily_bucket,,,,,,,,
2024-04-01,di_10,500ms,8,6.52273934876e-06,0.0652349583384,0,86394,daily_bucket,,,,,,,,
2024-04-01,di_10,500ms,9,1.13238117207e-05,0.113247259842,0,86394,daily_bucket,,,,,,,,
2024-04-01,di_10,500ms,10,2.16453948575e-05,0.216467704965,0,86393,daily_bucket,,,,,,,,
2024-04-01,di_10,500ms,,,,,863926,daily_monotonicity,,1,,,,,,
2024-04-01,di_10,500ms,,,,,863926,daily_top_bottom,0.424242879762,,,,,,,
2024-04-01,di_5,500ms,1,-2.19210757575e-05,-0.219196178936,0,86392,daily_bucket,,,,,,,,
2024-04-01,di_5,500ms,2,-1.1709088509e-05,-0.117080855326,0,86391,daily_bucket,,,,,,,,
2024-04-01,di_5,500ms,3,-6.57231823768e-06,-0.0657156410943,0,86394,daily_bucket,,,,,,,,
2024-04-01,di_5,500ms,4,-3.4583145047e-06,-0.0345772120444,0,86391,daily_bucket,,,,,,,,
2024-04-01,di_5,500ms,5,-1.71291434953e-06,-0.0171228117307,0,86394,daily_bucket,,,,,,,,
2024-04-01,di_5,500ms,6,7.07768799507e-07,0.00708431424827,0,86389,daily_bucket,,,,,,,,
2024-04-01,di_5,500ms,7,3.18080710574e-06,0.0318145676575,0,86394,daily_bucket,,,,,,,,
2024-04-01,di_5,500ms,8,5.82981353095e-06,0.0583050715834,0,86394,daily_bucket,,,,,,,,
2024-04-01,di_5,500ms,9,1.11852706712e-05,0.111861947401,0,86394,daily_bucket,,,,,,,,
2024-04-01,di_5,500ms,10,2.31575368007e-05,0.231590121956,0,86393,daily_bucket,,,,,,,,
2024-04-01,di_5,500ms,,,,,863926,daily_monotonicity,,1,,,,,,
2024-04-01,di_5,500ms,,,,,863926,daily_top_bottom,0.450786300892,,,,,,,
2024-04-01,microprice_deviation_bps,500ms,1,-2.36961661826e-05,-0.23694166434,0,86390,daily_bucket,,,,,,,,
2024-04-01,microprice_deviation_bps,500ms,2,-1.0191538981e-05,-0.101907044549,0,86393,daily_bucket,,,,,,,,
2024-04-01,microprice_deviation_bps,500ms,3,-5.65642812477e-06,-0.0565582818795,0,86394,daily_bucket,,,,,,,,
2024-04-01,microprice_deviation_bps,500ms,4,-2.86872935976e-06,-0.0286826398555,0,86391,daily_bucket,,,,,,,,
2024-04-01,microprice_deviation_bps,500ms,5,-1.44311454225e-06,-0.0144262549325,0,86394,daily_bucket,,,,,,,,
2024-04-01,microprice_deviation_bps,500ms,6,6.00350588965e-07,0.00600900074156,0,86389,daily_bucket,,,,,,,,
2024-04-01,microprice_deviation_bps,500ms,7,2.37397690737e-06,0.023744874665,0,86394,daily_bucket,,,,,,,,
2024-04-01,microprice_deviation_bps,500ms,8,4.79879758125e-06,0.0479933143025,0,86394,daily_bucket,,,,,,,,
2024-04-01,microprice_deviation_bps,500ms,9,1.02364437795e-05,0.102372404705,0,86394,daily_bucket,,,,,,,,
2024-04-01,microprice_deviation_bps,500ms,10,2.45336230421e-05,0.245356906743,0,86393,daily_bucket,,,,,,,,
2024-04-01,microprice_deviation_bps,500ms,,,,,863926,daily_monotonicity,,1,,,,,,
2024-04-01,microprice_deviation_bps,500ms,,,,,863926,daily_top_bottom,0.482298571083,,,,,,,
2024-04-01,ofi_500ms,500ms,1,-2.19262933131e-05,-0.21924234193,0,86396,daily_bucket,,,,,,,,
2024-04-01,ofi_500ms,500ms,2,-8.18847830856e-06,-0.0818731094233,0,86392,daily_bucket,,,,,,,,
2024-04-01,ofi_500ms,500ms,3,-3.35108874441e-06,-0.0335045511362,0,86393,daily_bucket,,,,,,,,
2024-04-01,ofi_500ms,500ms,4,-1.59986947225e-06,-0.0159941141833,0,86395,daily_bucket,,,,,,,,
2024-04-01,ofi_500ms,500ms,5,-8.55279975705e-07,-0.00855028682079,0,86374,daily_bucket,,,,,,,,
2024-04-01,ofi_500ms,500ms,6,4.45499374509e-07,0.00445770912019,0,86396,daily_bucket,,,,,,,,
2024-04-01,ofi_500ms,500ms,7,1.44796523258e-06,0.0144842544594,0,86395,daily_bucket,,,,,,,,
2024-04-01,ofi_500ms,500ms,8,3.01811550777e-06,0.0301872151309,0,86395,daily_bucket,,,,,,,,
2024-04-01,ofi_500ms,500ms,9,7.8600846252e-06,0.0786123542392,0,86395,daily_bucket,,,,,,,,
2024-04-01,ofi_500ms,500ms,10,2.18372497775e-05,0.21839038422,0,86395,daily_bucket,,,,,,,,
2024-04-01,ofi_500ms,500ms,,,,,863926,daily_monotonicity,,1,,,,,,
2024-04-01,ofi_500ms,500ms,,,,,863926,daily_top_bottom,0.43763272615,,,,,,,
2024-04-01,qi_1,500ms,1,-2.30350679913e-05,-0.230334458689,0,86389,daily_bucket,,,,,,,,
2024-04-01,qi_1,500ms,2,-1.04148580658e-05,-0.104139403534,0,86394,daily_bucket,,,,,,,,
2024-04-01,qi_1,500ms,3,-5.91410049024e-06,-0.0591340036048,0,86394,daily_bucket,,,,,,,,
2024-04-01,qi_1,500ms,4,-2.93782503139e-06,-0.0293727156464,0,86391,daily_bucket,,,,,,,,
2024-04-01,qi_1,500ms,5,-1.54925497372e-06,-0.0154866647401,0,86394,daily_bucket,,,,,,,,
2024-04-01,qi_1,500ms,6,6.51768104177e-07,0.00652449383949,0,86389,daily_bucket,,,,,,,,
2024-04-01,qi_1,500ms,7,2.47775584953e-06,0.0247836961597,0,86394,daily_bucket,,,,,,,,
2024-04-01,qi_1,500ms,8,4.96751189488e-06,0.0496812971303,0,86394,daily_bucket,,,,,,,,
2024-04-01,qi_1,500ms,9,1.03783918852e-05,0.103792878487,0,86394,daily_bucket,,,,,,,,
2024-04-01,qi_1,500ms,10,2.40627706001e-05,0.240644266901,0,86393,daily_bucket,,,,,,,,
2024-04-01,qi_1,500ms,,,,,863926,daily_monotonicity,,1,,,,,,
2024-04-01,qi_1,500ms,,,,,863926,daily_top_bottom,0.47097872559,,,,,,,
2024-04-01,trade_imbalance_500ms,500ms,1,-2.9664499995e-06,-0.0296614047028,0,76287,daily_bucket,,,,,,,,
2024-04-01,trade_imbalance_500ms,500ms,2,-5.07732281369e-06,-0.0507666582149,0,76282,daily_bucket,,,,,,,,
2024-04-01,trade_imbalance_500ms,500ms,3,-1.57419323681e-05,-0.157402410762,0,76284,daily_bucket,,,,,,,,
2024-04-01,trade_imbalance_500ms,500ms,4,-8.71479087343e-06,-0.0871334701156,0,76283,daily_bucket,,,,,,,,
2024-04-01,trade_imbalance_500ms,500ms,5,-1.87216206506e-06,-0.0187102966086,0,76281,daily_bucket,,,,,,,,
2024-04-01,trade_imbalance_500ms,500ms,6,3.81319430094e-06,0.0381431094183,0,76286,daily_bucket,,,,,,,,
2024-04-01,trade_imbalance_500ms,500ms,7,1.00847234969e-05,0.100860056043,0,76286,daily_bucket,,,,,,,,
2024-04-01,trade_imbalance_500ms,500ms,8,1.06181367475e-05,0.106190883121,0,76286,daily_bucket,,,,,,,,
2024-04-01,trade_imbalance_500ms,500ms,9,3.35848767336e-06,0.033589170587,0,76286,daily_bucket,,,,,,,,
2024-04-01,trade_imbalance_500ms,500ms,10,5.3590978465e-06,0.0535979323464,0,76282,daily_bucket,,,,,,,,
2024-04-01,trade_imbalance_500ms,500ms,,,,,762843,daily_monotonicity,,0.757575757576,,,,,,
2024-04-01,trade_imbalance_500ms,500ms,,,,,762843,daily_top_bottom,0.0832593370492,,,,,,,
2024-04-01,di_10,5s,1,-7.73958269913e-05,-0.773797975993,-0.49941071688,86383,daily_bucket,,,,,,,,
2024-04-01,di_10,5s,2,-4.89069072118e-05,-0.488923909801,0,86355,daily_bucket,,,,,,,,
2024-04-01,di_10,5s,3,-3.74237668312e-05,-0.374078777616,0,86394,daily_bucket,,,,,,,,
2024-04-01,di_10,5s,4,-2.0856318534e-05,-0.208422072632,0,86391,daily_bucket,,,,,,,,
2024-04-01,di_10,5s,5,-1.07855776975e-05,-0.107708945736,0,86394,daily_bucket,,,,,,,,
2024-04-01,di_10,5s,6,2.88072784865e-06,0.0289518782418,0,86388,daily_bucket,,,,,,,,
2024-04-01,di_10,5s,7,1.97134863324e-05,0.197278215639,0,86392,daily_bucket,,,,,,,,
2024-04-01,di_10,5s,8,3.20430779232e-05,0.320564341893,0,86394,daily_bucket,,,,,,,,
2024-04-01,di_10,5s,9,5.20470566704e-05,0.52061595569,0,86394,daily_bucket,,,,,,,,
2024-04-01,di_10,5s,10,7.56637436339e-05,0.756793290238,0.471508997999,86393,daily_bucket,,,,,,,,
2024-04-01,di_10,5s,,,,,863878,daily_monotonicity,,1,,,,,,
2024-04-01,di_10,5s,,,,,863878,daily_top_bottom,1.53059126623,,,,,,,
2024-04-01,di_5,5s,1,-7.81859023678e-05,-0.781691822439,-0.51637330089,86386,daily_bucket,,,,,,,,
2024-04-01,di_5,5s,2,-5.11655257339e-05,-0.511506793834,0,86352,daily_bucket,,,,,,,,
2024-04-01,di_5,5s,3,-3.6280954901e-05,-0.362652628484,0,86394,daily_bucket,,,,,,,,
2024-04-01,di_5,5s,4,-2.03000055089e-05,-0.202864676406,0,86394,daily_bucket,,,,,,,,
2024-04-01,di_5,5s,5,-1.16174801482e-05,-0.116034596632,0,86391,daily_bucket,,,,,,,,
2024-04-01,di_5,5s,6,4.81525245175e-06,0.0482979999451,0,86386,daily_bucket,,,,,,,,
2024-04-01,di_5,5s,7,1.72989303839e-05,0.17312641953,0,86394,daily_bucket,,,,,,,,
2024-04-01,di_5,5s,8,3.19101636102e-05,0.319235084589,0,86394,daily_bucket,,,,,,,,
2024-04-01,di_5,5s,9,5.2529298093e-05,0.525439747628,0,86394,daily_bucket,,,,,,,,
2024-04-01,di_5,5s,10,7.79758743937e-05,0.77992281922,0.500162481962,86393,daily_bucket,,,,,,,,
2024-04-01,di_5,5s,,,,,863878,daily_monotonicity,,1,,,,,,
2024-04-01,di_5,5s,,,,,863878,daily_top_bottom,1.56161464166,,,,,,,
2024-04-01,microprice_deviation_bps,5s,1,-7.83171576598e-05,-0.782943021355,-0.545527724746,86361,daily_bucket,,,,,,,,
2024-04-01,microprice_deviation_bps,5s,2,-5.10008170257e-05,-0.509877028563,0,86389,daily_bucket,,,,,,,,
2024-04-01,microprice_deviation_bps,5s,3,-3.45627829694e-05,-0.345490535213,0,86382,daily_bucket,,,,,,,,
2024-04-01,microprice_deviation_bps,5s,4,-2.04613023077e-05,-0.204488507948,0,86394,daily_bucket,,,,,,,,
2024-04-01,microprice_deviation_bps,5s,5,-1.03348260283e-05,-0.103227335789,0,86391,daily_bucket,,,,,,,,
2024-04-01,microprice_deviation_bps,5s,6,3.86305978915e-06,0.038758727638,0,86389,daily_bucket,,,,,,,,
2024-04-01,microprice_deviation_bps,5s,7,1.50369702387e-05,0.150491957787,0,86391,daily_bucket,,,,,,,,
2024-04-01,microprice_deviation_bps,5s,8,3.21795132173e-05,0.321910000013,0,86394,daily_bucket,,,,,,,,
2024-04-01,microprice_deviation_bps,5s,9,5.1741553169e-05,0.517549372508,0,86394,daily_bucket,,,,,,,,
2024-04-01,microprice_deviation_bps,5s,10,7.88302406705e-05,0.788535956878,0.548183814643,86393,daily_bucket,,,,,,,,
2024-04-01,microprice_deviation_bps,5s,,,,,863878,daily_monotonicity,,1,,,,,,
2024-04-01,microprice_deviation_bps,5s,,,,,863878,daily_top_bottom,1.57147897823,,,,,,,
2024-04-01,ofi_5s,5s,1,-4.49323212688e-05,-0.44908438493,-0.0975149857497,86396,daily_bucket,,,,,,,,
2024-04-01,ofi_5s,5s,2,-3.54272966451e-05,-0.354088112969,0,86395,daily_bucket,,,,,,,,
2024-04-01,ofi_5s,5s,3,-3.2572309302e-05,-0.325555343787,0,86367,daily_bucket,,,,,,,,
2024-04-01,ofi_5s,5s,4,-1.91851744617e-05,-0.191741403014,0,86388,daily_bucket,,,,,,,,
2024-04-01,ofi_5s,5s,5,-7.0668177827e-06,-0.0705962906139,0,86378,daily_bucket,,,,,,,,
2024-04-01,ofi_5s,5s,6,2.73319168939e-06,0.0274043757206,0,86383,daily_bucket,,,,,,,,
2024-04-01,ofi_5s,5s,7,1.54722655923e-05,0.154824546759,0,86389,daily_bucket,,,,,,,,
2024-04-01,ofi_5s,5s,8,2.75383909206e-05,0.275533109743,0,86392,daily_bucket,,,,,,,,
2024-04-01,ofi_5s,5s,9,3.78081898418e-05,0.378265520287,0,86395,daily_bucket,,,,,,,,
2024-04-01,ofi_5s,5s,10,4.26322798432e-05,0.426516989506,0.129758217431,86395,daily_bucket,,,,,,,,
2024-04-01,ofi_5s,5s,,,,,863878,daily_monotonicity,,1,,,,,,
2024-04-01,ofi_5s,5s,,,,,863878,daily_top_bottom,0.875601374436,,,,,,,
2024-04-01,qi_1,5s,1,-7.84557944578e-05,-0.784374991247,-0.533430271325,86356,daily_bucket,,,,,,,,
2024-04-01,qi_1,5s,2,-5.08405914369e-05,-0.50826469373,0,86394,daily_bucket,,,,,,,,
2024-04-01,qi_1,5s,3,-3.47316074643e-05,-0.34716616436,0,86382,daily_bucket,,,,,,,,
2024-04-01,qi_1,5s,4,-2.03476077274e-05,-0.203340700714,0,86394,daily_bucket,,,,,,,,
2024-04-01,qi_1,5s,5,-1.02716157646e-05,-0.102584134098,0,86391,daily_bucket,,,,,,,,
2024-04-01,qi_1,5s,6,4.02203190041e-06,0.0403621249937,0,86389,daily_bucket,,,,,,,,
2024-04-01,qi_1,5s,7,1.4811616019e-05,0.148250949834,0,86391,daily_bucket,,,,,,,,
2024-04-01,qi_1,5s,8,3.23366404721e-05,0.323491258374,0,86394,daily_bucket,,,,,,,,
2024-04-01,qi_1,5s,9,5.16987046973e-05,0.517133748681,0,86394,daily_bucket,,,,,,,,
2024-04-01,qi_1,5s,10,7.87510121643e-05,0.787695549691,0.519555131992,86393,daily_bucket,,,,,,,,
2024-04-01,qi_1,5s,,,,,863878,daily_monotonicity,,1,,,,,,
2024-04-01,qi_1,5s,,,,,863878,daily_top_bottom,1.57207054094,,,,,,,
2024-04-01,trade_imbalance_5s,5s,1,-3.13195839917e-05,-0.313090915329,0,86369,daily_bucket,,,,,,,,
2024-04-01,trade_imbalance_5s,5s,2,-2.74251168672e-05,-0.274132267952,0,86386,daily_bucket,,,,,,,,
2024-04-01,trade_imbalance_5s,5s,3,-2.27982516745e-05,-0.227832717437,0,86387,daily_bucket,,,,,,,,
2024-04-01,trade_imbalance_5s,5s,4,-1.37784969566e-05,-0.137592654522,0,86395,daily_bucket,,,,,,,,
2024-04-01,trade_imbalance_5s,5s,5,-6.45630968356e-06,-0.0643269852079,0,86395,daily_bucket,,,,,,,,
2024-04-01,trade_imbalance_5s,5s,6,4.22185939335e-06,0.0424144477308,0,86377,daily_bucket,,,,,,,,
2024-04-01,trade_imbalance_5s,5s,7,6.68296211828e-06,0.0669784336333,0,86394,daily_bucket,,,,,,,,
2024-04-01,trade_imbalance_5s,5s,8,1.71146337529e-05,0.171265540454,0,86392,daily_bucket,,,,,,,,
2024-04-01,trade_imbalance_5s,5s,9,2.60019907962e-05,0.260130718317,0,86389,daily_bucket,,,,,,,,
2024-04-01,trade_imbalance_5s,5s,10,3.47566484005e-05,0.347664791947,0,86394,daily_bucket,,,,,,,,
2024-04-01,trade_imbalance_5s,5s,,,,,863878,daily_monotonicity,,1,,,,,,
2024-04-01,trade_imbalance_5s,5s,,,,,863878,daily_top_bottom,0.660755707277,,,,,,,
2024-05-01,di_10,100ms,1,-1.32728151087e-05,-0.132719598458,0,86399,daily_bucket,,,,,,,,
2024-05-01,di_10,100ms,2,-6.54511558285e-06,-0.0654450911876,0,86399,daily_bucket,,,,,,,,
2024-05-01,di_10,100ms,3,-4.04753578643e-06,-0.0404700009977,0,86398,daily_bucket,,,,,,,,
2024-05-01,di_10,100ms,4,-2.23944657582e-06,-0.0223893249945,0,86398,daily_bucket,,,,,,,,
2024-05-01,di_10,100ms,5,-6.57767028634e-07,-0.00657244117796,0,86398,daily_bucket,,,,,,,,
2024-05-01,di_10,100ms,6,6.1698182288e-07,0.00617468492656,0,86399,daily_bucket,,,,,,,,
2024-05-01,di_10,100ms,7,2.35067861797e-06,0.0235123337606,0,86399,daily_bucket,,,,,,,,
2024-05-01,di_10,100ms,8,3.91880790343e-06,0.0391935167804,0,86398,daily_bucket,,,,,,,,
2024-05-01,di_10,100ms,9,6.86879435959e-06,0.0686937236317,0,86399,daily_bucket,,,,,,,,
2024-05-01,di_10,100ms,10,1.2558835095e-05,0.125596551162,0,86398,daily_bucket,,,,,,,,
2024-05-01,di_10,100ms,,,,,863985,daily_monotonicity,,1,,,,,,
2024-05-01,di_10,100ms,,,,,863985,daily_top_bottom,0.258316149619,,,,,,,
2024-05-01,di_5,100ms,1,-1.43330440915e-05,-0.143321377367,0,86399,daily_bucket,,,,,,,,
2024-05-01,di_5,100ms,2,-6.85773976416e-06,-0.0685709961347,0,86399,daily_bucket,,,,,,,,
2024-05-01,di_5,100ms,3,-3.74997246172e-06,-0.037494526305,0,86398,daily_bucket,,,,,,,,
2024-05-01,di_5,100ms,4,-1.73901312805e-06,-0.0173853902532,0,86398,daily_bucket,,,,,,,,
2024-05-01,di_5,100ms,5,-5.8485176771e-07,-0.00584358218428,0,86398,daily_bucket,,,,,,,,
2024-05-01,di_5,100ms,6,5.87510458368e-07,0.0058798229042,0,86399,daily_bucket,,,,,,,,
2024-05-01,di_5,100ms,7,2.09214155271e-06,0.020926712863,0,86399,daily_bucket,,,,,,,,
2024-05-01,di_5,100ms,8,3.54560845255e-06,0.0354611463775,0,86398,daily_bucket,,,,,,,,
2024-05-01,di_5,100ms,9,6.99904316012e-06,0.0699966016,0,86399,daily_bucket,,,,,,,,
2024-05-01,di_5,100ms,10,1.35917530216e-05,0.135926119094,0,86398,daily_bucket,,,,,,,,
2024-05-01,di_5,100ms,,,,,863985,daily_monotonicity,,1,,,,,,
2024-05-01,di_5,100ms,,,,,863985,daily_top_bottom,0.27924749646,,,,,,,
2024-05-01,microprice_deviation_bps,100ms,1,-1.63770268346e-05,-0.163756383016,0,86399,daily_bucket,,,,,,,,
2024-05-01,microprice_deviation_bps,100ms,2,-5.83210885198e-06,-0.0583157621274,0,86399,daily_bucket,,,,,,,,
2024-05-01,microprice_deviation_bps,100ms,3,-3.02603092367e-06,-0.030256341151,0,86398,daily_bucket,,,,,,,,
2024-05-01,microprice_deviation_bps,100ms,4,-1.29649722845e-06,-0.012961625541,0,86398,daily_bucket,,,,,,,,
2024-05-01,microprice_deviation_bps,100ms,5,-4.38931776363e-07,-0.0043853094718,0,86398,daily_bucket,,,,,,,,
2024-05-01,microprice_deviation_bps,100ms,6,4.11759388616e-07,0.00412154740432,0,86399,daily_bucket,,,,,,,,
2024-05-01,microprice_deviation_bps,100ms,7,1.51900682569e-06,0.0151937754143,0,86399,daily_bucket,,,,,,,,
2024-05-01,microprice_deviation_bps,100ms,8,2.76631255317e-06,0.0276670570873,0,86398,daily_bucket,,,,,,,,
2024-05-01,microprice_deviation_bps,100ms,9,6.07212745667e-06,0.0607260801913,0,86399,daily_bucket,,,,,,,,
2024-05-01,microprice_deviation_bps,100ms,10,1.57528560062e-05,0.157541803634,0,86398,daily_bucket,,,,,,,,
2024-05-01,microprice_deviation_bps,100ms,,,,,863985,daily_monotonicity,,1,,,,,,
2024-05-01,microprice_deviation_bps,100ms,,,,,863985,daily_top_bottom,0.32129818665,,,,,,,
2024-05-01,ofi_100ms,100ms,1,-1.5588832133e-05,-0.155875068056,0,86399,daily_bucket,,,,,,,,
2024-05-01,ofi_100ms,100ms,2,-5.6358437746e-06,-0.0563501244027,0,86398,daily_bucket,,,,,,,,
2024-05-01,ofi_100ms,100ms,3,-1.86205644867e-06,-0.0186155083304,0,86398,daily_bucket,,,,,,,,
2024-05-01,ofi_100ms,100ms,4,-4.64570587257e-07,-0.00464303571262,0,86399,daily_bucket,,,,,,,,
2024-05-01,ofi_100ms,100ms,5,-1.1459879964e-08,-0.000113460047192,0,86398,daily_bucket,,,,,,,,
2024-05-01,ofi_100ms,100ms,6,2.54244028287e-07,0.00254442973224,0,86399,daily_bucket,,,,,,,,
2024-05-01,ofi_100ms,100ms,7,5.87618160244e-07,0.00587910314287,0,86399,daily_bucket,,,,,,,,
2024-05-01,ofi_100ms,100ms,8,2.16597947024e-06,0.0216643734138,0,86398,daily_bucket,,,,,,,,
2024-05-01,ofi_100ms,100ms,9,5.43708488382e-06,0.0543787543756,0,86399,daily_bucket,,,,,,,,
2024-05-01,ofi_100ms,100ms,10,1.46692516012e-05,0.146704865393,0,86398,daily_bucket,,,,,,,,
2024-05-01,ofi_100ms,100ms,,,,,863985,daily_monotonicity,,1,,,,,,
2024-05-01,ofi_100ms,100ms,,,,,863985,daily_top_bottom,0.302579933449,,,,,,,
2024-05-01,qi_1,100ms,1,-1.56500591455e-05,-0.156489961931,0,86399,daily_bucket,,,,,,,,
2024-05-01,qi_1,100ms,2,-6.24657152791e-06,-0.0624596506818,0,86399,daily_bucket,,,,,,,,
2024-05-01,qi_1,100ms,3,-3.23360448822e-06,-0.0323310769783,0,86398,daily_bucket,,,,,,,,
2024-05-01,qi_1,100ms,4,-1.37428628605e-06,-0.0137387053983,0,86398,daily_bucket,,,,,,,,
2024-05-01,qi_1,100ms,5,-4.59480696797e-07,-0.00459008652904,0,86398,daily_bucket,,,,,,,,
2024-05-01,qi_1,100ms,6,4.86047539841e-07,0.00486479594884,0,86399,daily_bucket,,,,,,,,
2024-05-01,qi_1,100ms,7,1.4490221785e-06,0.0144950245905,0,86399,daily_bucket,,,,,,,,
2024-05-01,qi_1,100ms,8,3.01596722209e-06,0.030164178468,0,86398,daily_bucket,,,,,,,,
2024-05-01,qi_1,100ms,9,6.32145706541e-06,0.0632202139476,0,86399,daily_bucket,,,,,,,,
2024-05-01,qi_1,100ms,10,1.52429682013e-05,0.152440045464,0,86398,daily_bucket,,,,,,,,
2024-05-01,qi_1,100ms,,,,,863985,daily_monotonicity,,1,,,,,,
2024-05-01,qi_1,100ms,,,,,863985,daily_top_bottom,0.308930007395,,,,,,,
2024-05-01,trade_imbalance_100ms,100ms,1,-9.06195296942e-06,-0.0906123733148,0,40661,daily_bucket,,,,,,,,
2024-05-01,trade_imbalance_100ms,100ms,2,-7.89522391189e-06,-0.0789468527233,0,40661,daily_bucket,,,,,,,,
2024-05-01,trade_imbalance_100ms,100ms,3,-1.31276199311e-05,-0.131264233322,0,40661,daily_bucket,,,,,,,,
2024-05-01,trade_imbalance_100ms,100ms,4,-2.30014292478e-05,-0.229990766965,0,40659,daily_bucket,,,,,,,,
2024-05-01,trade_imbalance_100ms,100ms,5,-2.60207134917e-06,-0.0260013564873,0,40661,daily_bucket,,,,,,,,
2024-05-01,trade_imbalance_100ms,100ms,6,2.19150660918e-05,0.219173598058,0,40661,daily_bucket,,,,,,,,
2024-05-01,trade_imbalance_100ms,100ms,7,8.24067653725e-06,0.0824139040421,0,40660,daily_bucket,,,,,,,,
2024-05-01,trade_imbalance_100ms,100ms,8,5.2549531597e-06,0.052553555301,0,40661,daily_bucket,,,,,,,,
2024-05-01,trade_imbalance_100ms,100ms,9,7.39655167852e-06,0.0739706437135,0,40661,daily_bucket,,,,,,,,
2024-05-01,trade_imbalance_100ms,100ms,10,1.14963759513e-05,0.114974900358,0,40660,daily_bucket,,,,,,,,
2024-05-01,trade_imbalance_100ms,100ms,,,,,406606,daily_monotonicity,,0.733333333333,,,,,,
2024-05-01,trade_imbalance_100ms,100ms,,,,,406606,daily_top_bottom,0.205587273673,,,,,,,
2024-05-01,di_10,1s,1,-5.84728190581e-05,-0.584627045028,-0.128294812816,86399,daily_bucket,,,,,,,,
2024-05-01,di_10,1s,2,-3.46908354604e-05,-0.34681962725,0,86399,daily_bucket,,,,,,,,
2024-05-01,di_10,1s,3,-2.19673830785e-05,-0.21958146972,0,86398,daily_bucket,,,,,,,,
2024-05-01,di_10,1s,4,-1.24819652625e-05,-0.124722506901,0,86389,daily_bucket,,,,,,,,
2024-05-01,di_10,1s,5,-3.26841851102e-06,-0.0325930404358,0,86398,daily_bucket,,,,,,,,
2024-05-01,di_10,1s,6,2.92572342597e-06,0.0293501658637,0,86399,daily_bucket,,,,,,,,
2024-05-01,di_10,1s,7,1.22797877862e-05,0.122888798719,0,86399,daily_bucket,,,,,,,,
2024-05-01,di_10,1s,8,2.07457779494e-05,0.207548543543,0,86398,daily_bucket,,,,,,,,
2024-05-01,di_10,1s,9,3.45159887239e-05,0.345251713317,0,86399,daily_bucket,,,,,,,,
2024-05-01,di_10,1s,10,5.59263679385e-05,0.55936057273,0.134357400849,86398,daily_bucket,,,,,,,,
2024-05-01,di_10,1s,,,,,863976,daily_monotonicity,,1,,,,,,
2024-05-01,di_10,1s,,,,,863976,daily_top_bottom,1.14398761776,,,,,,,
2024-05-01,di_5,1s,1,-6.13780953498e-05,-0.613674881539,-0.192270364294,86399,daily_bucket,,,,,,,,
2024-05-01,di_5,1s,2,-3.57633001358e-05,-0.357539643337,0,86399,daily_bucket,,,,,,,,
2024-05-01,di_5,1s,3,-2.17716211317e-05,-0.217626833445,0,86398,daily_bucket,,,,,,,,
2024-05-01,di_5,1s,4,-1.10023744509e-05,-0.10992990798,0,86389,daily_bucket,,,,,,,,
2024-05-01,di_5,1s,5,-2.96020738339e-06,-0.029514467881,0,86398,daily_bucket,,,,,,,,
2024-05-01,di_5,1s,6,3.22408516422e-06,0.0323312392821,0,86399,daily_bucket,,,,,,,,
2024-05-01,di_5,1s,7,1.12477623712e-05,0.112567808665,0,86399,daily_bucket,,,,,,,,
2024-05-01,di_5,1s,8,1.97031806005e-05,0.197120201959,0,86398,daily_bucket,,,,,,,,
2024-05-01,di_5,1s,9,3.58155932937e-05,0.358250126905,0,86399,daily_bucket,,,,,,,,
2024-05-01,di_5,1s,10,5.83973950925e-05,0.584074397933,0.198346090378,86398,daily_bucket,,,,,,,,
2024-05-01,di_5,1s,,,,,863976,daily_monotonicity,,1,,,,,,
2024-05-01,di_5,1s,,,,,863976,daily_top_bottom,1.19774927947,,,,,,,
2024-05-01,microprice_deviation_bps,1s,1,-6.46012909289e-05,-0.645868289411,-0.287808282202,86399,daily_bucket,,,,,,,,
2024-05-01,microprice_deviation_bps,1s,2,-3.50522629801e-05,-0.350435205537,0,86399,daily_bucket,,,,,,,,
2024-05-01,microprice_deviation_bps,1s,3,-2.06126944108e-05,-0.206048625619,0,86398,daily_bucket,,,,,,,,
2024-05-01,microprice_deviation_bps,1s,4,-1.02920719037e-05,-0.10284021129,0,86389,daily_bucket,,,,,,,,
2024-05-01,microprice_deviation_bps,1s,5,-3.14816611322e-06,-0.0314015820809,0,86398,daily_bucket,,,,,,,,
2024-05-01,microprice_deviation_bps,1s,6,2.68323247567e-06,0.0269113678929,0,86399,daily_bucket,,,,,,,,
2024-05-01,microprice_deviation_bps,1s,7,1.06845012793e-05,0.106920630181,0,86399,daily_bucket,,,,,,,,
2024-05-01,microprice_deviation_bps,1s,8,1.82989974219e-05,0.183067967319,0,86398,daily_bucket,,,,,,,,
2024-05-01,microprice_deviation_bps,1s,9,3.53862065972e-05,0.35394894357,0,86399,daily_bucket,,,,,,,,
2024-05-01,microprice_deviation_bps,1s,10,6.21660874507e-05,0.621804252328,0.302083681103,86398,daily_bucket,,,,,,,,
2024-05-01,microprice_deviation_bps,1s,,,,,863976,daily_monotonicity,,1,,,,,,
2024-05-01,microprice_deviation_bps,1s,,,,,863976,daily_top_bottom,1.26767254174,,,,,,,
2024-05-01,ofi_1s,1s,1,-4.76256736741e-05,-0.476118320711,-0.00173997757691,86399,daily_bucket,,,,,,,,
2024-05-01,ofi_1s,1s,2,-3.03859932455e-05,-0.303729357813,0,86399,daily_bucket,,,,,,,,
2024-05-01,ofi_1s,1s,3,-1.34200687022e-05,-0.134096033991,0,86398,daily_bucket,,,,,,,,
2024-05-01,ofi_1s,1s,4,-6.33916766754e-06,-0.0633241988944,0,86399,daily_bucket,,,,,,,,
2024-05-01,ofi_1s,1s,5,-1.23418415178e-06,-0.0123036717583,0,86398,daily_bucket,,,,,,,,
2024-05-01,ofi_1s,1s,6,3.22759647635e-06,0.0323187598443,0,86398,daily_bucket,,,,,,,,
2024-05-01,ofi_1s,1s,7,8.24300324599e-06,0.0824961210621,0,86397,daily_bucket,,,,,,,,
2024-05-01,ofi_1s,1s,8,1.41062794258e-05,0.141165916314,0,86391,daily_bucket,,,,,,,,
2024-05-01,ofi_1s,1s,9,2.71299281165e-05,0.271417746188,0,86399,daily_bucket,,,,,,,,
2024-05-01,ofi_1s,1s,10,4.18132026485e-05,0.418256123904,0,86398,daily_bucket,,,,,,,,
2024-05-01,ofi_1s,1s,,,,,863976,daily_monotonicity,,1,,,,,,
2024-05-01,ofi_1s,1s,,,,,863976,daily_top_bottom,0.894374444615,,,,,,,
2024-05-01,qi_1,1s,1,-6.37452403116e-05,-0.637329954704,-0.24028805045,86399,daily_bucket,,,,,,,,
2024-05-01,qi_1,1s,2,-3.53410790626e-05,-0.353317583528,0,86399,daily_bucket,,,,,,,,
2024-05-01,qi_1,1s,3,-2.09056061122e-05,-0.208972546115,0,86398,daily_bucket,,,,,,,,
2024-05-01,qi_1,1s,4,-1.0441682441e-05,-0.104330045974,0,86389,daily_bucket,,,,,,,,
2024-05-01,qi_1,1s,5,-3.26275658347e-06,-0.0325424498225,0,86398,daily_bucket,,,,,,,,
2024-05-01,qi_1,1s,6,2.95716124472e-06,0.0296554542396,0,86399,daily_bucket,,,,,,,,
2024-05-01,qi_1,1s,7,1.06176089374e-05,0.106257853038,0,86399,daily_bucket,,,,,,,,
2024-05-01,qi_1,1s,8,1.85847103883e-05,0.185930701874,0,86398,daily_bucket,,,,,,,,
2024-05-01,qi_1,1s,9,3.57356025978e-05,0.357451154521,0,86399,daily_bucket,,,,,,,,
2024-05-01,qi_1,1s,10,6.131379164e-05,0.613256378543,0.258411085732,86398,daily_bucket,,,,,,,,
2024-05-01,qi_1,1s,,,,,863976,daily_monotonicity,,1,,,,,,
2024-05-01,qi_1,1s,,,,,863976,daily_top_bottom,1.25058633325,,,,,,,
2024-05-01,trade_imbalance_1s,1s,1,-1.50908274993e-05,-0.150867647467,0,84438,daily_bucket,,,,,,,,
2024-05-01,trade_imbalance_1s,1s,2,-2.94603048878e-05,-0.294508676792,0,84437,daily_bucket,,,,,,,,
2024-05-01,trade_imbalance_1s,1s,3,-2.14884901062e-05,-0.214773448517,0,84440,daily_bucket,,,,,,,,
2024-05-01,trade_imbalance_1s,1s,4,-1.01752142479e-05,-0.101630018848,0,84437,daily_bucket,,,,,,,,
2024-05-01,trade_imbalance_1s,1s,5,-2.17362729462e-08,-6.37825349845e-05,0,84437,daily_bucket,,,,,,,,
2024-05-01,trade_imbalance_1s,1s,6,7.25714612524e-06,0.0727059376834,0,84440,daily_bucket,,,,,,,,
2024-05-01,trade_imbalance_1s,1s,7,1.22512076824e-05,0.12261741282,0,84440,daily_bucket,,,,,,,,
2024-05-01,trade_imbalance_1s,1s,8,2.11079711681e-05,0.211169037919,0,84440,daily_bucket,,,,,,,,
2024-05-01,trade_imbalance_1s,1s,9,2.40017229561e-05,0.240088907859,0,84440,daily_bucket,,,,,,,,
2024-05-01,trade_imbalance_1s,1s,10,7.23598641986e-06,0.0723894330418,0,84439,daily_bucket,,,,,,,,
2024-05-01,trade_imbalance_1s,1s,,,,,844388,daily_monotonicity,,0.842424242424,,,,,,
2024-05-01,trade_imbalance_1s,1s,,,,,844388,daily_top_bottom,0.223257080509,,,,,,,
2024-05-01,di_10,30s,1,-0.000159620088489,-1.59303426149,-1.12607238197,86379,daily_bucket,,,,,,,,
2024-05-01,di_10,30s,2,-0.000101838958553,-1.01505534076,-0.699807569541,86306,daily_bucket,,,,,,,,
2024-05-01,di_10,30s,3,-7.00758446003e-05,-0.696951659734,-0.393387014892,86371,daily_bucket,,,,,,,,
2024-05-01,di_10,30s,4,-6.55258056309e-05,-0.651257022374,-0.342794318524,86385,daily_bucket,,,,,,,,
2024-05-01,di_10,30s,5,-2.51442203693e-05,-0.247372757565,-0.19958775466,86398,daily_bucket,,,,,,,,
2024-05-01,di_10,30s,6,-1.27030182823e-05,-0.122962577206,0,86399,daily_bucket,,,,,,,,
2024-05-01,di_10,30s,7,1.95632579306e-05,0.199493519785,0.0017225936852,86390,daily_bucket,,,,,,,,
2024-05-01,di_10,30s,8,5.48855028388e-05,0.552701985996,0.346824848856,86390,daily_bucket,,,,,,,,
2024-05-01,di_10,30s,9,8.97979811807e-05,0.90153651728,0.627771583124,86299,daily_bucket,,,,,,,,
2024-05-01,di_10,30s,10,0.000135527245482,1.35838873981,1.01235944006,86369,daily_bucket,,,,,,,,
2024-05-01,di_10,30s,,,,,863686,daily_monotonicity,,1,,,,,,
2024-05-01,di_10,30s,,,,,863686,daily_top_bottom,2.9514230013,,,,,,,
2024-05-01,di_5,30s,1,-0.000161137550409,-1.60811847589,-1.17665220061,86393,daily_bucket,,,,,,,,
2024-05-01,di_5,30s,2,-0.000106678875736,-1.06333593191,-0.700192014923,86290,daily_bucket,,,,,,,,
2024-05-01,di_5,30s,3,-7.33307906627e-05,-0.729503742274,-0.418451763347,86372,daily_bucket,,,,,,,,
2024-05-01,di_5,30s,4,-5.32474805054e-05,-0.528574943498,-0.27165601244,86386,daily_bucket,,,,,,,,
2024-05-01,di_5,30s,5,-2.73854415832e-05,-0.269942061831,-0.209021451512,86397,daily_bucket,,,,,,,,
2024-05-01,di_5,30s,6,-8.34503344336e-06,-0.0794204260201,0,86399,daily_bucket,,,,,,,,
2024-05-01,di_5,30s,7,1.80478590821e-05,0.184306675429,0,86388,daily_bucket,,,,,,,,
2024-05-01,di_5,30s,8,5.2025000442e-05,0.524005070479,0.334754601532,86361,daily_bucket,,,,,,,,
2024-05-01,di_5,30s,9,8.84138056915e-05,0.887880846919,0.663393978323,86315,daily_bucket,,,,,,,,
2024-05-01,di_5,30s,10,0.000136481915319,1.36796418233,1.03667170082,86385,daily_bucket,,,,,,,,
2024-05-01,di_5,30s,,,,,863686,daily_monotonicity,,1,,,,,,
2024-05-01,di_5,30s,,,,,863686,daily_top_bottom,2.97608265821,,,,,,,
2024-05-01,microprice_deviation_bps,30s,1,-0.000150774829706,-1.50373244431,-1.22626155538,86386,daily_bucket,,,,,,,,
2024-05-01,microprice_deviation_bps,30s,2,-0.0001182088875,-1.17864251378,-0.788578378832,86296,daily_bucket,,,,,,,,
2024-05-01,microprice_deviation_bps,30s,3,-7.78492325728e-05,-0.774966396213,-0.440858389548,86368,daily_bucket,,,,,,,,
2024-05-01,microprice_deviation_bps,30s,4,-4.96260528109e-05,-0.492633263293,-0.255192489733,86380,daily_bucket,,,,,,,,
2024-05-01,microprice_deviation_bps,30s,5,-3.17097760953e-05,-0.313416158429,-0.24148143428,86398,daily_bucket,,,,,,,,
2024-05-01,microprice_deviation_bps,30s,6,-8.57372295933e-06,-0.0818797585269,0,86398,daily_bucket,,,,,,,,
2024-05-01,microprice_deviation_bps,30s,7,1.50132443414e-05,0.153757013306,0,86388,daily_bucket,,,,,,,,
2024-05-01,microprice_deviation_bps,30s,8,5.15000968102e-05,0.518451644502,0.354777779256,86386,daily_bucket,,,,,,,,
2024-05-01,microprice_deviation_bps,30s,9,9.24383861559e-05,0.927998183667,0.689231284782,86294,daily_bucket,,,,,,,,
2024-05-01,microprice_deviation_bps,30s,10,0.000142608899902,1.43007188337,1.07141375293,86392,daily_bucket,,,,,,,,
2024-05-01,microprice_deviation_bps,30s,,,,,863686,daily_monotonicity,,1,,,,,,
2024-05-01,microprice_deviation_bps,30s,,,,,863686,daily_top_bottom,2.93380432768,,,,,,,
2024-05-01,ofi_30s,30s,1,-8.1029749626e-05,-0.805813800465,-0.604049402788,86296,daily_bucket,,,,,,,,
2024-05-01,ofi_30s,30s,2,-6.28351909942e-05,-0.6245161589,-0.345490980635,86399,daily_bucket,,,,,,,,
2024-05-01,ofi_30s,30s,3,-4.10712959564e-05,-0.407279638213,-0.191441677422,86347,daily_bucket,,,,,,,,
2024-05-01,ofi_30s,30s,4,-3.05477096503e-06,-0.0271964327664,-0.00172199983073,86389,daily_bucket,,,,,,,,
2024-05-01,ofi_30s,30s,5,-1.17866935428e-06,-0.00864059708598,0,86398,daily_bucket,,,,,,,,
2024-05-01,ofi_30s,30s,6,-9.72567833726e-06,-0.0945519929336,0,86399,daily_bucket,,,,,,,,
2024-05-01,ofi_30s,30s,7,1.074896205e-05,0.110758237129,0,86399,daily_bucket,,,,,,,,
2024-05-01,ofi_30s,30s,8,5.9169772276e-05,0.595299550788,0.35022015758,86367,daily_bucket,,,,,,,,
2024-05-01,ofi_30s,30s,9,1.57429403129e-05,0.161611898571,0.0997699602277,86327,daily_bucket,,,,,,,,
2024-05-01,ofi_30s,30s,10,-2.19741263238e-05,-0.214920206782,-0.277839013303,86365,daily_bucket,,,,,,,,
2024-05-01,ofi_30s,30s,,,,,863686,daily_monotonicity,,0.69696969697,,,,,,
2024-05-01,ofi_30s,30s,,,,,863686,daily_top_bottom,0.590893593683,,,,,,,
2024-05-01,qi_1,30s,1,-0.000158841508241,-1.58470947423,-1.21668428955,86385,daily_bucket,,,,,,,,
2024-05-01,qi_1,30s,2,-0.000116053252859,-1.15701112231,-0.79031844138,86297,daily_bucket,,,,,,,,
2024-05-01,qi_1,30s,3,-7.61095725282e-05,-0.757496563791,-0.43996136218,86368,daily_bucket,,,,,,,,
2024-05-01,qi_1,30s,4,-4.61116820259e-05,-0.457416245061,-0.227238780935,86380,daily_bucket,,,,,,,,
2024-05-01,qi_1,30s,5,-3.10922532724e-05,-0.307149335125,-0.245531146497,86398,daily_bucket,,,,,,,,
2024-05-01,qi_1,30s,6,-6.19687376433e-06,-0.0580488448858,0,86398,daily_bucket,,,,,,,,
2024-05-01,qi_1,30s,7,1.63759300634e-05,0.167485191755,0,86389,daily_bucket,,,,,,,,
2024-05-01,qi_1,30s,8,5.52318480614e-05,0.555848253229,0.389560838242,86385,daily_bucket,,,,,,,,
2024-05-01,qi_1,30s,9,9.16734961093e-05,0.920458015388,0.663944549343,86293,daily_bucket,,,,,,,,
2024-05-01,qi_1,30s,10,0.000135943489285,1.36306348408,1.04304628738,86393,daily_bucket,,,,,,,,
2024-05-01,qi_1,30s,,,,,863686,daily_monotonicity,,1,,,,,,
2024-05-01,qi_1,30s,,,,,863686,daily_top_bottom,2.94777295831,,,,,,,
2024-05-01,trade_imbalance_30s,30s,1,-3.96731913988e-05,-0.394947348435,-0.145017221227,86235,daily_bucket,,,,,,,,
2024-05-01,trade_imbalance_30s,30s,2,-8.12720798802e-05,-0.808890166032,-0.243872192722,86272,daily_bucket,,,,,,,,
2024-05-01,trade_imbalance_30s,30s,3,-5.91447715985e-05,-0.587480360964,-0.161257516034,86393,daily_bucket,,,,,,,,
2024-05-01,trade_imbalance_30s,30s,4,-4.92798686338e-05,-0.486959777995,-0.00166356121377,86398,daily_bucket,,,,,,,,
2024-05-01,trade_imbalance_30s,30s,5,1.04713390329e-05,0.110004857153,0,86398,daily_bucket,,,,,,,,
2024-05-01,trade_imbalance_30s,30s,6,1.01586506216e-05,0.105700086142,0.00172634035439,86396,daily_bucket,,,,,,,,
2024-05-01,trade_imbalance_30s,30s,7,3.69909483866e-05,0.373649997534,0.0730392800901,86399,daily_bucket,,,,,,,,
2024-05-01,trade_imbalance_30s,30s,8,5.94349176605e-06,0.0626180950065,0,86398,daily_bucket,,,,,,,,
2024-05-01,trade_imbalance_30s,30s,9,-1.11912726558e-05,-0.108887059558,-0.0829180589645,86399,daily_bucket,,,,,,,,
2024-05-01,trade_imbalance_30s,30s,10,4.16858231515e-05,0.418906366903,0,86398,daily_bucket,,,,,,,,
2024-05-01,trade_imbalance_30s,30s,,,,,863686,daily_monotonicity,,0.721212121212,,,,,,
2024-05-01,trade_imbalance_30s,30s,,,,,863686,daily_top_bottom,0.813853715339,,,,,,,
2024-05-01,di_10,500ms,1,-3.97807448791e-05,-0.397758923661,0,86399,daily_bucket,,,,,,,,
2024-05-01,di_10,500ms,2,-2.27663883442e-05,-0.227623790258,0,86399,daily_bucket,,,,,,,,
2024-05-01,di_10,500ms,3,-1.42967409489e-05,-0.14292736242,0,86398,daily_bucket,,,,,,,,
2024-05-01,di_10,500ms,4,-7.89174610668e-06,-0.0788771252266,0,86394,daily_bucket,,,,,,,,
2024-05-01,di_10,500ms,5,-2.14958921195e-06,-0.0214561871774,0,86398,daily_bucket,,,,,,,,
2024-05-01,di_10,500ms,6,2.01619061826e-06,0.0202017859826,0,86399,daily_bucket,,,,,,,,
2024-05-01,di_10,500ms,7,8.14292417026e-06,0.0814697707415,0,86399,daily_bucket,,,,,,,,
2024-05-01,di_10,500ms,8,1.37047102178e-05,0.137087313664,0,86398,daily_bucket,,,,,,,,
2024-05-01,di_10,500ms,9,2.32430819447e-05,0.232471518644,0,86399,daily_bucket,,,,,,,,
2024-05-01,di_10,500ms,10,3.75347854432e-05,0.375394318972,0,86398,daily_bucket,,,,,,,,
2024-05-01,di_10,500ms,,,,,863981,daily_monotonicity,,1,,,,,,
2024-05-01,di_10,500ms,,,,,863981,daily_top_bottom,0.773153242632,,,,,,,
2024-05-01,di_5,500ms,1,-4.20349734866e-05,-0.420298107362,0,86399,daily_bucket,,,,,,,,
2024-05-01,di_5,500ms,2,-2.35780087983e-05,-0.235738811725,0,86399,daily_bucket,,,,,,,,
2024-05-01,di_5,500ms,3,-1.39198292559e-05,-0.139159707102,0,86398,daily_bucket,,,,,,,,
2024-05-01,di_5,500ms,4,-6.80603496285e-06,-0.0680205132592,0,86394,daily_bucket,,,,,,,,
2024-05-01,di_5,500ms,5,-1.99875987478e-06,-0.0199491903688,0,86398,daily_bucket,,,,,,,,
2024-05-01,di_5,500ms,6,2.25610342602e-06,0.0225991512043,0,86399,daily_bucket,,,,,,,,
2024-05-01,di_5,500ms,7,7.30641475642e-06,0.0731045243394,0,86399,daily_bucket,,,,,,,,
2024-05-01,di_5,500ms,8,1.28636978085e-05,0.128675337061,0,86398,daily_bucket,,,,,,,,
2024-05-01,di_5,500ms,9,2.40746161345e-05,0.240788150359,0,86399,daily_bucket,,,,,,,,
2024-05-01,di_5,500ms,10,3.95933401879e-05,0.395981316363,0,86398,daily_bucket,,,,,,,,
2024-05-01,di_5,500ms,,,,,863981,daily_monotonicity,,1,,,,,,
2024-05-01,di_5,500ms,,,,,863981,daily_top_bottom,0.816279423725,,,,,,,
2024-05-01,microprice_deviation_bps,500ms,1,-4.5244424448e-05,-0.452372686647,-0.00166954092049,86399,daily_bucket,,,,,,,,
2024-05-01,microprice_deviation_bps,500ms,2,-2.24115264867e-05,-0.224076916805,0,86399,daily_bucket,,,,,,,,
2024-05-01,microprice_deviation_bps,500ms,3,-1.27925666792e-05,-0.127892980046,0,86398,daily_bucket,,,,,,,,
2024-05-01,microprice_deviation_bps,500ms,4,-6.21434638995e-06,-0.0621099028334,0,86394,daily_bucket,,,,,,,,
2024-05-01,microprice_deviation_bps,500ms,5,-1.81737804245e-06,-0.0181396875774,0,86398,daily_bucket,,,,,,,,
2024-05-01,microprice_deviation_bps,500ms,6,1.73846729623e-06,0.0174179370435,0,86399,daily_bucket,,,,,,,,
2024-05-01,microprice_deviation_bps,500ms,7,6.43537853642e-06,0.0643862895004,0,86399,daily_bucket,,,,,,,,
2024-05-01,microprice_deviation_bps,500ms,8,1.15815997362e-05,0.115848844201,0,86398,daily_bucket,,,,,,,,
2024-05-01,microprice_deviation_bps,500ms,9,2.33422707734e-05,0.233460576204,0,86399,daily_bucket,,,,,,,,
2024-05-01,microprice_deviation_bps,500ms,10,4.3139167228e-05,0.431461432068,0,86398,daily_bucket,,,,,,,,
2024-05-01,microprice_deviation_bps,500ms,,,,,863981,daily_monotonicity,,1,,,,,,
2024-05-01,microprice_deviation_bps,500ms,,,,,863981,daily_top_bottom,0.883834118715,,,,,,,
2024-05-01,ofi_500ms,500ms,1,-3.71859493797e-05,-0.37179178794,0,86399,daily_bucket,,,,,,,,
2024-05-01,ofi_500ms,500ms,2,-2.00844933083e-05,-0.200780642212,0,86399,daily_bucket,,,,,,,,
2024-05-01,ofi_500ms,500ms,3,-8.60973447972e-06,-0.0860559267816,0,86398,daily_bucket,,,,,,,,
2024-05-01,ofi_500ms,500ms,4,-3.1052124255e-06,-0.0310249467865,0,86397,daily_bucket,,,,,,,,
2024-05-01,ofi_500ms,500ms,5,-7.29930357411e-07,-0.00728513823832,0,86397,daily_bucket,,,,,,,,
2024-05-01,ofi_500ms,500ms,6,1.95397555245e-06,0.0195543721594,0,86399,daily_bucket,,,,,,,,
2024-05-01,ofi_500ms,500ms,7,4.61993743169e-06,0.0462267713844,0,86397,daily_bucket,,,,,,,,
2024-05-01,ofi_500ms,500ms,8,8.98689621512e-06,0.0899088389509,0,86398,daily_bucket,,,,,,,,
2024-05-01,ofi_500ms,500ms,9,1.81035179248e-05,0.181097058376,0,86399,daily_bucket,,,,,,,,
2024-05-01,ofi_500ms,500ms,10,3.38079435625e-05,0.338137397616,0,86398,daily_bucket,,,,,,,,
2024-05-01,ofi_500ms,500ms,,,,,863981,daily_monotonicity,,1,,,,,,
2024-05-01,ofi_500ms,500ms,,,,,863981,daily_top_bottom,0.709929185556,,,,,,,
2024-05-01,qi_1,500ms,1,-4.46136802989e-05,-0.446077360837,0,86399,daily_bucket,,,,,,,,
2024-05-01,qi_1,500ms,2,-2.27950670309e-05,-0.227909253929,0,86399,daily_bucket,,,,,,,,
2024-05-01,qi_1,500ms,3,-1.31115387627e-05,-0.131079749074,0,86398,daily_bucket,,,,,,,,
2024-05-01,qi_1,500ms,4,-6.18150407002e-06,-0.0617783752461,0,86394,daily_bucket,,,,,,,,
2024-05-01,qi_1,500ms,5,-1.77209569413e-06,-0.0176837329191,0,86398,daily_bucket,,,,,,,,
2024-05-01,qi_1,500ms,6,1.91876305833e-06,0.0192231678692,0,86399,daily_bucket,,,,,,,,
2024-05-01,qi_1,500ms,7,6.44106424807e-06,0.0644469543445,0,86399,daily_bucket,,,,,,,,
2024-05-01,qi_1,500ms,8,1.18513413474e-05,0.118549084758,0,86398,daily_bucket,,,,,,,,
2024-05-01,qi_1,500ms,9,2.36091401627e-05,0.236132764291,0,86399,daily_bucket,,,,,,,,
2024-05-01,qi_1,500ms,10,4.24102119819e-05,0.424159340167,0,86398,daily_bucket,,,,,,,,
2024-05-01,qi_1,500ms,,,,,863981,daily_monotonicity,,1,,,,,,
2024-05-01,qi_1,500ms,,,,,863981,daily_top_bottom,0.870236701004,,,,,,,
2024-05-01,trade_imbalance_500ms,500ms,1,-6.67519276216e-06,-0.0667387012304,0,77439,daily_bucket,,,,,,,,
2024-05-01,trade_imbalance_500ms,500ms,2,-1.89015886558e-05,-0.188975582673,0,77435,daily_bucket,,,,,,,,
2024-05-01,trade_imbalance_500ms,500ms,3,-2.50637024751e-05,-0.250573063203,0,77438,daily_bucket,,,,,,,,
2024-05-01,trade_imbalance_500ms,500ms,4,-1.31265852031e-05,-0.131202396203,0,77439,daily_bucket,,,,,,,,
2024-05-01,trade_imbalance_500ms,500ms,5,-1.27553981678e-06,-0.012682185253,0,77436,daily_bucket,,,,,,,,
2024-05-01,trade_imbalance_500ms,500ms,6,9.16524306968e-06,0.0917189440971,0,77438,daily_bucket,,,,,,,,
2024-05-01,trade_imbalance_500ms,500ms,7,1.8149134663e-05,0.181545741909,0,77439,daily_bucket,,,,,,,,
2024-05-01,trade_imbalance_500ms,500ms,8,2.14281210462e-05,0.214323550011,0,77438,daily_bucket,,,,,,,,
2024-05-01,trade_imbalance_500ms,500ms,9,5.57442195668e-06,0.0557580770244,0,77438,daily_bucket,,,,,,,,
2024-05-01,trade_imbalance_500ms,500ms,10,8.2172273541e-06,0.0821966895529,0,77438,daily_bucket,,,,,,,,
2024-05-01,trade_imbalance_500ms,500ms,,,,,774378,daily_monotonicity,,0.733333333333,,,,,,
2024-05-01,trade_imbalance_500ms,500ms,,,,,774378,daily_top_bottom,0.148935390783,,,,,,,
2024-05-01,di_10,5s,1,-0.000103814699445,-1.03763004203,-0.666622169637,86386,daily_bucket,,,,,,,,
2024-05-01,di_10,5s,2,-6.71447530072e-05,-0.670914471982,-0.0581238211763,86377,daily_bucket,,,,,,,,
2024-05-01,di_10,5s,3,-4.09681661841e-05,-0.409123175121,0,86395,daily_bucket,,,,,,,,
2024-05-01,di_10,5s,4,-2.74957697446e-05,-0.27438125336,0,86387,daily_bucket,,,,,,,,
2024-05-01,di_10,5s,5,-1.02749331907e-05,-0.102156759686,0,86398,daily_bucket,,,,,,,,
2024-05-01,di_10,5s,6,7.55303189809e-06,0.0761293709196,0,86399,daily_bucket,,,,,,,,
2024-05-01,di_10,5s,7,1.98652783586e-05,0.199226851941,0,86399,daily_bucket,,,,,,,,
2024-05-01,di_10,5s,8,3.76880418643e-05,0.377435099853,0,86398,daily_bucket,,,,,,,,
2024-05-01,di_10,5s,9,6.20890765097e-05,0.621429427284,0.220841254076,86399,daily_bucket,,,,,,,,
2024-05-01,di_10,5s,10,0.000100080070495,1.00134977259,0.753162978743,86398,daily_bucket,,,,,,,,
2024-05-01,di_10,5s,,,,,863936,daily_monotonicity,,1,,,,,,
2024-05-01,di_10,5s,,,,,863936,daily_top_bottom,2.03897981462,,,,,,,
2024-05-01,di_5,5s,1,-0.000108108895292,-1.08055407178,-0.694540848161,86396,daily_bucket,,,,,,,,
2024-05-01,di_5,5s,2,-6.73512216908e-05,-0.672962416382,-0.0743725186279,86367,daily_bucket,,,,,,,,
2024-05-01,di_5,5s,3,-4.20232730241e-05,-0.419679784478,0,86396,daily_bucket,,,,,,,,
2024-05-01,di_5,5s,4,-2.49779260049e-05,-0.24921452521,0,86386,daily_bucket,,,,,,,,
2024-05-01,di_5,5s,5,-7.64361088883e-06,-0.0758688878199,0,86398,daily_bucket,,,,,,,,
2024-05-01,di_5,5s,6,4.72434007158e-06,0.0478222856681,0,86399,daily_bucket,,,,,,,,
2024-05-01,di_5,5s,7,2.14878585997e-05,0.215450641622,0,86399,daily_bucket,,,,,,,,
2024-05-01,di_5,5s,8,3.60081420059e-05,0.360627268557,0,86398,daily_bucket,,,,,,,,
2024-05-01,di_5,5s,9,6.28372536789e-05,0.628931294153,0.245040860563,86399,daily_bucket,,,,,,,,
2024-05-01,di_5,5s,10,0.000102629067435,1.02685859621,0.78456883856,86398,daily_bucket,,,,,,,,
2024-05-01,di_5,5s,,,,,863936,daily_monotonicity,,1,,,,,,
2024-05-01,di_5,5s,,,,,863936,daily_top_bottom,2.10741266798,,,,,,,
2024-05-01,microprice_deviation_bps,5s,1,-0.000107092301527,-1.07021654098,-0.743961691163,86386,daily_bucket,,,,,,,,
2024-05-01,microprice_deviation_bps,5s,2,-6.84592146325e-05,-0.68407782854,-0.100289690228,86377,daily_bucket,,,,,,,,
2024-05-01,microprice_deviation_bps,5s,3,-4.26237685019e-05,-0.425738392373,0,86395,daily_bucket,,,,,,,,
2024-05-01,microprice_deviation_bps,5s,4,-2.43659937865e-05,-0.2431609654,0,86387,daily_bucket,,,,,,,,
2024-05-01,microprice_deviation_bps,5s,5,-9.98993618259e-06,-0.09937463124,0,86398,daily_bucket,,,,,,,,
2024-05-01,microprice_deviation_bps,5s,6,5.60711160524e-06,0.056609606716,0,86399,daily_bucket,,,,,,,,
2024-05-01,microprice_deviation_bps,5s,7,1.95185220493e-05,0.195695568334,0,86399,daily_bucket,,,,,,,,
2024-05-01,microprice_deviation_bps,5s,8,3.70220063551e-05,0.370715639539,0,86398,daily_bucket,,,,,,,,
2024-05-01,microprice_deviation_bps,5s,9,6.38561158994e-05,0.639086134367,0.302429715206,86399,daily_bucket,,,,,,,,
2024-05-01,microprice_deviation_bps,5s,10,0.000104104208619,1.04182196488,0.845660782009,86398,daily_bucket,,,,,,,,
2024-05-01,microprice_deviation_bps,5s,,,,,863936,daily_monotonicity,,1,,,,,,
2024-05-01,microprice_deviation_bps,5s,,,,,863936,daily_top_bottom,2.11203850586,,,,,,,
2024-05-01,ofi_5s,5s,1,-5.84318055308e-05,-0.58354934018,-0.16315218441,86399,daily_bucket,,,,,,,,
2024-05-01,ofi_5s,5s,2,-3.69465442693e-05,-0.368814214643,0,86399,daily_bucket,,,,,,,,
2024-05-01,ofi_5s,5s,3,-2.62309028477e-05,-0.261691455748,0,86398,daily_bucket,,,,,,,,
2024-05-01,ofi_5s,5s,4,-2.65472701935e-05,-0.264980758475,0,86399,daily_bucket,,,,,,,,
2024-05-01,ofi_5s,5s,5,-1.65865271906e-05,-0.165525520432,0,86377,daily_bucket,,,,,,,,
2024-05-01,ofi_5s,5s,6,3.39384945674e-06,0.0342717746306,0,86370,daily_bucket,,,,,,,,
2024-05-01,ofi_5s,5s,7,1.38284969971e-05,0.138766000059,0,86399,daily_bucket,,,,,,,,
2024-05-01,ofi_5s,5s,8,3.26993181998e-05,0.327552321492,0,86398,daily_bucket,,,,,,,,
2024-05-01,ofi_5s,5s,9,3.80391100292e-05,0.381034508478,0.00173989614038,86399,daily_bucket,,,,,,,,
2024-05-01,ofi_5s,5s,10,5.43940306737e-05,0.544647164053,0.347517103622,86398,daily_bucket,,,,,,,,
2024-05-01,ofi_5s,5s,,,,,863936,daily_monotonicity,,0.987878787879,,,,,,
2024-05-01,ofi_5s,5s,,,,,863936,daily_top_bottom,1.12819650423,,,,,,,
2024-05-01,qi_1,5s,1,-0.000108328860423,-1.08268308365,-0.708684911214,86386,daily_bucket,,,,,,,,
2024-05-01,qi_1,5s,2,-6.75092171181e-05,-0.674551934605,-0.061681472933,86377,daily_bucket,,,,,,,,
2024-05-01,qi_1,5s,3,-4.32787335038e-05,-0.432261348643,0,86395,daily_bucket,,,,,,,,
2024-05-01,qi_1,5s,4,-2.35258810191e-05,-0.234735237503,0,86387,daily_bucket,,,,,,,,
2024-05-01,qi_1,5s,5,-9.84465465818e-06,-0.0978974821328,0,86398,daily_bucket,,,,,,,,
2024-05-01,qi_1,5s,6,5.95480381366e-06,0.0601147194377,0,86399,daily_bucket,,,,,,,,
2024-05-01,qi_1,5s,7,1.94639198256e-05,0.195175888233,0,86399,daily_bucket,,,,,,,,
2024-05-01,qi_1,5s,8,3.71632605563e-05,0.372156506503,0,86398,daily_bucket,,,,,,,,
2024-05-01,qi_1,5s,9,6.31110757001e-05,0.631677526227,0.269257812695,86399,daily_bucket,,,,,,,,
2024-05-01,qi_1,5s,10,0.000104371185334,1.04436648275,0.81924599441,86398,daily_bucket,,,,,,,,
2024-05-01,qi_1,5s,,,,,863936,daily_monotonicity,,1,,,,,,
2024-05-01,qi_1,5s,,,,,863936,daily_top_bottom,2.1270495664,,,,,,,
2024-05-01,trade_imbalance_5s,5s,1,-3.38940398072e-05,-0.338678791914,0,86349,daily_bucket,,,,,,,,
2024-05-01,trade_imbalance_5s,5s,2,-3.41323989745e-05,-0.340890629217,0,86399,daily_bucket,,,,,,,,
2024-05-01,trade_imbalance_5s,5s,3,-2.17147890344e-05,-0.216514136211,0,86398,daily_bucket,,,,,,,,
2024-05-01,trade_imbalance_5s,5s,4,-1.02329671507e-05,-0.101564922364,0,86399,daily_bucket,,,,,,,,
2024-05-01,trade_imbalance_5s,5s,5,-6.54004595537e-06,-0.0644921940746,0,86398,daily_bucket,,,,,,,,
2024-05-01,trade_imbalance_5s,5s,6,-4.66553420934e-06,-0.0457916528183,0,86399,daily_bucket,,,,,,,,
2024-05-01,trade_imbalance_5s,5s,7,1.99945263919e-06,0.0206170921867,0,86399,daily_bucket,,,,,,,,
2024-05-01,trade_imbalance_5s,5s,8,1.7207853701e-05,0.172538146524,0,86398,daily_bucket,,,,,,,,
2024-05-01,trade_imbalance_5s,5s,9,3.03365620002e-05,0.303721894765,0,86399,daily_bucket,,,,,,,,
2024-05-01,trade_imbalance_5s,5s,10,3.92307533702e-05,0.392596542631,0,86398,daily_bucket,,,,,,,,
2024-05-01,trade_imbalance_5s,5s,,,,,863936,daily_monotonicity,,0.987878787879,,,,,,
2024-05-01,trade_imbalance_5s,5s,,,,,863936,daily_top_bottom,0.731275334544,,,,,,,
2024-06-01,di_10,100ms,1,-8.23004766234e-07,-0.00822974547746,0,86395,daily_bucket,,,,,,,,
2024-06-01,di_10,100ms,2,-2.45952165166e-07,-0.00245939552869,0,86395,daily_bucket,,,,,,,,
2024-06-01,di_10,100ms,3,-1.60070183595e-07,-0.00160059595336,0,86394,daily_bucket,,,,,,,,
2024-06-01,di_10,100ms,4,-6.85235005823e-08,-0.000685127665356,0,86395,daily_bucket,,,,,,,,
2024-06-01,di_10,100ms,5,-2.20911653774e-08,-0.000220859151231,0,86393,daily_bucket,,,,,,,,
2024-06-01,di_10,100ms,6,1.06447358189e-08,0.000106481996699,0,86394,daily_bucket,,,,,,,,
2024-06-01,di_10,100ms,7,4.45970195826e-08,0.000446017617083,0,86395,daily_bucket,,,,,,,,
2024-06-01,di_10,100ms,8,1.31584102998e-07,0.00131595533667,0,86394,daily_bucket,,,,,,,,
2024-06-01,di_10,100ms,9,2.48424313047e-07,0.00248439472659,0,86395,daily_bucket,,,,,,,,
2024-06-01,di_10,100ms,10,9.21883295235e-07,0.00921919942973,0,86394,daily_bucket,,,,,,,,
2024-06-01,di_10,100ms,,,,,863944,daily_monotonicity,,1,,,,,,
2024-06-01,di_10,100ms,,,,,863944,daily_top_bottom,0.0174489449072,,,,,,,
2024-06-01,di_5,100ms,1,-8.48123357814e-07,-0.0084809290692,0,86395,daily_bucket,,,,,,,,
2024-06-01,di_5,100ms,2,-2.63493930114e-07,-0.0026348108026,0,86395,daily_bucket,,,,,,,,
2024-06-01,di_5,100ms,3,-1.14016148807e-07,-0.00114006759371,0,86394,daily_bucket,,,,,,,,
2024-06-01,di_5,100ms,4,-6.68989464416e-08,-0.000668874552388,0,86395,daily_bucket,,,,,,,,
2024-06-01,di_5,100ms,5,-2.0098812288e-08,-0.000200929507571,0,86393,daily_bucket,,,,,,,,
2024-06-01,di_5,100ms,6,1.28374387379e-08,0.000128409522233,0,86394,daily_bucket,,,,,,,,
2024-06-01,di_5,100ms,7,5.74506361221e-08,0.000574556488174,0,86395,daily_bucket,,,,,,,,
2024-06-01,di_5,100ms,8,1.30457368545e-07,0.00130471901421,0,86394,daily_bucket,,,,,,,,
2024-06-01,di_5,100ms,9,2.25408835534e-07,0.00225420508351,0,86395,daily_bucket,,,,,,,,
2024-06-01,di_5,100ms,10,9.2396921792e-07,0.00924005290499,0,86394,daily_bucket,,,,,,,,
2024-06-01,di_5,100ms,,,,,863944,daily_monotonicity,,1,,,,,,
2024-06-01,di_5,100ms,,,,,863944,daily_top_bottom,0.0177209819742,,,,,,,
2024-06-01,microprice_deviation_bps,100ms,1,-9.10487696389e-07,-0.00910449743424,0,86395,daily_bucket,,,,,,,,
2024-06-01,microprice_deviation_bps,100ms,2,-2.05254536629e-07,-0.00205243312913,0,86395,daily_bucket,,,,,,,,
2024-06-01,microprice_deviation_bps,100ms,3,-9.54165595557e-08,-0.000954101336175,0,86394,daily_bucket,,,,,,,,
2024-06-01,microprice_deviation_bps,100ms,4,-4.38589274874e-08,-0.00043851592258,0,86395,daily_bucket,,,,,,,,
2024-06-01,microprice_deviation_bps,100ms,5,-1.99340629934e-08,-0.000199265229303,0,86393,daily_bucket,,,,,,,,
2024-06-01,microprice_deviation_bps,100ms,6,7.58344234641e-09,7.58612518836e-05,0,86394,daily_bucket,,,,,,,,
2024-06-01,microprice_deviation_bps,100ms,7,4.06001502945e-08,0.00040603999764,0,86395,daily_bucket,,,,,,,,
2024-06-01,microprice_deviation_bps,100ms,8,1.05306735044e-07,0.001053203972,0,86394,daily_bucket,,,,,,,,
2024-06-01,microprice_deviation_bps,100ms,9,1.93415471144e-07,0.00193424695512,0,86395,daily_bucket,,,,,,,,
2024-06-01,microprice_deviation_bps,100ms,10,9.6553863395e-07,0.00965579584613,0,86394,daily_bucket,,,,,,,,
2024-06-01,microprice_deviation_bps,100ms,,,,,863944,daily_monotonicity,,1,,,,,,
2024-06-01,microprice_deviation_bps,100ms,,,,,863944,daily_top_bottom,0.0187602932804,,,,,,,
2024-06-01,ofi_100ms,100ms,1,-6.62170760282e-07,-0.00662137346516,0,86399,daily_bucket,,,,,,,,
2024-06-01,ofi_100ms,100ms,2,-6.40020619774e-08,-0.00063991339307,0,86399,daily_bucket,,,,,,,,
2024-06-01,ofi_100ms,100ms,3,-9.77054469539e-09,-9.7609982973e-05,0,86399,daily_bucket,,,,,,,,
2024-06-01,ofi_100ms,100ms,4,-3.71606410412e-10,-3.6440227541e-06,0,86399,daily_bucket,,,,,,,,
2024-06-01,ofi_100ms,100ms,5,2.10730237704e-10,2.15112724379e-06,0,86353,daily_bucket,,,,,,,,
2024-06-01,ofi_100ms,100ms,6,-1.81976977618e-09,-1.81407603314e-05,0,86399,daily_bucket,,,,,,,,
2024-06-01,ofi_100ms,100ms,7,3.62678334368e-08,0.000362796102796,0,86399,daily_bucket,,,,,,,,
2024-06-01,ofi_100ms,100ms,8,2.48353985382e-09,2.48849242752e-05,0,86399,daily_bucket,,,,,,,,
2024-06-01,ofi_100ms,100ms,9,2.04951268891e-08,0.000205029660255,0,86399,daily_bucket,,,,,,,,
2024-06-01,ofi_100ms,100ms,10,7.16157622707e-07,0.00716202933266,0,86399,daily_bucket,,,,,,,,
2024-06-01,ofi_100ms,100ms,,,,,863944,daily_monotonicity,,0.927272727273,,,,,,
2024-06-01,ofi_100ms,100ms,,,,,863944,daily_top_bottom,0.0137834027978,,,,,,,
2024-06-01,qi_1,100ms,1,-8.92816775306e-07,-0.00892784202883,0,86395,daily_bucket,,,,,,,,
2024-06-01,qi_1,100ms,2,-2.18164974374e-07,-0.00218152112448,0,86395,daily_bucket,,,,,,,,
2024-06-01,qi_1,100ms,3,-9.86573700109e-08,-0.000986492999335,0,86394,daily_bucket,,,,,,,,
2024-06-01,qi_1,100ms,4,-4.51147607778e-08,-0.000451070557073,0,86395,daily_bucket,,,,,,,,
2024-06-01,qi_1,100ms,5,-2.24368593552e-08,-0.000224278046562,0,86393,daily_bucket,,,,,,,,
2024-06-01,qi_1,100ms,6,1.31299571723e-08,0.000131334933679,0,86394,daily_bucket,,,,,,,,
2024-06-01,qi_1,100ms,7,4.90524518043e-08,0.00049057412424,0,86395,daily_bucket,,,,,,,,
2024-06-01,qi_1,100ms,8,1.23505786816e-07,0.0012352096148,0,86394,daily_bucket,,,,,,,,
2024-06-01,qi_1,100ms,9,2.05172792453e-07,0.00205183058571,0,86395,daily_bucket,,,,,,,,
2024-06-01,qi_1,100ms,10,9.23822097843e-07,0.00923858743493,0,86394,daily_bucket,,,,,,,,
2024-06-01,qi_1,100ms,,,,,863944,daily_monotonicity,,1,,,,,,
2024-06-01,qi_1,100ms,,,,,863944,daily_top_bottom,0.0181664294638,,,,,,,
2024-06-01,trade_imbalance_100ms,100ms,1,-9.66624859529e-07,-0.00966589520654,0,20397,daily_bucket,,,,,,,,
2024-06-01,trade_imbalance_100ms,100ms,2,-6.72666650224e-07,-0.00672639681559,0,20396,daily_bucket,,,,,,,,
2024-06-01,trade_imbalance_100ms,100ms,3,-6.46598260645e-07,-0.00646564398836,0,20396,daily_bucket,,,,,,,,
2024-06-01,trade_imbalance_100ms,100ms,4,-7.07118046523e-07,-0.00707078128038,0,20396,daily_bucket,,,,,,,,
2024-06-01,trade_imbalance_100ms,100ms,5,-1.53086877653e-06,-0.0153078873998,0,20396,daily_bucket,,,,,,,,
2024-06-01,trade_imbalance_100ms,100ms,6,1.81236866976e-06,0.0181248643507,0,20396,daily_bucket,,,,,,,,
2024-06-01,trade_imbalance_100ms,100ms,7,8.82248235928e-07,0.00882295363592,0,20396,daily_bucket,,,,,,,,
2024-06-01,trade_imbalance_100ms,100ms,8,6.23518026451e-07,0.00623544273792,0,20396,daily_bucket,,,,,,,,
2024-06-01,trade_imbalance_100ms,100ms,9,7.66102997821e-07,0.00766154070791,0,20396,daily_bucket,,,,,,,,
2024-06-01,trade_imbalance_100ms,100ms,10,5.69055569563e-07,0.00569078271393,0,20396,daily_bucket,,,,,,,,
2024-06-01,trade_imbalance_100ms,100ms,,,,,203961,daily_monotonicity,,0.612121212121,,,,,,
2024-06-01,trade_imbalance_100ms,100ms,,,,,203961,daily_top_bottom,0.0153566779205,,,,,,,
2024-06-01,di_10,1s,1,-6.42142768741e-06,-0.0642106549744,0,86395,daily_bucket,,,,,,,,
2024-06-01,di_10,1s,2,-2.41522598294e-06,-0.0241496042363,0,86395,daily_bucket,,,,,,,,
2024-06-01,di_10,1s,3,-1.49739711474e-06,-0.0149725867249,0,86394,daily_bucket,,,,,,,,
2024-06-01,di_10,1s,4,-8.0447491537e-07,-0.00804320711955,0,86395,daily_bucket,,,,,,,,
2024-06-01,di_10,1s,5,-1.4774480128e-07,-0.00147614354711,0,86384,daily_bucket,,,,,,,,
2024-06-01,di_10,1s,6,1.39320771448e-07,0.00139438510576,0,86385,daily_bucket,,,,,,,,
2024-06-01,di_10,1s,7,7.63391680792e-07,0.00763512841172,0,86395,daily_bucket,,,,,,,,
2024-06-01,di_10,1s,8,1.42445882189e-06,0.0142459796839,0,86394,daily_bucket,,,,,,,,
2024-06-01,di_10,1s,9,2.67150236506e-06,0.0267174716822,0,86395,daily_bucket,,,,,,,,
2024-06-01,di_10,1s,10,6.66248778045e-06,0.0666287319959,0,86394,daily_bucket,,,,,,,,
2024-06-01,di_10,1s,,,,,863926,daily_monotonicity,,1,,,,,,
2024-06-01,di_10,1s,,,,,863926,daily_top_bottom,0.13083938697,,,,,,,
2024-06-01,di_5,1s,1,-6.58826005465e-06,-0.0658791948529,0,86395,daily_bucket,,,,,,,,
2024-06-01,di_5,1s,2,-2.49732461222e-06,-0.0249708315058,0,86395,daily_bucket,,,,,,,,
2024-06-01,di_5,1s,3,-1.33340249543e-06,-0.0133320778074,0,86394,daily_bucket,,,,,,,,
2024-06-01,di_5,1s,4,-8.4699050495e-07,-0.00846853338138,0,86395,daily_bucket,,,,,,,,
2024-06-01,di_5,1s,5,-4.44703895897e-08,-0.000443235294326,0,86384,daily_bucket,,,,,,,,
2024-06-01,di_5,1s,6,1.49574266612e-07,0.00149686583874,0,86385,daily_bucket,,,,,,,,
2024-06-01,di_5,1s,7,8.02815881115e-07,0.00802936206531,0,86395,daily_bucket,,,,,,,,
2024-06-01,di_5,1s,8,1.36790951197e-06,0.0136808364346,0,86394,daily_bucket,,,,,,,,
2024-06-01,di_5,1s,9,2.41912408685e-06,0.0241931595677,0,86395,daily_bucket,,,,,,,,
2024-06-01,di_5,1s,10,6.9459340886e-06,0.0694633378436,0,86394,daily_bucket,,,,,,,,
2024-06-01,di_5,1s,,,,,863926,daily_monotonicity,,1,,,,,,
2024-06-01,di_5,1s,,,,,863926,daily_top_bottom,0.135342532696,,,,,,,
2024-06-01,microprice_deviation_bps,1s,1,-6.9711075364e-06,-0.0697066955438,0,86395,daily_bucket,,,,,,,,
2024-06-01,microprice_deviation_bps,1s,2,-2.2672454098e-06,-0.0226702398939,0,86395,daily_bucket,,,,,,,,
2024-06-01,microprice_deviation_bps,1s,3,-1.27479142479e-06,-0.0127465992068,0,86394,daily_bucket,,,,,,,,
2024-06-01,microprice_deviation_bps,1s,4,-5.88978739711e-07,-0.00588852546313,0,86395,daily_bucket,,,,,,,,
2024-06-01,microprice_deviation_bps,1s,5,-1.76927287054e-07,-0.00176775897223,0,86384,daily_bucket,,,,,,,,
2024-06-01,microprice_deviation_bps,1s,6,2.03321998343e-07,0.00203427724022,0,86385,daily_bucket,,,,,,,,
2024-06-01,microprice_deviation_bps,1s,7,7.27713568368e-07,0.00727825764864,0,86395,daily_bucket,,,,,,,,
2024-06-01,microprice_deviation_bps,1s,8,1.25371107409e-06,0.0125387545451,0,86394,daily_bucket,,,,,,,,
2024-06-01,microprice_deviation_bps,1s,9,2.34747204716e-06,0.0234763803927,0,86395,daily_bucket,,,,,,,,
2024-06-01,microprice_deviation_bps,1s,10,7.12173223598e-06,0.0712217456347,0,86394,daily_bucket,,,,,,,,
2024-06-01,microprice_deviation_bps,1s,,,,,863926,daily_monotonicity,,1,,,,,,
2024-06-01,microprice_deviation_bps,1s,,,,,863926,daily_top_bottom,0.140928441178,,,,,,,
2024-06-01,ofi_1s,1s,1,-4.23815351804e-06,-0.0423781317915,0,86400,daily_bucket,,,,,,,,
2024-06-01,ofi_1s,1s,2,-1.00920924059e-06,-0.010090410191,0,86397,daily_bucket,,,,,,,,
2024-06-01,ofi_1s,1s,3,-4.84164316991e-07,-0.00483993367426,0,86398,daily_bucket,,,,,,,,
2024-06-01,ofi_1s,1s,4,-3.87356458198e-07,-0.00387199667786,0,86399,daily_bucket,,,,,,,,
2024-06-01,ofi_1s,1s,5,-1.36277746122e-07,-0.00136180667262,0,86398,daily_bucket,,,,,,,,
2024-06-01,ofi_1s,1s,6,1.39020353041e-07,0.001391550085,0,86351,daily_bucket,,,,,,,,
2024-06-01,ofi_1s,1s,7,3.36089070721e-07,0.00336244188213,0,86389,daily_bucket,,,,,,,,
2024-06-01,ofi_1s,1s,8,6.66876264409e-07,0.00667036485545,0,86399,daily_bucket,,,,,,,,
2024-06-01,ofi_1s,1s,9,1.13961209317e-06,0.0113985680483,0,86396,daily_bucket,,,,,,,,
2024-06-01,ofi_1s,1s,10,4.34853769142e-06,0.0434896868735,0,86399,daily_bucket,,,,,,,,
2024-06-01,ofi_1s,1s,,,,,863926,daily_monotonicity,,1,,,,,,
2024-06-01,ofi_1s,1s,,,,,863926,daily_top_bottom,0.0858678186649,,,,,,,
2024-06-01,qi_1,1s,1,-6.98907820766e-06,-0.069886563547,0,86395,daily_bucket,,,,,,,,
2024-06-01,qi_1,1s,2,-2.26574630053e-06,-0.0226552178153,0,86395,daily_bucket,,,,,,,,
2024-06-01,qi_1,1s,3,-1.26112783797e-06,-0.0126099077223,0,86394,daily_bucket,,,,,,,,
2024-06-01,qi_1,1s,4,-5.9949731188e-07,-0.00599371489844,0,86395,daily_bucket,,,,,,,,
2024-06-01,qi_1,1s,5,-1.79163789234e-07,-0.0017900719203,0,86384,daily_bucket,,,,,,,,
2024-06-01,qi_1,1s,6,2.27912742848e-07,0.00228024632744,0,86385,daily_bucket,,,,,,,,
2024-06-01,qi_1,1s,7,7.54091461078e-07,0.00754208725903,0,86395,daily_bucket,,,,,,,,
2024-06-01,qi_1,1s,8,1.277641987e-06,0.0127781028833,0,86394,daily_bucket,,,,,,,,
2024-06-01,qi_1,1s,9,2.35093999618e-06,0.0235110779575,0,86395,daily_bucket,,,,,,,,
2024-06-01,qi_1,1s,10,7.05893005614e-06,0.0705935805686,0,86394,daily_bucket,,,,,,,,
2024-06-01,qi_1,1s,,,,,863926,daily_monotonicity,,1,,,,,,
2024-06-01,qi_1,1s,,,,,863926,daily_top_bottom,0.140480144116,,,,,,,
2024-06-01,trade_imbalance_1s,1s,1,-8.97975359011e-07,-0.00897786610059,0,77522,daily_bucket,,,,,,,,
2024-06-01,trade_imbalance_1s,1s,2,-6.09490410112e-07,-0.00609386133433,0,77520,daily_bucket,,,,,,,,
2024-06-01,trade_imbalance_1s,1s,3,-2.75292363961e-06,-0.027526317053,0,77522,daily_bucket,,,,,,,,
2024-06-01,trade_imbalance_1s,1s,4,-1.11684076566e-06,-0.0111665689522,0,77522,daily_bucket,,,,,,,,
2024-06-01,trade_imbalance_1s,1s,5,-3.36414203412e-07,-0.00336178602784,0,77521,daily_bucket,,,,,,,,
2024-06-01,trade_imbalance_1s,1s,6,-4.35952473544e-08,-0.000434260241008,0,77511,daily_bucket,,,,,,,,
2024-06-01,trade_imbalance_1s,1s,7,1.12204925005e-06,0.0112235032304,0,77518,daily_bucket,,,,,,,,
2024-06-01,trade_imbalance_1s,1s,8,3.51013424348e-06,0.0351050924266,0,77522,daily_bucket,,,,,,,,
2024-06-01,trade_imbalance_1s,1s,9,7.34811766956e-07,0.00734935198566,0,77522,daily_bucket,,,,,,,,
2024-06-01,trade_imbalance_1s,1s,10,7.49134770225e-07,0.0074932322153,0,77519,daily_bucket,,,,,,,,
2024-06-01,trade_imbalance_1s,1s,,,,,775199,daily_monotonicity,,0.806060606061,,,,,,
2024-06-01,trade_imbalance_1s,1s,,,,,775199,daily_top_bottom,0.0164710983159,,,,,,,
2024-06-01,di_10,30s,1,-6.9673288324e-05,-0.696608513217,-0.512529083625,86395,daily_bucket,,,,,,,,
2024-06-01,di_10,30s,2,-4.04517298432e-05,-0.404421373073,-0.0022151323379,86394,daily_bucket,,,,,,,,
2024-06-01,di_10,30s,3,-2.75777706055e-05,-0.275691520664,0,86369,daily_bucket,,,,,,,,
2024-06-01,di_10,30s,4,-2.04457573435e-05,-0.204341950941,0,86374,daily_bucket,,,,,,,,
2024-06-01,di_10,30s,5,-8.86104705747e-06,-0.088532302502,0,86141,daily_bucket,,,,,,,,
2024-06-01,di_10,30s,6,4.9604391434e-06,0.049673923825,0,86395,daily_bucket,,,,,,,,
2024-06-01,di_10,30s,7,1.74885775973e-05,0.174956755885,0,86351,daily_bucket,,,,,,,,
2024-06-01,di_10,30s,8,2.60218064912e-05,0.260290129916,0,86394,daily_bucket,,,,,,,,
2024-06-01,di_10,30s,9,5.2418284626e-05,0.524308049278,0,86395,daily_bucket,,,,,,,,
2024-06-01,di_10,30s,10,7.60663631808e-05,0.760793942737,0.527856518839,86394,daily_bucket,,,,,,,,
2024-06-01,di_10,30s,,,,,863602,daily_monotonicity,,1,,,,,,
2024-06-01,di_10,30s,,,,,863602,daily_top_bottom,1.45740245595,,,,,,,
2024-06-01,di_5,30s,1,-6.84584869588e-05,-0.684459833988,-0.498049147401,86395,daily_bucket,,,,,,,,
2024-06-01,di_5,30s,2,-4.26045933386e-05,-0.425946023479,-0.0192015110703,86394,daily_bucket,,,,,,,,
2024-06-01,di_5,30s,3,-2.56774668422e-05,-0.256675542431,0,86393,daily_bucket,,,,,,,,
2024-06-01,di_5,30s,4,-2.1989600593e-05,-0.219803344626,0,86368,daily_bucket,,,,,,,,
2024-06-01,di_5,30s,5,-8.91720071811e-06,-0.0890875445522,0,86123,daily_bucket,,,,,,,,
2024-06-01,di_5,30s,6,5.15064407929e-06,0.0515744389177,0,86395,daily_bucket,,,,,,,,
2024-06-01,di_5,30s,7,1.65750632792e-05,0.165825737784,0,86351,daily_bucket,,,,,,,,
2024-06-01,di_5,30s,8,2.79588574747e-05,0.279664654499,0,86394,daily_bucket,,,,,,,,
2024-06-01,di_5,30s,9,5.24875510085e-05,0.524999922007,0,86395,daily_bucket,,,,,,,,
2024-06-01,di_5,30s,10,7.54244148755e-05,0.754367736556,0.506836567741,86394,daily_bucket,,,,,,,,
2024-06-01,di_5,30s,,,,,863602,daily_monotonicity,,1,,,,,,
2024-06-01,di_5,30s,,,,,863602,daily_top_bottom,1.43882757054,,,,,,,
2024-06-01,microprice_deviation_bps,30s,1,-6.37474439516e-05,-0.637353149704,-0.468132334366,86395,daily_bucket,,,,,,,,
2024-06-01,microprice_deviation_bps,30s,2,-4.50333206398e-05,-0.45022251117,-0.0591226159452,86394,daily_bucket,,,,,,,,
2024-06-01,microprice_deviation_bps,30s,3,-2.96359442806e-05,-0.296259372818,0,86393,daily_bucket,,,,,,,,
2024-06-01,microprice_deviation_bps,30s,4,-2.10733299588e-05,-0.210643933828,0,86367,daily_bucket,,,,,,,,
2024-06-01,microprice_deviation_bps,30s,5,-7.96865226138e-06,-0.0796055186342,0,86124,daily_bucket,,,,,,,,
2024-06-01,microprice_deviation_bps,30s,6,5.69074188121e-06,0.0569737790097,0,86395,daily_bucket,,,,,,,,
2024-06-01,microprice_deviation_bps,30s,7,1.59136007104e-05,0.15920795186,0,86351,daily_bucket,,,,,,,,
2024-06-01,microprice_deviation_bps,30s,8,2.98084339129e-05,0.298163275977,0,86394,daily_bucket,,,,,,,,
2024-06-01,microprice_deviation_bps,30s,9,5.11427138737e-05,0.511548214496,0,86395,daily_bucket,,,,,,,,
2024-06-01,microprice_deviation_bps,30s,10,7.48550621862e-05,0.748678244353,0.527560257689,86394,daily_bucket,,,,,,,,
2024-06-01,microprice_deviation_bps,30s,,,,,863602,daily_monotonicity,,1,,,,,,
2024-06-01,microprice_deviation_bps,30s,,,,,863602,daily_top_bottom,1.38603139406,,,,,,,
2024-06-01,ofi_30s,30s,1,-3.65252943057e-05,-0.365093802195,-0.206313891206,86400,daily_bucket,,,,,,,,
2024-06-01,ofi_30s,30s,2,-3.64314764292e-05,-0.364179634049,-0.0192015110703,86398,daily_bucket,,,,,,,,
2024-06-01,ofi_30s,30s,3,-2.51758215806e-05,-0.251664658051,0,86103,daily_bucket,,,,,,,,
2024-06-01,ofi_30s,30s,4,-1.37532815559e-05,-0.137467511353,0,86354,daily_bucket,,,,,,,,
2024-06-01,ofi_30s,30s,5,-3.97371919712e-06,-0.0396827803882,0,86399,daily_bucket,,,,,,,,
2024-06-01,ofi_30s,30s,6,1.79850546613e-06,0.0180420828155,0,86399,daily_bucket,,,,,,,,
2024-06-01,ofi_30s,30s,7,7.03551504641e-06,0.0704131227061,0,86399,daily_bucket,,,,,,,,
2024-06-01,ofi_30s,30s,8,3.03015217142e-05,0.303099928682,0,86352,daily_bucket,,,,,,,,
2024-06-01,ofi_30s,30s,9,3.72876956133e-05,0.37298252598,0,86399,daily_bucket,,,,,,,,
2024-06-01,ofi_30s,30s,10,4.93345415232e-05,0.493500983461,0.0678470729925,86399,daily_bucket,,,,,,,,
2024-06-01,ofi_30s,30s,,,,,863602,daily_monotonicity,,1,,,,,,
2024-06-01,ofi_30s,30s,,,,,863602,daily_top_bottom,0.858594785655,,,,,,,
2024-06-01,qi_1,30s,1,-6.38960283576e-05,-0.638839030926,-0.468132334366,86395,daily_bucket,,,,,,,,
2024-06-01,qi_1,30s,2,-4.50506314337e-05,-0.450396001449,-0.0577672042399,86394,daily_bucket,,,,,,,,
2024-06-01,qi_1,30s,3,-2.94648623118e-05,-0.294548300059,0,86393,daily_bucket,,,,,,,,
2024-06-01,qi_1,30s,4,-2.10759580415e-05,-0.210670165288,0,86367,daily_bucket,,,,,,,,
2024-06-01,qi_1,30s,5,-7.95875433762e-06,-0.0795064633071,0,86124,daily_bucket,,,,,,,,
2024-06-01,qi_1,30s,6,5.65984293118e-06,0.0566649264242,0,86395,daily_bucket,,,,,,,,
2024-06-01,qi_1,30s,7,1.59011326964e-05,0.159083426921,0,86351,daily_bucket,,,,,,,,
2024-06-01,qi_1,30s,8,2.98875531275e-05,0.298954664705,0,86394,daily_bucket,,,,,,,,
2024-06-01,qi_1,30s,9,5.11408973589e-05,0.511529515043,0,86395,daily_bucket,,,,,,,,
2024-06-01,qi_1,30s,10,7.48086978258e-05,0.748214687667,0.526859465255,86394,daily_bucket,,,,,,,,
2024-06-01,qi_1,30s,,,,,863602,daily_monotonicity,,1,,,,,,
2024-06-01,qi_1,30s,,,,,863602,daily_top_bottom,1.38705371859,,,,,,,
2024-06-01,trade_imbalance_30s,30s,1,-1.81450533602e-05,-0.181320562422,0,86100,daily_bucket,,,,,,,,
2024-06-01,trade_imbalance_30s,30s,2,-2.39574624122e-05,-0.239479145683,0,86377,daily_bucket,,,,,,,,
2024-06-01,trade_imbalance_30s,30s,3,-1.52324823333e-05,-0.152236383988,0,86376,daily_bucket,,,,,,,,
2024-06-01,trade_imbalance_30s,30s,4,-2.11689427861e-06,-0.0210798671279,0,86399,daily_bucket,,,,,,,,
2024-06-01,trade_imbalance_30s,30s,5,-6.73967116859e-06,-0.0673234040695,0,86378,daily_bucket,,,,,,,,
2024-06-01,trade_imbalance_30s,30s,6,2.25869869782e-06,0.0226681779245,0,86376,daily_bucket,,,,,,,,
2024-06-01,trade_imbalance_30s,30s,7,3.31178554551e-06,0.0331951677385,0,86399,daily_bucket,,,,,,,,
2024-06-01,trade_imbalance_30s,30s,8,1.88650141468e-05,0.188756062275,0,86399,daily_bucket,,,,,,,,
2024-06-01,trade_imbalance_30s,30s,9,2.33915918008e-05,0.234037212892,0,86399,daily_bucket,,,,,,,,
2024-06-01,trade_imbalance_30s,30s,10,2.82656030966e-05,0.282762571204,0,86399,daily_bucket,,,,,,,,
2024-06-01,trade_imbalance_30s,30s,,,,,863602,daily_monotonicity,,0.975757575758,,,,,,
2024-06-01,trade_imbalance_30s,30s,,,,,863602,daily_top_bottom,0.464083133627,,,,,,,
2024-06-01,di_10,500ms,1,-3.46158073335e-06,-0.034614031732,0,86395,daily_bucket,,,,,,,,
2024-06-01,di_10,500ms,2,-1.20758631377e-06,-0.0120747874021,0,86395,daily_bucket,,,,,,,,
2024-06-01,di_10,500ms,3,-7.79275565852e-07,-0.00779207381663,0,86394,daily_bucket,,,,,,,,
2024-06-01,di_10,500ms,4,-4.27698459857e-07,-0.00427622445022,0,86395,daily_bucket,,,,,,,,
2024-06-01,di_10,500ms,5,-1.00349587462e-07,-0.00100299754711,0,86389,daily_bucket,,,,,,,,
2024-06-01,di_10,500ms,6,1.16766327249e-07,0.00116812263037,0,86390,daily_bucket,,,,,,,,
2024-06-01,di_10,500ms,7,3.50866576259e-07,0.00350912284344,0,86395,daily_bucket,,,,,,,,
2024-06-01,di_10,500ms,8,6.8682769718e-07,0.00686897820799,0,86394,daily_bucket,,,,,,,,
2024-06-01,di_10,500ms,9,1.36845634299e-06,0.0136857358581,0,86395,daily_bucket,,,,,,,,
2024-06-01,di_10,500ms,10,3.6410232444e-06,0.036412204943,0,86394,daily_bucket,,,,,,,,
2024-06-01,di_10,500ms,,,,,863936,daily_monotonicity,,1,,,,,,
2024-06-01,di_10,500ms,,,,,863936,daily_top_bottom,0.071026236675,,,,,,,
2024-06-01,di_5,500ms,1,-3.55180305431e-06,-0.0355163782267,0,86395,daily_bucket,,,,,,,,
2024-06-01,di_5,500ms,2,-1.30279762783e-06,-0.0130267536354,0,86395,daily_bucket,,,,,,,,
2024-06-01,di_5,500ms,3,-6.21348981253e-07,-0.00621281600117,0,86394,daily_bucket,,,,,,,,
2024-06-01,di_5,500ms,4,-4.39921889624e-07,-0.00439849843687,0,86395,daily_bucket,,,,,,,,
2024-06-01,di_5,500ms,5,-5.38281493617e-08,-0.000537709474876,0,86389,daily_bucket,,,,,,,,
2024-06-01,di_5,500ms,6,1.18198184369e-07,0.00118242904159,0,86390,daily_bucket,,,,,,,,
2024-06-01,di_5,500ms,7,3.82129598689e-07,0.00382177375245,0,86395,daily_bucket,,,,,,,,
2024-06-01,di_5,500ms,8,6.49590865829e-07,0.00649673688176,0,86394,daily_bucket,,,,,,,,
2024-06-01,di_5,500ms,9,1.21322890963e-06,0.0121332089886,0,86395,daily_bucket,,,,,,,,
2024-06-01,di_5,500ms,10,3.79400815307e-06,0.0379421214662,0,86394,daily_bucket,,,,,,,,
2024-06-01,di_5,500ms,,,,,863936,daily_monotonicity,,1,,,,,,
2024-06-01,di_5,500ms,,,,,863936,daily_top_bottom,0.0734584996928,,,,,,,
2024-06-01,microprice_deviation_bps,500ms,1,-3.7879266678e-06,-0.0378770360899,0,86395,daily_bucket,,,,,,,,
2024-06-01,microprice_deviation_bps,500ms,2,-1.11550542125e-06,-0.0111541036235,0,86395,daily_bucket,,,,,,,,
2024-06-01,microprice_deviation_bps,500ms,3,-5.89439443821e-07,-0.00589388123085,0,86394,daily_bucket,,,,,,,,
2024-06-01,microprice_deviation_bps,500ms,4,-3.07829495743e-07,-0.00307768596087,0,86395,daily_bucket,,,,,,,,
2024-06-01,microprice_deviation_bps,500ms,5,-9.94202310087e-08,-0.000993610299184,0,86389,daily_bucket,,,,,,,,
2024-06-01,microprice_deviation_bps,500ms,6,1.11178911199e-07,0.00111218810968,0,86390,daily_bucket,,,,,,,,
2024-06-01,microprice_deviation_bps,500ms,7,3.12362257635e-07,0.00312401104654,0,86395,daily_bucket,,,,,,,,
2024-06-01,microprice_deviation_bps,500ms,8,6.09069653844e-07,0.00609151710328,0,86394,daily_bucket,,,,,,,,
2024-06-01,microprice_deviation_bps,500ms,9,1.12432194706e-06,0.0112439655882,0,86395,daily_bucket,,,,,,,,
2024-06-01,microprice_deviation_bps,500ms,10,3.93064240841e-06,0.0393087288049,0,86394,daily_bucket,,,,,,,,
2024-06-01,microprice_deviation_bps,500ms,,,,,863936,daily_monotonicity,,1,,,,,,
2024-06-01,microprice_deviation_bps,500ms,,,,,863936,daily_top_bottom,0.0771857648947,,,,,,,
2024-06-01,ofi_500ms,500ms,1,-2.20480496529e-06,-0.022046278391,0,86400,daily_bucket,,,,,,,,
2024-06-01,ofi_500ms,500ms,2,-4.38132549137e-07,-0.00438035508992,0,86396,daily_bucket,,,,,,,,
2024-06-01,ofi_500ms,500ms,3,-2.62467806607e-07,-0.00262405873286,0,86399,daily_bucket,,,,,,,,
2024-06-01,ofi_500ms,500ms,4,-1.64234020238e-07,-0.0016418546635,0,86399,daily_bucket,,,,,,,,
2024-06-01,ofi_500ms,500ms,5,3.29631451783e-08,0.000330232902604,0,86398,daily_bucket,,,,,,,,
2024-06-01,ofi_500ms,500ms,6,-3.4244259477e-08,-0.000341980777386,0,86349,daily_bucket,,,,,,,,
2024-06-01,ofi_500ms,500ms,7,1.3858360056e-07,0.00138647223273,0,86398,daily_bucket,,,,,,,,
2024-06-01,ofi_500ms,500ms,8,2.73018402215e-07,0.00273115679392,0,86399,daily_bucket,,,,,,,,
2024-06-01,ofi_500ms,500ms,9,5.33476808588e-07,0.00533570632434,0,86399,daily_bucket,,,,,,,,
2024-06-01,ofi_500ms,500ms,10,2.31323410691e-06,0.0231344380374,0,86399,daily_bucket,,,,,,,,
2024-06-01,ofi_500ms,500ms,,,,,863936,daily_monotonicity,,0.987878787879,,,,,,
2024-06-01,ofi_500ms,500ms,,,,,863936,daily_top_bottom,0.0451807164284,,,,,,,
2024-06-01,qi_1,500ms,1,-3.79948402915e-06,-0.037992768079,0,86395,daily_bucket,,,,,,,,
2024-06-01,qi_1,500ms,2,-1.12798178545e-06,-0.0112788241451,0,86395,daily_bucket,,,,,,,,
2024-06-01,qi_1,500ms,3,-5.77902561791e-07,-0.00577846907391,0,86394,daily_bucket,,,,,,,,
2024-06-01,qi_1,500ms,4,-3.13804229374e-07,-0.0031374351851,0,86395,daily_bucket,,,,,,,,
2024-06-01,qi_1,500ms,5,-9.33172867072e-08,-0.000932529327839,0,86389,daily_bucket,,,,,,,,
2024-06-01,qi_1,500ms,6,1.28986766982e-07,0.00129031877759,0,86390,daily_bucket,,,,,,,,
2024-06-01,qi_1,500ms,7,3.33138912707e-07,0.0033318123545,0,86395,daily_bucket,,,,,,,,
2024-06-01,qi_1,500ms,8,6.3249593677e-07,0.00632581176834,0,86394,daily_bucket,,,,,,,,
2024-06-01,qi_1,500ms,9,1.13829865421e-06,0.0113837582676,0,86395,daily_bucket,,,,,,,,
2024-06-01,qi_1,500ms,10,3.86702466309e-06,0.038672429325,0,86394,daily_bucket,,,,,,,,
2024-06-01,qi_1,500ms,,,,,863936,daily_monotonicity,,1,,,,,,
2024-06-01,qi_1,500ms,,,,,863936,daily_top_bottom,0.076665197404,,,,,,,
2024-06-01,trade_imbalance_500ms,500ms,1,-7.25503550089e-07,-0.00725371270577,0,60868,daily_bucket,,,,,,,,
2024-06-01,trade_imbalance_500ms,500ms,2,-5.1719786115e-07,-0.0051712794153,0,60867,daily_bucket,,,,,,,,
2024-06-01,trade_imbalance_500ms,500ms,3,-4.98299563437e-07,-0.00498222604355,0,60867,daily_bucket,,,,,,,,
2024-06-01,trade_imbalance_500ms,500ms,4,-1.71347320853e-06,-0.017133185659,0,60862,daily_bucket,,,,,,,,
2024-06-01,trade_imbalance_500ms,500ms,5,-4.92091019383e-07,-0.00491984145555,0,60867,daily_bucket,,,,,,,,
2024-06-01,trade_imbalance_500ms,500ms,6,1.87695757767e-07,0.00187776910122,0,60868,daily_bucket,,,,,,,,
2024-06-01,trade_imbalance_500ms,500ms,7,2.27851829825e-06,0.0227875084686,0,60867,daily_bucket,,,,,,,,
2024-06-01,trade_imbalance_500ms,500ms,8,7.41578620241e-07,0.00741677876735,0,60867,daily_bucket,,,,,,,,
2024-06-01,trade_imbalance_500ms,500ms,9,4.07083763694e-07,0.00407146110445,0,60867,daily_bucket,,,,,,,,
2024-06-01,trade_imbalance_500ms,500ms,10,5.25303324936e-07,0.00525419999321,0,60867,daily_bucket,,,,,,,,
2024-06-01,trade_imbalance_500ms,500ms,,,,,608667,daily_monotonicity,,0.818181818182,,,,,,
2024-06-01,trade_imbalance_500ms,500ms,,,,,608667,daily_top_bottom,0.012507912699,,,,,,,
2024-06-01,di_10,5s,1,-2.38602994113e-05,-0.238584172866,0,86395,daily_bucket,,,,,,,,
2024-06-01,di_10,5s,2,-1.19901852748e-05,-0.11988997271,0,86395,daily_bucket,,,,,,,,
2024-06-01,di_10,5s,3,-6.3866441964e-06,-0.0638514806149,0,86394,daily_bucket,,,,,,,,
2024-06-01,di_10,5s,4,-4.67821941017e-06,-0.0467729272976,0,86395,daily_bucket,,,,,,,,
2024-06-01,di_10,5s,5,-5.64449229723e-07,-0.00563642655049,0,86344,daily_bucket,,,,,,,,
2024-06-01,di_10,5s,6,1.20432928496e-06,0.0120529091769,0,86351,daily_bucket,,,,,,,,
2024-06-01,di_10,5s,7,3.66870109039e-06,0.0366941355904,0,86395,daily_bucket,,,,,,,,
2024-06-01,di_10,5s,8,6.77562984692e-06,0.0677652846297,0,86394,daily_bucket,,,,,,,,
2024-06-01,di_10,5s,9,1.33107494419e-05,0.133123189794,0,86395,daily_bucket,,,,,,,,
2024-06-01,di_10,5s,10,2.43950415308e-05,0.243969404931,0,86394,daily_bucket,,,,,,,,
2024-06-01,di_10,5s,,,,,863852,daily_monotonicity,,1,,,,,,
2024-06-01,di_10,5s,,,,,863852,daily_top_bottom,0.482553577797,,,,,,,
2024-06-01,di_5,5s,1,-2.44713057842e-05,-0.244694273535,0,86395,daily_bucket,,,,,,,,
2024-06-01,di_5,5s,2,-1.1429395646e-05,-0.114278929684,0,86395,daily_bucket,,,,,,,,
2024-06-01,di_5,5s,3,-6.63979623743e-06,-0.0663860429318,0,86394,daily_bucket,,,,,,,,
2024-06-01,di_5,5s,4,-4.6069644052e-06,-0.0460604079152,0,86395,daily_bucket,,,,,,,,
2024-06-01,di_5,5s,5,-4.79900644126e-07,-0.00479075297144,0,86344,daily_bucket,,,,,,,,
2024-06-01,di_5,5s,6,1.04293221639e-06,0.0104379909687,0,86351,daily_bucket,,,,,,,,
2024-06-01,di_5,5s,7,3.94572541673e-06,0.039465833964,0,86395,daily_bucket,,,,,,,,
2024-06-01,di_5,5s,8,6.67791207913e-06,0.0667887662197,0,86394,daily_bucket,,,,,,,,
2024-06-01,di_5,5s,9,1.30159954583e-05,0.130174146658,0,86395,daily_bucket,,,,,,,,
2024-06-01,di_5,5s,10,2.48194197821e-05,0.248213298543,0,86394,daily_bucket,,,,,,,,
2024-06-01,di_5,5s,,,,,863852,daily_monotonicity,,1,,,,,,
2024-06-01,di_5,5s,,,,,863852,daily_top_bottom,0.492907572078,,,,,,,
2024-06-01,microprice_deviation_bps,5s,1,-2.46373011392e-05,-0.246353315642,0,86395,daily_bucket,,,,,,,,
2024-06-01,microprice_deviation_bps,5s,2,-1.17038357422e-05,-0.117022330607,0,86395,daily_bucket,,,,,,,,
2024-06-01,microprice_deviation_bps,5s,3,-7.18953006833e-06,-0.0718836936895,0,86394,daily_bucket,,,,,,,,
2024-06-01,microprice_deviation_bps,5s,4,-3.32782358334e-06,-0.0332705608335,0,86395,daily_bucket,,,,,,,,
2024-06-01,microprice_deviation_bps,5s,5,-7.71130515719e-07,-0.00770306158248,0,86344,daily_bucket,,,,,,,,
2024-06-01,microprice_deviation_bps,5s,6,1.24621976316e-06,0.0124708186405,0,86351,daily_bucket,,,,,,,,
2024-06-01,microprice_deviation_bps,5s,7,3.69854383931e-06,0.0369934872732,0,86395,daily_bucket,,,,,,,,
2024-06-01,microprice_deviation_bps,5s,8,6.63693805258e-06,0.0663798321587,0,86394,daily_bucket,,,,,,,,
2024-06-01,microprice_deviation_bps,5s,9,1.28041205025e-05,0.128054052786,0,86395,daily_bucket,,,,,,,,
2024-06-01,microprice_deviation_bps,5s,10,2.51183493654e-05,0.251203683184,0,86394,daily_bucket,,,,,,,,
2024-06-01,microprice_deviation_bps,5s,,,,,863852,daily_monotonicity,,1,,,,,,
2024-06-01,microprice_deviation_bps,5s,,,,,863852,daily_top_bottom,0.497556998826,,,,,,,
2024-06-01,ofi_5s,5s,1,-2.11978456503e-05,-0.21195633623,0,86400,daily_bucket,,,,,,,,
2024-06-01,ofi_5s,5s,2,-5.16469376808e-06,-0.0516356322614,0,86399,daily_bucket,,,,,,,,
2024-06-01,ofi_5s,5s,3,-3.19333854888e-06,-0.0319210141467,0,86399,daily_bucket,,,,,,,,
2024-06-01,ofi_5s,5s,4,-2.24808415284e-06,-0.022471005304,0,86399,daily_bucket,,,,,,,,
2024-06-01,ofi_5s,5s,5,-1.49482630031e-06,-0.0149417492355,0,86399,daily_bucket,,,,,,,,
2024-06-01,ofi_5s,5s,6,7.01297419453e-07,0.00702055733944,0,86331,daily_bucket,,,,,,,,
2024-06-01,ofi_5s,5s,7,1.47487983363e-06,0.0147577677684,0,86371,daily_bucket,,,,,,,,
2024-06-01,ofi_5s,5s,8,3.93901836488e-06,0.0393999823723,0,86356,daily_bucket,,,,,,,,
2024-06-01,ofi_5s,5s,9,7.37278906332e-06,0.0737400126094,0,86399,daily_bucket,,,,,,,,
2024-06-01,ofi_5s,5s,10,2.16880393198e-05,0.216903177878,0,86399,daily_bucket,,,,,,,,
2024-06-01,ofi_5s,5s,,,,,863852,daily_monotonicity,,1,,,,,,
2024-06-01,ofi_5s,5s,,,,,863852,daily_top_bottom,0.428859514108,,,,,,,
2024-06-01,qi_1,5s,1,-2.46372317572e-05,-0.246352875342,0,86395,daily_bucket,,,,,,,,
2024-06-01,qi_1,5s,2,-1.16930888248e-05,-0.116914869886,0,86395,daily_bucket,,,,,,,,
2024-06-01,qi_1,5s,3,-7.19141309352e-06,-0.071902378505,0,86394,daily_bucket,,,,,,,,
2024-06-01,qi_1,5s,4,-3.33211536077e-06,-0.0333134531131,0,86395,daily_bucket,,,,,,,,
2024-06-01,qi_1,5s,5,-7.8309517468e-07,-0.00782263295977,0,86344,daily_bucket,,,,,,,,
2024-06-01,qi_1,5s,6,1.26222854436e-06,0.0126309644059,0,86351,daily_bucket,,,,,,,,
2024-06-01,qi_1,5s,7,3.71325204481e-06,0.0371406571004,0,86395,daily_bucket,,,,,,,,
2024-06-01,qi_1,5s,8,6.67375082851e-06,0.0667480044553,0,86394,daily_bucket,,,,,,,,
2024-06-01,qi_1,5s,9,1.27255279927e-05,0.127268097691,0,86395,daily_bucket,,,,,,,,
2024-06-01,qi_1,5s,10,2.51367369821e-05,0.251387414989,0,86394,daily_bucket,,,,,,,,
2024-06-01,qi_1,5s,,,,,863852,daily_monotonicity,,1,,,,,,
2024-06-01,qi_1,5s,,,,,863852,daily_top_bottom,0.497740290331,,,,,,,
2024-06-01,trade_imbalance_5s,5s,1,-1.0948181748e-05,-0.109466693864,0,86378,daily_bucket,,,,,,,,
2024-06-01,trade_imbalance_5s,5s,2,-8.39313981479e-06,-0.0839173636074,0,86356,daily_bucket,,,,,,,,
2024-06-01,trade_imbalance_5s,5s,3,-5.60113007985e-06,-0.055998452887,0,86377,daily_bucket,,,,,,,,
2024-06-01,trade_imbalance_5s,5s,4,-2.39091036814e-06,-0.0238985017021,0,86385,daily_bucket,,,,,,,,
2024-06-01,trade_imbalance_5s,5s,5,-6.77891751596e-07,-0.00676971584041,0,86379,daily_bucket,,,,,,,,
2024-06-01,trade_imbalance_5s,5s,6,8.38218362344e-07,0.00839198610081,0,86368,daily_bucket,,,,,,,,
2024-06-01,trade_imbalance_5s,5s,7,2.31666464726e-06,0.0231765203407,0,86375,daily_bucket,,,,,,,,
2024-06-01,trade_imbalance_5s,5s,8,5.39808408271e-06,0.0539905690996,0,86371,daily_bucket,,,,,,,,
2024-06-01,trade_imbalance_5s,5s,9,7.76397130316e-06,0.077653257622,0,86365,daily_bucket,,,,,,,,
2024-06-01,trade_imbalance_5s,5s,10,1.35673563196e-05,0.135692230334,0,86387,daily_bucket,,,,,,,,
2024-06-01,trade_imbalance_5s,5s,,,,,863741,daily_monotonicity,,1,,,,,,
2024-06-01,trade_imbalance_5s,5s,,,,,863741,daily_top_bottom,0.245158924198,,,,,,,
2024-07-01,di_10,100ms,1,-4.28528573528e-06,-0.0428508013559,0,86398,daily_bucket,,,,,,,,
2024-07-01,di_10,100ms,2,-1.60426529325e-06,-0.0160417691932,0,86398,daily_bucket,,,,,,,,
2024-07-01,di_10,100ms,3,-7.62648884207e-07,-0.00762595391777,0,86398,daily_bucket,,,,,,,,
2024-07-01,di_10,100ms,4,-3.23664246278e-07,-0.00323636994819,0,86398,daily_bucket,,,,,,,,
2024-07-01,di_10,100ms,5,-5.5372088604e-08,-0.000553454128553,0,86398,daily_bucket,,,,,,,,
2024-07-01,di_10,100ms,6,1.08629722416e-07,0.00108662533451,0,86398,daily_bucket,,,,,,,,
2024-07-01,di_10,100ms,7,2.60609640109e-07,0.00260642229407,0,86398,daily_bucket,,,,,,,,
2024-07-01,di_10,100ms,8,6.73613653552e-07,0.00673654707101,0,86398,daily_bucket,,,,,,,,
2024-07-01,di_10,100ms,9,1.42916872994e-06,0.0142923793136,0,86398,daily_bucket,,,,,,,,
2024-07-01,di_10,100ms,10,4.58080220313e-06,0.0458101696939,0,86397,daily_bucket,,,,,,,,
2024-07-01,di_10,100ms,,,,,863979,daily_monotonicity,,1,,,,,,
2024-07-01,di_10,100ms,,,,,863979,daily_top_bottom,0.0886609710498,,,,,,,
2024-07-01,di_5,100ms,1,-4.42525150298e-06,-0.0442505778622,0,86398,daily_bucket,,,,,,,,
2024-07-01,di_5,100ms,2,-1.47422107462e-06,-0.0147414525393,0,86398,daily_bucket,,,,,,,,
2024-07-01,di_5,100ms,3,-7.45295369832e-07,-0.00745227278892,0,86398,daily_bucket,,,,,,,,
2024-07-01,di_5,100ms,4,-2.90695136679e-07,-0.00290662579662,0,86398,daily_bucket,,,,,,,,
2024-07-01,di_5,100ms,5,-8.87012307937e-08,-0.000886755039562,0,86398,daily_bucket,,,,,,,,
2024-07-01,di_5,100ms,6,9.69818835283e-08,0.000970123058325,0,86398,daily_bucket,,,,,,,,
2024-07-01,di_5,100ms,7,2.53277567731e-07,0.002533198747,0,86398,daily_bucket,,,,,,,,
2024-07-01,di_5,100ms,8,6.27712702083e-07,0.00627755205221,0,86398,daily_bucket,,,,,,,,
2024-07-01,di_5,100ms,9,1.3633716555e-06,0.0136344232692,0,86398,daily_bucket,,,,,,,,
2024-07-01,di_5,100ms,10,4.70440963826e-06,0.0470461963695,0,86397,daily_bucket,,,,,,,,
2024-07-01,di_5,100ms,,,,,863979,daily_monotonicity,,1,,,,,,
2024-07-01,di_5,100ms,,,,,863979,daily_top_bottom,0.0912967742317,,,,,,,
2024-07-01,microprice_deviation_bps,100ms,1,-4.65120414654e-06,-0.0465096206859,0,86398,daily_bucket,,,,,,,,
2024-07-01,microprice_deviation_bps,100ms,2,-1.29869182404e-06,-0.0129863334216,0,86398,daily_bucket,,,,,,,,
2024-07-01,microprice_deviation_bps,100ms,3,-6.17387694258e-07,-0.00617341049906,0,86398,daily_bucket,,,,,,,,
2024-07-01,microprice_deviation_bps,100ms,4,-2.68431492345e-07,-0.00268410583331,0,86398,daily_bucket,,,,,,,,
2024-07-01,microprice_deviation_bps,100ms,5,-6.19402515458e-08,-0.000619223868358,0,86398,daily_bucket,,,,,,,,
2024-07-01,microprice_deviation_bps,100ms,6,1.12945785061e-07,0.00112970013313,0,86398,daily_bucket,,,,,,,,
2024-07-01,microprice_deviation_bps,100ms,7,1.5128205402e-07,0.00151315090263,0,86398,daily_bucket,,,,,,,,
2024-07-01,microprice_deviation_bps,100ms,8,5.64380964272e-07,0.00564416848009,0,86398,daily_bucket,,,,,,,,
2024-07-01,microprice_deviation_bps,100ms,9,1.16928395068e-06,0.0116933833111,0,86398,daily_bucket,,,,,,,,
2024-07-01,microprice_deviation_bps,100ms,10,4.92135429788e-06,0.0492161260665,0,86397,daily_bucket,,,,,,,,
2024-07-01,microprice_deviation_bps,100ms,,,,,863979,daily_monotonicity,,1,,,,,,
2024-07-01,microprice_deviation_bps,100ms,,,,,863979,daily_top_bottom,0.0957257467524,,,,,,,
2024-07-01,ofi_100ms,100ms,1,-3.64307809822e-06,-0.0364286234916,0,86399,daily_bucket,,,,,,,,
2024-07-01,ofi_100ms,100ms,2,-5.21603953307e-07,-0.00521523098341,0,86398,daily_bucket,,,,,,,,
2024-07-01,ofi_100ms,100ms,3,-2.45239018806e-07,-0.00245198087163,0,86398,daily_bucket,,,,,,,,
2024-07-01,ofi_100ms,100ms,4,-1.33142489459e-08,-0.000132704928591,0,86396,daily_bucket,,,,,,,,
2024-07-01,ofi_100ms,100ms,5,-6.49902660417e-09,-6.48121521596e-05,0,86398,daily_bucket,,,,,,,,
2024-07-01,ofi_100ms,100ms,6,-1.46236996542e-08,-0.000145672611848,0,86398,daily_bucket,,,,,,,,
2024-07-01,ofi_100ms,100ms,7,-5.55593484535e-08,-0.000555337812659,0,86398,daily_bucket,,,,,,,,
2024-07-01,ofi_100ms,100ms,8,7.19118640302e-08,0.000719472270817,0,86398,daily_bucket,,,,,,,,
2024-07-01,ofi_100ms,100ms,9,5.79107695283e-07,0.00579168630482,0,86398,daily_bucket,,,,,,,,
2024-07-01,ofi_100ms,100ms,10,3.87047437445e-06,0.0387068877825,0,86398,daily_bucket,,,,,,,,
2024-07-01,ofi_100ms,100ms,,,,,863979,daily_monotonicity,,0.890909090909,,,,,,
2024-07-01,ofi_100ms,100ms,,,,,863979,daily_top_bottom,0.0751355112742,,,,,,,
2024-07-01,qi_1,100ms,1,-4.55228295091e-06,-0.0455208300832,0,86398,daily_bucket,,,,,,,,
2024-07-01,qi_1,100ms,2,-1.31306941635e-06,-0.013130094554,0,86398,daily_bucket,,,,,,,,
2024-07-01,qi_1,100ms,3,-6.51455499883e-07,-0.00651403441665,0,86398,daily_bucket,,,,,,,,
2024-07-01,qi_1,100ms,4,-3.23758307831e-07,-0.0032370912632,0,86398,daily_bucket,,,,,,,,
2024-07-01,qi_1,100ms,5,-5.89723988071e-08,-0.000589479174064,0,86398,daily_bucket,,,,,,,,
2024-07-01,qi_1,100ms,6,1.26416182536e-07,0.00126446970472,0,86398,daily_bucket,,,,,,,,
2024-07-01,qi_1,100ms,7,1.67320331323e-07,0.00167359490987,0,86398,daily_bucket,,,,,,,,
2024-07-01,qi_1,100ms,8,6.17343847163e-07,0.00617394852825,0,86398,daily_bucket,,,,,,,,
2024-07-01,qi_1,100ms,9,1.19701571582e-06,0.0119708233108,0,86397,daily_bucket,,,,,,,,
2024-07-01,qi_1,100ms,10,4.81299103335e-06,0.0481320965327,0,86398,daily_bucket,,,,,,,,
2024-07-01,qi_1,100ms,,,,,863979,daily_monotonicity,,1,,,,,,
2024-07-01,qi_1,100ms,,,,,863979,daily_top_bottom,0.0936529266159,,,,,,,
2024-07-01,trade_imbalance_100ms,100ms,1,-3.6346647599e-06,-0.0363445944535,0,25528,daily_bucket,,,,,,,,
2024-07-01,trade_imbalance_100ms,100ms,2,-2.00308171418e-06,-0.0200298742767,0,25528,daily_bucket,,,,,,,,
2024-07-01,trade_imbalance_100ms,100ms,3,-4.03246811621e-06,-0.0403229417873,0,25528,daily_bucket,,,,,,,,
2024-07-01,trade_imbalance_100ms,100ms,4,-3.56179307973e-06,-0.0356160996749,0,25528,daily_bucket,,,,,,,,
2024-07-01,trade_imbalance_100ms,100ms,5,-4.55209973628e-06,-0.0455154815839,0,25528,daily_bucket,,,,,,,,
2024-07-01,trade_imbalance_100ms,100ms,6,7.20182302112e-06,0.072022902579,0,25528,daily_bucket,,,,,,,,
2024-07-01,trade_imbalance_100ms,100ms,7,1.9971061013e-06,0.0199718816733,0,25528,daily_bucket,,,,,,,,
2024-07-01,trade_imbalance_100ms,100ms,8,1.94963340176e-06,0.0194971262324,0,25528,daily_bucket,,,,,,,,
2024-07-01,trade_imbalance_100ms,100ms,9,4.38184715648e-06,0.0438209303545,0,25528,daily_bucket,,,,,,,,
2024-07-01,trade_imbalance_100ms,100ms,10,2.89028543942e-06,0.0289042467458,0,25527,daily_bucket,,,,,,,,
2024-07-01,trade_imbalance_100ms,100ms,,,,,255279,daily_monotonicity,,0.672727272727,,,,,,
2024-07-01,trade_imbalance_100ms,100ms,,,,,255279,daily_top_bottom,0.0652488411993,,,,,,,
2024-07-01,di_10,1s,1,-2.66769066639e-05,-0.266747848293,0,86389,daily_bucket,,,,,,,,
2024-07-01,di_10,1s,2,-1.50574081255e-05,-0.150559165321,0,86398,daily_bucket,,,,,,,,
2024-07-01,di_10,1s,3,-9.56730631488e-06,-0.0956599301331,0,86398,daily_bucket,,,,,,,,
2024-07-01,di_10,1s,4,-4.63848745152e-06,-0.0463766817031,0,86398,daily_bucket,,,,,,,,
2024-07-01,di_10,1s,5,-1.2836293373e-06,-0.0128297018455,0,86398,daily_bucket,,,,,,,,
2024-07-01,di_10,1s,6,1.14972028715e-06,0.0115043972837,0,86398,daily_bucket,,,,,,,,
2024-07-01,di_10,1s,7,4.37855436202e-06,0.0437929243892,0,86398,daily_bucket,,,,,,,,
2024-07-01,di_10,1s,8,9.95885042598e-06,0.0996009503991,0,86398,daily_bucket,,,,,,,,
2024-07-01,di_10,1s,9,1.39351869216e-05,0.139363394704,0,86398,daily_bucket,,,,,,,,
2024-07-01,di_10,1s,10,2.80143180524e-05,0.280164594638,0,86397,daily_bucket,,,,,,,,
2024-07-01,di_10,1s,,,,,863970,daily_monotonicity,,1,,,,,,
2024-07-01,di_10,1s,,,,,863970,daily_top_bottom,0.546912442931,,,,,,,
2024-07-01,di_5,1s,1,-2.73744670501e-05,-0.273724036895,0,86389,daily_bucket,,,,,,,,
2024-07-01,di_5,1s,2,-1.49527152493e-05,-0.149514338544,0,86398,daily_bucket,,,,,,,,
2024-07-01,di_5,1s,3,-9.01476405371e-06,-0.0901321222079,0,86398,daily_bucket,,,,,,,,
2024-07-01,di_5,1s,4,-4.66091810522e-06,-0.0466023288297,0,86398,daily_bucket,,,,,,,,
2024-07-01,di_5,1s,5,-1.44159680133e-06,-0.0144093814908,0,86398,daily_bucket,,,,,,,,
2024-07-01,di_5,1s,6,1.20664255644e-06,0.0120743861499,0,86398,daily_bucket,,,,,,,,
2024-07-01,di_5,1s,7,4.4103918007e-06,0.0441122380461,0,86398,daily_bucket,,,,,,,,
2024-07-01,di_5,1s,8,9.51641943009e-06,0.095176177486,0,86398,daily_bucket,,,,,,,,
2024-07-01,di_5,1s,9,1.37279548548e-05,0.137291044147,0,86398,daily_bucket,,,,,,,,
2024-07-01,di_5,1s,10,2.87958811555e-05,0.287980660018,0,86397,daily_bucket,,,,,,,,
2024-07-01,di_5,1s,,,,,863970,daily_monotonicity,,1,,,,,,
2024-07-01,di_5,1s,,,,,863970,daily_top_bottom,0.561704696913,,,,,,,
2024-07-01,microprice_deviation_bps,1s,1,-2.82521748147e-05,-0.282495739129,0,86389,daily_bucket,,,,,,,,
2024-07-01,microprice_deviation_bps,1s,2,-1.44244695014e-05,-0.144232961041,0,86398,daily_bucket,,,,,,,,
2024-07-01,microprice_deviation_bps,1s,3,-8.47976912923e-06,-0.0847858486658,0,86398,daily_bucket,,,,,,,,
2024-07-01,microprice_deviation_bps,1s,4,-4.66281017275e-06,-0.0466219690343,0,86398,daily_bucket,,,,,,,,
2024-07-01,microprice_deviation_bps,1s,5,-1.44746092855e-06,-0.0144688668729,0,86398,daily_bucket,,,,,,,,
2024-07-01,microprice_deviation_bps,1s,6,1.29547670979e-06,0.0129607509504,0,86398,daily_bucket,,,,,,,,
2024-07-01,microprice_deviation_bps,1s,7,4.01492993074e-06,0.040156524062,0,86398,daily_bucket,,,,,,,,
2024-07-01,microprice_deviation_bps,1s,8,9.50308310616e-06,0.0950422322551,0,86398,daily_bucket,,,,,,,,
2024-07-01,microprice_deviation_bps,1s,9,1.32475097523e-05,0.132485914917,0,86398,daily_bucket,,,,,,,,
2024-07-01,microprice_deviation_bps,1s,10,2.94184293611e-05,0.294211418816,0,86397,daily_bucket,,,,,,,,
2024-07-01,microprice_deviation_bps,1s,,,,,863970,daily_monotonicity,,1,,,,,,
2024-07-01,microprice_deviation_bps,1s,,,,,863970,daily_top_bottom,0.576707157945,,,,,,,
2024-07-01,ofi_1s,1s,1,-2.21953952826e-05,-0.221931697848,0,86399,daily_bucket,,,,,,,,
2024-07-01,ofi_1s,1s,2,-9.0736569301e-06,-0.0907143444158,0,86398,daily_bucket,,,,,,,,
2024-07-01,ofi_1s,1s,3,-5.71620981361e-06,-0.0571530686614,0,86394,daily_bucket,,,,,,,,
2024-07-01,ofi_1s,1s,4,-2.96896805799e-06,-0.0296828594435,0,86395,daily_bucket,,,,,,,,
2024-07-01,ofi_1s,1s,5,-1.47095656103e-06,-0.0147044018865,0,86397,daily_bucket,,,,,,,,
2024-07-01,ofi_1s,1s,6,-1.78636215726e-07,-0.00178132802999,0,86395,daily_bucket,,,,,,,,
2024-07-01,ofi_1s,1s,7,2.47447436204e-06,0.0247518634597,0,86399,daily_bucket,,,,,,,,
2024-07-01,ofi_1s,1s,8,5.08000226674e-06,0.050809686891,0,86398,daily_bucket,,,,,,,,
2024-07-01,ofi_1s,1s,9,1.05910753546e-05,0.105925755222,0,86398,daily_bucket,,,,,,,,
2024-07-01,ofi_1s,1s,10,2.36737289946e-05,0.236758986781,0,86397,daily_bucket,,,,,,,,
2024-07-01,ofi_1s,1s,,,,,863970,daily_monotonicity,,1,,,,,,
2024-07-01,ofi_1s,1s,,,,,863970,daily_top_bottom,0.458690684629,,,,,,,
2024-07-01,qi_1,1s,1,-2.81387109072e-05,-0.281365454506,0,86389,daily_bucket,,,,,,,,
2024-07-01,qi_1,1s,2,-1.43806515297e-05,-0.143794558751,0,86398,daily_bucket,,,,,,,,
2024-07-01,qi_1,1s,3,-8.62237767617e-06,-0.0862100206176,0,86398,daily_bucket,,,,,,,,
2024-07-01,qi_1,1s,4,-4.69916215588e-06,-0.0469838116099,0,86398,daily_bucket,,,,,,,,
2024-07-01,qi_1,1s,5,-1.41526838589e-06,-0.0141464445429,0,86398,daily_bucket,,,,,,,,
2024-07-01,qi_1,1s,6,1.32289500856e-06,0.0132356432853,0,86398,daily_bucket,,,,,,,,
2024-07-01,qi_1,1s,7,4.02460952851e-06,0.0402546976771,0,86398,daily_bucket,,,,,,,,
2024-07-01,qi_1,1s,8,9.58030862806e-06,0.0958153913254,0,86398,daily_bucket,,,,,,,,
2024-07-01,qi_1,1s,9,1.32505381425e-05,0.132516900023,0,86397,daily_bucket,,,,,,,,
2024-07-01,qi_1,1s,10,2.92903883475e-05,0.292927360206,0,86398,daily_bucket,,,,,,,,
2024-07-01,qi_1,1s,,,,,863970,daily_monotonicity,,1,,,,,,
2024-07-01,qi_1,1s,,,,,863970,daily_top_bottom,0.574292814712,,,,,,,
2024-07-01,trade_imbalance_1s,1s,1,-3.91968975802e-06,-0.0391864192251,0,81014,daily_bucket,,,,,,,,
2024-07-01,trade_imbalance_1s,1s,2,-9.39790703611e-06,-0.093962155345,0,81014,daily_bucket,,,,,,,,
2024-07-01,trade_imbalance_1s,1s,3,-1.09423598573e-05,-0.109407331609,0,81014,daily_bucket,,,,,,,,
2024-07-01,trade_imbalance_1s,1s,4,-3.83331497391e-06,-0.0383211623595,0,81014,daily_bucket,,,,,,,,
2024-07-01,trade_imbalance_1s,1s,5,-1.05770878477e-06,-0.010565272831,0,81014,daily_bucket,,,,,,,,
2024-07-01,trade_imbalance_1s,1s,6,1.41704649076e-06,0.0141838627786,0,81012,daily_bucket,,,,,,,,
2024-07-01,trade_imbalance_1s,1s,7,5.16675613537e-06,0.0516806026023,0,81014,daily_bucket,,,,,,,,
2024-07-01,trade_imbalance_1s,1s,8,1.39877207594e-05,0.139894915618,0,81014,daily_bucket,,,,,,,,
2024-07-01,trade_imbalance_1s,1s,9,5.18934773742e-06,0.0519015422567,0,81013,daily_bucket,,,,,,,,
2024-07-01,trade_imbalance_1s,1s,10,3.86187346612e-06,0.0386277645076,0,81007,daily_bucket,,,,,,,,
2024-07-01,trade_imbalance_1s,1s,,,,,810130,daily_monotonicity,,0.866666666667,,,,,,
2024-07-01,trade_imbalance_1s,1s,,,,,810130,daily_top_bottom,0.0778141837328,,,,,,,
2024-07-01,di_10,30s,1,-0.00010020111813,-1.00135619877,-0.910844791179,86266,daily_bucket,,,,,,,,
2024-07-01,di_10,30s,2,-7.20348330422e-05,-0.719776220669,-0.631697992418,86231,daily_bucket,,,,,,,,
2024-07-01,di_10,30s,3,-5.22461637322e-05,-0.5218721891,-0.315546975833,86398,daily_bucket,,,,,,,,
2024-07-01,di_10,30s,4,-3.04996613508e-05,-0.304450700504,0,86397,daily_bucket,,,,,,,,
2024-07-01,di_10,30s,5,-1.00873641759e-05,-0.100325600304,0,86398,daily_bucket,,,,,,,,
2024-07-01,di_10,30s,6,1.13369309143e-05,0.113969324849,0,86398,daily_bucket,,,,,,,,
2024-07-01,di_10,30s,7,1.07105587171e-05,0.107684890448,0,86398,daily_bucket,,,,,,,,
2024-07-01,di_10,30s,8,5.6761197874e-05,0.568235265971,0.446513130839,86398,daily_bucket,,,,,,,,
2024-07-01,di_10,30s,9,8.51652555079e-05,0.852281877991,0.747220690525,86398,daily_bucket,,,,,,,,
2024-07-01,di_10,30s,10,0.000106533941403,1.06601071412,0.947837425977,86398,daily_bucket,,,,,,,,
2024-07-01,di_10,30s,,,,,863680,daily_monotonicity,,0.987878787879,,,,,,
2024-07-01,di_10,30s,,,,,863680,daily_top_bottom,2.06736691289,,,,,,,
2024-07-01,di_5,30s,1,-0.000103814169679,-1.0374810268,-0.945626403024,86277,daily_bucket,,,,,,,,
2024-07-01,di_5,30s,2,-7.04705501391e-05,-0.70414494273,-0.59907579518,86220,daily_bucket,,,,,,,,
2024-07-01,di_5,30s,3,-4.78654606734e-05,-0.478061608569,-0.297722761356,86398,daily_bucket,,,,,,,,
2024-07-01,di_5,30s,4,-3.04769325275e-05,-0.304223657184,0,86397,daily_bucket,,,,,,,,
2024-07-01,di_5,30s,5,-1.27488430293e-05,-0.12695028074,0,86398,daily_bucket,,,,,,,,
2024-07-01,di_5,30s,6,9.57972635355e-06,0.0963968956002,0,86398,daily_bucket,,,,,,,,
2024-07-01,di_5,30s,7,1.33689886596e-05,0.134268791546,0,86398,daily_bucket,,,,,,,,
2024-07-01,di_5,30s,8,5.44783142505e-05,0.545398313052,0.405251268007,86398,daily_bucket,,,,,,,,
2024-07-01,di_5,30s,9,8.55154265136e-05,0.855785072908,0.72493714628,86398,daily_bucket,,,,,,,,
2024-07-01,di_5,30s,10,0.000107873993313,1.07943107113,0.953129429183,86398,daily_bucket,,,,,,,,
2024-07-01,di_5,30s,,,,,863680,daily_monotonicity,,1,,,,,,
2024-07-01,di_5,30s,,,,,863680,daily_top_bottom,2.11691209794,,,,,,,
2024-07-01,microprice_deviation_bps,30s,1,-0.000101577917877,-1.01510840466,-0.948847414837,86282,daily_bucket,,,,,,,,
2024-07-01,microprice_deviation_bps,30s,2,-7.06437005989e-05,-0.705863937095,-0.613507720932,86215,daily_bucket,,,,,,,,
2024-07-01,microprice_deviation_bps,30s,3,-4.94106210499e-05,-0.493522872576,-0.230695353183,86398,daily_bucket,,,,,,,,
2024-07-01,microprice_deviation_bps,30s,4,-3.1686669384e-05,-0.316330806285,0,86397,daily_bucket,,,,,,,,
2024-07-01,microprice_deviation_bps,30s,5,-1.24103553818e-05,-0.123568806637,0,86398,daily_bucket,,,,,,,,
2024-07-01,microprice_deviation_bps,30s,6,1.16214407557e-05,0.116801003966,0,86398,daily_bucket,,,,,,,,
2024-07-01,microprice_deviation_bps,30s,7,1.35232033294e-05,0.135808531629,0,86398,daily_bucket,,,,,,,,
2024-07-01,microprice_deviation_bps,30s,8,5.25323782854e-05,0.525946244566,0.325690230937,86398,daily_bucket,,,,,,,,
2024-07-01,microprice_deviation_bps,30s,9,8.25645145528e-05,0.826259946612,0.732117842643,86398,daily_bucket,,,,,,,,
2024-07-01,microprice_deviation_bps,30s,10,0.000110932771754,1.11004327629,0.958390514254,86398,daily_bucket,,,,,,,,
2024-07-01,microprice_deviation_bps,30s,,,,,863680,daily_monotonicity,,1,,,,,,
2024-07-01,microprice_deviation_bps,30s,,,,,863680,daily_top_bottom,2.12515168094,,,,,,,
2024-07-01,ofi_30s,30s,1,-4.58456161115e-06,-0.0450446552863,-0.0934266956332,86328,daily_bucket,,,,,,,,
2024-07-01,ofi_30s,30s,2,-4.14564883102e-05,-0.413920162222,-0.341768090322,86325,daily_bucket,,,,,,,,
2024-07-01,ofi_30s,30s,3,-3.14580033658e-05,-0.314048553462,-0.0929873583686,86387,daily_bucket,,,,,,,,
2024-07-01,ofi_30s,30s,4,-1.94913509181e-05,-0.194395895148,0,86305,daily_bucket,,,,,,,,
2024-07-01,ofi_30s,30s,5,-2.38601164536e-05,-0.238151487246,0,86373,daily_bucket,,,,,,,,
2024-07-01,ofi_30s,30s,6,5.28468402076e-06,0.0532460916501,0,86372,daily_bucket,,,,,,,,
2024-07-01,ofi_30s,30s,7,1.90178473198e-05,0.190708209672,0,86399,daily_bucket,,,,,,,,
2024-07-01,ofi_30s,30s,8,3.10100520768e-05,0.310653040327,0.0565339917393,86395,daily_bucket,,,,,,,,
2024-07-01,ofi_30s,30s,9,2.74847000673e-05,0.275520351587,0.308082994065,86398,daily_bucket,,,,,,,,
2024-07-01,ofi_30s,30s,10,4.37164747697e-05,0.438079129252,0.444128373963,86398,daily_bucket,,,,,,,,
2024-07-01,ofi_30s,30s,,,,,863680,daily_monotonicity,,0.854545454545,,,,,,
2024-07-01,ofi_30s,30s,,,,,863680,daily_top_bottom,0.483123784538,,,,,,,
2024-07-01,qi_1,30s,1,-0.00010327736042,-1.03210814561,-0.950107424584,86290,daily_bucket,,,,,,,,
2024-07-01,qi_1,30s,2,-7.03340441203e-05,-0.702770311915,-0.611554466094,86207,daily_bucket,,,,,,,,
2024-07-01,qi_1,30s,3,-4.8519921363e-05,-0.484609930314,-0.215294301374,86398,daily_bucket,,,,,,,,
2024-07-01,qi_1,30s,4,-3.10391798845e-05,-0.309854836279,0,86397,daily_bucket,,,,,,,,
2024-07-01,qi_1,30s,5,-1.25640081676e-05,-0.125104320241,0,86398,daily_bucket,,,,,,,,
2024-07-01,qi_1,30s,6,1.19420705607e-05,0.120011516653,0,86398,daily_bucket,,,,,,,,
2024-07-01,qi_1,30s,7,1.37421972477e-05,0.137999133011,0,86398,daily_bucket,,,,,,,,
2024-07-01,qi_1,30s,8,5.27717457894e-05,0.528344210505,0.331890426534,86398,daily_bucket,,,,,,,,
2024-07-01,qi_1,30s,9,8.25985677923e-05,0.826601232373,0.731225666437,86398,daily_bucket,,,,,,,,
2024-07-01,qi_1,30s,10,0.000110126408997,1.1019699259,0.95830077694,86398,daily_bucket,,,,,,,,
2024-07-01,qi_1,30s,,,,,863680,daily_monotonicity,,1,,,,,,
2024-07-01,qi_1,30s,,,,,863680,daily_top_bottom,2.13407807152,,,,,,,
2024-07-01,trade_imbalance_30s,30s,1,-4.73966085592e-05,-0.473517307393,-0.0333902318785,86352,daily_bucket,,,,,,,,
2024-07-01,trade_imbalance_30s,30s,2,-9.22592727228e-06,-0.0917302507264,0,86370,daily_bucket,,,,,,,,
2024-07-01,trade_imbalance_30s,30s,3,-1.15742574211e-05,-0.115165821447,0,86244,daily_bucket,,,,,,,,
2024-07-01,trade_imbalance_30s,30s,4,-4.01713563494e-06,-0.0395544409482,0,86338,daily_bucket,,,,,,,,
2024-07-01,trade_imbalance_30s,30s,5,-7.64807684165e-06,-0.0758029332022,0,86389,daily_bucket,,,,,,,,
2024-07-01,trade_imbalance_30s,30s,6,3.61025780954e-06,0.0367229021173,0,86398,daily_bucket,,,,,,,,
2024-07-01,trade_imbalance_30s,30s,7,-4.42233668267e-06,-0.0434240599167,0,86398,daily_bucket,,,,,,,,
2024-07-01,trade_imbalance_30s,30s,8,1.68099792239e-05,0.168852359737,0,86396,daily_bucket,,,,,,,,
2024-07-01,trade_imbalance_30s,30s,9,2.69270322981e-05,0.269797933863,0.0821796638678,86397,daily_bucket,,,,,,,,
2024-07-01,trade_imbalance_30s,30s,10,4.26167548759e-05,0.426632008182,0.00159210329502,86398,daily_bucket,,,,,,,,
2024-07-01,trade_imbalance_30s,30s,,,,,863680,daily_monotonicity,,0.927272727273,,,,,,
2024-07-01,trade_imbalance_30s,30s,,,,,863680,daily_top_bottom,0.900149315575,,,,,,,
2024-07-01,di_10,500ms,1,-1.58569721777e-05,-0.158559370181,0,86394,daily_bucket,,,,,,,,
2024-07-01,di_10,500ms,2,-7.98606136311e-06,-0.0798542066762,0,86398,daily_bucket,,,,,,,,
2024-07-01,di_10,500ms,3,-4.59577621314e-06,-0.0459532841747,0,86398,daily_bucket,,,,,,,,
2024-07-01,di_10,500ms,4,-2.20687212505e-06,-0.0220655663266,0,86398,daily_bucket,,,,,,,,
2024-07-01,di_10,500ms,5,-5.59204641155e-07,-0.00558974191353,0,86398,daily_bucket,,,,,,,,
2024-07-01,di_10,500ms,6,6.51573752388e-07,0.00651876039719,0,86398,daily_bucket,,,,,,,,
2024-07-01,di_10,500ms,7,1.85754407539e-06,0.0185784350924,0,86398,daily_bucket,,,,,,,,
2024-07-01,di_10,500ms,8,4.71392007446e-06,0.0471439358685,0,86398,daily_bucket,,,,,,,,
2024-07-01,di_10,500ms,9,7.35234532946e-06,0.0735288335016,0,86398,daily_bucket,,,,,,,,
2024-07-01,di_10,500ms,10,1.67366362767e-05,0.167377723143,0,86397,daily_bucket,,,,,,,,
2024-07-01,di_10,500ms,,,,,863975,daily_monotonicity,,1,,,,,,
2024-07-01,di_10,500ms,,,,,863975,daily_top_bottom,0.325937093324,,,,,,,
2024-07-01,di_5,500ms,1,-1.63503276983e-05,-0.163492952994,0,86394,daily_bucket,,,,,,,,
2024-07-01,di_5,500ms,2,-7.78964811896e-06,-0.0778905417802,0,86398,daily_bucket,,,,,,,,
2024-07-01,di_5,500ms,3,-4.3075916592e-06,-0.0430709443568,0,86398,daily_bucket,,,,,,,,
2024-07-01,di_5,500ms,4,-2.21331360996e-06,-0.0221306554706,0,86398,daily_bucket,,,,,,,,
2024-07-01,di_5,500ms,5,-5.86556444112e-07,-0.00586311714428,0,86398,daily_bucket,,,,,,,,
2024-07-01,di_5,500ms,6,6.38267051066e-07,0.006385830924,0,86398,daily_bucket,,,,,,,,
2024-07-01,di_5,500ms,7,1.8298067088e-06,0.0183013899076,0,86398,daily_bucket,,,,,,,,
2024-07-01,di_5,500ms,8,4.48685425491e-06,0.0448731500936,0,86398,daily_bucket,,,,,,,,
2024-07-01,di_5,500ms,9,7.17468542429e-06,0.0717521228093,0,86398,daily_bucket,,,,,,,,
2024-07-01,di_5,500ms,10,1.72249398904e-05,0.172261064851,0,86397,daily_bucket,,,,,,,,
2024-07-01,di_5,500ms,,,,,863975,daily_monotonicity,,1,,,,,,
2024-07-01,di_5,500ms,,,,,863975,daily_top_bottom,0.335754017845,,,,,,,
2024-07-01,microprice_deviation_bps,500ms,1,-1.70050067659e-05,-0.170037562843,0,86394,daily_bucket,,,,,,,,
2024-07-01,microprice_deviation_bps,500ms,2,-7.28134591959e-06,-0.0728083226782,0,86398,daily_bucket,,,,,,,,
2024-07-01,microprice_deviation_bps,500ms,3,-3.99760236265e-06,-0.0399719156087,0,86398,daily_bucket,,,,,,,,
2024-07-01,microprice_deviation_bps,500ms,4,-2.18268988532e-06,-0.021824624896,0,86398,daily_bucket,,,,,,,,
2024-07-01,microprice_deviation_bps,500ms,5,-5.89110096459e-07,-0.00588904374668,0,86398,daily_bucket,,,,,,,,
2024-07-01,microprice_deviation_bps,500ms,6,6.9230043227e-07,0.00692524699611,0,86398,daily_bucket,,,,,,,,
2024-07-01,microprice_deviation_bps,500ms,7,1.6240199395e-06,0.0162430489517,0,86398,daily_bucket,,,,,,,,
2024-07-01,microprice_deviation_bps,500ms,8,4.37216579025e-06,0.0437259220939,0,86398,daily_bucket,,,,,,,,
2024-07-01,microprice_deviation_bps,500ms,9,6.69352134481e-06,0.0669398222836,0,86398,daily_bucket,,,,,,,,
2024-07-01,microprice_deviation_bps,500ms,10,1.77808394463e-05,0.177822537659,0,86397,daily_bucket,,,,,,,,
2024-07-01,microprice_deviation_bps,500ms,,,,,863975,daily_monotonicity,,1,,,,,,
2024-07-01,microprice_deviation_bps,500ms,,,,,863975,daily_top_bottom,0.347860100503,,,,,,,
2024-07-01,ofi_500ms,500ms,1,-1.2107597473e-05,-0.121064433424,0,86399,daily_bucket,,,,,,,,
2024-07-01,ofi_500ms,500ms,2,-4.87665823482e-06,-0.0487597590124,0,86396,daily_bucket,,,,,,,,
2024-07-01,ofi_500ms,500ms,3,-2.34196194274e-06,-0.0234157233284,0,86398,daily_bucket,,,,,,,,
2024-07-01,ofi_500ms,500ms,4,-1.12613379671e-06,-0.0112583344188,0,86398,daily_bucket,,,,,,,,
2024-07-01,ofi_500ms,500ms,5,-4.26783188496e-07,-0.00426587278331,0,86395,daily_bucket,,,,,,,,
2024-07-01,ofi_500ms,500ms,6,-1.90544531679e-07,-0.00190306925876,0,86396,daily_bucket,,,,,,,,
2024-07-01,ofi_500ms,500ms,7,6.19301308833e-07,0.0061959278184,0,86399,daily_bucket,,,,,,,,
2024-07-01,ofi_500ms,500ms,8,2.06773634723e-06,0.0206812591145,0,86398,daily_bucket,,,,,,,,
2024-07-01,ofi_500ms,500ms,9,5.09731637901e-06,0.050980032101,0,86398,daily_bucket,,,,,,,,
2024-07-01,ofi_500ms,500ms,10,1.33929993923e-05,0.133940904142,0,86398,daily_bucket,,,,,,,,
2024-07-01,ofi_500ms,500ms,,,,,863975,daily_monotonicity,,1,,,,,,
2024-07-01,ofi_500ms,500ms,,,,,863975,daily_top_bottom,0.255005337566,,,,,,,
2024-07-01,qi_1,500ms,1,-1.69113649425e-05,-0.169102833733,0,86394,daily_bucket,,,,,,,,
2024-07-01,qi_1,500ms,2,-7.28281821554e-06,-0.0728228467976,0,86398,daily_bucket,,,,,,,,
2024-07-01,qi_1,500ms,3,-4.0734740863e-06,-0.0407303278435,0,86398,daily_bucket,,,,,,,,
2024-07-01,qi_1,500ms,4,-2.22125031546e-06,-0.0222094261668,0,86398,daily_bucket,,,,,,,,
2024-07-01,qi_1,500ms,5,-5.66432565313e-07,-0.00566189665777,0,86398,daily_bucket,,,,,,,,
2024-07-01,qi_1,500ms,6,7.20993223042e-07,0.00721258185381,0,86398,daily_bucket,,,,,,,,
2024-07-01,qi_1,500ms,7,1.65675953059e-06,0.0165709634906,0,86398,daily_bucket,,,,,,,,
2024-07-01,qi_1,500ms,8,4.42753954228e-06,0.0442801202606,0,86398,daily_bucket,,,,,,,,
2024-07-01,qi_1,500ms,9,6.72183477547e-06,0.0672237956085,0,86397,daily_bucket,,,,,,,,
2024-07-01,qi_1,500ms,10,1.76351813116e-05,0.176363741364,0,86398,daily_bucket,,,,,,,,
2024-07-01,qi_1,500ms,,,,,863975,daily_monotonicity,,1,,,,,,
2024-07-01,qi_1,500ms,,,,,863975,daily_top_bottom,0.345466575097,,,,,,,
2024-07-01,trade_imbalance_500ms,500ms,1,-2.62646132369e-06,-0.0262603134732,0,67128,daily_bucket,,,,,,,,
2024-07-01,trade_imbalance_500ms,500ms,2,-3.4110813029e-06,-0.0341059249394,0,67130,daily_bucket,,,,,,,,
2024-07-01,trade_imbalance_500ms,500ms,3,-5.46891108843e-06,-0.054682498676,0,67129,daily_bucket,,,,,,,,
2024-07-01,trade_imbalance_500ms,500ms,4,-6.97675004199e-06,-0.0697567635234,0,67130,daily_bucket,,,,,,,,
2024-07-01,trade_imbalance_500ms,500ms,5,-9.51798068325e-07,-0.00951197684452,0,67129,daily_bucket,,,,,,,,
2024-07-01,trade_imbalance_500ms,500ms,6,2.15626660923e-06,0.0215694863303,0,67130,daily_bucket,,,,,,,,
2024-07-01,trade_imbalance_500ms,500ms,7,9.96395464962e-06,0.0996500669764,0,67129,daily_bucket,,,,,,,,
2024-07-01,trade_imbalance_500ms,500ms,8,2.40472853188e-06,0.0240510785421,0,67129,daily_bucket,,,,,,,,
2024-07-01,trade_imbalance_500ms,500ms,9,2.89027181866e-06,0.0289074364923,0,67130,daily_bucket,,,,,,,,
2024-07-01,trade_imbalance_500ms,500ms,10,2.87499413639e-06,0.0287543955818,0,67125,daily_bucket,,,,,,,,
2024-07-01,trade_imbalance_500ms,500ms,,,,,671289,daily_monotonicity,,0.793939393939,,,,,,
2024-07-01,trade_imbalance_500ms,500ms,,,,,671289,daily_top_bottom,0.055014709055,,,,,,,
2024-07-01,di_10,5s,1,-6.85405915308e-05,-0.68530908614,-0.436875751669,86349,daily_bucket,,,,,,,,
2024-07-01,di_10,5s,2,-4.54496110406e-05,-0.454419990018,0,86398,daily_bucket,,,,,,,,
2024-07-01,di_10,5s,3,-3.38178844493e-05,-0.338105551109,0,86398,daily_bucket,,,,,,,,
2024-07-01,di_10,5s,4,-1.96957100637e-05,-0.196893184015,0,86398,daily_bucket,,,,,,,,
2024-07-01,di_10,5s,5,-5.23346070127e-06,-0.0522727162718,0,86398,daily_bucket,,,,,,,,
2024-07-01,di_10,5s,6,2.27396539921e-06,0.0228259158247,0,86397,daily_bucket,,,,,,,,
2024-07-01,di_10,5s,7,1.68534554155e-05,0.168599206131,0,86398,daily_bucket,,,,,,,,
2024-07-01,di_10,5s,8,3.55530343041e-05,0.355616153141,0,86398,daily_bucket,,,,,,,,
2024-07-01,di_10,5s,9,4.62930446955e-05,0.463006285758,0,86398,daily_bucket,,,,,,,,
2024-07-01,di_10,5s,10,7.27178627824e-05,0.727286516713,0.474303396334,86398,daily_bucket,,,,,,,,
2024-07-01,di_10,5s,,,,,863930,daily_monotonicity,,1,,,,,,
2024-07-01,di_10,5s,,,,,863930,daily_top_bottom,1.41259560285,,,,,,,
2024-07-01,di_5,5s,1,-7.08878700797e-05,-0.708780032249,-0.468056385511,86349,daily_bucket,,,,,,,,
2024-07-01,di_5,5s,2,-4.53241632419e-05,-0.453167861498,0,86398,daily_bucket,,,,,,,,
2024-07-01,di_5,5s,3,-3.21460868243e-05,-0.321387086272,0,86398,daily_bucket,,,,,,,,
2024-07-01,di_5,5s,4,-1.92659998114e-05,-0.192596106271,0,86398,daily_bucket,,,,,,,,
2024-07-01,di_5,5s,5,-6.16426455067e-06,-0.0615822158765,0,86398,daily_bucket,,,,,,,,
2024-07-01,di_5,5s,6,2.39977438402e-06,0.0240829317056,0,86397,daily_bucket,,,,,,,,
2024-07-01,di_5,5s,7,1.70994585658e-05,0.171059662697,0,86398,daily_bucket,,,,,,,,
2024-07-01,di_5,5s,8,3.53254970841e-05,0.353340685592,0,86398,daily_bucket,,,,,,,,
2024-07-01,di_5,5s,9,4.62323014225e-05,0.462397258844,0,86398,daily_bucket,,,,,,,,
2024-07-01,di_5,5s,10,7.36841280766e-05,0.736953016514,0.492172981021,86398,daily_bucket,,,,,,,,
2024-07-01,di_5,5s,,,,,863930,daily_monotonicity,,1,,,,,,
2024-07-01,di_5,5s,,,,,863930,daily_top_bottom,1.44573304876,,,,,,,
2024-07-01,microprice_deviation_bps,5s,1,-7.16080916187e-05,-0.715978120009,-0.484237629964,86349,daily_bucket,,,,,,,,
2024-07-01,microprice_deviation_bps,5s,2,-4.5671667838e-05,-0.456642285954,0,86398,daily_bucket,,,,,,,,
2024-07-01,microprice_deviation_bps,5s,3,-3.10263250846e-05,-0.310192368678,0,86398,daily_bucket,,,,,,,,
2024-07-01,microprice_deviation_bps,5s,4,-1.99928279234e-05,-0.199865332857,0,86398,daily_bucket,,,,,,,,
2024-07-01,microprice_deviation_bps,5s,5,-5.68284995193e-06,-0.0567687438754,0,86398,daily_bucket,,,,,,,,
2024-07-01,microprice_deviation_bps,5s,6,2.79160277629e-06,0.0279989619537,0,86397,daily_bucket,,,,,,,,
2024-07-01,microprice_deviation_bps,5s,7,1.61571234606e-05,0.161634700482,0,86398,daily_bucket,,,,,,,,
2024-07-01,microprice_deviation_bps,5s,8,3.59058330697e-05,0.35914277186,0,86398,daily_bucket,,,,,,,,
2024-07-01,microprice_deviation_bps,5s,9,4.51365221099e-05,0.451439105144,0,86398,daily_bucket,,,,,,,,
2024-07-01,microprice_deviation_bps,5s,10,7.4943052092e-05,0.749547528104,0.497648965235,86398,daily_bucket,,,,,,,,
2024-07-01,microprice_deviation_bps,5s,,,,,863930,daily_monotonicity,,1,,,,,,
2024-07-01,microprice_deviation_bps,5s,,,,,863930,daily_top_bottom,1.46552564811,,,,,,,
2024-07-01,ofi_5s,5s,1,-4.5973935675e-05,-0.45962962507,-0.119665883281,86399,daily_bucket,,,,,,,,
2024-07-01,ofi_5s,5s,2,-3.84667444926e-05,-0.384569987614,0,86372,daily_bucket,,,,,,,,
2024-07-01,ofi_5s,5s,3,-2.44914434076e-05,-0.244836112296,0,86378,daily_bucket,,,,,,,,
2024-07-01,ofi_5s,5s,4,-1.04323831978e-05,-0.104270456038,0,86398,daily_bucket,,,,,,,,
2024-07-01,ofi_5s,5s,5,-6.86440238861e-06,-0.0686054023199,0,86395,daily_bucket,,,,,,,,
2024-07-01,ofi_5s,5s,6,2.97393036272e-06,0.0297758499392,0,86398,daily_bucket,,,,,,,,
2024-07-01,ofi_5s,5s,7,1.27151181464e-05,0.127202354088,0,86398,daily_bucket,,,,,,,,
2024-07-01,ofi_5s,5s,8,2.33249205616e-05,0.233322876912,0,86398,daily_bucket,,,,,,,,
2024-07-01,ofi_5s,5s,9,4.03494392238e-05,0.403587584568,0,86396,daily_bucket,,,,,,,,
2024-07-01,ofi_5s,5s,10,4.78424341047e-05,0.478584745882,0.00159413396958,86398,daily_bucket,,,,,,,,
2024-07-01,ofi_5s,5s,,,,,863930,daily_monotonicity,,1,,,,,,
2024-07-01,ofi_5s,5s,,,,,863930,daily_top_bottom,0.938214370952,,,,,,,
2024-07-01,qi_1,5s,1,-7.18083910626e-05,-0.717983129697,-0.484228649309,86349,daily_bucket,,,,,,,,
2024-07-01,qi_1,5s,2,-4.54925619629e-05,-0.454851421103,0,86398,daily_bucket,,,,,,,,
2024-07-01,qi_1,5s,3,-3.1052466322e-05,-0.310452757784,0,86398,daily_bucket,,,,,,,,
2024-07-01,qi_1,5s,4,-1.98957450196e-05,-0.198893867469,0,86398,daily_bucket,,,,,,,,
2024-07-01,qi_1,5s,5,-5.73255745528e-06,-0.0572653584693,0,86398,daily_bucket,,,,,,,,
2024-07-01,qi_1,5s,6,2.85870818033e-06,0.0286710455363,0,86397,daily_bucket,,,,,,,,
2024-07-01,qi_1,5s,7,1.61971203583e-05,0.162035153786,0,86398,daily_bucket,,,,,,,,
2024-07-01,qi_1,5s,8,3.57443290272e-05,0.357528690775,0,86398,daily_bucket,,,,,,,,
2024-07-01,qi_1,5s,9,4.50406436629e-05,0.450481469852,0,86398,daily_bucket,,,,,,,,
2024-07-01,qi_1,5s,10,7.50931788638e-05,0.751045261394,0.496823366597,86398,daily_bucket,,,,,,,,
2024-07-01,qi_1,5s,,,,,863930,daily_monotonicity,,1,,,,,,
2024-07-01,qi_1,5s,,,,,863930,daily_top_bottom,1.46902839109,,,,,,,
2024-07-01,trade_imbalance_5s,5s,1,-3.12262739616e-05,-0.312193167633,0,86368,daily_bucket,,,,,,,,
2024-07-01,trade_imbalance_5s,5s,2,-2.43244236388e-05,-0.24316450335,0,86378,daily_bucket,,,,,,,,
2024-07-01,trade_imbalance_5s,5s,3,-1.8646583306e-05,-0.186393264576,0,86398,daily_bucket,,,,,,,,
2024-07-01,trade_imbalance_5s,5s,4,-1.09932967514e-05,-0.109856852278,0,86398,daily_bucket,,,,,,,,
2024-07-01,trade_imbalance_5s,5s,5,-4.7554342656e-06,-0.047466464969,0,86398,daily_bucket,,,,,,,,
2024-07-01,trade_imbalance_5s,5s,6,3.70751156291e-06,0.0371515746531,0,86397,daily_bucket,,,,,,,,
2024-07-01,trade_imbalance_5s,5s,7,1.10425570012e-05,0.110501641433,0,86398,daily_bucket,,,,,,,,
2024-07-01,trade_imbalance_5s,5s,8,1.70380237551e-05,0.17045922105,0,86398,daily_bucket,,,,,,,,
2024-07-01,trade_imbalance_5s,5s,9,2.67151621256e-05,0.267255893274,0,86398,daily_bucket,,,,,,,,
2024-07-01,trade_imbalance_5s,5s,10,3.24204034254e-05,0.324274873815,0,86395,daily_bucket,,,,,,,,
2024-07-01,trade_imbalance_5s,5s,,,,,863926,daily_monotonicity,,1,,,,,,
2024-07-01,trade_imbalance_5s,5s,,,,,863926,daily_top_bottom,0.636468041448,,,,,,,
2024-08-01,di_10,100ms,1,-1.03536164322e-05,-0.103531930698,0,86399,daily_bucket,,,,,,,,
2024-08-01,di_10,100ms,2,-3.33344353786e-06,-0.0333328128681,0,86399,daily_bucket,,,,,,,,
2024-08-01,di_10,100ms,3,-1.78854326671e-06,-0.0178843077352,0,86399,daily_bucket,,,,,,,,
2024-08-01,di_10,100ms,4,-9.23251893348e-07,-0.00923170396585,0,86399,daily_bucket,,,,,,,,
2024-08-01,di_10,100ms,5,-2.06079245444e-07,-0.00206005347857,0,86398,daily_bucket,,,,,,,,
2024-08-01,di_10,100ms,6,2.05792765038e-07,0.00205871386443,0,86399,daily_bucket,,,,,,,,
2024-08-01,di_10,100ms,7,8.09737539029e-07,0.00809817733351,0,86398,daily_bucket,,,,,,,,
2024-08-01,di_10,100ms,8,1.6672673807e-06,0.0166738465414,0,86399,daily_bucket,,,,,,,,
2024-08-01,di_10,100ms,9,3.38657222258e-06,0.0338674361508,0,86399,daily_bucket,,,,,,,,
2024-08-01,di_10,100ms,10,1.06649909021e-05,0.106654606595,0,86398,daily_bucket,,,,,,,,
2024-08-01,di_10,100ms,,,,,863987,daily_monotonicity,,1,,,,,,
2024-08-01,di_10,100ms,,,,,863987,daily_top_bottom,0.210186537294,,,,,,,
2024-08-01,di_5,100ms,1,-1.08682716358e-05,-0.108678271715,0,86399,daily_bucket,,,,,,,,
2024-08-01,di_5,100ms,2,-3.05394303359e-06,-0.0305379502934,0,86399,daily_bucket,,,,,,,,
2024-08-01,di_5,100ms,3,-1.62779164539e-06,-0.0162768784206,0,86399,daily_bucket,,,,,,,,
2024-08-01,di_5,100ms,4,-9.01201339737e-07,-0.00901117674918,0,86399,daily_bucket,,,,,,,,
2024-08-01,di_5,100ms,5,-1.85210313178e-07,-0.00185140103465,0,86398,daily_bucket,,,,,,,,
2024-08-01,di_5,100ms,6,2.28222787941e-07,0.00228311647332,0,86399,daily_bucket,,,,,,,,
2024-08-01,di_5,100ms,7,7.15394272963e-07,0.00715469516737,0,86398,daily_bucket,,,,,,,,
2024-08-01,di_5,100ms,8,1.58684689227e-06,0.0158696664473,0,86399,daily_bucket,,,,,,,,
2024-08-01,di_5,100ms,9,2.96927812807e-06,0.0296942606428,0,86399,daily_bucket,,,,,,,,
2024-08-01,di_5,100ms,10,1.12661084274e-05,0.112665972293,0,86398,daily_bucket,,,,,,,,
2024-08-01,di_5,100ms,,,,,863987,daily_monotonicity,,1,,,,,,
2024-08-01,di_5,100ms,,,,,863987,daily_top_bottom,0.221344244007,,,,,,,
2024-08-01,microprice_deviation_bps,100ms,1,-1.11773817332e-05,-0.111768859449,0,86399,daily_bucket,,,,,,,,
2024-08-01,microprice_deviation_bps,100ms,2,-2.69482546081e-06,-0.0269469915008,0,86399,daily_bucket,,,,,,,,
2024-08-01,microprice_deviation_bps,100ms,3,-1.53699545245e-06,-0.0153689373977,0,86399,daily_bucket,,,,,,,,
2024-08-01,microprice_deviation_bps,100ms,4,-8.27487744062e-07,-0.00827415888854,0,86399,daily_bucket,,,,,,,,
2024-08-01,microprice_deviation_bps,100ms,5,-2.28664961102e-07,-0.0022860323081,0,86398,daily_bucket,,,,,,,,
2024-08-01,microprice_deviation_bps,100ms,6,2.21447041241e-07,0.00221524953275,0,86399,daily_bucket,,,,,,,,
2024-08-01,microprice_deviation_bps,100ms,7,6.46414737148e-07,0.00646481649869,0,86398,daily_bucket,,,,,,,,
2024-08-01,microprice_deviation_bps,100ms,8,1.5007954739e-06,0.0150090558268,0,86399,daily_bucket,,,,,,,,
2024-08-01,microprice_deviation_bps,100ms,9,2.54742005888e-06,0.0254754538469,0,86399,daily_bucket,,,,,,,,
2024-08-01,microprice_deviation_bps,100ms,10,1.16787140556e-05,0.116792471396,0,86398,daily_bucket,,,,,,,,
2024-08-01,microprice_deviation_bps,100ms,,,,,863987,daily_monotonicity,,1,,,,,,
2024-08-01,microprice_deviation_bps,100ms,,,,,863987,daily_top_bottom,0.228561330846,,,,,,,
2024-08-01,ofi_100ms,100ms,1,-9.6749166268e-06,-0.0967448101703,0,86399,daily_bucket,,,,,,,,
2024-08-01,ofi_100ms,100ms,2,-2.50445770581e-06,-0.0250427330704,0,86399,daily_bucket,,,,,,,,
2024-08-01,ofi_100ms,100ms,3,-8.96351998771e-07,-0.00896223670147,0,86399,daily_bucket,,,,,,,,
2024-08-01,ofi_100ms,100ms,4,-1.61917590172e-07,-0.00161850933412,0,86399,daily_bucket,,,,,,,,
2024-08-01,ofi_100ms,100ms,5,-6.30264619563e-08,-0.000629821492642,0,86398,daily_bucket,,,,,,,,
2024-08-01,ofi_100ms,100ms,6,6.36322052492e-09,6.4397609222e-05,0,86398,daily_bucket,,,,,,,,
2024-08-01,ofi_100ms,100ms,7,2.46898759741e-07,0.00246953980394,0,86399,daily_bucket,,,,,,,,
2024-08-01,ofi_100ms,100ms,8,1.03047021786e-06,0.0103058435791,0,86399,daily_bucket,,,,,,,,
2024-08-01,ofi_100ms,100ms,9,2.62462041345e-06,0.0262481561543,0,86399,daily_bucket,,,,,,,,
2024-08-01,ofi_100ms,100ms,10,9.5217233307e-06,0.095221936607,0,86398,daily_bucket,,,,,,,,
2024-08-01,ofi_100ms,100ms,,,,,863987,daily_monotonicity,,1,,,,,,
2024-08-01,ofi_100ms,100ms,,,,,863987,daily_top_bottom,0.191966746777,,,,,,,
2024-08-01,qi_1,100ms,1,-1.1022099392e-05,-0.110216398605,0,86399,daily_bucket,,,,,,,,
2024-08-01,qi_1,100ms,2,-2.75748467593e-06,-0.0275735003242,0,86399,daily_bucket,,,,,,,,
2024-08-01,qi_1,100ms,3,-1.6230147223e-06,-0.0162290966245,0,86399,daily_bucket,,,,,,,,
2024-08-01,qi_1,100ms,4,-8.45910523178e-07,-0.00845822176137,0,86399,daily_bucket,,,,,,,,
2024-08-01,qi_1,100ms,5,-2.16845901321e-07,-0.00216776086016,0,86398,daily_bucket,,,,,,,,
2024-08-01,qi_1,100ms,6,2.44041646477e-07,0.00244128880544,0,86399,daily_bucket,,,,,,,,
2024-08-01,qi_1,100ms,7,6.98342283937e-07,0.00698427001699,0,86398,daily_bucket,,,,,,,,
2024-08-01,qi_1,100ms,8,1.550684291e-06,0.0155079715849,0,86399,daily_bucket,,,,,,,,
2024-08-01,qi_1,100ms,9,2.63793426018e-06,0.0263807163774,0,86399,daily_bucket,,,,,,,,
2024-08-01,qi_1,100ms,10,1.14637869986e-05,0.114642781448,0,86398,daily_bucket,,,,,,,,
2024-08-01,qi_1,100ms,,,,,863987,daily_monotonicity,,1,,,,,,
2024-08-01,qi_1,100ms,,,,,863987,daily_top_bottom,0.224859180053,,,,,,,
2024-08-01,trade_imbalance_100ms,100ms,1,-6.70293776886e-06,-0.0670267801539,0,32645,daily_bucket,,,,,,,,
2024-08-01,trade_imbalance_100ms,100ms,2,-4.37603744531e-06,-0.043758578921,0,32645,daily_bucket,,,,,,,,
2024-08-01,trade_imbalance_100ms,100ms,3,-9.9102663733e-06,-0.0990976510309,0,32644,daily_bucket,,,,,,,,
2024-08-01,trade_imbalance_100ms,100ms,4,-1.02040832845e-05,-0.102034839831,0,32645,daily_bucket,,,,,,,,
2024-08-01,trade_imbalance_100ms,100ms,5,-4.39813014503e-06,-0.0439759280241,0,32644,daily_bucket,,,,,,,,
2024-08-01,trade_imbalance_100ms,100ms,6,1.10164243515e-05,0.11017067238,0,32645,daily_bucket,,,,,,,,
2024-08-01,trade_imbalance_100ms,100ms,7,4.62912797776e-06,0.0462935577284,0,32645,daily_bucket,,,,,,,,
2024-08-01,trade_imbalance_100ms,100ms,8,2.75344358754e-06,0.0275354167506,0,32644,daily_bucket,,,,,,,,
2024-08-01,trade_imbalance_100ms,100ms,9,9.16553651215e-06,0.0916613693105,0,32645,daily_bucket,,,,,,,,
2024-08-01,trade_imbalance_100ms,100ms,10,8.27387570901e-06,0.0827438223992,0,32643,daily_bucket,,,,,,,,
2024-08-01,trade_imbalance_100ms,100ms,,,,,326445,daily_monotonicity,,0.709090909091,,,,,,
2024-08-01,trade_imbalance_100ms,100ms,,,,,326445,daily_top_bottom,0.149770602553,,,,,,,
2024-08-01,di_10,1s,1,-4.70046481968e-05,-0.469997228456,-0.133078646897,86399,daily_bucket,,,,,,,,
2024-08-01,di_10,1s,2,-2.6968908216e-05,-0.26965647804,0,86399,daily_bucket,,,,,,,,
2024-08-01,di_10,1s,3,-1.87753777507e-05,-0.18772325118,0,86399,daily_bucket,,,,,,,,
2024-08-01,di_10,1s,4,-1.10528028196e-05,-0.110500121311,0,86399,daily_bucket,,,,,,,,
2024-08-01,di_10,1s,5,-3.58668170796e-06,-0.0358400444396,0,86398,daily_bucket,,,,,,,,
2024-08-01,di_10,1s,6,3.0658118803e-06,0.0306843439949,0,86399,daily_bucket,,,,,,,,
2024-08-01,di_10,1s,7,1.0813908981e-05,0.108165691891,0,86390,daily_bucket,,,,,,,,
2024-08-01,di_10,1s,8,1.85106866512e-05,0.18513693608,0,86398,daily_bucket,,,,,,,,
2024-08-01,di_10,1s,9,2.78955788568e-05,0.278993397274,0,86399,daily_bucket,,,,,,,,
2024-08-01,di_10,1s,10,4.83976099479e-05,0.484025567666,0.156492284172,86398,daily_bucket,,,,,,,,
2024-08-01,di_10,1s,,,,,863978,daily_monotonicity,,1,,,,,,
2024-08-01,di_10,1s,,,,,863978,daily_top_bottom,0.954022796121,,,,,,,
2024-08-01,di_5,1s,1,-4.82276534938e-05,-0.482227247938,-0.197405332291,86399,daily_bucket,,,,,,,,
2024-08-01,di_5,1s,2,-2.64208114709e-05,-0.264176475859,0,86399,daily_bucket,,,,,,,,
2024-08-01,di_5,1s,3,-1.85204518269e-05,-0.185173388177,0,86399,daily_bucket,,,,,,,,
2024-08-01,di_5,1s,4,-1.12635672484e-05,-0.112607004378,0,86399,daily_bucket,,,,,,,,
2024-08-01,di_5,1s,5,-3.56278447773e-06,-0.0356015891201,0,86398,daily_bucket,,,,,,,,
2024-08-01,di_5,1s,6,3.28467300155e-06,0.0328736586544,0,86399,daily_bucket,,,,,,,,
2024-08-01,di_5,1s,7,1.05197380593e-05,0.105224037356,0,86390,daily_bucket,,,,,,,,
2024-08-01,di_5,1s,8,1.83529867087e-05,0.18356067233,0,86398,daily_bucket,,,,,,,,
2024-08-01,di_5,1s,9,2.70041100989e-05,0.270075251428,0,86399,daily_bucket,,,,,,,,
2024-08-01,di_5,1s,10,5.01289261222e-05,0.501340777683,0.218583074254,86398,daily_bucket,,,,,,,,
2024-08-01,di_5,1s,,,,,863978,daily_monotonicity,,1,,,,,,
2024-08-01,di_5,1s,,,,,863978,daily_top_bottom,0.98356802562,,,,,,,
2024-08-01,microprice_deviation_bps,1s,1,-4.86887741521e-05,-0.486835726721,-0.219825387476,86399,daily_bucket,,,,,,,,
2024-08-01,microprice_deviation_bps,1s,2,-2.54504369089e-05,-0.254473730721,0,86399,daily_bucket,,,,,,,,
2024-08-01,microprice_deviation_bps,1s,3,-1.83842741927e-05,-0.183811590088,0,86399,daily_bucket,,,,,,,,
2024-08-01,microprice_deviation_bps,1s,4,-1.14083567699e-05,-0.114055187693,0,86399,daily_bucket,,,,,,,,
2024-08-01,microprice_deviation_bps,1s,5,-3.88920249816e-06,-0.038866260386,0,86398,daily_bucket,,,,,,,,
2024-08-01,microprice_deviation_bps,1s,6,3.12238829275e-06,0.031249953421,0,86399,daily_bucket,,,,,,,,
2024-08-01,microprice_deviation_bps,1s,7,1.0320640974e-05,0.103232466485,0,86390,daily_bucket,,,,,,,,
2024-08-01,microprice_deviation_bps,1s,8,1.80646495351e-05,0.180675978102,0,86398,daily_bucket,,,,,,,,
2024-08-01,microprice_deviation_bps,1s,9,2.65597023375e-05,0.265629472412,0,86399,daily_bucket,,,,,,,,
2024-08-01,microprice_deviation_bps,1s,10,5.10488116476e-05,0.510543145048,0.246487112948,86398,daily_bucket,,,,,,,,
2024-08-01,microprice_deviation_bps,1s,,,,,863978,daily_monotonicity,,1,,,,,,
2024-08-01,microprice_deviation_bps,1s,,,,,863978,daily_top_bottom,0.997378871769,,,,,,,
2024-08-01,ofi_1s,1s,1,-3.86683894042e-05,-0.386625987557,0,86399,daily_bucket,,,,,,,,
2024-08-01,ofi_1s,1s,2,-2.54738426762e-05,-0.254691289144,0,86399,daily_bucket,,,,,,,,
2024-08-01,ofi_1s,1s,3,-1.10092031943e-05,-0.110059983866,0,86398,daily_bucket,,,,,,,,
2024-08-01,ofi_1s,1s,4,-6.00292223825e-06,-0.0600066209024,0,86391,daily_bucket,,,,,,,,
2024-08-01,ofi_1s,1s,5,-2.14025576467e-06,-0.0213880006643,0,86398,daily_bucket,,,,,,,,
2024-08-01,ofi_1s,1s,6,1.8507955437e-06,0.0185217375969,0,86398,daily_bucket,,,,,,,,
2024-08-01,ofi_1s,1s,7,6.81586834466e-06,0.0681810177107,0,86399,daily_bucket,,,,,,,,
2024-08-01,ofi_1s,1s,8,1.21602518688e-05,0.121634672912,0,86399,daily_bucket,,,,,,,,
2024-08-01,ofi_1s,1s,9,2.47534572264e-05,0.247576850889,0,86399,daily_bucket,,,,,,,,
2024-08-01,ofi_1s,1s,10,3.9007323434e-05,0.390125471037,0,86398,daily_bucket,,,,,,,,
2024-08-01,ofi_1s,1s,,,,,863978,daily_monotonicity,,1,,,,,,
2024-08-01,ofi_1s,1s,,,,,863978,daily_top_bottom,0.776751458594,,,,,,,
2024-08-01,qi_1,1s,1,-4.81749644598e-05,-0.48169995603,-0.199593710756,86399,daily_bucket,,,,,,,,
2024-08-01,qi_1,1s,2,-2.55895914229e-05,-0.255865816051,0,86399,daily_bucket,,,,,,,,
2024-08-01,qi_1,1s,3,-1.866327683e-05,-0.186600260871,0,86399,daily_bucket,,,,,,,,
2024-08-01,qi_1,1s,4,-1.15097831985e-05,-0.115068738461,0,86399,daily_bucket,,,,,,,,
2024-08-01,qi_1,1s,5,-3.88342854374e-06,-0.0388077235198,0,86398,daily_bucket,,,,,,,,
2024-08-01,qi_1,1s,6,3.13801325885e-06,0.0314066852656,0,86399,daily_bucket,,,,,,,,
2024-08-01,qi_1,1s,7,1.04895544918e-05,0.104922356626,0,86390,daily_bucket,,,,,,,,
2024-08-01,qi_1,1s,8,1.82189595316e-05,0.182219587645,0,86398,daily_bucket,,,,,,,,
2024-08-01,qi_1,1s,9,2.66468438984e-05,0.266501314362,0,86399,daily_bucket,,,,,,,,
2024-08-01,qi_1,1s,10,5.06228360573e-05,0.506281216138,0.233014093535,86398,daily_bucket,,,,,,,,
2024-08-01,qi_1,1s,,,,,863978,daily_monotonicity,,1,,,,,,
2024-08-01,qi_1,1s,,,,,863978,daily_top_bottom,0.987981172168,,,,,,,
2024-08-01,trade_imbalance_1s,1s,1,-8.09957550904e-06,-0.0809751326952,0,83202,daily_bucket,,,,,,,,
2024-08-01,trade_imbalance_1s,1s,2,-2.35553421514e-05,-0.235514752593,0,83201,daily_bucket,,,,,,,,
2024-08-01,trade_imbalance_1s,1s,3,-1.75823577271e-05,-0.175782390344,0,83202,daily_bucket,,,,,,,,
2024-08-01,trade_imbalance_1s,1s,4,-1.02851062288e-05,-0.102808682907,0,83202,daily_bucket,,,,,,,,
2024-08-01,trade_imbalance_1s,1s,5,-1.09805786435e-06,-0.0109411370246,0,83200,daily_bucket,,,,,,,,
2024-08-01,trade_imbalance_1s,1s,6,6.87948194164e-06,0.0688347541292,0,83202,daily_bucket,,,,,,,,
2024-08-01,trade_imbalance_1s,1s,7,1.26556433537e-05,0.126595278599,0,83196,daily_bucket,,,,,,,,
2024-08-01,trade_imbalance_1s,1s,8,2.04519062819e-05,0.204558160773,0,83200,daily_bucket,,,,,,,,
2024-08-01,trade_imbalance_1s,1s,9,1.36125193268e-05,0.136152801523,0,83202,daily_bucket,,,,,,,,
2024-08-01,trade_imbalance_1s,1s,10,8.15996396349e-06,0.0816172731103,0,83201,daily_bucket,,,,,,,,
2024-08-01,trade_imbalance_1s,1s,,,,,832008,daily_monotonicity,,0.842424242424,,,,,,
2024-08-01,trade_imbalance_1s,1s,,,,,832008,daily_top_bottom,0.162592405805,,,,,,,
2024-08-01,di_10,30s,1,-9.20562809834e-05,-0.918943702665,-0.657324868742,86365,daily_bucket,,,,,,,,
2024-08-01,di_10,30s,2,-6.00029719257e-05,-0.598555112475,-0.594335196229,86369,daily_bucket,,,,,,,,
2024-08-01,di_10,30s,3,-4.96777586557e-05,-0.49527641227,-0.367669940825,86372,daily_bucket,,,,,,,,
2024-08-01,di_10,30s,4,-3.04267103697e-05,-0.302729410075,-0.274276873309,86398,daily_bucket,,,,,,,,
2024-08-01,di_10,30s,5,-1.45956658684e-05,-0.144400593445,0,86366,daily_bucket,,,,,,,,
2024-08-01,di_10,30s,6,1.17406767563e-06,0.0132140050864,0,86325,daily_bucket,,,,,,,,
2024-08-01,di_10,30s,7,4.18483038809e-05,0.419945728861,0.0667851455858,86375,daily_bucket,,,,,,,,
2024-08-01,di_10,30s,8,5.89763893839e-05,0.591265071116,0.319047593726,86353,daily_bucket,,,,,,,,
2024-08-01,di_10,30s,9,8.13319606755e-05,0.814876463848,0.620109533612,86377,daily_bucket,,,,,,,,
2024-08-01,di_10,30s,10,0.000102632550655,1.02797422438,0.785033902682,86388,daily_bucket,,,,,,,,
2024-08-01,di_10,30s,,,,,863688,daily_monotonicity,,1,,,,,,
2024-08-01,di_10,30s,,,,,863688,daily_top_bottom,1.94691792705,,,,,,,
2024-08-01,di_5,30s,1,-9.62763383869e-05,-0.961128517041,-0.692282310322,86370,daily_bucket,,,,,,,,
2024-08-01,di_5,30s,2,-5.86245207726e-05,-0.584835177913,-0.616289920741,86365,daily_bucket,,,,,,,,
2024-08-01,di_5,30s,3,-4.80026651136e-05,-0.478503628236,-0.375972277073,86373,daily_bucket,,,,,,,,
2024-08-01,di_5,30s,4,-3.32490445549e-05,-0.330945285922,-0.237802711491,86398,daily_bucket,,,,,,,,
2024-08-01,di_5,30s,5,-1.7158074285e-05,-0.170025460073,-0.00154559493465,86354,daily_bucket,,,,,,,,
2024-08-01,di_5,30s,6,5.63818968891e-06,0.0578732565091,0,86336,daily_bucket,,,,,,,,
2024-08-01,di_5,30s,7,3.91874940279e-05,0.39334155826,0.0543225247806,86371,daily_bucket,,,,,,,,
2024-08-01,di_5,30s,8,6.38860345936e-05,0.640370807754,0.472491050499,86356,daily_bucket,,,,,,,,
2024-08-01,di_5,30s,9,8.13793114599e-05,0.815280281202,0.621628373351,86375,daily_bucket,,,,,,,,
2024-08-01,di_5,30s,10,0.000102426932947,1.02597677033,0.758816025289,86390,daily_bucket,,,,,,,,
2024-08-01,di_5,30s,,,,,863688,daily_monotonicity,,1,,,,,,
2024-08-01,di_5,30s,,,,,863688,daily_top_bottom,1.98710528738,,,,,,,
2024-08-01,microprice_deviation_bps,30s,1,-9.38673798197e-05,-0.937003076009,-0.725376806225,86371,daily_bucket,,,,,,,,
2024-08-01,microprice_deviation_bps,30s,2,-6.2596431804e-05,-0.624591185595,-0.592614235007,86370,daily_bucket,,,,,,,,
2024-08-01,microprice_deviation_bps,30s,3,-4.86749515298e-05,-0.485228429096,-0.542655066219,86367,daily_bucket,,,,,,,,
2024-08-01,microprice_deviation_bps,30s,4,-3.29745889259e-05,-0.328201094654,-0.197938740765,86398,daily_bucket,,,,,,,,
2024-08-01,microprice_deviation_bps,30s,5,-1.71000667449e-05,-0.169440655498,-0.00155062788412,86353,daily_bucket,,,,,,,,
2024-08-01,microprice_deviation_bps,30s,6,6.05606732663e-06,0.0620631546406,0,86338,daily_bucket,,,,,,,,
2024-08-01,microprice_deviation_bps,30s,7,4.1889346228e-05,0.420325703094,0.0903145507875,86372,daily_bucket,,,,,,,,
2024-08-01,microprice_deviation_bps,30s,8,6.41860880599e-05,0.643359400786,0.489534147548,86356,daily_bucket,,,,,,,,
2024-08-01,microprice_deviation_bps,30s,9,8.12792785462e-05,0.814247707911,0.620397349805,86377,daily_bucket,,,,,,,,
2024-08-01,microprice_deviation_bps,30s,10,0.000101013490399,1.0119084109,0.758816025289,86386,daily_bucket,,,,,,,,
2024-08-01,microprice_deviation_bps,30s,,,,,863688,daily_monotonicity,,1,,,,,,
2024-08-01,microprice_deviation_bps,30s,,,,,863688,daily_top_bottom,1.94891148691,,,,,,,
2024-08-01,ofi_30s,30s,1,-2.95865380212e-05,-0.293660684184,-0.313660597854,86399,daily_bucket,,,,,,,,
2024-08-01,ofi_30s,30s,2,1.80420759845e-05,0.182210327362,0,86209,daily_bucket,,,,,,,,
2024-08-01,ofi_30s,30s,3,-2.47211838377e-06,-0.0231659698134,0,86289,daily_bucket,,,,,,,,
2024-08-01,ofi_30s,30s,4,-2.3758249438e-05,-0.236268305369,-0.00157035163549,86399,daily_bucket,,,,,,,,
2024-08-01,ofi_30s,30s,5,-1.85221358226e-06,-0.0174155496089,0,86398,daily_bucket,,,,,,,,
2024-08-01,ofi_30s,30s,6,2.25946821636e-05,0.227176575443,0,86399,daily_bucket,,,,,,,,
2024-08-01,ofi_30s,30s,7,1.58164137196e-05,0.159416749403,0,86399,daily_bucket,,,,,,,,
2024-08-01,ofi_30s,30s,8,2.73685800599e-05,0.275080553726,0.00157972879374,86399,daily_bucket,,,,,,,,
2024-08-01,ofi_30s,30s,9,1.86485455446e-05,0.188175167311,0,86399,daily_bucket,,,,,,,,
2024-08-01,ofi_30s,30s,10,-5.56014477506e-06,-0.0538064690217,0.0660831219634,86398,daily_bucket,,,,,,,,
2024-08-01,ofi_30s,30s,,,,,863688,daily_monotonicity,,0.430303030303,,,,,,
2024-08-01,ofi_30s,30s,,,,,863688,daily_top_bottom,0.239854215162,,,,,,,
2024-08-01,qi_1,30s,1,-9.45634848307e-05,-0.943989960828,-0.726655211496,86366,daily_bucket,,,,,,,,
2024-08-01,qi_1,30s,2,-6.25809019186e-05,-0.624440892233,-0.598462848174,86374,daily_bucket,,,,,,,,
2024-08-01,qi_1,30s,3,-4.89536188808e-05,-0.488007353561,-0.530726043475,86368,daily_bucket,,,,,,,,
2024-08-01,qi_1,30s,4,-3.24824618407e-05,-0.323267473548,-0.197938740765,86398,daily_bucket,,,,,,,,
2024-08-01,qi_1,30s,5,-1.66373845622e-05,-0.16480308138,-0.00154811283111,86353,daily_bucket,,,,,,,,
2024-08-01,qi_1,30s,6,6.21542876278e-06,0.0636662272852,0,86338,daily_bucket,,,,,,,,
2024-08-01,qi_1,30s,7,4.12039607191e-05,0.413489221631,0.0868944610134,86372,daily_bucket,,,,,,,,
2024-08-01,qi_1,30s,8,6.60234749746e-05,0.661739052105,0.505190874982,86354,daily_bucket,,,,,,,,
2024-08-01,qi_1,30s,9,7.88849242442e-05,0.790301422053,0.619636321501,86379,daily_bucket,,,,,,,,
2024-08-01,qi_1,30s,10,0.000102098903613,1.02273268425,0.758816025289,86386,daily_bucket,,,,,,,,
2024-08-01,qi_1,30s,,,,,863688,daily_monotonicity,,1,,,,,,
2024-08-01,qi_1,30s,,,,,863688,daily_top_bottom,1.96672264508,,,,,,,
2024-08-01,trade_imbalance_30s,30s,1,8.9844426904e-06,0.0910277643723,0,86399,daily_bucket,,,,,,,,
2024-08-01,trade_imbalance_30s,30s,2,2.13579249024e-05,0.215292238664,0,86381,daily_bucket,,,,,,,,
2024-08-01,trade_imbalance_30s,30s,3,-2.47423577272e-06,-0.0228913318402,-0.00156465127326,86379,daily_bucket,,,,,,,,
2024-08-01,trade_imbalance_30s,30s,4,-1.97149444807e-05,-0.195480677531,-0.153193131299,86399,daily_bucket,,,,,,,,
2024-08-01,trade_imbalance_30s,30s,5,-4.89201446574e-06,-0.0472642691751,0,86398,daily_bucket,,,,,,,,
2024-08-01,trade_imbalance_30s,30s,6,-2.64109363142e-05,-0.262363422966,0,86261,daily_bucket,,,,,,,,
2024-08-01,trade_imbalance_30s,30s,7,-1.9701140868e-06,-0.0178967345707,0,86275,daily_bucket,,,,,,,,
2024-08-01,trade_imbalance_30s,30s,8,1.473088964e-05,0.148940190524,0.00156186537017,86399,daily_bucket,,,,,,,,
2024-08-01,trade_imbalance_30s,30s,9,2.60434360972e-05,0.261701540111,0,86399,daily_bucket,,,,,,,,
2024-08-01,trade_imbalance_30s,30s,10,2.35092221612e-05,0.235903711882,0.013919392335,86398,daily_bucket,,,,,,,,
2024-08-01,trade_imbalance_30s,30s,,,,,863688,daily_monotonicity,,0.381818181818,,,,,,
2024-08-01,trade_imbalance_30s,30s,,,,,863688,daily_top_bottom,0.144875947509,,,,,,,
2024-08-01,di_10,500ms,1,-3.12812861375e-05,-0.312788617625,0,86399,daily_bucket,,,,,,,,
2024-08-01,di_10,500ms,2,-1.58791521605e-05,-0.158777490263,0,86399,daily_bucket,,,,,,,,
2024-08-01,di_10,500ms,3,-1.05902759495e-05,-0.105890726847,0,86399,daily_bucket,,,,,,,,
2024-08-01,di_10,500ms,4,-6.01784518311e-06,-0.0601678692756,0,86399,daily_bucket,,,,,,,,
2024-08-01,di_10,500ms,5,-2.01441550943e-06,-0.0201343056216,0,86398,daily_bucket,,,,,,,,
2024-08-01,di_10,500ms,6,1.57935262315e-06,0.0158031753812,0,86399,daily_bucket,,,,,,,,
2024-08-01,di_10,500ms,7,5.90892818952e-06,0.0590992160872,0,86394,daily_bucket,,,,,,,,
2024-08-01,di_10,500ms,8,1.00419579117e-05,0.100431761257,0,86399,daily_bucket,,,,,,,,
2024-08-01,di_10,500ms,9,1.64477906696e-05,0.164493844992,0,86399,daily_bucket,,,,,,,,
2024-08-01,di_10,500ms,10,3.24521198351e-05,0.324545372601,0,86398,daily_bucket,,,,,,,,
2024-08-01,di_10,500ms,,,,,863983,daily_monotonicity,,1,,,,,,
2024-08-01,di_10,500ms,,,,,863983,daily_top_bottom,0.637333990226,,,,,,,
2024-08-01,di_5,500ms,1,-3.23841894311e-05,-0.323817466528,0,86399,daily_bucket,,,,,,,,
2024-08-01,di_5,500ms,2,-1.53061508288e-05,-0.153048144364,0,86399,daily_bucket,,,,,,,,
2024-08-01,di_5,500ms,3,-1.03328116843e-05,-0.103315672951,0,86399,daily_bucket,,,,,,,,
2024-08-01,di_5,500ms,4,-6.14777568345e-06,-0.0614669609035,0,86399,daily_bucket,,,,,,,,
2024-08-01,di_5,500ms,5,-1.95338856046e-06,-0.0195243114171,0,86398,daily_bucket,,,,,,,,
2024-08-01,di_5,500ms,6,1.69239767738e-06,0.016934178505,0,86399,daily_bucket,,,,,,,,
2024-08-01,di_5,500ms,7,5.69180952673e-06,0.0569286054865,0,86394,daily_bucket,,,,,,,,
2024-08-01,di_5,500ms,8,9.91739639065e-06,0.0991857376124,0,86399,daily_bucket,,,,,,,,
2024-08-01,di_5,500ms,9,1.54084885814e-05,0.154098915147,0,86399,daily_bucket,,,,,,,,
2024-08-01,di_5,500ms,10,3.40614050687e-05,0.340639547821,0,86398,daily_bucket,,,,,,,,
2024-08-01,di_5,500ms,,,,,863983,daily_monotonicity,,1,,,,,,
2024-08-01,di_5,500ms,,,,,863983,daily_top_bottom,0.66445701435,,,,,,,
2024-08-01,microprice_deviation_bps,500ms,1,-3.2744561583e-05,-0.327419376432,0,86399,daily_bucket,,,,,,,,
2024-08-01,microprice_deviation_bps,500ms,2,-1.47356129299e-05,-0.147343403079,0,86399,daily_bucket,,,,,,,,
2024-08-01,microprice_deviation_bps,500ms,3,-1.01932880123e-05,-0.101920805956,0,86399,daily_bucket,,,,,,,,
2024-08-01,microprice_deviation_bps,500ms,4,-6.15763099031e-06,-0.0615655418665,0,86399,daily_bucket,,,,,,,,
2024-08-01,microprice_deviation_bps,500ms,5,-2.00857595695e-06,-0.020076151604,0,86398,daily_bucket,,,,,,,,
2024-08-01,microprice_deviation_bps,500ms,6,1.49457432746e-06,0.0149553243562,0,86399,daily_bucket,,,,,,,,
2024-08-01,microprice_deviation_bps,500ms,7,5.56644925885e-06,0.0556743910817,0,86394,daily_bucket,,,,,,,,
2024-08-01,microprice_deviation_bps,500ms,8,9.63748045264e-06,0.0963860232101,0,86399,daily_bucket,,,,,,,,
2024-08-01,microprice_deviation_bps,500ms,9,1.48719991546e-05,0.148733122068,0,86399,daily_bucket,,,,,,,,
2024-08-01,microprice_deviation_bps,500ms,10,3.49163493375e-05,0.349190866634,0,86398,daily_bucket,,,,,,,,
2024-08-01,microprice_deviation_bps,500ms,,,,,863983,daily_monotonicity,,1,,,,,,
2024-08-01,microprice_deviation_bps,500ms,,,,,863983,daily_top_bottom,0.676610243066,,,,,,,
2024-08-01,ofi_500ms,500ms,1,-2.7589250196e-05,-0.275867060719,0,86399,daily_bucket,,,,,,,,
2024-08-01,ofi_500ms,500ms,2,-1.30924189781e-05,-0.130904189906,0,86399,daily_bucket,,,,,,,,
2024-08-01,ofi_500ms,500ms,3,-6.18549097103e-06,-0.0618428660553,0,86398,daily_bucket,,,,,,,,
2024-08-01,ofi_500ms,500ms,4,-3.00136275425e-06,-0.0300040391848,0,86399,daily_bucket,,,,,,,,
2024-08-01,ofi_500ms,500ms,5,-9.97032148514e-07,-0.00996444240328,0,86397,daily_bucket,,,,,,,,
2024-08-01,ofi_500ms,500ms,6,8.83910491654e-07,0.00884453169386,0,86396,daily_bucket,,,,,,,,
2024-08-01,ofi_500ms,500ms,7,3.17751984418e-06,0.0317837452742,0,86399,daily_bucket,,,,,,,,
2024-08-01,ofi_500ms,500ms,8,6.6892644594e-06,0.0669049673959,0,86399,daily_bucket,,,,,,,,
2024-08-01,ofi_500ms,500ms,9,1.31937312584e-05,0.131957218308,0,86399,daily_bucket,,,,,,,,
2024-08-01,ofi_500ms,500ms,10,2.75678641312e-05,0.275702104528,0,86398,daily_bucket,,,,,,,,
2024-08-01,ofi_500ms,500ms,,,,,863983,daily_monotonicity,,1,,,,,,
2024-08-01,ofi_500ms,500ms,,,,,863983,daily_top_bottom,0.551569165247,,,,,,,
2024-08-01,qi_1,500ms,1,-3.23706739523e-05,-0.323682016578,0,86399,daily_bucket,,,,,,,,
2024-08-01,qi_1,500ms,2,-1.48417761575e-05,-0.148404839769,0,86399,daily_bucket,,,,,,,,
2024-08-01,qi_1,500ms,3,-1.04085659647e-05,-0.104073324557,0,86399,daily_bucket,,,,,,,,
2024-08-01,qi_1,500ms,4,-6.22421490508e-06,-0.0622307409374,0,86399,daily_bucket,,,,,,,,
2024-08-01,qi_1,500ms,5,-1.99443832923e-06,-0.0199343554546,0,86398,daily_bucket,,,,,,,,
2024-08-01,qi_1,500ms,6,1.5169671985e-06,0.0151795721239,0,86399,daily_bucket,,,,,,,,
2024-08-01,qi_1,500ms,7,5.67486879628e-06,0.0567590608556,0,86394,daily_bucket,,,,,,,,
2024-08-01,qi_1,500ms,8,9.81365904111e-06,0.0981479906109,0,86399,daily_bucket,,,,,,,,
2024-08-01,qi_1,500ms,9,1.49931592201e-05,0.149945001296,0,86399,daily_bucket,,,,,,,,
2024-08-01,qi_1,500ms,10,3.44881995939e-05,0.344908115665,0,86398,daily_bucket,,,,,,,,
2024-08-01,qi_1,500ms,,,,,863983,daily_monotonicity,,1,,,,,,
2024-08-01,qi_1,500ms,,,,,863983,daily_top_bottom,0.668590132243,,,,,,,
2024-08-01,trade_imbalance_500ms,500ms,1,-5.34102407723e-06,-0.0534034400584,0,72677,daily_bucket,,,,,,,,
2024-08-01,trade_imbalance_500ms,500ms,2,-8.05226926448e-06,-0.0805079791921,0,72676,daily_bucket,,,,,,,,
2024-08-01,trade_imbalance_500ms,500ms,3,-1.91193737045e-05,-0.191170704262,0,72672,daily_bucket,,,,,,,,
2024-08-01,trade_imbalance_500ms,500ms,4,-1.13427803296e-05,-0.113407311358,0,72677,daily_bucket,,,,,,,,
2024-08-01,trade_imbalance_500ms,500ms,5,-1.6253063577e-06,-0.0162350755214,0,72675,daily_bucket,,,,,,,,
2024-08-01,trade_imbalance_500ms,500ms,6,7.86471503003e-06,0.0786670960195,0,72676,daily_bucket,,,,,,,,
2024-08-01,trade_imbalance_500ms,500ms,7,1.90765715867e-05,0.190791534233,0,72677,daily_bucket,,,,,,,,
2024-08-01,trade_imbalance_500ms,500ms,8,6.52622363701e-06,0.0652733125334,0,72676,daily_bucket,,,,,,,,
2024-08-01,trade_imbalance_500ms,500ms,9,2.65122581164e-06,0.0265155365459,0,72676,daily_bucket,,,,,,,,
2024-08-01,trade_imbalance_500ms,500ms,10,9.9884537818e-06,0.0999011380513,0,72676,daily_bucket,,,,,,,,
2024-08-01,trade_imbalance_500ms,500ms,,,,,726758,daily_monotonicity,,0.745454545455,,,,,,
2024-08-01,trade_imbalance_500ms,500ms,,,,,726758,daily_top_bottom,0.15330457811,,,,,,,
2024-08-01,di_10,5s,1,-8.90518098809e-05,-0.89024252699,-0.621349523009,86398,daily_bucket,,,,,,,,
2024-08-01,di_10,5s,2,-5.84085561899e-05,-0.583868055195,-0.288936549611,86394,daily_bucket,,,,,,,,
2024-08-01,di_10,5s,3,-4.22490786807e-05,-0.422269424421,0,86397,daily_bucket,,,,,,,,
2024-08-01,di_10,5s,4,-2.60224927434e-05,-0.260022935803,0,86398,daily_bucket,,,,,,,,
2024-08-01,di_10,5s,5,-7.88709998104e-06,-0.0786593439044,0,86398,daily_bucket,,,,,,,,
2024-08-01,di_10,5s,6,6.58000185515e-06,0.0660058441818,0,86399,daily_bucket,,,,,,,,
2024-08-01,di_10,5s,7,2.65554291925e-05,0.265767473697,0,86388,daily_bucket,,,,,,,,
2024-08-01,di_10,5s,8,4.41878848735e-05,0.442103837798,0,86369,daily_bucket,,,,,,,,
2024-08-01,di_10,5s,9,6.12555741635e-05,0.61279807446,0.226830866496,86399,daily_bucket,,,,,,,,
2024-08-01,di_10,5s,10,9.15656180007e-05,0.915942218334,0.621108295368,86398,daily_bucket,,,,,,,,
2024-08-01,di_10,5s,,,,,863938,daily_monotonicity,,1,,,,,,
2024-08-01,di_10,5s,,,,,863938,daily_top_bottom,1.80618474532,,,,,,,
2024-08-01,di_5,5s,1,-9.12569000894e-05,-0.912299008715,-0.62280068642,86399,daily_bucket,,,,,,,,
2024-08-01,di_5,5s,2,-5.87247387084e-05,-0.587031035288,-0.266535791944,86391,daily_bucket,,,,,,,,
2024-08-01,di_5,5s,3,-4.09271709367e-05,-0.40905273409,0,86399,daily_bucket,,,,,,,,
2024-08-01,di_5,5s,4,-2.53991549254e-05,-0.253779288877,0,86398,daily_bucket,,,,,,,,
2024-08-01,di_5,5s,5,-9.28130762617e-06,-0.0926067161403,0,86398,daily_bucket,,,,,,,,
2024-08-01,di_5,5s,6,7.8669217476e-06,0.078877256078,0,86399,daily_bucket,,,,,,,,
2024-08-01,di_5,5s,7,2.60460062839e-05,0.260675382832,0,86388,daily_bucket,,,,,,,,
2024-08-01,di_5,5s,8,4.37715501013e-05,0.437943093512,0,86369,daily_bucket,,,,,,,,
2024-08-01,di_5,5s,9,6.21856524818e-05,0.622090989306,0.252910880966,86399,daily_bucket,,,,,,,,
2024-08-01,di_5,5s,10,9.22443531228e-05,0.922734632387,0.622989677498,86398,daily_bucket,,,,,,,,
2024-08-01,di_5,5s,,,,,863938,daily_monotonicity,,1,,,,,,
2024-08-01,di_5,5s,,,,,863938,daily_top_bottom,1.8350336411,,,,,,,
2024-08-01,microprice_deviation_bps,5s,1,-9.11045100787e-05,-0.910765700497,-0.623460782485,86399,daily_bucket,,,,,,,,
2024-08-01,microprice_deviation_bps,5s,2,-5.87967987732e-05,-0.58776272034,-0.238028694279,86397,daily_bucket,,,,,,,,
2024-08-01,microprice_deviation_bps,5s,3,-3.97047839647e-05,-0.396827063669,0,86393,daily_bucket,,,,,,,,
2024-08-01,microprice_deviation_bps,5s,4,-2.60405576068e-05,-0.260192069802,0,86398,daily_bucket,,,,,,,,
2024-08-01,microprice_deviation_bps,5s,5,-9.41666584733e-06,-0.0939648898529,0,86398,daily_bucket,,,,,,,,
2024-08-01,microprice_deviation_bps,5s,6,7.18910063271e-06,0.0721013514755,0,86399,daily_bucket,,,,,,,,
2024-08-01,microprice_deviation_bps,5s,7,2.53864544002e-05,0.254074871681,0,86389,daily_bucket,,,,,,,,
2024-08-01,microprice_deviation_bps,5s,8,4.43030805168e-05,0.443254978203,0,86368,daily_bucket,,,,,,,,
2024-08-01,microprice_deviation_bps,5s,9,6.16907676071e-05,0.617136188836,0.239526789614,86399,daily_bucket,,,,,,,,
2024-08-01,microprice_deviation_bps,5s,10,9.30207632733e-05,0.930514010573,0.627719910081,86398,daily_bucket,,,,,,,,
2024-08-01,microprice_deviation_bps,5s,,,,,863938,daily_monotonicity,,1,,,,,,
2024-08-01,microprice_deviation_bps,5s,,,,,863938,daily_top_bottom,1.84127971107,,,,,,,
2024-08-01,ofi_5s,5s,1,-4.18024102693e-05,-0.417679506128,-0.312986584165,86399,daily_bucket,,,,,,,,
2024-08-01,ofi_5s,5s,2,-3.24295764661e-05,-0.324001078284,-0.0141422501373,86391,daily_bucket,,,,,,,,
2024-08-01,ofi_5s,5s,3,-2.83275981522e-05,-0.28304573656,0,86384,daily_bucket,,,,,,,,
2024-08-01,ofi_5s,5s,4,-1.34037358732e-05,-0.133861078146,0,86384,daily_bucket,,,,,,,,
2024-08-01,ofi_5s,5s,5,-4.44231784474e-06,-0.0442974011125,0,86398,daily_bucket,,,,,,,,
2024-08-01,ofi_5s,5s,6,6.31375958226e-06,0.0632630543398,0,86395,daily_bucket,,,,,,,,
2024-08-01,ofi_5s,5s,7,1.39538181049e-05,0.139732157664,0,86391,daily_bucket,,,,,,,,
2024-08-01,ofi_5s,5s,8,2.57525913594e-05,0.257749483175,0,86399,daily_bucket,,,,,,,,
2024-08-01,ofi_5s,5s,9,3.58211627542e-05,0.358476666708,0,86399,daily_bucket,,,,,,,,
2024-08-01,ofi_5s,5s,10,4.50675814938e-05,0.450996633839,0.308651525406,86398,daily_bucket,,,,,,,,
2024-08-01,ofi_5s,5s,,,,,863938,daily_monotonicity,,1,,,,,,
2024-08-01,ofi_5s,5s,,,,,863938,daily_top_bottom,0.868676139967,,,,,,,
2024-08-01,qi_1,5s,1,-9.08903288717e-05,-0.908631205344,-0.62280068642,86399,daily_bucket,,,,,,,,
2024-08-01,qi_1,5s,2,-5.82131976276e-05,-0.581926930107,-0.221627365306,86396,daily_bucket,,,,,,,,
2024-08-01,qi_1,5s,3,-4.07120411263e-05,-0.406896615551,0,86394,daily_bucket,,,,,,,,
2024-08-01,qi_1,5s,4,-2.59285265689e-05,-0.25906969208,0,86398,daily_bucket,,,,,,,,
2024-08-01,qi_1,5s,5,-9.31978370844e-06,-0.092993617321,0,86398,daily_bucket,,,,,,,,
2024-08-01,qi_1,5s,6,7.18498061452e-06,0.0720618916481,0,86399,daily_bucket,,,,,,,,
2024-08-01,qi_1,5s,7,2.54065122961e-05,0.254276899526,0,86390,daily_bucket,,,,,,,,
2024-08-01,qi_1,5s,8,4.45323660984e-05,0.445551776057,0,86367,daily_bucket,,,,,,,,
2024-08-01,qi_1,5s,9,6.16579898513e-05,0.61680906852,0.233030948308,86399,daily_bucket,,,,,,,,
2024-08-01,qi_1,5s,10,9.28089261221e-05,0.928387852183,0.624833784046,86398,daily_bucket,,,,,,,,
2024-08-01,qi_1,5s,,,,,863938,daily_monotonicity,,1,,,,,,
2024-08-01,qi_1,5s,,,,,863938,daily_top_bottom,1.83701905753,,,,,,,
2024-08-01,trade_imbalance_5s,5s,1,-3.3987542676e-05,-0.33969541896,0,86399,daily_bucket,,,,,,,,
2024-08-01,trade_imbalance_5s,5s,2,-2.59077834897e-05,-0.258852684239,0,86399,daily_bucket,,,,,,,,
2024-08-01,trade_imbalance_5s,5s,3,-1.15029454379e-05,-0.114788331383,0,86398,daily_bucket,,,,,,,,
2024-08-01,trade_imbalance_5s,5s,4,-8.64775353618e-06,-0.0862040106269,0,86359,daily_bucket,,,,,,,,
2024-08-01,trade_imbalance_5s,5s,5,-4.77741506738e-06,-0.0474966949299,0,86396,daily_bucket,,,,,,,,
2024-08-01,trade_imbalance_5s,5s,6,8.43378265561e-06,0.0846318458734,0,86399,daily_bucket,,,,,,,,
2024-08-01,trade_imbalance_5s,5s,7,9.19538680551e-06,0.0922080478273,0,86397,daily_bucket,,,,,,,,
2024-08-01,trade_imbalance_5s,5s,8,1.44313889131e-05,0.144527286975,0,86399,daily_bucket,,,,,,,,
2024-08-01,trade_imbalance_5s,5s,9,2.62876208305e-05,0.26306330278,0,86399,daily_bucket,,,,,,,,
2024-08-01,trade_imbalance_5s,5s,10,3.2984929872e-05,0.330003822853,0,86393,daily_bucket,,,,,,,,
2024-08-01,trade_imbalance_5s,5s,,,,,863938,daily_monotonicity,,1,,,,,,
2024-08-01,trade_imbalance_5s,5s,,,,,863938,daily_top_bottom,0.669699241814,,,,,,,
2024-09-01,di_10,100ms,1,-5.37469200884e-06,-0.0537444984938,0,86397,daily_bucket,,,,,,,,
2024-09-01,di_10,100ms,2,-2.31067785743e-06,-0.0231055445836,0,86396,daily_bucket,,,,,,,,
2024-09-01,di_10,100ms,3,-1.27029034118e-06,-0.0127017142519,0,86396,daily_bucket,,,,,,,,
2024-09-01,di_10,100ms,4,-6.42617322912e-07,-0.00642507462491,0,86397,daily_bucket,,,,,,,,
2024-09-01,di_10,100ms,5,-2.09982479584e-07,-0.00209913619501,0,86396,daily_bucket,,,,,,,,
2024-09-01,di_10,100ms,6,1.65987161927e-07,0.00166096059872,0,86396,daily_bucket,,,,,,,,
2024-09-01,di_10,100ms,7,5.23061638018e-07,0.00523147817617,0,86397,daily_bucket,,,,,,,,
2024-09-01,di_10,100ms,8,1.21721832667e-06,0.0121734825186,0,86396,daily_bucket,,,,,,,,
2024-09-01,di_10,100ms,9,2.4194988246e-06,0.0241965612127,0,86397,daily_bucket,,,,,,,,
2024-09-01,di_10,100ms,10,5.14978193377e-06,0.0514999020872,0,86396,daily_bucket,,,,,,,,
2024-09-01,di_10,100ms,,,,,863964,daily_monotonicity,,1,,,,,,
2024-09-01,di_10,100ms,,,,,863964,daily_top_bottom,0.105244400581,,,,,,,
2024-09-01,di_5,100ms,1,-5.84097233633e-06,-0.0584071909498,0,86396,daily_bucket,,,,,,,,
2024-09-01,di_5,100ms,2,-2.11864481315e-06,-0.0211850845946,0,86397,daily_bucket,,,,,,,,
2024-09-01,di_5,100ms,3,-1.1071188257e-06,-0.0110701434896,0,86396,daily_bucket,,,,,,,,
2024-09-01,di_5,100ms,4,-6.03996196099e-07,-0.00603896227439,0,86397,daily_bucket,,,,,,,,
2024-09-01,di_5,100ms,5,-1.31670121774e-07,-0.0013159528517,0,86396,daily_bucket,,,,,,,,
2024-09-01,di_5,100ms,6,1.25088605229e-07,0.00125196809261,0,86396,daily_bucket,,,,,,,,
2024-09-01,di_5,100ms,7,4.88514151007e-07,0.00488595622008,0,86397,daily_bucket,,,,,,,,
2024-09-01,di_5,100ms,8,1.13311129129e-06,0.0113324189137,0,86396,daily_bucket,,,,,,,,
2024-09-01,di_5,100ms,9,2.24489833945e-06,0.0224503056874,0,86397,daily_bucket,,,,,,,,
2024-09-01,di_5,100ms,10,5.47804206743e-06,0.0547827445704,0,86396,daily_bucket,,,,,,,,
2024-09-01,di_5,100ms,,,,,863964,daily_monotonicity,,1,,,,,,
2024-09-01,di_5,100ms,,,,,863964,daily_top_bottom,0.11318993552,,,,,,,
2024-09-01,microprice_deviation_bps,100ms,1,-6.59396230343e-06,-0.0659364026843,0,86396,daily_bucket,,,,,,,,
2024-09-01,microprice_deviation_bps,100ms,2,-1.62855088045e-06,-0.0162844598233,0,86397,daily_bucket,,,,,,,,
2024-09-01,microprice_deviation_bps,100ms,3,-9.71082148974e-07,-0.00970981540935,0,86396,daily_bucket,,,,,,,,
2024-09-01,microprice_deviation_bps,100ms,4,-4.7082392988e-07,-0.00470741836428,0,86397,daily_bucket,,,,,,,,
2024-09-01,microprice_deviation_bps,100ms,5,-1.66411269403e-07,-0.00166338932746,0,86396,daily_bucket,,,,,,,,
2024-09-01,microprice_deviation_bps,100ms,6,1.6348127004e-07,0.00163559777702,0,86396,daily_bucket,,,,,,,,
2024-09-01,microprice_deviation_bps,100ms,7,4.35072119035e-07,0.00435150033677,0,86397,daily_bucket,,,,,,,,
2024-09-01,microprice_deviation_bps,100ms,8,9.38357589075e-07,0.0093847698408,0,86396,daily_bucket,,,,,,,,
2024-09-01,microprice_deviation_bps,100ms,9,1.83481439003e-06,0.0183493190231,0,86397,daily_bucket,,,,,,,,
2024-09-01,microprice_deviation_bps,100ms,10,6.12635547637e-06,0.0612663394736,0,86396,daily_bucket,,,,,,,,
2024-09-01,microprice_deviation_bps,100ms,,,,,863964,daily_monotonicity,,1,,,,,,
2024-09-01,microprice_deviation_bps,100ms,,,,,863964,daily_top_bottom,0.127202742158,,,,,,,
2024-09-01,ofi_100ms,100ms,1,-6.01064101275e-06,-0.0601033956673,0,86399,daily_bucket,,,,,,,,
2024-09-01,ofi_100ms,100ms,2,-9.02789993682e-07,-0.00902704216543,0,86399,daily_bucket,,,,,,,,
2024-09-01,ofi_100ms,100ms,3,-1.98394237278e-07,-0.00198353787133,0,86399,daily_bucket,,,,,,,,
2024-09-01,ofi_100ms,100ms,4,-6.00352499894e-08,-0.000599838247485,0,86399,daily_bucket,,,,,,,,
2024-09-01,ofi_100ms,100ms,5,-5.54261124313e-08,-0.00055317724113,0,86399,daily_bucket,,,,,,,,
2024-09-01,ofi_100ms,100ms,6,-1.5181226838e-08,-0.000149226398938,0,86373,daily_bucket,,,,,,,,
2024-09-01,ofi_100ms,100ms,7,6.53673616505e-08,0.000654711582237,0,86399,daily_bucket,,,,,,,,
2024-09-01,ofi_100ms,100ms,8,2.8090568447e-07,0.00280945144989,0,86399,daily_bucket,,,,,,,,
2024-09-01,ofi_100ms,100ms,9,9.35635803934e-07,0.00935723609389,0,86399,daily_bucket,,,,,,,,
2024-09-01,ofi_100ms,100ms,10,5.62781825433e-06,0.0562809492505,0,86399,daily_bucket,,,,,,,,
2024-09-01,ofi_100ms,100ms,,,,,863964,daily_monotonicity,,1,,,,,,
2024-09-01,ofi_100ms,100ms,,,,,863964,daily_top_bottom,0.116384344918,,,,,,,
2024-09-01,qi_1,100ms,1,-6.44219203781e-06,-0.064419059156,0,86396,daily_bucket,,,,,,,,
2024-09-01,qi_1,100ms,2,-1.73775384941e-06,-0.0173764568185,0,86397,daily_bucket,,,,,,,,
2024-09-01,qi_1,100ms,3,-9.94570023811e-07,-0.00994457822752,0,86396,daily_bucket,,,,,,,,
2024-09-01,qi_1,100ms,4,-4.86831574141e-07,-0.00486740100849,0,86397,daily_bucket,,,,,,,,
2024-09-01,qi_1,100ms,5,-1.75481934987e-07,-0.00175398685081,0,86396,daily_bucket,,,,,,,,
2024-09-01,qi_1,100ms,6,1.93501471938e-07,0.00193592376332,0,86396,daily_bucket,,,,,,,,
2024-09-01,qi_1,100ms,7,4.05979120845e-07,0.00406065883041,0,86397,daily_bucket,,,,,,,,
2024-09-01,qi_1,100ms,8,9.84259381151e-07,0.00984387193654,0,86396,daily_bucket,,,,,,,,
2024-09-01,qi_1,100ms,9,1.98670672102e-06,0.0198683586774,0,86397,daily_bucket,,,,,,,,
2024-09-01,qi_1,100ms,10,5.93363306552e-06,0.0593387099714,0,86396,daily_bucket,,,,,,,,
2024-09-01,qi_1,100ms,,,,,863964,daily_monotonicity,,1,,,,,,
2024-09-01,qi_1,100ms,,,,,863964,daily_top_bottom,0.123757769127,,,,,,,
2024-09-01,trade_imbalance_100ms,100ms,1,-3.97419403119e-06,-0.0397395142912,0,21595,daily_bucket,,,,,,,,
2024-09-01,trade_imbalance_100ms,100ms,2,-3.44028410638e-06,-0.0344006853653,0,21594,daily_bucket,,,,,,,,
2024-09-01,trade_imbalance_100ms,100ms,3,-5.20538650004e-06,-0.0520502672714,0,21594,daily_bucket,,,,,,,,
2024-09-01,trade_imbalance_100ms,100ms,4,-5.70110620922e-06,-0.0570072799289,0,21594,daily_bucket,,,,,,,,
2024-09-01,trade_imbalance_100ms,100ms,5,-7.56187088229e-06,-0.0756050020797,0,21594,daily_bucket,,,,,,,,
2024-09-01,trade_imbalance_100ms,100ms,6,6.07824968731e-06,0.0607877887681,0,21595,daily_bucket,,,,,,,,
2024-09-01,trade_imbalance_100ms,100ms,7,2.87461190379e-06,0.0287477564514,0,21594,daily_bucket,,,,,,,,
2024-09-01,trade_imbalance_100ms,100ms,8,2.82282104831e-06,0.028229938604,0,21594,daily_bucket,,,,,,,,
2024-09-01,trade_imbalance_100ms,100ms,9,5.65278778637e-06,0.0565321460313,0,21594,daily_bucket,,,,,,,,
2024-09-01,trade_imbalance_100ms,100ms,10,6.15806602042e-06,0.0615851007818,0,21594,daily_bucket,,,,,,,,
2024-09-01,trade_imbalance_100ms,100ms,,,,,215942,daily_monotonicity,,0.684848484848,,,,,,
2024-09-01,trade_imbalance_100ms,100ms,,,,,215942,daily_top_bottom,0.101324615073,,,,,,,
2024-09-01,di_10,1s,1,-3.14823107144e-05,-0.314792045882,0,86394,daily_bucket,,,,,,,,
2024-09-01,di_10,1s,2,-1.78299227155e-05,-0.178279578158,0,86395,daily_bucket,,,,,,,,
2024-09-01,di_10,1s,3,-1.15660189182e-05,-0.115639202151,0,86391,daily_bucket,,,,,,,,
2024-09-01,di_10,1s,4,-6.35981883811e-06,-0.0635791590158,0,86397,daily_bucket,,,,,,,,
2024-09-01,di_10,1s,5,-1.94888337138e-06,-0.0194711556792,0,86396,daily_bucket,,,,,,,,
2024-09-01,di_10,1s,6,1.57822795702e-06,0.0158009403061,0,86387,daily_bucket,,,,,,,,
2024-09-01,di_10,1s,7,5.77832405491e-06,0.0578006570978,0,86397,daily_bucket,,,,,,,,
2024-09-01,di_10,1s,8,1.1279793971e-05,0.112818466793,0,86396,daily_bucket,,,,,,,,
2024-09-01,di_10,1s,9,1.73861299394e-05,0.173883064306,0,86397,daily_bucket,,,,,,,,
2024-09-01,di_10,1s,10,2.98425971156e-05,0.29845380313,0,86396,daily_bucket,,,,,,,,
2024-09-01,di_10,1s,,,,,863946,daily_monotonicity,,1,,,,,,
2024-09-01,di_10,1s,,,,,863946,daily_top_bottom,0.613245849013,,,,,,,
2024-09-01,di_5,1s,1,-3.29306320266e-05,-0.329274677555,0,86392,daily_bucket,,,,,,,,
2024-09-01,di_5,1s,2,-1.72523570427e-05,-0.172503111808,0,86397,daily_bucket,,,,,,,,
2024-09-01,di_5,1s,3,-1.11349807645e-05,-0.111329315075,0,86391,daily_bucket,,,,,,,,
2024-09-01,di_5,1s,4,-6.40280845025e-06,-0.0640091899149,0,86397,daily_bucket,,,,,,,,
2024-09-01,di_5,1s,5,-1.62786323532e-06,-0.0162623991762,0,86396,daily_bucket,,,,,,,,
2024-09-01,di_5,1s,6,1.66938145644e-06,0.0167131270875,0,86387,daily_bucket,,,,,,,,
2024-09-01,di_5,1s,7,5.66099968894e-06,0.0566280038323,0,86397,daily_bucket,,,,,,,,
2024-09-01,di_5,1s,8,1.10372246782e-05,0.110392641865,0,86396,daily_bucket,,,,,,,,
2024-09-01,di_5,1s,9,1.7216687715e-05,0.172188264675,0,86397,daily_bucket,,,,,,,,
2024-09-01,di_5,1s,10,3.04421149368e-05,0.304448931893,0,86396,daily_bucket,,,,,,,,
2024-09-01,di_5,1s,,,,,863946,daily_monotonicity,,1,,,,,,
2024-09-01,di_5,1s,,,,,863946,daily_top_bottom,0.633723609448,,,,,,,
2024-09-01,microprice_deviation_bps,1s,1,-3.53004679824e-05,-0.352965842091,-0.042722623962,86392,daily_bucket,,,,,,,,
2024-09-01,microprice_deviation_bps,1s,2,-1.5492833583e-05,-0.154910529386,0,86397,daily_bucket,,,,,,,,
2024-09-01,microprice_deviation_bps,1s,3,-1.09250987737e-05,-0.109232050777,0,86391,daily_bucket,,,,,,,,
2024-09-01,microprice_deviation_bps,1s,4,-5.95199892498e-06,-0.0595030025949,0,86397,daily_bucket,,,,,,,,
2024-09-01,microprice_deviation_bps,1s,5,-1.94433112386e-06,-0.0194279536056,0,86396,daily_bucket,,,,,,,,
2024-09-01,microprice_deviation_bps,1s,6,1.81374357485e-06,0.0181535006924,0,86387,daily_bucket,,,,,,,,
2024-09-01,microprice_deviation_bps,1s,7,5.58155651601e-06,0.0558334445568,0,86397,daily_bucket,,,,,,,,
2024-09-01,microprice_deviation_bps,1s,8,1.03967011054e-05,0.103985713206,0,86396,daily_bucket,,,,,,,,
2024-09-01,microprice_deviation_bps,1s,9,1.62729806361e-05,0.162749399263,0,86397,daily_bucket,,,,,,,,
2024-09-01,microprice_deviation_bps,1s,10,3.22274192357e-05,0.32230863378,0.042852983669,86396,daily_bucket,,,,,,,,
2024-09-01,microprice_deviation_bps,1s,,,,,863946,daily_monotonicity,,1,,,,,,
2024-09-01,microprice_deviation_bps,1s,,,,,863946,daily_top_bottom,0.675274475871,,,,,,,
2024-09-01,ofi_1s,1s,1,-3.19179631055e-05,-0.319130942776,0,86394,daily_bucket,,,,,,,,
2024-09-01,ofi_1s,1s,2,-1.20932444218e-05,-0.120900435605,0,86390,daily_bucket,,,,,,,,
2024-09-01,ofi_1s,1s,3,-5.00730978524e-06,-0.0500579324177,0,86395,daily_bucket,,,,,,,,
2024-09-01,ofi_1s,1s,4,-2.9353527202e-06,-0.0293435020134,0,86399,daily_bucket,,,,,,,,
2024-09-01,ofi_1s,1s,5,-6.45573028764e-07,-0.00644959793639,0,86374,daily_bucket,,,,,,,,
2024-09-01,ofi_1s,1s,6,1.05174429121e-06,0.0105251411134,0,86399,daily_bucket,,,,,,,,
2024-09-01,ofi_1s,1s,7,3.46270614516e-06,0.0346374029276,0,86399,daily_bucket,,,,,,,,
2024-09-01,ofi_1s,1s,8,5.25617733507e-06,0.0525766181392,0,86398,daily_bucket,,,,,,,,
2024-09-01,ofi_1s,1s,9,1.10384522193e-05,0.11041321558,0,86399,daily_bucket,,,,,,,,
2024-09-01,ofi_1s,1s,10,2.84667668259e-05,0.284708674402,0,86399,daily_bucket,,,,,,,,
2024-09-01,ofi_1s,1s,,,,,863946,daily_monotonicity,,1,,,,,,
2024-09-01,ofi_1s,1s,,,,,863946,daily_top_bottom,0.603839617178,,,,,,,
2024-09-01,qi_1,1s,1,-3.47065833168e-05,-0.347030862412,-0.034226237038,86392,daily_bucket,,,,,,,,
2024-09-01,qi_1,1s,2,-1.58127670836e-05,-0.158109288558,0,86397,daily_bucket,,,,,,,,
2024-09-01,qi_1,1s,3,-1.10992488378e-05,-0.110972260646,0,86391,daily_bucket,,,,,,,,
2024-09-01,qi_1,1s,4,-6.05017068384e-06,-0.0604843766299,0,86397,daily_bucket,,,,,,,,
2024-09-01,qi_1,1s,5,-1.98806200654e-06,-0.0198639469457,0,86396,daily_bucket,,,,,,,,
2024-09-01,qi_1,1s,6,1.8690951918e-06,0.018708072658,0,86387,daily_bucket,,,,,,,,
2024-09-01,qi_1,1s,7,5.63844896506e-06,0.0564044515379,0,86397,daily_bucket,,,,,,,,
2024-09-01,qi_1,1s,8,1.05956854649e-05,0.105975768238,0,86396,daily_bucket,,,,,,,,
2024-09-01,qi_1,1s,9,1.65352145602e-05,0.165373388535,0,86397,daily_bucket,,,,,,,,
2024-09-01,qi_1,1s,10,3.16960827557e-05,0.316990610509,0.0378462100332,86396,daily_bucket,,,,,,,,
2024-09-01,qi_1,1s,,,,,863946,daily_monotonicity,,1,,,,,,
2024-09-01,qi_1,1s,,,,,863946,daily_top_bottom,0.664021472921,,,,,,,
2024-09-01,trade_imbalance_1s,1s,1,-5.04979425502e-06,-0.0504895562927,0,77260,daily_bucket,,,,,,,,
2024-09-01,trade_imbalance_1s,1s,2,-6.52626280163e-06,-0.0652502227151,0,77260,daily_bucket,,,,,,,,
2024-09-01,trade_imbalance_1s,1s,3,-2.00689718595e-05,-0.20065290625,0,77259,daily_bucket,,,,,,,,
2024-09-01,trade_imbalance_1s,1s,4,-9.83513884224e-06,-0.0983229173543,0,77258,daily_bucket,,,,,,,,
2024-09-01,trade_imbalance_1s,1s,5,-2.20353153448e-06,-0.0219954168473,0,77254,daily_bucket,,,,,,,,
2024-09-01,trade_imbalance_1s,1s,6,5.06678878791e-06,0.0507002035765,0,77256,daily_bucket,,,,,,,,
2024-09-01,trade_imbalance_1s,1s,7,1.27160361068e-05,0.127192041123,0,77257,daily_bucket,,,,,,,,
2024-09-01,trade_imbalance_1s,1s,8,1.02050376072e-05,0.102067009011,0,77260,daily_bucket,,,,,,,,
2024-09-01,trade_imbalance_1s,1s,9,4.38631374224e-06,0.0438719771062,0,77260,daily_bucket,,,,,,,,
2024-09-01,trade_imbalance_1s,1s,10,7.74115213805e-06,0.0774289240864,0,77256,daily_bucket,,,,,,,,
2024-09-01,trade_imbalance_1s,1s,,,,,772580,daily_monotonicity,,0.745454545455,,,,,,
2024-09-01,trade_imbalance_1s,1s,,,,,772580,daily_top_bottom,0.127918480379,,,,,,,
2024-09-01,di_10,30s,1,-0.000139686417136,-1.3956930206,-1.03037983212,86346,daily_bucket,,,,,,,,
2024-09-01,di_10,30s,2,-9.35145315091e-05,-0.934109744556,-0.532370669776,86341,daily_bucket,,,,,,,,
2024-09-01,di_10,30s,3,-8.25006565722e-05,-0.823926471441,-0.344809780943,86344,daily_bucket,,,,,,,,
2024-09-01,di_10,30s,4,-4.1916143518e-05,-0.418000531732,0,86342,daily_bucket,,,,,,,,
2024-09-01,di_10,30s,5,-5.25881531936e-06,-0.0516315211574,0,86311,daily_bucket,,,,,,,,
2024-09-01,di_10,30s,6,1.33331860052e-05,0.13437164262,0,86383,daily_bucket,,,,,,,,
2024-09-01,di_10,30s,7,2.25673554382e-05,0.226703604763,0,86386,daily_bucket,,,,,,,,
2024-09-01,di_10,30s,8,5.55786611577e-05,0.556916753206,0.486611814986,86396,daily_bucket,,,,,,,,
2024-09-01,di_10,30s,9,7.18762534038e-05,0.719839143718,0.682757030925,86397,daily_bucket,,,,,,,,
2024-09-01,di_10,30s,10,9.98454791067e-05,0.999648378424,0.859771374755,86396,daily_bucket,,,,,,,,
2024-09-01,di_10,30s,,,,,863642,daily_monotonicity,,1,,,,,,
2024-09-01,di_10,30s,,,,,863642,daily_top_bottom,2.39534139902,,,,,,,
2024-09-01,di_5,30s,1,-0.000138875083364,-1.38754427916,-1.03372096144,86351,daily_bucket,,,,,,,,
2024-09-01,di_5,30s,2,-9.69431141056e-05,-0.968418330132,-0.585906331566,86355,daily_bucket,,,,,,,,
2024-09-01,di_5,30s,3,-8.16466024646e-05,-0.815320408247,-0.341681728424,86339,daily_bucket,,,,,,,,
2024-09-01,di_5,30s,4,-4.13012957116e-05,-0.411901260628,0,86331,daily_bucket,,,,,,,,
2024-09-01,di_5,30s,5,-6.09213304428e-06,-0.0599779016416,0,86309,daily_bucket,,,,,,,,
2024-09-01,di_5,30s,6,1.33290935591e-05,0.134342368485,0,86382,daily_bucket,,,,,,,,
2024-09-01,di_5,30s,7,2.28271738959e-05,0.229303309821,0.0206139539806,86386,daily_bucket,,,,,,,,
2024-09-01,di_5,30s,8,5.60852061909e-05,0.561998961354,0.473213980737,86396,daily_bucket,,,,,,,,
2024-09-01,di_5,30s,9,7.37932769736e-05,0.738965005875,0.672401098634,86397,daily_bucket,,,,,,,,
2024-09-01,di_5,30s,10,9.91599976034e-05,0.992792264325,0.861505731464,86396,daily_bucket,,,,,,,,
2024-09-01,di_5,30s,,,,,863642,daily_monotonicity,,1,,,,,,
2024-09-01,di_5,30s,,,,,863642,daily_top_bottom,2.38033654349,,,,,,,
2024-09-01,microprice_deviation_bps,30s,1,-0.000138817820872,-1.38683180692,-1.03622915782,86332,daily_bucket,,,,,,,,
2024-09-01,microprice_deviation_bps,30s,2,-9.58138903982e-05,-0.957184187615,-0.641675488279,86369,daily_bucket,,,,,,,,
2024-09-01,microprice_deviation_bps,30s,3,-8.2739951811e-05,-0.826281686391,-0.344809780943,86341,daily_bucket,,,,,,,,
2024-09-01,microprice_deviation_bps,30s,4,-4.20031104305e-05,-0.41894199231,0,86317,daily_bucket,,,,,,,,
2024-09-01,microprice_deviation_bps,30s,5,-6.78903449545e-06,-0.0669511806446,0,86326,daily_bucket,,,,,,,,
2024-09-01,microprice_deviation_bps,30s,6,7.49550336579e-06,0.0759689948426,0,86382,daily_bucket,,,,,,,,
2024-09-01,microprice_deviation_bps,30s,7,3.27342160094e-05,0.328353716219,0.14405721541,86386,daily_bucket,,,,,,,,
2024-09-01,microprice_deviation_bps,30s,8,4.44382857849e-05,0.44548952767,0.344542477307,86396,daily_bucket,,,,,,,,
2024-09-01,microprice_deviation_bps,30s,9,7.48677570095e-05,0.749680974681,0.678345572807,86397,daily_bucket,,,,,,,,
2024-09-01,microprice_deviation_bps,30s,10,0.000106944811415,1.07073993575,0.880499655562,86396,daily_bucket,,,,,,,,
2024-09-01,microprice_deviation_bps,30s,,,,,863642,daily_monotonicity,,1,,,,,,
2024-09-01,microprice_deviation_bps,30s,,,,,863642,daily_top_bottom,2.45757174267,,,,,,,
2024-09-01,ofi_30s,30s,1,-9.79514221185e-05,-0.977682493882,-0.344295962291,86400,daily_bucket,,,,,,,,
2024-09-01,ofi_30s,30s,2,-1.87477671628e-05,-0.186113814422,0,86350,daily_bucket,,,,,,,,
2024-09-01,ofi_30s,30s,3,-4.12999278214e-05,-0.411907375962,-0.0170878523227,86283,daily_bucket,,,,,,,,
2024-09-01,ofi_30s,30s,4,-3.99351002305e-05,-0.398369050376,0,86275,daily_bucket,,,,,,,,
2024-09-01,ofi_30s,30s,5,-7.62501339032e-06,-0.0755807806493,0,86364,daily_bucket,,,,,,,,
2024-09-01,ofi_30s,30s,6,9.34113329585e-06,0.0940976507522,0,86399,daily_bucket,,,,,,,,
2024-09-01,ofi_30s,30s,7,1.76806587532e-05,0.177567389046,0,86399,daily_bucket,,,,,,,,
2024-09-01,ofi_30s,30s,8,3.28697730207e-05,0.329548093546,0.0424007976099,86397,daily_bucket,,,,,,,,
2024-09-01,ofi_30s,30s,9,-4.83175577017e-06,-0.0472443852999,0,86376,daily_bucket,,,,,,,,
2024-09-01,ofi_30s,30s,10,5.09189825168e-05,0.510754810403,0.172785452902,86399,daily_bucket,,,,,,,,
2024-09-01,ofi_30s,30s,,,,,863642,daily_monotonicity,,0.890909090909,,,,,,
2024-09-01,ofi_30s,30s,,,,,863642,daily_top_bottom,1.48843730429,,,,,,,
2024-09-01,qi_1,30s,1,-0.000140279776169,-1.40151721249,-1.03761339926,86353,daily_bucket,,,,,,,,
2024-09-01,qi_1,30s,2,-9.5157810419e-05,-0.950617919729,-0.590141497575,86350,daily_bucket,,,,,,,,
2024-09-01,qi_1,30s,3,-8.24178110461e-05,-0.823035478215,-0.343807988052,86340,daily_bucket,,,,,,,,
2024-09-01,qi_1,30s,4,-4.16764487701e-05,-0.415654358245,0,86316,daily_bucket,,,,,,,,
2024-09-01,qi_1,30s,5,-6.74426613369e-06,-0.0664929084497,0,86326,daily_bucket,,,,,,,,
2024-09-01,qi_1,30s,6,8.19377345928e-06,0.0829741068133,0,86382,daily_bucket,,,,,,,,
2024-09-01,qi_1,30s,7,3.34010507979e-05,0.335035585322,0.153723629413,86386,daily_bucket,,,,,,,,
2024-09-01,qi_1,30s,8,4.49074390327e-05,0.450215567357,0.343902636349,86396,daily_bucket,,,,,,,,
2024-09-01,qi_1,30s,9,7.55796781112e-05,0.756835142241,0.682291191817,86397,daily_bucket,,,,,,,,
2024-09-01,qi_1,30s,10,0.000104522515047,1.04641548129,0.864695145057,86396,daily_bucket,,,,,,,,
2024-09-01,qi_1,30s,,,,,863642,daily_monotonicity,,1,,,,,,
2024-09-01,qi_1,30s,,,,,863642,daily_top_bottom,2.44793269378,,,,,,,
2024-09-01,trade_imbalance_30s,30s,1,-4.61531374465e-05,-0.460802947283,-0.108443320701,86400,daily_bucket,,,,,,,,
2024-09-01,trade_imbalance_30s,30s,2,-1.64651282735e-05,-0.163798444429,0,86399,daily_bucket,,,,,,,,
2024-09-01,trade_imbalance_30s,30s,3,-6.07985204834e-06,-0.0593612598218,0,86386,daily_bucket,,,,,,,,
2024-09-01,trade_imbalance_30s,30s,4,-2.49188252954e-05,-0.247645384191,0,86286,daily_bucket,,,,,,,,
2024-09-01,trade_imbalance_30s,30s,5,-3.38856260477e-05,-0.337505338127,0,86294,daily_bucket,,,,,,,,
2024-09-01,trade_imbalance_30s,30s,6,3.68988153206e-07,0.00508346622825,0,86330,daily_bucket,,,,,,,,
2024-09-01,trade_imbalance_30s,30s,7,-1.73882802555e-05,-0.172607001068,0,86375,daily_bucket,,,,,,,,
2024-09-01,trade_imbalance_30s,30s,8,1.22737148364e-05,0.123835233792,0,86374,daily_bucket,,,,,,,,
2024-09-01,trade_imbalance_30s,30s,9,1.65207336734e-06,0.0171905424776,0,86399,daily_bucket,,,,,,,,
2024-09-01,trade_imbalance_30s,30s,10,3.10663752099e-05,0.3111900351,0,86399,daily_bucket,,,,,,,,
2024-09-01,trade_imbalance_30s,30s,,,,,863642,daily_monotonicity,,0.757575757576,,,,,,
2024-09-01,trade_imbalance_30s,30s,,,,,863642,daily_top_bottom,0.771992982383,,,,,,,
2024-09-01,di_10,500ms,1,-1.90653176406e-05,-0.190638787396,0,86394,daily_bucket,,,,,,,,
2024-09-01,di_10,500ms,2,-1.01012055363e-05,-0.101003773962,0,86395,daily_bucket,,,,,,,,
2024-09-01,di_10,500ms,3,-6.10329915668e-06,-0.0610241800005,0,86396,daily_bucket,,,,,,,,
2024-09-01,di_10,500ms,4,-3.32574744323e-06,-0.0332495073283,0,86397,daily_bucket,,,,,,,,
2024-09-01,di_10,500ms,5,-1.07729793381e-06,-0.0107659770848,0,86396,daily_bucket,,,,,,,,
2024-09-01,di_10,500ms,6,1.00236935529e-06,0.0100320505386,0,86392,daily_bucket,,,,,,,,
2024-09-01,di_10,500ms,7,3.04963213839e-06,0.030504104339,0,86397,daily_bucket,,,,,,,,
2024-09-01,di_10,500ms,8,5.88765533627e-06,0.0588862465651,0,86396,daily_bucket,,,,,,,,
2024-09-01,di_10,500ms,9,9.87936851192e-06,0.0988035794891,0,86397,daily_bucket,,,,,,,,
2024-09-01,di_10,500ms,10,1.81926628102e-05,0.181939354966,0,86396,daily_bucket,,,,,,,,
2024-09-01,di_10,500ms,,,,,863956,daily_monotonicity,,1,,,,,,
2024-09-01,di_10,500ms,,,,,863956,daily_top_bottom,0.372578142361,,,,,,,
2024-09-01,di_5,500ms,1,-2.02484236254e-05,-0.202469582568,0,86392,daily_bucket,,,,,,,,
2024-09-01,di_5,500ms,2,-9.65485975337e-06,-0.0965398422695,0,86397,daily_bucket,,,,,,,,
2024-09-01,di_5,500ms,3,-5.7608131984e-06,-0.0575994958605,0,86396,daily_bucket,,,,,,,,
2024-09-01,di_5,500ms,4,-3.1867173658e-06,-0.0318594335144,0,86397,daily_bucket,,,,,,,,
2024-09-01,di_5,500ms,5,-8.08177057954e-07,-0.00807514452313,0,86396,daily_bucket,,,,,,,,
2024-09-01,di_5,500ms,6,9.12168849377e-07,0.0091302162508,0,86392,daily_bucket,,,,,,,,
2024-09-01,di_5,500ms,7,2.93662021981e-06,0.029373711913,0,86397,daily_bucket,,,,,,,,
2024-09-01,di_5,500ms,8,5.68757610887e-06,0.0568850609888,0,86396,daily_bucket,,,,,,,,
2024-09-01,di_5,500ms,9,9.65807711354e-06,0.0965905669669,0,86397,daily_bucket,,,,,,,,
2024-09-01,di_5,500ms,10,1.88030997804e-05,0.188044359201,0,86396,daily_bucket,,,,,,,,
2024-09-01,di_5,500ms,,,,,863956,daily_monotonicity,,1,,,,,,
2024-09-01,di_5,500ms,,,,,863956,daily_top_bottom,0.390513941768,,,,,,,
2024-09-01,microprice_deviation_bps,500ms,1,-2.20453184677e-05,-0.220435667729,0,86392,daily_bucket,,,,,,,,
2024-09-01,microprice_deviation_bps,500ms,2,-8.34971548305e-06,-0.0834895134152,0,86397,daily_bucket,,,,,,,,
2024-09-01,microprice_deviation_bps,500ms,3,-5.62200536441e-06,-0.0562117598963,0,86396,daily_bucket,,,,,,,,
2024-09-01,microprice_deviation_bps,500ms,4,-2.83470488607e-06,-0.0283400651046,0,86397,daily_bucket,,,,,,,,
2024-09-01,microprice_deviation_bps,500ms,5,-9.97515203248e-07,-0.00996908585517,0,86396,daily_bucket,,,,,,,,
2024-09-01,microprice_deviation_bps,500ms,6,1.00303194401e-06,0.0100372780011,0,86392,daily_bucket,,,,,,,,
2024-09-01,microprice_deviation_bps,500ms,7,2.85221720679e-06,0.0285296416685,0,86397,daily_bucket,,,,,,,,
2024-09-01,microprice_deviation_bps,500ms,8,5.17780070407e-06,0.0517869518842,0,86396,daily_bucket,,,,,,,,
2024-09-01,microprice_deviation_bps,500ms,9,8.93341814071e-06,0.0893428390414,0,86397,daily_bucket,,,,,,,,
2024-09-01,microprice_deviation_bps,500ms,10,2.02212536771e-05,0.202228910055,0,86396,daily_bucket,,,,,,,,
2024-09-01,microprice_deviation_bps,500ms,,,,,863956,daily_monotonicity,,1,,,,,,
2024-09-01,microprice_deviation_bps,500ms,,,,,863956,daily_top_bottom,0.422664577783,,,,,,,
2024-09-01,ofi_500ms,500ms,1,-1.93867200764e-05,-0.193845526843,0,86395,daily_bucket,,,,,,,,
2024-09-01,ofi_500ms,500ms,2,-5.40680094727e-06,-0.0540543799989,0,86399,daily_bucket,,,,,,,,
2024-09-01,ofi_500ms,500ms,3,-2.79008876613e-06,-0.027894489482,0,86399,daily_bucket,,,,,,,,
2024-09-01,ofi_500ms,500ms,4,-1.2790432737e-06,-0.0127860967222,0,86399,daily_bucket,,,,,,,,
2024-09-01,ofi_500ms,500ms,5,-3.33093831953e-07,-0.00332836306858,0,86399,daily_bucket,,,,,,,,
2024-09-01,ofi_500ms,500ms,6,7.3445173255e-07,0.00734749111949,0,86369,daily_bucket,,,,,,,,
2024-09-01,ofi_500ms,500ms,7,1.29437377306e-06,0.0129485653082,0,86399,daily_bucket,,,,,,,,
2024-09-01,ofi_500ms,500ms,8,2.90785609543e-06,0.0290853693416,0,86399,daily_bucket,,,,,,,,
2024-09-01,ofi_500ms,500ms,9,4.76107680706e-06,0.0476232707423,0,86399,daily_bucket,,,,,,,,
2024-09-01,ofi_500ms,500ms,10,1.78368470754e-05,0.178387649416,0,86399,daily_bucket,,,,,,,,
2024-09-01,ofi_500ms,500ms,,,,,863956,daily_monotonicity,,1,,,,,,
2024-09-01,ofi_500ms,500ms,,,,,863956,daily_top_bottom,0.372233176259,,,,,,,
2024-09-01,qi_1,500ms,1,-2.16280296008e-05,-0.216264340024,0,86392,daily_bucket,,,,,,,,
2024-09-01,qi_1,500ms,2,-8.6106910999e-06,-0.0860988696638,0,86397,daily_bucket,,,,,,,,
2024-09-01,qi_1,500ms,3,-5.70057288756e-06,-0.0569970147662,0,86396,daily_bucket,,,,,,,,
2024-09-01,qi_1,500ms,4,-2.89224843621e-06,-0.0289152857614,0,86397,daily_bucket,,,,,,,,
2024-09-01,qi_1,500ms,5,-1.03575141097e-06,-0.0103509824525,0,86396,daily_bucket,,,,,,,,
2024-09-01,qi_1,500ms,6,1.02746497599e-06,0.01028213273,0,86392,daily_bucket,,,,,,,,
2024-09-01,qi_1,500ms,7,2.86585833351e-06,0.02866682306,0,86397,daily_bucket,,,,,,,,
2024-09-01,qi_1,500ms,8,5.42398809889e-06,0.0542488830737,0,86396,daily_bucket,,,,,,,,
2024-09-01,qi_1,500ms,9,9.16517718046e-06,0.0916612101404,0,86397,daily_bucket,,,,,,,,
2024-09-01,qi_1,500ms,10,1.97232884121e-05,0.197247185214,0,86396,daily_bucket,,,,,,,,
2024-09-01,qi_1,500ms,,,,,863956,daily_monotonicity,,1,,,,,,
2024-09-01,qi_1,500ms,,,,,863956,daily_top_bottom,0.413511525238,,,,,,,
2024-09-01,trade_imbalance_500ms,500ms,1,-3.78151759809e-06,-0.0378101324401,0,60433,daily_bucket,,,,,,,,
2024-09-01,trade_imbalance_500ms,500ms,2,-4.83045772718e-06,-0.0482959281651,0,60433,daily_bucket,,,,,,,,
2024-09-01,trade_imbalance_500ms,500ms,3,-5.42648345039e-06,-0.0542569913332,0,60433,daily_bucket,,,,,,,,
2024-09-01,trade_imbalance_500ms,500ms,4,-1.3473408694e-05,-0.134713864636,0,60429,daily_bucket,,,,,,,,
2024-09-01,trade_imbalance_500ms,500ms,5,-3.14309884635e-06,-0.0314084555023,0,60431,daily_bucket,,,,,,,,
2024-09-01,trade_imbalance_500ms,500ms,6,7.14289514988e-06,0.0714494022974,0,60433,daily_bucket,,,,,,,,
2024-09-01,trade_imbalance_500ms,500ms,7,7.08503051492e-06,0.0708602776046,0,60433,daily_bucket,,,,,,,,
2024-09-01,trade_imbalance_500ms,500ms,8,2.73821583612e-06,0.0273871618423,0,60433,daily_bucket,,,,,,,,
2024-09-01,trade_imbalance_500ms,500ms,9,5.06238793306e-06,0.0506332905484,0,60433,daily_bucket,,,,,,,,
2024-09-01,trade_imbalance_500ms,500ms,10,5.50483438368e-06,0.0550587914481,0,60432,daily_bucket,,,,,,,,
2024-09-01,trade_imbalance_500ms,500ms,,,,,604323,daily_monotonicity,,0.684848484848,,,,,,
2024-09-01,trade_imbalance_500ms,500ms,,,,,604323,daily_top_bottom,0.0928689238881,,,,,,,
2024-09-01,di_10,5s,1,-8.14114542454e-05,-0.813912869027,-0.360013752525,86382,daily_bucket,,,,,,,,
2024-09-01,di_10,5s,2,-5.62676608948e-05,-0.562516656835,-0.0792769050089,86394,daily_bucket,,,,,,,,
2024-09-01,di_10,5s,3,-4.14516328566e-05,-0.414363694855,0,86375,daily_bucket,,,,,,,,
2024-09-01,di_10,5s,4,-2.15535663712e-05,-0.215386744886,0,86386,daily_bucket,,,,,,,,
2024-09-01,di_10,5s,5,-3.52611988537e-06,-0.0351384997167,0,86396,daily_bucket,,,,,,,,
2024-09-01,di_10,5s,6,9.04278019749e-06,0.0905693823607,0,86397,daily_bucket,,,,,,,,
2024-09-01,di_10,5s,7,1.87289571423e-05,0.187422340042,0,86397,daily_bucket,,,,,,,,
2024-09-01,di_10,5s,8,3.48554853681e-05,0.348680250444,0,86396,daily_bucket,,,,,,,,
2024-09-01,di_10,5s,9,5.10760337444e-05,0.510898834345,0.171388432258,86378,daily_bucket,,,,,,,,
2024-09-01,di_10,5s,10,7.39031349708e-05,0.739197263742,0.470166276706,86391,daily_bucket,,,,,,,,
2024-09-01,di_10,5s,,,,,863892,daily_monotonicity,,1,,,,,,
2024-09-01,di_10,5s,,,,,863892,daily_top_bottom,1.55311013277,,,,,,,
2024-09-01,di_5,5s,1,-8.35617307506e-05,-0.835415354666,-0.46600426598,86382,daily_bucket,,,,,,,,
2024-09-01,di_5,5s,2,-5.57683128702e-05,-0.557523720539,-0.0379092464702,86394,daily_bucket,,,,,,,,
2024-09-01,di_5,5s,3,-4.02215286969e-05,-0.402072084975,0,86381,daily_bucket,,,,,,,,
2024-09-01,di_5,5s,4,-2.19157958395e-05,-0.219004094413,0,86380,daily_bucket,,,,,,,,
2024-09-01,di_5,5s,5,-4.53446182284e-06,-0.0452244024042,0,86396,daily_bucket,,,,,,,,
2024-09-01,di_5,5s,6,9.28413871252e-06,0.0929961017156,0,86397,daily_bucket,,,,,,,,
2024-09-01,di_5,5s,7,1.8601233104e-05,0.186139350636,0,86397,daily_bucket,,,,,,,,
2024-09-01,di_5,5s,8,3.51260790227e-05,0.351389007045,0,86396,daily_bucket,,,,,,,,
2024-09-01,di_5,5s,9,5.10412424935e-05,0.510545638326,0.17094018555,86375,daily_bucket,,,,,,,,
2024-09-01,di_5,5s,10,7.53455162709e-05,0.753623386214,0.507321334024,86394,daily_bucket,,,,,,,,
2024-09-01,di_5,5s,,,,,863892,daily_monotonicity,,1,,,,,,
2024-09-01,di_5,5s,,,,,863892,daily_top_bottom,1.58903874088,,,,,,,
2024-09-01,microprice_deviation_bps,5s,1,-8.5596821093e-05,-0.855731455428,-0.508767721334,86381,daily_bucket,,,,,,,,
2024-09-01,microprice_deviation_bps,5s,2,-5.48181759546e-05,-0.548029138807,-0.032631467675,86395,daily_bucket,,,,,,,,
2024-09-01,microprice_deviation_bps,5s,3,-3.94270690453e-05,-0.394133279935,0,86388,daily_bucket,,,,,,,,
2024-09-01,microprice_deviation_bps,5s,4,-2.21165415135e-05,-0.221024252555,0,86373,daily_bucket,,,,,,,,
2024-09-01,microprice_deviation_bps,5s,5,-6.02022447861e-06,-0.0600780275151,0,86396,daily_bucket,,,,,,,,
2024-09-01,microprice_deviation_bps,5s,6,9.46595188563e-06,0.0947848781005,0,86397,daily_bucket,,,,,,,,
2024-09-01,microprice_deviation_bps,5s,7,2.03441399075e-05,0.203565329216,0,86397,daily_bucket,,,,,,,,
2024-09-01,microprice_deviation_bps,5s,8,3.28748302674e-05,0.328872126958,0,86396,daily_bucket,,,,,,,,
2024-09-01,microprice_deviation_bps,5s,9,5.05989905304e-05,0.506111748358,0.17037518063,86380,daily_bucket,,,,,,,,
2024-09-01,microprice_deviation_bps,5s,10,7.80936634245e-05,0.781139548123,0.51373958984,86389,daily_bucket,,,,,,,,
2024-09-01,microprice_deviation_bps,5s,,,,,863892,daily_monotonicity,,1,,,,,,
2024-09-01,microprice_deviation_bps,5s,,,,,863892,daily_top_bottom,1.63687100355,,,,,,,
2024-09-01,ofi_5s,5s,1,-6.61679658492e-05,-0.661341573586,-0.228009104818,86395,daily_bucket,,,,,,,,
2024-09-01,ofi_5s,5s,2,-4.25261093585e-05,-0.425052286103,-0.0394090459353,86369,daily_bucket,,,,,,,,
2024-09-01,ofi_5s,5s,3,-2.95966722034e-05,-0.295848338898,0,86366,daily_bucket,,,,,,,,
2024-09-01,ofi_5s,5s,4,-1.31722736658e-05,-0.131635823507,0,86394,daily_bucket,,,,,,,,
2024-09-01,ofi_5s,5s,5,-5.99081417603e-06,-0.0598543409056,0,86398,daily_bucket,,,,,,,,
2024-09-01,ofi_5s,5s,6,5.88308437091e-06,0.0588872711691,0,86398,daily_bucket,,,,,,,,
2024-09-01,ofi_5s,5s,7,1.17960457609e-05,0.118043686384,0,86399,daily_bucket,,,,,,,,
2024-09-01,ofi_5s,5s,8,2.73407627249e-05,0.273522542429,0,86392,daily_bucket,,,,,,,,
2024-09-01,ofi_5s,5s,9,4.14365949358e-05,0.414548790477,0.167963484738,86382,daily_bucket,,,,,,,,
2024-09-01,ofi_5s,5s,10,5.43868196968e-05,0.544114836051,0.308721316836,86399,daily_bucket,,,,,,,,
2024-09-01,ofi_5s,5s,,,,,863892,daily_monotonicity,,1,,,,,,
2024-09-01,ofi_5s,5s,,,,,863892,daily_top_bottom,1.20545640964,,,,,,,
2024-09-01,qi_1,5s,1,-8.5029796861e-05,-0.850086662742,-0.497990821686,86383,daily_bucket,,,,,,,,
2024-09-01,qi_1,5s,2,-5.4958001256e-05,-0.549417100497,-0.0120710311204,86394,daily_bucket,,,,,,,,
2024-09-01,qi_1,5s,3,-3.98017592265e-05,-0.397877905591,0,86388,daily_bucket,,,,,,,,
2024-09-01,qi_1,5s,4,-2.21873751733e-05,-0.221726992028,0,86372,daily_bucket,,,,,,,,
2024-09-01,qi_1,5s,5,-6.09651603908e-06,-0.0608351622714,0,86396,daily_bucket,,,,,,,,
2024-09-01,qi_1,5s,6,9.67940850026e-06,0.0969287087426,0,86397,daily_bucket,,,,,,,,
2024-09-01,qi_1,5s,7,2.05185725183e-05,0.20531342622,0,86397,daily_bucket,,,,,,,,
2024-09-01,qi_1,5s,8,3.34235682508e-05,0.334364962172,0,86396,daily_bucket,,,,,,,,
2024-09-01,qi_1,5s,9,5.07769752121e-05,0.507897786919,0.170644110812,86380,daily_bucket,,,,,,,,
2024-09-01,qi_1,5s,10,7.70747326422e-05,0.770927057178,0.512356370498,86389,daily_bucket,,,,,,,,
2024-09-01,qi_1,5s,,,,,863892,daily_monotonicity,,1,,,,,,
2024-09-01,qi_1,5s,,,,,863892,daily_top_bottom,1.62101371992,,,,,,,
2024-09-01,trade_imbalance_5s,5s,1,-4.58675277023e-05,-0.458538647625,0,86381,daily_bucket,,,,,,,,
2024-09-01,trade_imbalance_5s,5s,2,-3.36693857294e-05,-0.336561573425,0,86359,daily_bucket,,,,,,,,
2024-09-01,trade_imbalance_5s,5s,3,-2.54408163649e-05,-0.254272977682,0,86366,daily_bucket,,,,,,,,
2024-09-01,trade_imbalance_5s,5s,4,-1.57692298111e-05,-0.157442093323,0,86369,daily_bucket,,,,,,,,
2024-09-01,trade_imbalance_5s,5s,5,-3.06739252762e-07,-0.0028896736252,0,86377,daily_bucket,,,,,,,,
2024-09-01,trade_imbalance_5s,5s,6,6.08536843061e-06,0.0610439948948,0,86367,daily_bucket,,,,,,,,
2024-09-01,trade_imbalance_5s,5s,7,1.43457477144e-05,0.143604992125,0,86349,daily_bucket,,,,,,,,
2024-09-01,trade_imbalance_5s,5s,8,2.03281794434e-05,0.203405891767,0,86374,daily_bucket,,,,,,,,
2024-09-01,trade_imbalance_5s,5s,9,3.27365191661e-05,0.327474983474,0,86380,daily_bucket,,,,,,,,
2024-09-01,trade_imbalance_5s,5s,10,3.09784185691e-05,0.30987075417,0,86380,daily_bucket,,,,,,,,
2024-09-01,trade_imbalance_5s,5s,,,,,863702,daily_monotonicity,,0.987878787879,,,,,,
2024-09-01,trade_imbalance_5s,5s,,,,,863702,daily_top_bottom,0.768409401795,,,,,,,
2024-10-01,di_10,100ms,1,-9.14232205702e-06,-0.0914188760651,0,86398,daily_bucket,,,,,,,,
2024-10-01,di_10,100ms,2,-4.39289797073e-06,-0.0439266372083,0,86397,daily_bucket,,,,,,,,
2024-10-01,di_10,100ms,3,-1.77160331655e-06,-0.017714262292,0,86398,daily_bucket,,,,,,,,
2024-10-01,di_10,100ms,4,-8.46584830687e-07,-0.00846389279789,0,86398,daily_bucket,,,,,,,,
2024-10-01,di_10,100ms,5,-3.46106986862e-07,-0.00345979508816,0,86398,daily_bucket,,,,,,,,
2024-10-01,di_10,100ms,6,6.67117566543e-08,0.000668497744436,0,86397,daily_bucket,,,,,,,,
2024-10-01,di_10,100ms,7,8.225237596e-07,0.00822687479054,0,86398,daily_bucket,,,,,,,,
2024-10-01,di_10,100ms,8,2.00487976587e-06,0.0200506369438,0,86398,daily_bucket,,,,,,,,
2024-10-01,di_10,100ms,9,4.44810364253e-06,0.044483759152,0,86397,daily_bucket,,,,,,,,
2024-10-01,di_10,100ms,10,8.68769077401e-06,0.0868808825539,0,86398,daily_bucket,,,,,,,,
2024-10-01,di_10,100ms,,,,,863977,daily_monotonicity,,1,,,,,,
2024-10-01,di_10,100ms,,,,,863977,daily_top_bottom,0.178299758619,,,,,,,
2024-10-01,di_5,100ms,1,-1.00819414524e-05,-0.10081472176,0,86398,daily_bucket,,,,,,,,
2024-10-01,di_5,100ms,2,-3.90750761598e-06,-0.0390728196467,0,86397,daily_bucket,,,,,,,,
2024-10-01,di_5,100ms,3,-1.63289458806e-06,-0.0163275489055,0,86398,daily_bucket,,,,,,,,
2024-10-01,di_5,100ms,4,-7.71929393227e-07,-0.00771727837515,0,86398,daily_bucket,,,,,,,,
2024-10-01,di_5,100ms,5,-2.845765306e-07,-0.00284441155435,0,86398,daily_bucket,,,,,,,,
2024-10-01,di_5,100ms,6,5.80531566083e-08,0.000581651291434,0,86398,daily_bucket,,,,,,,,
2024-10-01,di_5,100ms,7,7.73930038546e-07,0.00774082784396,0,86397,daily_bucket,,,,,,,,
2024-10-01,di_5,100ms,8,1.72644883826e-06,0.0172663454818,0,86398,daily_bucket,,,,,,,,
2024-10-01,di_5,100ms,9,3.9617486465e-06,0.0396201516448,0,86397,daily_bucket,,,,,,,,
2024-10-01,di_5,100ms,10,9.68907161155e-06,0.096895073457,0,86398,daily_bucket,,,,,,,,
2024-10-01,di_5,100ms,,,,,863977,daily_monotonicity,,1,,,,,,
2024-10-01,di_5,100ms,,,,,863977,daily_top_bottom,0.197709795217,,,,,,,
2024-10-01,microprice_deviation_bps,100ms,1,-1.08972018925e-05,-0.108966134983,0,86397,daily_bucket,,,,,,,,
2024-10-01,microprice_deviation_bps,100ms,2,-3.25358899761e-06,-0.0325339794407,0,86398,daily_bucket,,,,,,,,
2024-10-01,microprice_deviation_bps,100ms,3,-1.48032694248e-06,-0.0148019973069,0,86398,daily_bucket,,,,,,,,
2024-10-01,microprice_deviation_bps,100ms,4,-7.29104679971e-07,-0.00728940330709,0,86398,daily_bucket,,,,,,,,
2024-10-01,microprice_deviation_bps,100ms,5,-2.51201045605e-07,-0.0025107477436,0,86398,daily_bucket,,,,,,,,
2024-10-01,microprice_deviation_bps,100ms,6,7.97469334348e-08,0.000798455384536,0,86397,daily_bucket,,,,,,,,
2024-10-01,microprice_deviation_bps,100ms,7,5.77455327403e-07,0.00577553264665,0,86398,daily_bucket,,,,,,,,
2024-10-01,microprice_deviation_bps,100ms,8,1.55316599075e-06,0.0155329928824,0,86398,daily_bucket,,,,,,,,
2024-10-01,microprice_deviation_bps,100ms,9,3.17341359102e-06,0.031736134329,0,86397,daily_bucket,,,,,,,,
2024-10-01,microprice_deviation_bps,100ms,10,1.07579463665e-05,0.107585436441,0,86398,daily_bucket,,,,,,,,
2024-10-01,microprice_deviation_bps,100ms,,,,,863977,daily_monotonicity,,1,,,,,,
2024-10-01,microprice_deviation_bps,100ms,,,,,863977,daily_top_bottom,0.216551571424,,,,,,,
2024-10-01,ofi_100ms,100ms,1,-9.46963012119e-06,-0.0946910383224,0,86400,daily_bucket,,,,,,,,
2024-10-01,ofi_100ms,100ms,2,-2.25719058784e-06,-0.022569749609,0,86399,daily_bucket,,,,,,,,
2024-10-01,ofi_100ms,100ms,3,-8.52606155568e-07,-0.00852470440263,0,86399,daily_bucket,,,,,,,,
2024-10-01,ofi_100ms,100ms,4,-1.86736314112e-07,-0.00186646482939,0,86390,daily_bucket,,,,,,,,
2024-10-01,ofi_100ms,100ms,5,1.16248698028e-07,0.00116272888607,0,86394,daily_bucket,,,,,,,,
2024-10-01,ofi_100ms,100ms,6,-4.84494925124e-08,-0.000480204973646,0,86400,daily_bucket,,,,,,,,
2024-10-01,ofi_100ms,100ms,7,1.48282179539e-07,0.00148346842851,0,86399,daily_bucket,,,,,,,,
2024-10-01,ofi_100ms,100ms,8,8.2852998818e-07,0.00828655414878,0,86398,daily_bucket,,,,,,,,
2024-10-01,ofi_100ms,100ms,9,2.15589660637e-06,0.0215610767303,0,86399,daily_bucket,,,,,,,,
2024-10-01,ofi_100ms,100ms,10,9.09616078946e-06,0.0909666318798,0,86399,daily_bucket,,,,,,,,
2024-10-01,ofi_100ms,100ms,,,,,863977,daily_monotonicity,,0.987878787879,,,,,,
2024-10-01,ofi_100ms,100ms,,,,,863977,daily_top_bottom,0.185657670202,,,,,,,
2024-10-01,qi_1,100ms,1,-1.05838509211e-05,-0.105833271757,0,86397,daily_bucket,,,,,,,,
2024-10-01,qi_1,100ms,2,-3.43469233345e-06,-0.0343447529888,0,86398,daily_bucket,,,,,,,,
2024-10-01,qi_1,100ms,3,-1.5538610077e-06,-0.0155372667082,0,86398,daily_bucket,,,,,,,,
2024-10-01,qi_1,100ms,4,-7.73229683533e-07,-0.00773048431396,0,86398,daily_bucket,,,,,,,,
2024-10-01,qi_1,100ms,5,-2.65785985591e-07,-0.00265645075266,0,86398,daily_bucket,,,,,,,,
2024-10-01,qi_1,100ms,6,1.44857013544e-07,0.00144999214484,0,86397,daily_bucket,,,,,,,,
2024-10-01,qi_1,100ms,7,6.13999659272e-07,0.00614103541891,0,86398,daily_bucket,,,,,,,,
2024-10-01,qi_1,100ms,8,1.61428458086e-06,0.0161447958956,0,86398,daily_bucket,,,,,,,,
2024-10-01,qi_1,100ms,9,3.47162050226e-06,0.0347182964421,0,86397,daily_bucket,,,,,,,,
2024-10-01,qi_1,100ms,10,1.02969706583e-05,0.10297447384,0,86398,daily_bucket,,,,,,,,
2024-10-01,qi_1,100ms,,,,,863977,daily_monotonicity,,1,,,,,,
2024-10-01,qi_1,100ms,,,,,863977,daily_top_bottom,0.208807745597,,,,,,,
2024-10-01,trade_imbalance_100ms,100ms,1,-3.64451229888e-06,-0.036443486873,0,33144,daily_bucket,,,,,,,,
2024-10-01,trade_imbalance_100ms,100ms,2,-3.41074226933e-06,-0.0341054534523,0,33146,daily_bucket,,,,,,,,
2024-10-01,trade_imbalance_100ms,100ms,3,-1.09222908994e-05,-0.109216574308,0,33147,daily_bucket,,,,,,,,
2024-10-01,trade_imbalance_100ms,100ms,4,-9.26334963397e-06,-0.092626985847,0,33146,daily_bucket,,,,,,,,
2024-10-01,trade_imbalance_100ms,100ms,5,-1.39487949557e-05,-0.139474783065,0,33145,daily_bucket,,,,,,,,
2024-10-01,trade_imbalance_100ms,100ms,6,1.40001196648e-05,0.140013523412,0,33146,daily_bucket,,,,,,,,
2024-10-01,trade_imbalance_100ms,100ms,7,2.45337145279e-06,0.0245347622305,0,33146,daily_bucket,,,,,,,,
2024-10-01,trade_imbalance_100ms,100ms,8,2.95791900957e-06,0.0295805969905,0,33147,daily_bucket,,,,,,,,
2024-10-01,trade_imbalance_100ms,100ms,9,1.18252327864e-05,0.11826054466,0,33146,daily_bucket,,,,,,,,
2024-10-01,trade_imbalance_100ms,100ms,10,8.70059741664e-06,0.0870103642508,0,33146,daily_bucket,,,,,,,,
2024-10-01,trade_imbalance_100ms,100ms,,,,,331459,daily_monotonicity,,0.648484848485,,,,,,
2024-10-01,trade_imbalance_100ms,100ms,,,,,331459,daily_top_bottom,0.123453851124,,,,,,,
2024-10-01,di_10,1s,1,-4.27740752541e-05,-0.427693534526,0,86390,daily_bucket,,,,,,,,
2024-10-01,di_10,1s,2,-2.61544265129e-05,-0.261506927665,0,86396,daily_bucket,,,,,,,,
2024-10-01,di_10,1s,3,-1.53179903263e-05,-0.153141279085,0,86398,daily_bucket,,,,,,,,
2024-10-01,di_10,1s,4,-7.94888072047e-06,-0.0794562076248,0,86398,daily_bucket,,,,,,,,
2024-10-01,di_10,1s,5,-3.86607126778e-06,-0.038631163541,0,86398,daily_bucket,,,,,,,,
2024-10-01,di_10,1s,6,4.02781067535e-07,0.00405695671684,0,86391,daily_bucket,,,,,,,,
2024-10-01,di_10,1s,7,6.62961331561e-06,0.0663253828961,0,86398,daily_bucket,,,,,,,,
2024-10-01,di_10,1s,8,1.39368356506e-05,0.1394004181,0,86398,daily_bucket,,,,,,,,
2024-10-01,di_10,1s,9,2.77789015438e-05,0.277830864628,0,86395,daily_bucket,,,,,,,,
2024-10-01,di_10,1s,10,4.26138945442e-05,0.426185556439,0,86398,daily_bucket,,,,,,,,
2024-10-01,di_10,1s,,,,,863960,daily_monotonicity,,1,,,,,,
2024-10-01,di_10,1s,,,,,863960,daily_top_bottom,0.853879090965,,,,,,,
2024-10-01,di_5,1s,1,-4.54411767343e-05,-0.454360545252,-0.0362089340507,86390,daily_bucket,,,,,,,,
2024-10-01,di_5,1s,2,-2.52646354457e-05,-0.252610522405,0,86397,daily_bucket,,,,,,,,
2024-10-01,di_5,1s,3,-1.51696653414e-05,-0.151665671641,0,86397,daily_bucket,,,,,,,,
2024-10-01,di_5,1s,4,-8.10195251807e-06,-0.0809809523168,0,86398,daily_bucket,,,,,,,,
2024-10-01,di_5,1s,5,-3.58346958278e-06,-0.03580565218,0,86398,daily_bucket,,,,,,,,
2024-10-01,di_5,1s,6,5.54453559206e-07,0.00557123799994,0,86398,daily_bucket,,,,,,,,
2024-10-01,di_5,1s,7,6.48853394027e-06,0.0649152994322,0,86391,daily_bucket,,,,,,,,
2024-10-01,di_5,1s,8,1.39567776424e-05,0.139599810976,0,86398,daily_bucket,,,,,,,,
2024-10-01,di_5,1s,9,2.64174376805e-05,0.264213608741,0,86395,daily_bucket,,,,,,,,
2024-10-01,di_5,1s,10,4.54446151165e-05,0.454496816004,0,86398,daily_bucket,,,,,,,,
2024-10-01,di_5,1s,,,,,863960,daily_monotonicity,,1,,,,,,
2024-10-01,di_5,1s,,,,,863960,daily_top_bottom,0.908857361256,,,,,,,
2024-10-01,microprice_deviation_bps,1s,1,-4.73195129638e-05,-0.473136761179,-0.101629313334,86390,daily_bucket,,,,,,,,
2024-10-01,microprice_deviation_bps,1s,2,-2.39265963849e-05,-0.239232820273,0,86396,daily_bucket,,,,,,,,
2024-10-01,microprice_deviation_bps,1s,3,-1.52617928804e-05,-0.152588613742,0,86398,daily_bucket,,,,,,,,
2024-10-01,microprice_deviation_bps,1s,4,-7.92651786089e-06,-0.0792282930115,0,86398,daily_bucket,,,,,,,,
2024-10-01,microprice_deviation_bps,1s,5,-3.23148029105e-06,-0.0322867818424,0,86398,daily_bucket,,,,,,,,
2024-10-01,microprice_deviation_bps,1s,6,-4.16438424083e-08,-0.00038995073987,0,86391,daily_bucket,,,,,,,,
2024-10-01,microprice_deviation_bps,1s,7,6.50228879626e-06,0.0650502854359,0,86398,daily_bucket,,,,,,,,
2024-10-01,microprice_deviation_bps,1s,8,1.37335068353e-05,0.137365801578,0,86398,daily_bucket,,,,,,,,
2024-10-01,microprice_deviation_bps,1s,9,2.4367942487e-05,0.243713743977,0,86395,daily_bucket,,,,,,,,
2024-10-01,microprice_deviation_bps,1s,10,4.84038643864e-05,0.48409821901,0.0782053332671,86398,daily_bucket,,,,,,,,
2024-10-01,microprice_deviation_bps,1s,,,,,863960,daily_monotonicity,,1,,,,,,
2024-10-01,microprice_deviation_bps,1s,,,,,863960,daily_top_bottom,0.957234980189,,,,,,,
2024-10-01,ofi_1s,1s,1,-3.78340499849e-05,-0.378276200477,-0.00159245773796,86391,daily_bucket,,,,,,,,
2024-10-01,ofi_1s,1s,2,-2.30331560057e-05,-0.230269958901,0,86398,daily_bucket,,,,,,,,
2024-10-01,ofi_1s,1s,3,-9.33424847096e-06,-0.0933106759701,0,86399,daily_bucket,,,,,,,,
2024-10-01,ofi_1s,1s,4,-3.9698608803e-06,-0.0396816787648,0,86399,daily_bucket,,,,,,,,
2024-10-01,ofi_1s,1s,5,-1.44675783312e-06,-0.0144556775793,0,86387,daily_bucket,,,,,,,,
2024-10-01,ofi_1s,1s,6,1.42470487488e-06,0.0142574589054,0,86400,daily_bucket,,,,,,,,
2024-10-01,ofi_1s,1s,7,3.21497903857e-06,0.0321658464327,0,86398,daily_bucket,,,,,,,,
2024-10-01,ofi_1s,1s,8,8.14902380601e-06,0.0815187642024,0,86397,daily_bucket,,,,,,,,
2024-10-01,ofi_1s,1s,9,2.05909803053e-05,0.205967987456,0,86399,daily_bucket,,,,,,,,
2024-10-01,ofi_1s,1s,10,3.754187069e-05,0.375483237038,0,86392,daily_bucket,,,,,,,,
2024-10-01,ofi_1s,1s,,,,,863960,daily_monotonicity,,1,,,,,,
2024-10-01,ofi_1s,1s,,,,,863960,daily_top_bottom,0.753759437515,,,,,,,
2024-10-01,qi_1,1s,1,-4.61093838716e-05,-0.461040034489,-0.0567751658485,86391,daily_bucket,,,,,,,,
2024-10-01,qi_1,1s,2,-2.46809650233e-05,-0.246774766593,0,86395,daily_bucket,,,,,,,,
2024-10-01,qi_1,1s,3,-1.54484529949e-05,-0.154453971203,0,86398,daily_bucket,,,,,,,,
2024-10-01,qi_1,1s,4,-8.12124888792e-06,-0.0811747325115,0,86398,daily_bucket,,,,,,,,
2024-10-01,qi_1,1s,5,-3.30613718499e-06,-0.0330326418133,0,86398,daily_bucket,,,,,,,,
2024-10-01,qi_1,1s,6,5.22962043025e-08,0.000550280447272,0,86391,daily_bucket,,,,,,,,
2024-10-01,qi_1,1s,7,6.713999487e-06,0.0671680849976,0,86398,daily_bucket,,,,,,,,
2024-10-01,qi_1,1s,8,1.41054598748e-05,0.14108655804,0,86398,daily_bucket,,,,,,,,
2024-10-01,qi_1,1s,9,2.54485289799e-05,0.254521816841,0,86395,daily_bucket,,,,,,,,
2024-10-01,qi_1,1s,10,4.66463494393e-05,0.46651811245,0.0172020451355,86398,daily_bucket,,,,,,,,
2024-10-01,qi_1,1s,,,,,863960,daily_monotonicity,,1,,,,,,
2024-10-01,qi_1,1s,,,,,863960,daily_top_bottom,0.927558146939,,,,,,,
2024-10-01,trade_imbalance_1s,1s,1,-6.93575495951e-06,-0.0693435179896,0,83817,daily_bucket,,,,,,,,
2024-10-01,trade_imbalance_1s,1s,2,-2.35774850659e-05,-0.23573562881,0,83816,daily_bucket,,,,,,,,
2024-10-01,trade_imbalance_1s,1s,3,-1.721375405e-05,-0.172090981571,0,83806,daily_bucket,,,,,,,,
2024-10-01,trade_imbalance_1s,1s,4,-9.28060922072e-06,-0.092753805488,0,83814,daily_bucket,,,,,,,,
2024-10-01,trade_imbalance_1s,1s,5,-2.16538649687e-06,-0.021605683353,0,83812,daily_bucket,,,,,,,,
2024-10-01,trade_imbalance_1s,1s,6,4.66298028419e-06,0.0466736629747,0,83811,daily_bucket,,,,,,,,
2024-10-01,trade_imbalance_1s,1s,7,1.01918186704e-05,0.101959537673,0,83816,daily_bucket,,,,,,,,
2024-10-01,trade_imbalance_1s,1s,8,1.82167727294e-05,0.182210680615,0,83810,daily_bucket,,,,,,,,
2024-10-01,trade_imbalance_1s,1s,9,1.59899855651e-05,0.159928376056,0,83813,daily_bucket,,,,,,,,
2024-10-01,trade_imbalance_1s,1s,10,5.31954199312e-06,0.0532112324658,0,83816,daily_bucket,,,,,,,,
2024-10-01,trade_imbalance_1s,1s,,,,,838131,daily_monotonicity,,0.842424242424,,,,,,
2024-10-01,trade_imbalance_1s,1s,,,,,838131,daily_top_bottom,0.122554750455,,,,,,,
2024-10-01,di_10,30s,1,-0.000131412755306,-1.31245893361,-1.14877074869,86358,daily_bucket,,,,,,,,
2024-10-01,di_10,30s,2,-8.83379473927e-05,-0.881694022757,-0.629477897097,86394,daily_bucket,,,,,,,,
2024-10-01,di_10,30s,3,-5.55662806674e-05,-0.554083099602,-0.320947859521,86330,daily_bucket,,,,,,,,
2024-10-01,di_10,30s,4,-4.81940806612e-05,-0.480326413047,-0.200196240751,86295,daily_bucket,,,,,,,,
2024-10-01,di_10,30s,5,-2.53704214483e-05,-0.25220963548,0,86352,daily_bucket,,,,,,,,
2024-10-01,di_10,30s,6,2.41805117404e-06,0.0255858408352,0,86379,daily_bucket,,,,,,,,
2024-10-01,di_10,30s,7,1.47572274031e-05,0.14904512271,0,86375,daily_bucket,,,,,,,,
2024-10-01,di_10,30s,8,2.82142286636e-05,0.283741638844,0.0659195832878,86391,daily_bucket,,,,,,,,
2024-10-01,di_10,30s,9,7.10512517268e-05,0.712303049333,0.625978139748,86398,daily_bucket,,,,,,,,
2024-10-01,di_10,30s,10,9.14899224222e-05,0.916584956287,0.873913851323,86398,daily_bucket,,,,,,,,
2024-10-01,di_10,30s,,,,,863670,daily_monotonicity,,1,,,,,,
2024-10-01,di_10,30s,,,,,863670,daily_top_bottom,2.2290438899,,,,,,,
2024-10-01,di_5,30s,1,-0.000129809887314,-1.29628996823,-1.16987546983,86362,daily_bucket,,,,,,,,
2024-10-01,di_5,30s,2,-9.09068094773e-05,-0.907446294426,-0.63260196645,86383,daily_bucket,,,,,,,,
2024-10-01,di_5,30s,3,-5.99717595239e-05,-0.598215521602,-0.331270109131,86348,daily_bucket,,,,,,,,
2024-10-01,di_5,30s,4,-4.5027496057e-05,-0.448661621799,-0.0362588116117,86314,daily_bucket,,,,,,,,
2024-10-01,di_5,30s,5,-2.87998915534e-05,-0.286529290162,0,86329,daily_bucket,,,,,,,,
2024-10-01,di_5,30s,6,-9.76795579224e-07,-0.00839539577523,0,86372,daily_bucket,,,,,,,,
2024-10-01,di_5,30s,7,1.52751203258e-05,0.154232953141,0,86375,daily_bucket,,,,,,,,
2024-10-01,di_5,30s,8,3.3179392537e-05,0.333321935662,0.126492938766,86391,daily_bucket,,,,,,,,
2024-10-01,di_5,30s,9,7.13666277885e-05,0.715396961995,0.621913723847,86398,daily_bucket,,,,,,,,
2024-10-01,di_5,30s,10,9.47286796585e-05,0.949154526785,0.936446570768,86398,daily_bucket,,,,,,,,
2024-10-01,di_5,30s,,,,,863670,daily_monotonicity,,1,,,,,,
2024-10-01,di_5,30s,,,,,863670,daily_top_bottom,2.24544449501,,,,,,,
2024-10-01,microprice_deviation_bps,30s,1,-0.000129573162988,-1.29373641938,-1.17216975949,86362,daily_bucket,,,,,,,,
2024-10-01,microprice_deviation_bps,30s,2,-8.85578560216e-05,-0.884078861851,-0.644715308321,86384,daily_bucket,,,,,,,,
2024-10-01,microprice_deviation_bps,30s,3,-6.31063181428e-05,-0.629614360544,-0.33783696598,86323,daily_bucket,,,,,,,,
2024-10-01,microprice_deviation_bps,30s,4,-4.78199034246e-05,-0.476645541288,-0.12521128426,86342,daily_bucket,,,,,,,,
2024-10-01,microprice_deviation_bps,30s,5,-2.33102723629e-05,-0.231650020057,0,86318,daily_bucket,,,,,,,,
2024-10-01,microprice_deviation_bps,30s,6,-3.64258943444e-06,-0.0349998315253,0,86391,daily_bucket,,,,,,,,
2024-10-01,microprice_deviation_bps,30s,7,1.13297418312e-05,0.114759162144,0,86379,daily_bucket,,,,,,,,
2024-10-01,microprice_deviation_bps,30s,8,3.48594029883e-05,0.350043313635,0.119239075838,86380,daily_bucket,,,,,,,,
2024-10-01,microprice_deviation_bps,30s,9,7.5125813843e-05,0.752817945482,0.632095497994,86393,daily_bucket,,,,,,,,
2024-10-01,microprice_deviation_bps,30s,10,9.37553265837e-05,0.939702854833,0.902991370554,86398,daily_bucket,,,,,,,,
2024-10-01,microprice_deviation_bps,30s,,,,,863670,daily_monotonicity,,1,,,,,,
2024-10-01,microprice_deviation_bps,30s,,,,,863670,daily_top_bottom,2.23343927421,,,,,,,
2024-10-01,ofi_30s,30s,1,-2.70234149516e-05,-0.268117919968,-0.327483070834,86400,daily_bucket,,,,,,,,
2024-10-01,ofi_30s,30s,2,-3.43266068945e-05,-0.341480474832,-0.313676261475,86374,daily_bucket,,,,,,,,
2024-10-01,ofi_30s,30s,3,-4.61572359453e-05,-0.459997363359,-0.209466592541,86378,daily_bucket,,,,,,,,
2024-10-01,ofi_30s,30s,4,-5.65159387186e-05,-0.563795809621,-0.250108347718,86221,daily_bucket,,,,,,,,
2024-10-01,ofi_30s,30s,5,-2.47483848727e-05,-0.246262139151,0,86353,daily_bucket,,,,,,,,
2024-10-01,ofi_30s,30s,6,-3.39682720756e-06,-0.0327489766843,0,86360,daily_bucket,,,,,,,,
2024-10-01,ofi_30s,30s,7,9.34032482643e-06,0.0947119482983,0,86395,daily_bucket,,,,,,,,
2024-10-01,ofi_30s,30s,8,1.81894608208e-05,0.18339527172,0,86391,daily_bucket,,,,,,,,
2024-10-01,ofi_30s,30s,9,7.15108295412e-06,0.0731868171911,0,86399,daily_bucket,,,,,,,,
2024-10-01,ofi_30s,30s,10,1.65613795333e-05,0.167842840816,0.259487086258,86399,daily_bucket,,,,,,,,
2024-10-01,ofi_30s,30s,,,,,863670,daily_monotonicity,,0.818181818182,,,,,,
2024-10-01,ofi_30s,30s,,,,,863670,daily_top_bottom,0.435960760784,,,,,,,
2024-10-01,qi_1,30s,1,-0.000129418993747,-1.2923199153,-1.16349491225,86365,daily_bucket,,,,,,,,
2024-10-01,qi_1,30s,2,-8.97893075488e-05,-0.896340103493,-0.641231833673,86386,daily_bucket,,,,,,,,
2024-10-01,qi_1,30s,3,-6.16649772883e-05,-0.615177134603,-0.33783696598,86333,daily_bucket,,,,,,,,
2024-10-01,qi_1,30s,4,-4.87352857395e-05,-0.485768109605,-0.127375724341,86327,daily_bucket,,,,,,,,
2024-10-01,qi_1,30s,5,-2.27343593031e-05,-0.22587411531,0,86318,daily_bucket,,,,,,,,
2024-10-01,qi_1,30s,6,-4.05761100539e-06,-0.0391290560558,0,86391,daily_bucket,,,,,,,,
2024-10-01,qi_1,30s,7,1.16110139357e-05,0.117586623438,0,86379,daily_bucket,,,,,,,,
2024-10-01,qi_1,30s,8,3.61139816792e-05,0.362628728098,0.1369003643,86380,daily_bucket,,,,,,,,
2024-10-01,qi_1,30s,9,7.1212949126e-05,0.713779518729,0.626531045987,86393,daily_bucket,,,,,,,,
2024-10-01,qi_1,30s,10,9.65291402159e-05,0.96727551523,0.935440620252,86398,daily_bucket,,,,,,,,
2024-10-01,qi_1,30s,,,,,863670,daily_monotonicity,,1,,,,,,
2024-10-01,qi_1,30s,,,,,863670,daily_top_bottom,2.25959543053,,,,,,,
2024-10-01,trade_imbalance_30s,30s,1,-3.18347846962e-05,-0.317726969896,-0.133047734631,86243,daily_bucket,,,,,,,,
2024-10-01,trade_imbalance_30s,30s,2,-2.82086714923e-05,-0.280641011812,-0.00940144229093,86377,daily_bucket,,,,,,,,
2024-10-01,trade_imbalance_30s,30s,3,-2.12495497697e-06,-0.0188723727085,0,86278,daily_bucket,,,,,,,,
2024-10-01,trade_imbalance_30s,30s,4,-3.2722501384e-05,-0.324850314175,-0.117222932463,86399,daily_bucket,,,,,,,,
2024-10-01,trade_imbalance_30s,30s,5,-4.66946978837e-05,-0.464535602647,-0.200196240751,86395,daily_bucket,,,,,,,,
2024-10-01,trade_imbalance_30s,30s,6,-4.49485475307e-05,-0.447390106647,0,86397,daily_bucket,,,,,,,,
2024-10-01,trade_imbalance_30s,30s,7,-1.79204084168e-05,-0.177369892117,0,86399,daily_bucket,,,,,,,,
2024-10-01,trade_imbalance_30s,30s,8,1.16325574863e-05,0.117678771273,0,86399,daily_bucket,,,,,,,,
2024-10-01,trade_imbalance_30s,30s,9,1.68988054012e-05,0.169989909439,0,86384,daily_bucket,,,,,,,,
2024-10-01,trade_imbalance_30s,30s,10,3.5079002033e-05,0.351271441459,0,86399,daily_bucket,,,,,,,,
2024-10-01,trade_imbalance_30s,30s,,,,,863670,daily_monotonicity,,0.587878787879,,,,,,
2024-10-01,trade_imbalance_30s,30s,,,,,863670,daily_top_bottom,0.668998411355,,,,,,,
2024-10-01,di_10,500ms,1,-2.85790429902e-05,-0.28576751029,0,86395,daily_bucket,,,,,,,,
2024-10-01,di_10,500ms,2,-1.65196446189e-05,-0.165178898188,0,86396,daily_bucket,,,,,,,,
2024-10-01,di_10,500ms,3,-8.81249592447e-06,-0.0881085015171,0,86398,daily_bucket,,,,,,,,
2024-10-01,di_10,500ms,4,-4.25860522278e-06,-0.0425726029539,0,86398,daily_bucket,,,,,,,,
2024-10-01,di_10,500ms,5,-2.03638587172e-06,-0.0203520999067,0,86398,daily_bucket,,,,,,,,
2024-10-01,di_10,500ms,6,1.13736363331e-07,0.00115073955816,0,86393,daily_bucket,,,,,,,,
2024-10-01,di_10,500ms,7,3.83797596354e-06,0.0383914833795,0,86398,daily_bucket,,,,,,,,
2024-10-01,di_10,500ms,8,8.83450928425e-06,0.08835879593,0,86398,daily_bucket,,,,,,,,
2024-10-01,di_10,500ms,9,1.70368476373e-05,0.170387144624,0,86395,daily_bucket,,,,,,,,
2024-10-01,di_10,500ms,10,2.80305330262e-05,0.280326933341,0,86398,daily_bucket,,,,,,,,
2024-10-01,di_10,500ms,,,,,863967,daily_monotonicity,,1,,,,,,
2024-10-01,di_10,500ms,,,,,863967,daily_top_bottom,0.56609444363,,,,,,,
2024-10-01,di_5,500ms,1,-3.06620008974e-05,-0.306595416174,0,86394,daily_bucket,,,,,,,,
2024-10-01,di_5,500ms,2,-1.57362352932e-05,-0.157345226745,0,86397,daily_bucket,,,,,,,,
2024-10-01,di_5,500ms,3,-8.60894887243e-06,-0.0860771021678,0,86398,daily_bucket,,,,,,,,
2024-10-01,di_5,500ms,4,-4.30575748475e-06,-0.0430406949768,0,86398,daily_bucket,,,,,,,,
2024-10-01,di_5,500ms,5,-1.80315885322e-06,-0.0180203028631,0,86398,daily_bucket,,,,,,,,
2024-10-01,di_5,500ms,6,2.2687665988e-07,0.00228059086542,0,86398,daily_bucket,,,,,,,,
2024-10-01,di_5,500ms,7,3.66802143414e-06,0.036692817827,0,86393,daily_bucket,,,,,,,,
2024-10-01,di_5,500ms,8,8.5375486448e-06,0.0853891858733,0,86398,daily_bucket,,,,,,,,
2024-10-01,di_5,500ms,9,1.61824005147e-05,0.161841150108,0,86395,daily_bucket,,,,,,,,
2024-10-01,di_5,500ms,10,3.01486308699e-05,0.301509973026,0,86398,daily_bucket,,,,,,,,
2024-10-01,di_5,500ms,,,,,863967,daily_monotonicity,,1,,,,,,
2024-10-01,di_5,500ms,,,,,863967,daily_top_bottom,0.608105389199,,,,,,,
2024-10-01,microprice_deviation_bps,500ms,1,-3.22039939201e-05,-0.322011635839,0,86394,daily_bucket,,,,,,,,
2024-10-01,microprice_deviation_bps,500ms,2,-1.46493609231e-05,-0.146477409223,0,86397,daily_bucket,,,,,,,,
2024-10-01,microprice_deviation_bps,500ms,3,-8.62470317747e-06,-0.0862354122405,0,86398,daily_bucket,,,,,,,,
2024-10-01,microprice_deviation_bps,500ms,4,-4.30171438995e-06,-0.0430016756433,0,86398,daily_bucket,,,,,,,,
2024-10-01,microprice_deviation_bps,500ms,5,-1.5053970341e-06,-0.0150425609881,0,86398,daily_bucket,,,,,,,,
2024-10-01,microprice_deviation_bps,500ms,6,1.27227743568e-07,0.00128344630291,0,86393,daily_bucket,,,,,,,,
2024-10-01,microprice_deviation_bps,500ms,7,3.57558834612e-06,0.0357664600489,0,86398,daily_bucket,,,,,,,,
2024-10-01,microprice_deviation_bps,500ms,8,8.19961488179e-06,0.0820093059581,0,86398,daily_bucket,,,,,,,,
2024-10-01,microprice_deviation_bps,500ms,9,1.45759874504e-05,0.145774643816,0,86395,daily_bucket,,,,,,,,
2024-10-01,microprice_deviation_bps,500ms,10,3.24538082435e-05,0.32456661756,0,86398,daily_bucket,,,,,,,,
2024-10-01,microprice_deviation_bps,500ms,,,,,863967,daily_monotonicity,,1,,,,,,
2024-10-01,microprice_deviation_bps,500ms,,,,,863967,daily_top_bottom,0.646578253398,,,,,,,
2024-10-01,ofi_500ms,500ms,1,-2.75785164462e-05,-0.275752849786,0,86396,daily_bucket,,,,,,,,
2024-10-01,ofi_500ms,500ms,2,-1.23425647485e-05,-0.123399931317,0,86398,daily_bucket,,,,,,,,
2024-10-01,ofi_500ms,500ms,3,-4.98000467082e-06,-0.0497881023533,0,86399,daily_bucket,,,,,,,,
2024-10-01,ofi_500ms,500ms,4,-2.50279738773e-06,-0.0250184008957,0,86399,daily_bucket,,,,,,,,
2024-10-01,ofi_500ms,500ms,5,-2.51824058142e-07,-0.00251284649111,0,86379,daily_bucket,,,,,,,,
2024-10-01,ofi_500ms,500ms,6,4.89108798373e-07,0.00489445127989,0,86400,daily_bucket,,,,,,,,
2024-10-01,ofi_500ms,500ms,7,2.10888204246e-06,0.0210963465314,0,86399,daily_bucket,,,,,,,,
2024-10-01,ofi_500ms,500ms,8,4.00084553399e-06,0.0400193302356,0,86399,daily_bucket,,,,,,,,
2024-10-01,ofi_500ms,500ms,9,1.10796193177e-05,0.110819275593,0,86399,daily_bucket,,,,,,,,
2024-10-01,ofi_500ms,500ms,10,2.76243186832e-05,0.276274603497,0,86399,daily_bucket,,,,,,,,
2024-10-01,ofi_500ms,500ms,,,,,863967,daily_monotonicity,,1,,,,,,
2024-10-01,ofi_500ms,500ms,,,,,863967,daily_top_bottom,0.552027453283,,,,,,,
2024-10-01,qi_1,500ms,1,-3.13475378426e-05,-0.313449506126,0,86395,daily_bucket,,,,,,,,
2024-10-01,qi_1,500ms,2,-1.51826759573e-05,-0.151809709768,0,86396,daily_bucket,,,,,,,,
2024-10-01,qi_1,500ms,3,-8.76114365468e-06,-0.0875993622696,0,86398,daily_bucket,,,,,,,,
2024-10-01,qi_1,500ms,4,-4.43861973867e-06,-0.0443700605917,0,86398,daily_bucket,,,,,,,,
2024-10-01,qi_1,500ms,5,-1.55497167488e-06,-0.0155378496172,0,86398,daily_bucket,,,,,,,,
2024-10-01,qi_1,500ms,6,2.26976743693e-07,0.00228154543736,0,86393,daily_bucket,,,,,,,,
2024-10-01,qi_1,500ms,7,3.69243952941e-06,0.0369353410751,0,86398,daily_bucket,,,,,,,,
2024-10-01,qi_1,500ms,8,8.43426972893e-06,0.0843566484954,0,86398,daily_bucket,,,,,,,,
2024-10-01,qi_1,500ms,9,1.53979632152e-05,0.153995347406,0,86395,daily_bucket,,,,,,,,
2024-10-01,qi_1,500ms,10,3.11806117623e-05,0.311831934481,0,86398,daily_bucket,,,,,,,,
2024-10-01,qi_1,500ms,,,,,863967,daily_monotonicity,,1,,,,,,
2024-10-01,qi_1,500ms,,,,,863967,daily_top_bottom,0.625281440607,,,,,,,
2024-10-01,trade_imbalance_500ms,500ms,1,-3.60453912601e-06,-0.0360403023906,0,73611,daily_bucket,,,,,,,,
2024-10-01,trade_imbalance_500ms,500ms,2,-7.67920511864e-06,-0.0767787560837,0,73612,daily_bucket,,,,,,,,
2024-10-01,trade_imbalance_500ms,500ms,3,-1.89518234581e-05,-0.189492697249,0,73608,daily_bucket,,,,,,,,
2024-10-01,trade_imbalance_500ms,500ms,4,-1.27782331008e-05,-0.127755503176,0,73606,daily_bucket,,,,,,,,
2024-10-01,trade_imbalance_500ms,500ms,5,-2.34503499655e-06,-0.0234252990481,0,73609,daily_bucket,,,,,,,,
2024-10-01,trade_imbalance_500ms,500ms,6,5.42818955076e-06,0.0543064129361,0,73611,daily_bucket,,,,,,,,
2024-10-01,trade_imbalance_500ms,500ms,7,1.46010023561e-05,0.146035648407,0,73610,daily_bucket,,,,,,,,
2024-10-01,trade_imbalance_500ms,500ms,8,1.21527415825e-05,0.121543583966,0,73607,daily_bucket,,,,,,,,
2024-10-01,trade_imbalance_500ms,500ms,9,1.58578573736e-06,0.0158595867452,0,73611,daily_bucket,,,,,,,,
2024-10-01,trade_imbalance_500ms,500ms,10,8.68797575759e-06,0.0868981046508,0,73611,daily_bucket,,,,,,,,
2024-10-01,trade_imbalance_500ms,500ms,,,,,736096,daily_monotonicity,,0.745454545455,,,,,,
2024-10-01,trade_imbalance_500ms,500ms,,,,,736096,daily_top_bottom,0.122938407041,,,,,,,
2024-10-01,di_10,5s,1,-8.21368126311e-05,-0.821099440557,-0.405592874205,86360,daily_bucket,,,,,,,,
2024-10-01,di_10,5s,2,-5.64832302721e-05,-0.564582315451,0,86396,daily_bucket,,,,,,,,
2024-10-01,di_10,5s,3,-3.28580375953e-05,-0.328332363283,0,86398,daily_bucket,,,,,,,,
2024-10-01,di_10,5s,4,-1.98960212102e-05,-0.198718075407,0,86393,daily_bucket,,,,,,,,
2024-10-01,di_10,5s,5,-9.09033579762e-06,-0.0906830470171,0,86383,daily_bucket,,,,,,,,
2024-10-01,di_10,5s,6,-1.40797490155e-06,-0.013875315693,0,86398,daily_bucket,,,,,,,,
2024-10-01,di_10,5s,7,1.4232511133e-05,0.142550326745,0,86398,daily_bucket,,,,,,,,
2024-10-01,di_10,5s,8,2.79708412903e-05,0.279947690866,0,86398,daily_bucket,,,,,,,,
2024-10-01,di_10,5s,9,5.67374021227e-05,0.567635322416,0,86398,daily_bucket,,,,,,,,
2024-10-01,di_10,5s,10,7.94609935199e-05,0.794870054609,0.377357917676,86398,daily_bucket,,,,,,,,
2024-10-01,di_10,5s,,,,,863920,daily_monotonicity,,1,,,,,,
2024-10-01,di_10,5s,,,,,863920,daily_top_bottom,1.61596949517,,,,,,,
2024-10-01,di_5,5s,1,-8.53747007392e-05,-0.853454225519,-0.49649162883,86365,daily_bucket,,,,,,,,
2024-10-01,di_5,5s,2,-5.53803154077e-05,-0.553563803904,0,86392,daily_bucket,,,,,,,,
2024-10-01,di_5,5s,3,-3.42823088657e-05,-0.342594556294,0,86397,daily_bucket,,,,,,,,
2024-10-01,di_5,5s,4,-1.85824830235e-05,-0.185571378173,0,86391,daily_bucket,,,,,,,,
2024-10-01,di_5,5s,5,-9.35356555622e-06,-0.0933217754454,0,86385,daily_bucket,,,,,,,,
2024-10-01,di_5,5s,6,-2.31807456251e-06,-0.0229842728541,0,86398,daily_bucket,,,,,,,,
2024-10-01,di_5,5s,7,1.47145069313e-05,0.14737004507,0,86398,daily_bucket,,,,,,,,
2024-10-01,di_5,5s,8,2.91614294337e-05,0.291848044242,0,86398,daily_bucket,,,,,,,,
2024-10-01,di_5,5s,9,5.49544452662e-05,0.549796946465,0,86398,daily_bucket,,,,,,,,
2024-10-01,di_5,5s,10,8.29908003092e-05,0.830191802505,0.47385937069,86398,daily_bucket,,,,,,,,
2024-10-01,di_5,5s,,,,,863920,daily_monotonicity,,1,,,,,,
2024-10-01,di_5,5s,,,,,863920,daily_top_bottom,1.68364602802,,,,,,,
2024-10-01,microprice_deviation_bps,5s,1,-8.81452212591e-05,-0.881126253823,-0.569778041465,86365,daily_bucket,,,,,,,,
2024-10-01,microprice_deviation_bps,5s,2,-5.29667905992e-05,-0.529445371984,0,86391,daily_bucket,,,,,,,,
2024-10-01,microprice_deviation_bps,5s,3,-3.48828835403e-05,-0.348609511901,0,86398,daily_bucket,,,,,,,,
2024-10-01,microprice_deviation_bps,5s,4,-1.88749610011e-05,-0.188512547609,0,86391,daily_bucket,,,,,,,,
2024-10-01,microprice_deviation_bps,5s,5,-1.00874816647e-05,-0.100657195342,0,86385,daily_bucket,,,,,,,,
2024-10-01,microprice_deviation_bps,5s,6,-2.82079596447e-06,-0.0280058999708,0,86398,daily_bucket,,,,,,,,
2024-10-01,microprice_deviation_bps,5s,7,1.46739578761e-05,0.146950089356,0,86398,daily_bucket,,,,,,,,
2024-10-01,microprice_deviation_bps,5s,8,2.99624771037e-05,0.299852352328,0,86398,daily_bucket,,,,,,,,
2024-10-01,microprice_deviation_bps,5s,9,5.25856969566e-05,0.526083251311,0,86398,daily_bucket,,,,,,,,
2024-10-01,microprice_deviation_bps,5s,10,8.70844948914e-05,0.871175514529,0.588749117584,86398,daily_bucket,,,,,,,,
2024-10-01,microprice_deviation_bps,5s,,,,,863920,daily_monotonicity,,1,,,,,,
2024-10-01,microprice_deviation_bps,5s,,,,,863920,daily_top_bottom,1.75230176835,,,,,,,
2024-10-01,ofi_5s,5s,1,-4.82695314282e-05,-0.482303212703,-0.199886371046,86382,daily_bucket,,,,,,,,
2024-10-01,ofi_5s,5s,2,-3.37775572867e-05,-0.337448926105,0,86381,daily_bucket,,,,,,,,
2024-10-01,ofi_5s,5s,3,-2.2191917811e-05,-0.221646568881,0,86384,daily_bucket,,,,,,,,
2024-10-01,ofi_5s,5s,4,-1.13040440558e-05,-0.112878484052,0,86392,daily_bucket,,,,,,,,
2024-10-01,ofi_5s,5s,5,-5.73949321183e-06,-0.0573037518902,0,86396,daily_bucket,,,,,,,,
2024-10-01,ofi_5s,5s,6,3.3556798326e-06,0.0336440633541,0,86393,daily_bucket,,,,,,,,
2024-10-01,ofi_5s,5s,7,7.60921446079e-06,0.076254730254,0,86399,daily_bucket,,,,,,,,
2024-10-01,ofi_5s,5s,8,1.95953159873e-05,0.196215177147,0,86395,daily_bucket,,,,,,,,
2024-10-01,ofi_5s,5s,9,3.14183480343e-05,0.314480532742,0,86399,daily_bucket,,,,,,,,
2024-10-01,ofi_5s,5s,10,3.58533929297e-05,0.358900018077,0.0344708748136,86399,daily_bucket,,,,,,,,
2024-10-01,ofi_5s,5s,,,,,863920,daily_monotonicity,,1,,,,,,
2024-10-01,ofi_5s,5s,,,,,863920,daily_top_bottom,0.84120323078,,,,,,,
2024-10-01,qi_1,5s,1,-8.6644858731e-05,-0.866145406184,-0.507662191172,86367,daily_bucket,,,,,,,,
2024-10-01,qi_1,5s,2,-5.40757488888e-05,-0.540524432866,0,86389,daily_bucket,,,,,,,,
2024-10-01,qi_1,5s,3,-3.51811468837e-05,-0.351587250613,0,86398,daily_bucket,,,,,,,,
2024-10-01,qi_1,5s,4,-1.88258199465e-05,-0.188017454395,0,86391,daily_bucket,,,,,,,,
2024-10-01,qi_1,5s,5,-1.0224095308e-05,-0.102019668132,0,86385,daily_bucket,,,,,,,,
2024-10-01,qi_1,5s,6,-2.67487671959e-06,-0.0265431769514,0,86398,daily_bucket,,,,,,,,
2024-10-01,qi_1,5s,7,1.4603589093e-05,0.14625126786,0,86398,daily_bucket,,,,,,,,
2024-10-01,qi_1,5s,8,3.06151968507e-05,0.306384295531,0,86398,daily_bucket,,,,,,,,
2024-10-01,qi_1,5s,9,5.42087925722e-05,0.542326085426,0,86398,daily_bucket,,,,,,,,
2024-10-01,qi_1,5s,10,8.47286813385e-05,0.847592364376,0.526606645175,86398,daily_bucket,,,,,,,,
2024-10-01,qi_1,5s,,,,,863920,daily_monotonicity,,1,,,,,,
2024-10-01,qi_1,5s,,,,,863920,daily_top_bottom,1.71373777056,,,,,,,
2024-10-01,trade_imbalance_5s,5s,1,-3.6752413788e-05,-0.367371801425,0,86396,daily_bucket,,,,,,,,
2024-10-01,trade_imbalance_5s,5s,2,-3.16279985e-05,-0.316050544843,0,86399,daily_bucket,,,,,,,,
2024-10-01,trade_imbalance_5s,5s,3,-1.52971883196e-05,-0.152685564136,0,86391,daily_bucket,,,,,,,,
2024-10-01,trade_imbalance_5s,5s,4,-5.4096491883e-06,-0.0537578449476,0,86399,daily_bucket,,,,,,,,
2024-10-01,trade_imbalance_5s,5s,5,8.91367177991e-09,0.000433541951447,0,86390,daily_bucket,,,,,,,,
2024-10-01,trade_imbalance_5s,5s,6,3.8442279386e-06,0.0387632552793,0,86380,daily_bucket,,,,,,,,
2024-10-01,trade_imbalance_5s,5s,7,7.1584794342e-06,0.0718377117872,0,86372,daily_bucket,,,,,,,,
2024-10-01,trade_imbalance_5s,5s,8,1.05513916127e-05,0.105729007385,0,86399,daily_bucket,,,,,,,,
2024-10-01,trade_imbalance_5s,5s,9,1.54933999627e-05,0.155108851281,0,86395,daily_bucket,,,,,,,,
2024-10-01,trade_imbalance_5s,5s,10,2.86017150914e-05,0.286121668639,0,86399,daily_bucket,,,,,,,,
2024-10-01,trade_imbalance_5s,5s,,,,,863920,daily_monotonicity,,1,,,,,,
2024-10-01,trade_imbalance_5s,5s,,,,,863920,daily_top_bottom,0.653493470064,,,,,,,
2024-11-01,di_10,100ms,1,-8.02345042869e-06,-0.0802306097335,0,86395,daily_bucket,,,,,,,,
2024-11-01,di_10,100ms,2,-2.92336708909e-06,-0.0292315565555,0,86395,daily_bucket,,,,,,,,
2024-11-01,di_10,100ms,3,-1.42788597013e-06,-0.0142776001371,0,86394,daily_bucket,,,,,,,,
2024-11-01,di_10,100ms,4,-8.20465200253e-07,-0.00820343761116,0,86395,daily_bucket,,,,,,,,
2024-11-01,di_10,100ms,5,-3.17863353938e-07,-0.0031775938579,0,86395,daily_bucket,,,,,,,,
2024-11-01,di_10,100ms,6,1.62336418449e-07,0.00162433779726,0,86395,daily_bucket,,,,,,,,
2024-11-01,di_10,100ms,7,6.96926956983e-07,0.00697032183096,0,86395,daily_bucket,,,,,,,,
2024-11-01,di_10,100ms,8,1.48834485264e-06,0.01488458145,0,86395,daily_bucket,,,,,,,,
2024-11-01,di_10,100ms,9,3.22101259702e-06,0.0322117614388,0,86395,daily_bucket,,,,,,,,
2024-11-01,di_10,100ms,10,7.81257228599e-06,0.0781290963387,0,86395,daily_bucket,,,,,,,,
2024-11-01,di_10,100ms,,,,,863949,daily_monotonicity,,1,,,,,,
2024-11-01,di_10,100ms,,,,,863949,daily_top_bottom,0.158359706072,,,,,,,
2024-11-01,di_5,100ms,1,-8.47633789874e-06,-0.0847591580919,0,86395,daily_bucket,,,,,,,,
2024-11-01,di_5,100ms,2,-2.75210443618e-06,-0.027519265112,0,86395,daily_bucket,,,,,,,,
2024-11-01,di_5,100ms,3,-1.32452501613e-06,-0.0132439411294,0,86395,daily_bucket,,,,,,,,
2024-11-01,di_5,100ms,4,-8.09553659649e-07,-0.00809438696081,0,86394,daily_bucket,,,,,,,,
2024-11-01,di_5,100ms,5,-2.20260570207e-07,-0.00220166863088,0,86395,daily_bucket,,,,,,,,
2024-11-01,di_5,100ms,6,1.12948391269e-07,0.00113050256552,0,86395,daily_bucket,,,,,,,,
2024-11-01,di_5,100ms,7,6.50254845081e-07,0.00650354478366,0,86395,daily_bucket,,,,,,,,
2024-11-01,di_5,100ms,8,1.41708421536e-06,0.0141720001368,0,86395,daily_bucket,,,,,,,,
2024-11-01,di_5,100ms,9,3.10743595627e-06,0.0310760088696,0,86395,daily_bucket,,,,,,,,
2024-11-01,di_5,100ms,10,8.16322639894e-06,0.0816357360989,0,86395,daily_bucket,,,,,,,,
2024-11-01,di_5,100ms,,,,,863949,daily_monotonicity,,1,,,,,,
2024-11-01,di_5,100ms,,,,,863949,daily_top_bottom,0.166394894191,,,,,,,
2024-11-01,microprice_deviation_bps,100ms,1,-8.52335203496e-06,-0.0852289260586,0,86395,daily_bucket,,,,,,,,
2024-11-01,microprice_deviation_bps,100ms,2,-2.74060659945e-06,-0.0274043455277,0,86395,daily_bucket,,,,,,,,
2024-11-01,microprice_deviation_bps,100ms,3,-1.26382485078e-06,-0.012637118889,0,86395,daily_bucket,,,,,,,,
2024-11-01,microprice_deviation_bps,100ms,4,-7.80221790255e-07,-0.00780105269899,0,86394,daily_bucket,,,,,,,,
2024-11-01,microprice_deviation_bps,100ms,5,-2.70492783652e-07,-0.00270407877895,0,86395,daily_bucket,,,,,,,,
2024-11-01,microprice_deviation_bps,100ms,6,1.27877024933e-07,0.00127974807956,0,86395,daily_bucket,,,,,,,,
2024-11-01,microprice_deviation_bps,100ms,7,6.74580074885e-07,0.00674680045122,0,86395,daily_bucket,,,,,,,,
2024-11-01,microprice_deviation_bps,100ms,8,1.38999698414e-06,0.0139009997148,0,86395,daily_bucket,,,,,,,,
2024-11-01,microprice_deviation_bps,100ms,9,2.97222438454e-06,0.0297237894232,0,86395,daily_bucket,,,,,,,,
2024-11-01,microprice_deviation_bps,100ms,10,8.2819881561e-06,0.0828235602093,0,86395,daily_bucket,,,,,,,,
2024-11-01,microprice_deviation_bps,100ms,,,,,863949,daily_monotonicity,,1,,,,,,
2024-11-01,microprice_deviation_bps,100ms,,,,,863949,daily_top_bottom,0.168052486268,,,,,,,
2024-11-01,ofi_100ms,100ms,1,-7.70419068322e-06,-0.0770378494549,0,86395,daily_bucket,,,,,,,,
2024-11-01,ofi_100ms,100ms,2,-1.62286429787e-06,-0.016227297057,0,86395,daily_bucket,,,,,,,,
2024-11-01,ofi_100ms,100ms,3,-4.68845375444e-07,-0.00468768865717,0,86395,daily_bucket,,,,,,,,
2024-11-01,ofi_100ms,100ms,4,-2.3398294935e-07,-0.00233882104515,0,86395,daily_bucket,,,,,,,,
2024-11-01,ofi_100ms,100ms,5,-4.26818695014e-08,-0.000426334188883,0,86395,daily_bucket,,,,,,,,
2024-11-01,ofi_100ms,100ms,6,-7.97337467987e-08,-0.000793489185668,0,86395,daily_bucket,,,,,,,,
2024-11-01,ofi_100ms,100ms,7,2.39190790581e-07,0.00239248543773,0,86395,daily_bucket,,,,,,,,
2024-11-01,ofi_100ms,100ms,8,5.58738220666e-07,0.00558822097913,0,86395,daily_bucket,,,,,,,,
2024-11-01,ofi_100ms,100ms,9,1.66597062229e-06,0.0166610320897,0,86394,daily_bucket,,,,,,,,
2024-11-01,ofi_100ms,100ms,10,7.55659616822e-06,0.0755694001495,0,86395,daily_bucket,,,,,,,,
2024-11-01,ofi_100ms,100ms,,,,,863949,daily_monotonicity,,0.987878787879,,,,,,
2024-11-01,ofi_100ms,100ms,,,,,863949,daily_top_bottom,0.152607249604,,,,,,,
2024-11-01,qi_1,100ms,1,-8.49681148013e-06,-0.0849640244722,0,86395,daily_bucket,,,,,,,,
2024-11-01,qi_1,100ms,2,-2.74920226863e-06,-0.0274900417121,0,86395,daily_bucket,,,,,,,,
2024-11-01,qi_1,100ms,3,-1.28732376713e-06,-0.012872034322,0,86395,daily_bucket,,,,,,,,
2024-11-01,qi_1,100ms,4,-7.76787622185e-07,-0.00776669720484,0,86394,daily_bucket,,,,,,,,
2024-11-01,qi_1,100ms,5,-2.68372881256e-07,-0.00268272384448,0,86395,daily_bucket,,,,,,,,
2024-11-01,qi_1,100ms,6,1.27889082052e-07,0.00127990670024,0,86395,daily_bucket,,,,,,,,
2024-11-01,qi_1,100ms,7,6.67261336104e-07,0.00667362458802,0,86395,daily_bucket,,,,,,,,
2024-11-01,qi_1,100ms,8,1.39606799346e-06,0.0139617719203,0,86395,daily_bucket,,,,,,,,
2024-11-01,qi_1,100ms,9,2.94013403753e-06,0.0294028714613,0,86395,daily_bucket,,,,,,,,
2024-11-01,qi_1,100ms,10,8.31531417546e-06,0.0831567232083,0,86395,daily_bucket,,,,,,,,
2024-11-01,qi_1,100ms,,,,,863949,daily_monotonicity,,1,,,,,,
2024-11-01,qi_1,100ms,,,,,863949,daily_top_bottom,0.16812074768,,,,,,,
2024-11-01,trade_imbalance_100ms,100ms,1,-3.71181632742e-06,-0.0371156363328,0,30450,daily_bucket,,,,,,,,
2024-11-01,trade_imbalance_100ms,100ms,2,-2.58672182851e-06,-0.025865704589,0,30449,daily_bucket,,,,,,,,
2024-11-01,trade_imbalance_100ms,100ms,3,-8.77543879616e-06,-0.0877465095913,0,30450,daily_bucket,,,,,,,,
2024-11-01,trade_imbalance_100ms,100ms,4,-8.3197070888e-06,-0.0831905279228,0,30449,daily_bucket,,,,,,,,
2024-11-01,trade_imbalance_100ms,100ms,5,-8.54507370017e-07,-0.00853932381701,0,30449,daily_bucket,,,,,,,,
2024-11-01,trade_imbalance_100ms,100ms,6,6.2699282697e-06,0.062703395706,0,30450,daily_bucket,,,,,,,,
2024-11-01,trade_imbalance_100ms,100ms,7,1.78943216658e-06,0.0178951964744,0,30449,daily_bucket,,,,,,,,
2024-11-01,trade_imbalance_100ms,100ms,8,3.00053328593e-06,0.0300075787776,0,30450,daily_bucket,,,,,,,,
2024-11-01,trade_imbalance_100ms,100ms,9,8.37393276351e-06,0.0837455083043,0,30449,daily_bucket,,,,,,,,
2024-11-01,trade_imbalance_100ms,100ms,10,3.98795891541e-06,0.0398822380083,0,30449,daily_bucket,,,,,,,,
2024-11-01,trade_imbalance_100ms,100ms,,,,,304494,daily_monotonicity,,0.806060606061,,,,,,
2024-11-01,trade_imbalance_100ms,100ms,,,,,304494,daily_top_bottom,0.0769978743411,,,,,,,
2024-11-01,di_10,1s,1,-3.87581699221e-05,-0.387541488681,0,86395,daily_bucket,,,,,,,,
2024-11-01,di_10,1s,2,-1.96092819399e-05,-0.196066071265,0,86394,daily_bucket,,,,,,,,
2024-11-01,di_10,1s,3,-1.2697271012e-05,-0.126948373944,0,86386,daily_bucket,,,,,,,,
2024-11-01,di_10,1s,4,-8.16420388073e-06,-0.0816148245173,0,86395,daily_bucket,,,,,,,,
2024-11-01,di_10,1s,5,-2.85970437227e-06,-0.0285741321603,0,86395,daily_bucket,,,,,,,,
2024-11-01,di_10,1s,6,8.22501295113e-07,0.00824825464437,0,86395,daily_bucket,,,,,,,,
2024-11-01,di_10,1s,7,6.53363906366e-06,0.06535877867,0,86395,daily_bucket,,,,,,,,
2024-11-01,di_10,1s,8,1.29291169958e-05,0.129315536625,0,86395,daily_bucket,,,,,,,,
2024-11-01,di_10,1s,9,2.23993762406e-05,0.224020482195,0,86395,daily_bucket,,,,,,,,
2024-11-01,di_10,1s,10,3.80842238143e-05,0.380881013372,0.00288311124607,86395,daily_bucket,,,,,,,,
2024-11-01,di_10,1s,,,,,863940,daily_monotonicity,,1,,,,,,
2024-11-01,di_10,1s,,,,,863940,daily_top_bottom,0.768422502053,,,,,,,
2024-11-01,di_5,1s,1,-3.96004797205e-05,-0.395962901397,0,86395,daily_bucket,,,,,,,,
2024-11-01,di_5,1s,2,-2.0057950372e-05,-0.200553467263,0,86394,daily_bucket,,,,,,,,
2024-11-01,di_5,1s,3,-1.22607121229e-05,-0.12258305757,0,86388,daily_bucket,,,,,,,,
2024-11-01,di_5,1s,4,-8.62113842838e-06,-0.086184666824,0,86393,daily_bucket,,,,,,,,
2024-11-01,di_5,1s,5,-2.22146493292e-06,-0.0221923261941,0,86395,daily_bucket,,,,,,,,
2024-11-01,di_5,1s,6,6.95688858519e-07,0.00698028062234,0,86395,daily_bucket,,,,,,,,
2024-11-01,di_5,1s,7,6.57630201298e-06,0.0657852283571,0,86395,daily_bucket,,,,,,,,
2024-11-01,di_5,1s,8,1.29364542607e-05,0.129388565453,0,86395,daily_bucket,,,,,,,,
2024-11-01,di_5,1s,9,2.23690955991e-05,0.223717977672,0,86395,daily_bucket,,,,,,,,
2024-11-01,di_5,1s,10,3.88645556666e-05,0.388684787494,0.0258500668835,86395,daily_bucket,,,,,,,,
2024-11-01,di_5,1s,,,,,863940,daily_monotonicity,,1,,,,,,
2024-11-01,di_5,1s,,,,,863940,daily_top_bottom,0.784647688891,,,,,,,
2024-11-01,microprice_deviation_bps,1s,1,-3.91495054049e-05,-0.391452842004,0,86395,daily_bucket,,,,,,,,
2024-11-01,microprice_deviation_bps,1s,2,-2.03580736338e-05,-0.203554888208,0,86394,daily_bucket,,,,,,,,
2024-11-01,microprice_deviation_bps,1s,3,-1.26409304363e-05,-0.126385380077,0,86389,daily_bucket,,,,,,,,
2024-11-01,microprice_deviation_bps,1s,4,-8.55344597658e-06,-0.0855084123162,0,86392,daily_bucket,,,,,,,,
2024-11-01,microprice_deviation_bps,1s,5,-2.67537363801e-06,-0.0267300711168,0,86395,daily_bucket,,,,,,,,
2024-11-01,microprice_deviation_bps,1s,6,1.05782162189e-06,0.0106004492709,0,86395,daily_bucket,,,,,,,,
2024-11-01,microprice_deviation_bps,1s,7,7.0197778882e-06,0.0702212760882,0,86395,daily_bucket,,,,,,,,
2024-11-01,microprice_deviation_bps,1s,8,1.28304524011e-05,0.128327775989,0,86395,daily_bucket,,,,,,,,
2024-11-01,microprice_deviation_bps,1s,9,2.26149836489e-05,0.226176934048,0,86395,daily_bucket,,,,,,,,
2024-11-01,microprice_deviation_bps,1s,10,3.85346589489e-05,0.385385724653,0.0269905015453,86395,daily_bucket,,,,,,,,
2024-11-01,microprice_deviation_bps,1s,,,,,863940,daily_monotonicity,,1,,,,,,
2024-11-01,microprice_deviation_bps,1s,,,,,863940,daily_top_bottom,0.776838566657,,,,,,,
2024-11-01,ofi_1s,1s,1,-3.12376529072e-05,-0.312327039931,0,86395,daily_bucket,,,,,,,,
2024-11-01,ofi_1s,1s,2,-1.72004297182e-05,-0.171965141175,0,86395,daily_bucket,,,,,,,,
2024-11-01,ofi_1s,1s,3,-8.01237049298e-06,-0.0801001373242,0,86394,daily_bucket,,,,,,,,
2024-11-01,ofi_1s,1s,4,-4.00197231755e-06,-0.0400039290795,0,86391,daily_bucket,,,,,,,,
2024-11-01,ofi_1s,1s,5,-9.56773762347e-07,-0.00955726764528,0,86393,daily_bucket,,,,,,,,
2024-11-01,ofi_1s,1s,6,1.49154430951e-06,0.0149273559766,0,86395,daily_bucket,,,,,,,,
2024-11-01,ofi_1s,1s,7,3.81568675266e-06,0.0381743855068,0,86393,daily_bucket,,,,,,,,
2024-11-01,ofi_1s,1s,8,7.81341025454e-06,0.0781571699226,0,86394,daily_bucket,,,,,,,,
2024-11-01,ofi_1s,1s,9,1.7221850451e-05,0.172256823706,0,86395,daily_bucket,,,,,,,,
2024-11-01,ofi_1s,1s,10,2.97483619866e-05,0.297531236791,0,86395,daily_bucket,,,,,,,,
2024-11-01,ofi_1s,1s,,,,,863940,daily_monotonicity,,1,,,,,,
2024-11-01,ofi_1s,1s,,,,,863940,daily_top_bottom,0.609858276722,,,,,,,
2024-11-01,qi_1,1s,1,-3.93207830601e-05,-0.393166163718,0,86395,daily_bucket,,,,,,,,
2024-11-01,qi_1,1s,2,-2.03278247803e-05,-0.203252017664,0,86394,daily_bucket,,,,,,,,
2024-11-01,qi_1,1s,3,-1.25426760265e-05,-0.125402968479,0,86389,daily_bucket,,,,,,,,
2024-11-01,qi_1,1s,4,-8.4864140627e-06,-0.0848380923938,0,86392,daily_bucket,,,,,,,,
2024-11-01,qi_1,1s,5,-2.69962165879e-06,-0.026972256458,0,86395,daily_bucket,,,,,,,,
2024-11-01,qi_1,1s,6,9.98165080681e-07,0.0100039198654,0,86395,daily_bucket,,,,,,,,
2024-11-01,qi_1,1s,7,6.95914087886e-06,0.0696149658212,0,86395,daily_bucket,,,,,,,,
2024-11-01,qi_1,1s,8,1.28789485225e-05,0.128812860491,0,86395,daily_bucket,,,,,,,,
2024-11-01,qi_1,1s,9,2.2420545262e-05,0.224232210365,0,86395,daily_bucket,,,,,,,,
2024-11-01,qi_1,1s,10,3.8800894765e-05,0.388048203507,0.0344719836494,86395,daily_bucket,,,,,,,,
2024-11-01,qi_1,1s,,,,,863940,daily_monotonicity,,1,,,,,,
2024-11-01,qi_1,1s,,,,,863940,daily_top_bottom,0.781214367225,,,,,,,
2024-11-01,trade_imbalance_1s,1s,1,-7.01071663706e-06,-0.0700878134836,0,82131,daily_bucket,,,,,,,,
2024-11-01,trade_imbalance_1s,1s,2,-1.67228428344e-05,-0.167196903391,0,82131,daily_bucket,,,,,,,,
2024-11-01,trade_imbalance_1s,1s,3,-1.3134516609e-05,-0.131307887784,0,82131,daily_bucket,,,,,,,,
2024-11-01,trade_imbalance_1s,1s,4,-7.24379310948e-06,-0.0724026496777,0,82131,daily_bucket,,,,,,,,
2024-11-01,trade_imbalance_1s,1s,5,-8.22102393016e-07,-0.00819055960946,0,82131,daily_bucket,,,,,,,,
2024-11-01,trade_imbalance_1s,1s,6,3.35978237794e-06,0.0336274312978,0,82131,daily_bucket,,,,,,,,
2024-11-01,trade_imbalance_1s,1s,7,9.99051033531e-06,0.099936151283,0,82131,daily_bucket,,,,,,,,
2024-11-01,trade_imbalance_1s,1s,8,1.54129801137e-05,0.154165739797,0,82124,daily_bucket,,,,,,,,
2024-11-01,trade_imbalance_1s,1s,9,6.00957563921e-06,0.0601076288631,0,82131,daily_bucket,,,,,,,,
2024-11-01,trade_imbalance_1s,1s,10,8.46696570135e-06,0.0846935149237,0,82127,daily_bucket,,,,,,,,
2024-11-01,trade_imbalance_1s,1s,,,,,821299,daily_monotonicity,,0.830303030303,,,,,,
2024-11-01,trade_imbalance_1s,1s,,,,,821299,daily_top_bottom,0.154781328407,,,,,,,
2024-11-01,di_10,30s,1,-0.00010069513172,-1.00548128012,-0.797166911885,86387,daily_bucket,,,,,,,,
2024-11-01,di_10,30s,2,-8.72226203728e-05,-0.870914940552,-0.576580162148,86381,daily_bucket,,,,,,,,
2024-11-01,di_10,30s,3,-4.98535169595e-05,-0.49722100364,-0.243770995574,86209,daily_bucket,,,,,,,,
2024-11-01,di_10,30s,4,-3.22592465409e-05,-0.321201159197,0,86383,daily_bucket,,,,,,,,
2024-11-01,di_10,30s,5,1.20500044735e-05,0.121888942142,0,86395,daily_bucket,,,,,,,,
2024-11-01,di_10,30s,6,-2.80679734671e-06,-0.0266683370716,0,86391,daily_bucket,,,,,,,,
2024-11-01,di_10,30s,7,1.16535298044e-05,0.117866674084,0.00143653836775,86395,daily_bucket,,,,,,,,
2024-11-01,di_10,30s,8,3.56293284138e-05,0.357601433125,0.279994419711,86329,daily_bucket,,,,,,,,
2024-11-01,di_10,30s,9,7.29547229715e-05,0.730892007135,0.579895081033,86385,daily_bucket,,,,,,,,
2024-11-01,di_10,30s,10,0.000102196745525,1.02345192943,0.862663968158,86395,daily_bucket,,,,,,,,
2024-11-01,di_10,30s,,,,,863650,daily_monotonicity,,0.963636363636,,,,,,
2024-11-01,di_10,30s,,,,,863650,daily_top_bottom,2.02893320955,,,,,,,
2024-11-01,di_5,30s,1,-0.000102035595149,-1.01883855931,-0.791512969859,86385,daily_bucket,,,,,,,,
2024-11-01,di_5,30s,2,-8.75272603209e-05,-0.87398054852,-0.575638917825,86379,daily_bucket,,,,,,,,
2024-11-01,di_5,30s,3,-5.27364776497e-05,-0.526049125399,-0.20129565525,86224,daily_bucket,,,,,,,,
2024-11-01,di_5,30s,4,-2.78831828684e-05,-0.277464198587,0,86373,daily_bucket,,,,,,,,
2024-11-01,di_5,30s,5,2.86664697236e-06,0.0300729695195,0,86394,daily_bucket,,,,,,,,
2024-11-01,di_5,30s,6,-1.59848411959e-06,-0.0146095480711,0,86395,daily_bucket,,,,,,,,
2024-11-01,di_5,30s,7,1.25953669275e-05,0.127288016476,0.00144021671229,86391,daily_bucket,,,,,,,,
2024-11-01,di_5,30s,8,3.93730861222e-05,0.395044166167,0.285960605981,86395,daily_bucket,,,,,,,,
2024-11-01,di_5,30s,9,7.49257679173e-05,0.750557092034,0.611497466914,86324,daily_bucket,,,,,,,,
2024-11-01,di_5,30s,10,0.000103695577789,1.03847828508,0.862837647246,86390,daily_bucket,,,,,,,,
2024-11-01,di_5,30s,,,,,863650,daily_monotonicity,,0.987878787879,,,,,,
2024-11-01,di_5,30s,,,,,863650,daily_top_bottom,2.05731684439,,,,,,,
2024-11-01,microprice_deviation_bps,30s,1,-0.000103143723342,-1.02991382603,-0.792330186174,86380,daily_bucket,,,,,,,,
2024-11-01,microprice_deviation_bps,30s,2,-8.42517955195e-05,-0.841263046622,-0.574431989083,86384,daily_bucket,,,,,,,,
2024-11-01,microprice_deviation_bps,30s,3,-5.52531300507e-05,-0.551224553273,-0.265720624639,86214,daily_bucket,,,,,,,,
2024-11-01,microprice_deviation_bps,30s,4,-3.21967989194e-05,-0.320555428694,0,86382,daily_bucket,,,,,,,,
2024-11-01,microprice_deviation_bps,30s,5,-3.73728583771e-07,-0.00230754775076,0,86395,daily_bucket,,,,,,,,
2024-11-01,microprice_deviation_bps,30s,6,-1.1768597717e-06,-0.0103947618392,0,86392,daily_bucket,,,,,,,,
2024-11-01,microprice_deviation_bps,30s,7,2.0343204055e-05,0.204782812181,0.0449421880365,86394,daily_bucket,,,,,,,,
2024-11-01,microprice_deviation_bps,30s,8,3.8643595135e-05,0.387744241139,0.285335505918,86395,daily_bucket,,,,,,,,
2024-11-01,microprice_deviation_bps,30s,9,7.56476542261e-05,0.757735715126,0.615834141258,86324,daily_bucket,,,,,,,,
2024-11-01,microprice_deviation_bps,30s,10,0.000103427448405,1.0357991049,0.861821377609,86390,daily_bucket,,,,,,,,
2024-11-01,microprice_deviation_bps,30s,,,,,863650,daily_monotonicity,,0.987878787879,,,,,,
2024-11-01,microprice_deviation_bps,30s,,,,,863650,daily_top_bottom,2.06571293093,,,,,,,
2024-11-01,ofi_30s,30s,1,-8.45539457229e-06,-0.0826166297284,0,86395,daily_bucket,,,,,,,,
2024-11-01,ofi_30s,30s,2,-3.46267894264e-05,-0.344914159251,-0.00143764884607,86373,daily_bucket,,,,,,,,
2024-11-01,ofi_30s,30s,3,-2.17132880472e-05,-0.215923527916,0,86376,daily_bucket,,,,,,,,
2024-11-01,ofi_30s,30s,4,-1.04562848431e-05,-0.103424204052,0,86392,daily_bucket,,,,,,,,
2024-11-01,ofi_30s,30s,5,-3.23605927771e-06,-0.03135354055,0,86217,daily_bucket,,,,,,,,
2024-11-01,ofi_30s,30s,6,4.75170331716e-06,0.0484842565238,0,86317,daily_bucket,,,,,,,,
2024-11-01,ofi_30s,30s,7,1.8468683194e-05,0.185857331236,0,86395,daily_bucket,,,,,,,,
2024-11-01,ofi_30s,30s,8,1.44438623039e-06,0.0158413745946,0,86395,daily_bucket,,,,,,,,
2024-11-01,ofi_30s,30s,9,-4.27508623851e-06,-0.0412697719477,0,86395,daily_bucket,,,,,,,,
2024-11-01,ofi_30s,30s,10,1.98285507799e-05,0.200366172471,0.12006518682,86395,daily_bucket,,,,,,,,
2024-11-01,ofi_30s,30s,,,,,863650,daily_monotonicity,,0.769696969697,,,,,,
2024-11-01,ofi_30s,30s,,,,,863650,daily_top_bottom,0.282982802199,,,,,,,
2024-11-01,qi_1,30s,1,-0.000103315894012,-1.03162629357,-0.803812342459,86380,daily_bucket,,,,,,,,
2024-11-01,qi_1,30s,2,-8.39385215698e-05,-0.838130153848,-0.574431989083,86384,daily_bucket,,,,,,,,
2024-11-01,qi_1,30s,3,-5.60077343559e-05,-0.558774644897,-0.274577468762,86214,daily_bucket,,,,,,,,
2024-11-01,qi_1,30s,4,-3.20043629529e-05,-0.31863509144,0,86382,daily_bucket,,,,,,,,
2024-11-01,qi_1,30s,5,4.26681738645e-08,0.00185506120621,0,86395,daily_bucket,,,,,,,,
2024-11-01,qi_1,30s,6,-1.46832841371e-06,-0.0133113636493,0,86392,daily_bucket,,,,,,,,
2024-11-01,qi_1,30s,7,2.05863474959e-05,0.207214140161,0.0449421880365,86394,daily_bucket,,,,,,,,
2024-11-01,qi_1,30s,8,3.80072554252e-05,0.381378711549,0.285335505918,86395,daily_bucket,,,,,,,,
2024-11-01,qi_1,30s,9,7.68071369615e-05,0.769330098313,0.621109106317,86324,daily_bucket,,,,,,,,
2024-11-01,qi_1,30s,10,0.000102956675234,1.0310960012,0.861771864714,86390,daily_bucket,,,,,,,,
2024-11-01,qi_1,30s,,,,,863650,daily_monotonicity,,0.987878787879,,,,,,
2024-11-01,qi_1,30s,,,,,863650,daily_top_bottom,2.06272229477,,,,,,,
2024-11-01,trade_imbalance_30s,30s,1,-5.26269636223e-06,-0.0518845224629,0,86395,daily_bucket,,,,,,,,
2024-11-01,trade_imbalance_30s,30s,2,5.25140554059e-06,0.0538888107352,0,86395,daily_bucket,,,,,,,,
2024-11-01,trade_imbalance_30s,30s,3,-1.99640153273e-05,-0.19786135086,0,86337,daily_bucket,,,,,,,,
2024-11-01,trade_imbalance_30s,30s,4,-2.37733817012e-05,-0.235859403295,0,86386,daily_bucket,,,,,,,,
2024-11-01,trade_imbalance_30s,30s,5,3.9755334927e-06,0.0415581196065,0,86315,daily_bucket,,,,,,,,
2024-11-01,trade_imbalance_30s,30s,6,7.89312432992e-06,0.0805695821917,0,86335,daily_bucket,,,,,,,,
2024-11-01,trade_imbalance_30s,30s,7,-1.65363550345e-05,-0.163820299839,-0.0722459883428,86326,daily_bucket,,,,,,,,
2024-11-01,trade_imbalance_30s,30s,8,1.5403653111e-05,0.155334785159,0,86374,daily_bucket,,,,,,,,
2024-11-01,trade_imbalance_30s,30s,9,-1.28294073284e-05,-0.127347440346,0,86392,daily_bucket,,,,,,,,
2024-11-01,trade_imbalance_30s,30s,10,7.57226909626e-06,0.0764682867477,0.0245300033325,86395,daily_bucket,,,,,,,,
2024-11-01,trade_imbalance_30s,30s,,,,,863650,daily_monotonicity,,0.333333333333,,,,,,
2024-11-01,trade_imbalance_30s,30s,,,,,863650,daily_top_bottom,0.128352809211,,,,,,,
2024-11-01,di_10,500ms,1,-2.58711009379e-05,-0.258690592074,0,86395,daily_bucket,,,,,,,,
2024-11-01,di_10,500ms,2,-1.20699765525e-05,-0.120687379561,0,86394,daily_bucket,,,,,,,,
2024-11-01,di_10,500ms,3,-6.92374107321e-06,-0.0692271991498,0,86391,daily_bucket,,,,,,,,
2024-11-01,di_10,500ms,4,-4.30775013073e-06,-0.0430665322609,0,86395,daily_bucket,,,,,,,,
2024-11-01,di_10,500ms,5,-1.54694720993e-06,-0.0154598619542,0,86395,daily_bucket,,,,,,,,
2024-11-01,di_10,500ms,6,6.881683121e-07,0.00689087260896,0,86395,daily_bucket,,,,,,,,
2024-11-01,di_10,500ms,7,3.58944161348e-06,0.0359037784278,0,86395,daily_bucket,,,,,,,,
2024-11-01,di_10,500ms,8,7.33051045628e-06,0.0733149156072,0,86395,daily_bucket,,,,,,,,
2024-11-01,di_10,500ms,9,1.34279480547e-05,0.134291334564,0,86395,daily_bucket,,,,,,,,
2024-11-01,di_10,500ms,10,2.50238751807e-05,0.250257574169,0,86395,daily_bucket,,,,,,,,
2024-11-01,di_10,500ms,,,,,863945,daily_monotonicity,,1,,,,,,
2024-11-01,di_10,500ms,,,,,863945,daily_top_bottom,0.508948166243,,,,,,,
2024-11-01,di_5,500ms,1,-2.67943384262e-05,-0.267921742573,0,86395,daily_bucket,,,,,,,,
2024-11-01,di_5,500ms,2,-1.19093607972e-05,-0.119082196677,0,86394,daily_bucket,,,,,,,,
2024-11-01,di_5,500ms,3,-6.85584862066e-06,-0.0685480895307,0,86392,daily_bucket,,,,,,,,
2024-11-01,di_5,500ms,4,-4.52503545073e-06,-0.0452394075531,0,86394,daily_bucket,,,,,,,,
2024-11-01,di_5,500ms,5,-9.63778276596e-07,-0.00962905040212,0,86395,daily_bucket,,,,,,,,
2024-11-01,di_5,500ms,6,4.14324424837e-07,0.00415273344615,0,86395,daily_bucket,,,,,,,,
2024-11-01,di_5,500ms,7,3.65756018556e-06,0.0365848782333,0,86395,daily_bucket,,,,,,,,
2024-11-01,di_5,500ms,8,7.36139876773e-06,0.0736237624736,0,86395,daily_bucket,,,,,,,,
2024-11-01,di_5,500ms,9,1.32824243558e-05,0.132836039279,0,86395,daily_bucket,,,,,,,,
2024-11-01,di_5,500ms,10,2.56731135314e-05,0.256750303494,0,86395,daily_bucket,,,,,,,,
2024-11-01,di_5,500ms,,,,,863945,daily_monotonicity,,1,,,,,,
2024-11-01,di_5,500ms,,,,,863945,daily_top_bottom,0.524672046066,,,,,,,
2024-11-01,microprice_deviation_bps,500ms,1,-2.66135111014e-05,-0.266113061238,0,86395,daily_bucket,,,,,,,,
2024-11-01,microprice_deviation_bps,500ms,2,-1.21284162007e-05,-0.121272399702,0,86394,daily_bucket,,,,,,,,
2024-11-01,microprice_deviation_bps,500ms,3,-7.02345629545e-06,-0.0702247152198,0,86392,daily_bucket,,,,,,,,
2024-11-01,microprice_deviation_bps,500ms,4,-4.4468266808e-06,-0.0444573789047,0,86394,daily_bucket,,,,,,,,
2024-11-01,microprice_deviation_bps,500ms,5,-1.252032287e-06,-0.0125111423373,0,86395,daily_bucket,,,,,,,,
2024-11-01,microprice_deviation_bps,500ms,6,6.38962979796e-07,0.00639852888531,0,86395,daily_bucket,,,,,,,,
2024-11-01,microprice_deviation_bps,500ms,7,3.92899809515e-06,0.0392996178118,0,86395,daily_bucket,,,,,,,,
2024-11-01,microprice_deviation_bps,500ms,8,7.25036836236e-06,0.0725127215514,0,86395,daily_bucket,,,,,,,,
2024-11-01,microprice_deviation_bps,500ms,9,1.33787199019e-05,0.133799086298,0,86395,daily_bucket,,,,,,,,
2024-11-01,microprice_deviation_bps,500ms,10,2.56076454698e-05,0.256095898527,0,86395,daily_bucket,,,,,,,,
2024-11-01,microprice_deviation_bps,500ms,,,,,863945,daily_monotonicity,,1,,,,,,
2024-11-01,microprice_deviation_bps,500ms,,,,,863945,daily_top_bottom,0.522208959765,,,,,,,
2024-11-01,ofi_500ms,500ms,1,-2.38713466002e-05,-0.2386876868,0,86395,daily_bucket,,,,,,,,
2024-11-01,ofi_500ms,500ms,2,-9.60115607398e-06,-0.0959954659727,0,86394,daily_bucket,,,,,,,,
2024-11-01,ofi_500ms,500ms,3,-4.19894672098e-06,-0.0419800400275,0,86393,daily_bucket,,,,,,,,
2024-11-01,ofi_500ms,500ms,4,-1.8390472101e-06,-0.018383577364,0,86395,daily_bucket,,,,,,,,
2024-11-01,ofi_500ms,500ms,5,-2.07186065011e-07,-0.00206762683141,0,86395,daily_bucket,,,,,,,,
2024-11-01,ofi_500ms,500ms,6,8.92648285389e-07,0.00893132810354,0,86395,daily_bucket,,,,,,,,
2024-11-01,ofi_500ms,500ms,7,2.20597087113e-06,0.022067102769,0,86395,daily_bucket,,,,,,,,
2024-11-01,ofi_500ms,500ms,8,4.51255532864e-06,0.0451348853096,0,86393,daily_bucket,,,,,,,,
2024-11-01,ofi_500ms,500ms,9,9.34954624088e-06,0.0935110852088,0,86395,daily_bucket,,,,,,,,
2024-11-01,ofi_500ms,500ms,10,2.20977460551e-05,0.221000469966,0,86395,daily_bucket,,,,,,,,
2024-11-01,ofi_500ms,500ms,,,,,863945,daily_monotonicity,,1,,,,,,
2024-11-01,ofi_500ms,500ms,,,,,863945,daily_top_bottom,0.459688156767,,,,,,,
2024-11-01,qi_1,500ms,1,-2.66714255821e-05,-0.266692901586,0,86395,daily_bucket,,,,,,,,
2024-11-01,qi_1,500ms,2,-1.21345689643e-05,-0.121333527354,0,86394,daily_bucket,,,,,,,,
2024-11-01,qi_1,500ms,3,-6.99757279656e-06,-0.069965910714,0,86392,daily_bucket,,,,,,,,
2024-11-01,qi_1,500ms,4,-4.40066002408e-06,-0.0439957211043,0,86394,daily_bucket,,,,,,,,
2024-11-01,qi_1,500ms,5,-1.26001383643e-06,-0.0125906230207,0,86395,daily_bucket,,,,,,,,
2024-11-01,qi_1,500ms,6,6.18330528069e-07,0.00619231062121,0,86395,daily_bucket,,,,,,,,
2024-11-01,qi_1,500ms,7,3.86213964015e-06,0.0386309791002,0,86395,daily_bucket,,,,,,,,
2024-11-01,qi_1,500ms,8,7.32808817215e-06,0.0732901968688,0,86395,daily_bucket,,,,,,,,
2024-11-01,qi_1,500ms,9,1.32152615037e-05,0.132164273664,0,86395,daily_bucket,,,,,,,,
2024-11-01,qi_1,500ms,10,2.57808749649e-05,0.257828092819,0,86395,daily_bucket,,,,,,,,
2024-11-01,qi_1,500ms,,,,,863945,daily_monotonicity,,1,,,,,,
2024-11-01,qi_1,500ms,,,,,863945,daily_top_bottom,0.524520994405,,,,,,,
2024-11-01,trade_imbalance_500ms,500ms,1,-3.44259934306e-06,-0.0344213872766,0,70855,daily_bucket,,,,,,,,
2024-11-01,trade_imbalance_500ms,500ms,2,-7.97253479812e-06,-0.0797084238146,0,70855,daily_bucket,,,,,,,,
2024-11-01,trade_imbalance_500ms,500ms,3,-1.35520507443e-05,-0.13550096927,0,70855,daily_bucket,,,,,,,,
2024-11-01,trade_imbalance_500ms,500ms,4,-7.21249502621e-06,-0.0721074769804,0,70855,daily_bucket,,,,,,,,
2024-11-01,trade_imbalance_500ms,500ms,5,-1.06830670636e-06,-0.0106660364186,0,70854,daily_bucket,,,,,,,,
2024-11-01,trade_imbalance_500ms,500ms,6,5.30296867107e-06,0.0530451635187,0,70855,daily_bucket,,,,,,,,
2024-11-01,trade_imbalance_500ms,500ms,7,1.19770728366e-05,0.11978857441,0,70855,daily_bucket,,,,,,,,
2024-11-01,trade_imbalance_500ms,500ms,8,3.37053979129e-06,0.0337116507659,0,70855,daily_bucket,,,,,,,,
2024-11-01,trade_imbalance_500ms,500ms,9,5.81788070367e-06,0.0581900276796,0,70855,daily_bucket,,,,,,,,
2024-11-01,trade_imbalance_500ms,500ms,10,5.56833084333e-06,0.0556948631744,0,70851,daily_bucket,,,,,,,,
2024-11-01,trade_imbalance_500ms,500ms,,,,,708545,daily_monotonicity,,0.806060606061,,,,,,
2024-11-01,trade_imbalance_500ms,500ms,,,,,708545,daily_top_bottom,0.090116250451,,,,,,,
2024-11-01,di_10,5s,1,-7.93589194202e-05,-0.793377701034,-0.541568204358,86387,daily_bucket,,,,,,,,
2024-11-01,di_10,5s,2,-4.86827573995e-05,-0.486654867488,0,86381,daily_bucket,,,,,,,,
2024-11-01,di_10,5s,3,-3.44058755336e-05,-0.343885884098,0,86367,daily_bucket,,,,,,,,
2024-11-01,di_10,5s,4,-2.20905535848e-05,-0.220728951431,0,86395,daily_bucket,,,,,,,,
2024-11-01,di_10,5s,5,-7.45437986154e-06,-0.0743763925078,0,86395,daily_bucket,,,,,,,,
2024-11-01,di_10,5s,6,1.18269008214e-06,0.0120015626687,0,86395,daily_bucket,,,,,,,,
2024-11-01,di_10,5s,7,1.64635889673e-05,0.164804528899,0,86395,daily_bucket,,,,,,,,
2024-11-01,di_10,5s,8,3.34637658933e-05,0.334815515344,0,86395,daily_bucket,,,,,,,,
2024-11-01,di_10,5s,9,5.53595647375e-05,0.553781585735,0.183053234259,86395,daily_bucket,,,,,,,,
2024-11-01,di_10,5s,10,7.89432355954e-05,0.789656275947,0.573539599639,86395,daily_bucket,,,,,,,,
2024-11-01,di_10,5s,,,,,863900,daily_monotonicity,,1,,,,,,
2024-11-01,di_10,5s,,,,,863900,daily_top_bottom,1.58303397698,,,,,,,
2024-11-01,di_5,5s,1,-7.98131050806e-05,-0.797913371156,-0.556452502851,86385,daily_bucket,,,,,,,,
2024-11-01,di_5,5s,2,-4.91946026391e-05,-0.491774780005,0,86379,daily_bucket,,,,,,,,
2024-11-01,di_5,5s,3,-3.54539383897e-05,-0.354368837655,0,86376,daily_bucket,,,,,,,,
2024-11-01,di_5,5s,4,-2.20466523425e-05,-0.220293141749,0,86390,daily_bucket,,,,,,,,
2024-11-01,di_5,5s,5,-6.67030507924e-06,-0.0665331737351,0,86395,daily_bucket,,,,,,,,
2024-11-01,di_5,5s,6,6.3359824157e-07,0.00650688841009,0,86395,daily_bucket,,,,,,,,
2024-11-01,di_5,5s,7,1.73748605744e-05,0.173919820061,0,86395,daily_bucket,,,,,,,,
2024-11-01,di_5,5s,8,3.2738315846e-05,0.327558185537,0,86395,daily_bucket,,,,,,,,
2024-11-01,di_5,5s,9,5.67936718285e-05,0.568117934494,0.207728658566,86395,daily_bucket,,,,,,,,
2024-11-01,di_5,5s,10,7.90574827958e-05,0.790805811479,0.573476743618,86395,daily_bucket,,,,,,,,
2024-11-01,di_5,5s,,,,,863900,daily_monotonicity,,1,,,,,,
2024-11-01,di_5,5s,,,,,863900,daily_top_bottom,1.58871918263,,,,,,,
2024-11-01,microprice_deviation_bps,5s,1,-7.94001723637e-05,-0.793783643576,-0.55258056906,86380,daily_bucket,,,,,,,,
2024-11-01,microprice_deviation_bps,5s,2,-4.93492761308e-05,-0.493325340707,0,86384,daily_bucket,,,,,,,,
2024-11-01,microprice_deviation_bps,5s,3,-3.58301167115e-05,-0.358132424527,0,86377,daily_bucket,,,,,,,,
2024-11-01,microprice_deviation_bps,5s,4,-2.18410810793e-05,-0.218235719883,0,86389,daily_bucket,,,,,,,,
2024-11-01,microprice_deviation_bps,5s,5,-8.86994892064e-06,-0.0885225232664,0,86395,daily_bucket,,,,,,,,
2024-11-01,microprice_deviation_bps,5s,6,1.78730912057e-06,0.0180427219546,0,86395,daily_bucket,,,,,,,,
2024-11-01,microprice_deviation_bps,5s,7,1.93991945239e-05,0.194164796775,0,86395,daily_bucket,,,,,,,,
2024-11-01,microprice_deviation_bps,5s,8,3.19623309046e-05,0.31979700232,0,86395,daily_bucket,,,,,,,,
2024-11-01,microprice_deviation_bps,5s,9,5.71590796396e-05,0.571768346262,0.20625267236,86395,daily_bucket,,,,,,,,
2024-11-01,microprice_deviation_bps,5s,10,7.84003778538e-05,0.784235833188,0.572606545795,86395,daily_bucket,,,,,,,,
2024-11-01,microprice_deviation_bps,5s,,,,,863900,daily_monotonicity,,1,,,,,,
2024-11-01,microprice_deviation_bps,5s,,,,,863900,daily_top_bottom,1.57801947676,,,,,,,
2024-11-01,ofi_5s,5s,1,-4.38356562966e-05,-0.438062475941,-0.210205006752,86356,daily_bucket,,,,,,,,
2024-11-01,ofi_5s,5s,2,-3.59150029448e-05,-0.35892971033,0,86392,daily_bucket,,,,,,,,
2024-11-01,ofi_5s,5s,3,-2.58556668245e-05,-0.258388760069,0,86393,daily_bucket,,,,,,,,
2024-11-01,ofi_5s,5s,4,-1.58885576879e-05,-0.158765966478,0,86395,daily_bucket,,,,,,,,
2024-11-01,ofi_5s,5s,5,-6.62889504127e-06,-0.0662057034806,0,86389,daily_bucket,,,,,,,,
2024-11-01,ofi_5s,5s,6,3.17785369498e-06,0.0318669503972,0,86395,daily_bucket,,,,,,,,
2024-11-01,ofi_5s,5s,7,1.24177867395e-05,0.124309740591,0,86395,daily_bucket,,,,,,,,
2024-11-01,ofi_5s,5s,8,2.73269895758e-05,0.273453683719,0,86395,daily_bucket,,,,,,,,
2024-11-01,ofi_5s,5s,9,3.11541672579e-05,0.311772532285,0,86395,daily_bucket,,,,,,,,
2024-11-01,ofi_5s,5s,10,4.74716349339e-05,0.475028367126,0.287728405102,86395,daily_bucket,,,,,,,,
2024-11-01,ofi_5s,5s,,,,,863900,daily_monotonicity,,1,,,,,,
2024-11-01,ofi_5s,5s,,,,,863900,daily_top_bottom,0.913090843067,,,,,,,
2024-11-01,qi_1,5s,1,-7.96941953283e-05,-0.796723922846,-0.561644477749,86380,daily_bucket,,,,,,,,
2024-11-01,qi_1,5s,2,-4.91584010081e-05,-0.491416009618,0,86384,daily_bucket,,,,,,,,
2024-11-01,qi_1,5s,3,-3.55508059628e-05,-0.355339461604,0,86377,daily_bucket,,,,,,,,
2024-11-01,qi_1,5s,4,-2.19463447903e-05,-0.219288693906,0,86389,daily_bucket,,,,,,,,
2024-11-01,qi_1,5s,5,-8.93846680667e-06,-0.0892077569414,0,86395,daily_bucket,,,,,,,,
2024-11-01,qi_1,5s,6,1.76126613976e-06,0.0177820280908,0,86395,daily_bucket,,,,,,,,
2024-11-01,qi_1,5s,7,1.91989285115e-05,0.192163653468,0,86395,daily_bucket,,,,,,,,
2024-11-01,qi_1,5s,8,3.2145716069e-05,0.321628465951,0,86395,daily_bucket,,,,,,,,
2024-11-01,qi_1,5s,9,5.6853006784e-05,0.5687085616,0.207728658566,86395,daily_bucket,,,,,,,,
2024-11-01,qi_1,5s,10,7.87470173653e-05,0.787702425723,0.573000270241,86395,daily_bucket,,,,,,,,
2024-11-01,qi_1,5s,,,,,863900,daily_monotonicity,,1,,,,,,
2024-11-01,qi_1,5s,,,,,863900,daily_top_bottom,1.58442634857,,,,,,,
2024-11-01,trade_imbalance_5s,5s,1,-2.97358700868e-05,-0.297234886914,0,86390,daily_bucket,,,,,,,,
2024-11-01,trade_imbalance_5s,5s,2,-2.60651920846e-05,-0.260485587917,0,86393,daily_bucket,,,,,,,,
2024-11-01,trade_imbalance_5s,5s,3,-1.72245287653e-05,-0.172036443509,0,86384,daily_bucket,,,,,,,,
2024-11-01,trade_imbalance_5s,5s,4,-1.3170786475e-05,-0.13146609735,0,86372,daily_bucket,,,,,,,,
2024-11-01,trade_imbalance_5s,5s,5,-3.9477925345e-07,-0.00371825788686,0,86379,daily_bucket,,,,,,,,
2024-11-01,trade_imbalance_5s,5s,6,4.68788259591e-07,0.00492547749097,0,86392,daily_bucket,,,,,,,,
2024-11-01,trade_imbalance_5s,5s,7,9.84025836908e-06,0.0985900371018,0,86389,daily_bucket,,,,,,,,
2024-11-01,trade_imbalance_5s,5s,8,1.92474714687e-05,0.192636057683,0,86393,daily_bucket,,,,,,,,
2024-11-01,trade_imbalance_5s,5s,9,2.53472351541e-05,0.253617040254,0,86393,daily_bucket,,,,,,,,
2024-11-01,trade_imbalance_5s,5s,10,2.51407065719e-05,0.251537838028,0,86392,daily_bucket,,,,,,,,
2024-11-01,trade_imbalance_5s,5s,,,,,863877,daily_monotonicity,,0.987878787879,,,,,,
2024-11-01,trade_imbalance_5s,5s,,,,,863877,daily_top_bottom,0.548772724942,,,,,,,
2024-12-01,di_10,100ms,1,-3.26687925462e-06,-0.0326676232657,0,86399,daily_bucket,,,,,,,,
2024-12-01,di_10,100ms,2,-8.38729827742e-07,-0.00838683715626,0,86399,daily_bucket,,,,,,,,
2024-12-01,di_10,100ms,3,-3.45974181357e-07,-0.00345930958304,0,86399,daily_bucket,,,,,,,,
2024-12-01,di_10,100ms,4,-1.67900291657e-07,-0.0016787868319,0,86398,daily_bucket,,,,,,,,
2024-12-01,di_10,100ms,5,-9.01576908144e-08,-0.000901105405053,0,86399,daily_bucket,,,,,,,,
2024-12-01,di_10,100ms,6,1.01169105174e-08,0.000101583476788,0,86398,daily_bucket,,,,,,,,
2024-12-01,di_10,100ms,7,1.21415495853e-07,0.00121469160118,0,86398,daily_bucket,,,,,,,,
2024-12-01,di_10,100ms,8,2.36058653783e-07,0.00236089404518,0,86399,daily_bucket,,,,,,,,
2024-12-01,di_10,100ms,9,8.4525093459e-07,0.00845321192237,0,86399,daily_bucket,,,,,,,,
2024-12-01,di_10,100ms,10,3.58977022099e-06,0.0358991874321,0,86398,daily_bucket,,,,,,,,
2024-12-01,di_10,100ms,,,,,863986,daily_monotonicity,,1,,,,,,
2024-12-01,di_10,100ms,,,,,863986,daily_top_bottom,0.0685668106977,,,,,,,
2024-12-01,di_5,100ms,1,-3.29038248382e-06,-0.0329026471459,0,86399,daily_bucket,,,,,,,,
2024-12-01,di_5,100ms,2,-8.40033535166e-07,-0.00839978262063,0,86399,daily_bucket,,,,,,,,
2024-12-01,di_5,100ms,3,-3.63249450644e-07,-0.00363211961662,0,86399,daily_bucket,,,,,,,,
2024-12-01,di_5,100ms,4,-1.59714337312e-07,-0.00159679654962,0,86398,daily_bucket,,,,,,,,
2024-12-01,di_5,100ms,5,-6.09307105272e-08,-0.000608847731047,0,86399,daily_bucket,,,,,,,,
2024-12-01,di_5,100ms,6,-3.90847363509e-09,-3.86911686097e-05,0,86399,daily_bucket,,,,,,,,
2024-12-01,di_5,100ms,7,9.3378917097e-08,0.00093415982651,0,86397,daily_bucket,,,,,,,,
2024-12-01,di_5,100ms,8,2.35563162306e-07,0.00235593019369,0,86399,daily_bucket,,,,,,,,
2024-12-01,di_5,100ms,9,8.34483407826e-07,0.00834549387778,0,86399,daily_bucket,,,,,,,,
2024-12-01,di_5,100ms,10,3.64776587861e-06,0.036479221222,0,86398,daily_bucket,,,,,,,,
2024-12-01,di_5,100ms,,,,,863986,daily_monotonicity,,1,,,,,,
2024-12-01,di_5,100ms,,,,,863986,daily_top_bottom,0.0693818683678,,,,,,,
2024-12-01,microprice_deviation_bps,100ms,1,-3.3030750765e-06,-0.0330286845795,0,86399,daily_bucket,,,,,,,,
2024-12-01,microprice_deviation_bps,100ms,2,-7.83308370626e-07,-0.00783272150583,0,86399,daily_bucket,,,,,,,,
2024-12-01,microprice_deviation_bps,100ms,3,-3.66078710944e-07,-0.00366055884006,0,86399,daily_bucket,,,,,,,,
2024-12-01,microprice_deviation_bps,100ms,4,-1.97392273748e-07,-0.00197367491021,0,86398,daily_bucket,,,,,,,,
2024-12-01,microprice_deviation_bps,100ms,5,-7.70592075658e-08,-0.000770378869534,0,86399,daily_bucket,,,,,,,,
2024-12-01,microprice_deviation_bps,100ms,6,-1.64586993759e-08,-0.000164441608406,0,86399,daily_bucket,,,,,,,,
2024-12-01,microprice_deviation_bps,100ms,7,9.54878810085e-08,0.000955013598539,0,86397,daily_bucket,,,,,,,,
2024-12-01,microprice_deviation_bps,100ms,8,2.45636943442e-07,0.00245657318966,0,86399,daily_bucket,,,,,,,,
2024-12-01,microprice_deviation_bps,100ms,9,7.85572418056e-07,0.00785614127972,0,86399,daily_bucket,,,,,,,,
2024-12-01,microprice_deviation_bps,100ms,10,3.70964779995e-06,0.0370986558232,0,86398,daily_bucket,,,,,,,,
2024-12-01,microprice_deviation_bps,100ms,,,,,863986,daily_monotonicity,,1,,,,,,
2024-12-01,microprice_deviation_bps,100ms,,,,,863986,daily_top_bottom,0.0701273404027,,,,,,,
2024-12-01,ofi_100ms,100ms,1,-2.20432115414e-06,-0.0220418865961,0,86399,daily_bucket,,,,,,,,
2024-12-01,ofi_100ms,100ms,2,-5.03993456671e-07,-0.00503939679029,0,86399,daily_bucket,,,,,,,,
2024-12-01,ofi_100ms,100ms,3,-1.82815542294e-07,-0.00182780740792,0,86399,daily_bucket,,,,,,,,
2024-12-01,ofi_100ms,100ms,4,-2.15300119846e-08,-0.000215012694478,0,86398,daily_bucket,,,,,,,,
2024-12-01,ofi_100ms,100ms,5,4.13393266388e-08,0.000413681617147,0,86399,daily_bucket,,,,,,,,
2024-12-01,ofi_100ms,100ms,6,-5.13646329453e-08,-0.000513365435127,0,86399,daily_bucket,,,,,,,,
2024-12-01,ofi_100ms,100ms,7,-7.41730566726e-09,-7.37518309117e-05,0,86398,daily_bucket,,,,,,,,
2024-12-01,ofi_100ms,100ms,8,6.54501403795e-08,0.000654872550752,0,86399,daily_bucket,,,,,,,,
2024-12-01,ofi_100ms,100ms,9,3.09508096468e-07,0.00309580579567,0,86399,daily_bucket,,,,,,,,
2024-12-01,ofi_100ms,100ms,10,2.64813534704e-06,0.0264829654145,0,86397,daily_bucket,,,,,,,,
2024-12-01,ofi_100ms,100ms,,,,,863986,daily_monotonicity,,0.939393939394,,,,,,
2024-12-01,ofi_100ms,100ms,,,,,863986,daily_top_bottom,0.0485248520106,,,,,,,
2024-12-01,qi_1,100ms,1,-3.29021660684e-06,-0.0329006252052,0,86399,daily_bucket,,,,,,,,
2024-12-01,qi_1,100ms,2,-7.84628042655e-07,-0.00784578673634,0,86399,daily_bucket,,,,,,,,
2024-12-01,qi_1,100ms,3,-4.05290264673e-07,-0.0040525239177,0,86399,daily_bucket,,,,,,,,
2024-12-01,qi_1,100ms,4,-1.75940055304e-07,-0.00175894544198,0,86398,daily_bucket,,,,,,,,
2024-12-01,qi_1,100ms,5,-7.77906752585e-08,-0.000777666255251,0,86399,daily_bucket,,,,,,,,
2024-12-01,qi_1,100ms,6,-2.39610547625e-08,-0.000239401605565,0,86399,daily_bucket,,,,,,,,
2024-12-01,qi_1,100ms,7,9.72303827356e-08,0.000972541631655,0,86397,daily_bucket,,,,,,,,
2024-12-01,qi_1,100ms,8,2.48332185381e-07,0.00248361430913,0,86399,daily_bucket,,,,,,,,
2024-12-01,qi_1,100ms,9,8.26843131387e-07,0.00826904515944,0,86399,daily_bucket,,,,,,,,
2024-12-01,qi_1,100ms,10,3.67839363058e-06,0.036785670908,0,86398,daily_bucket,,,,,,,,
2024-12-01,qi_1,100ms,,,,,863986,daily_monotonicity,,1,,,,,,
2024-12-01,qi_1,100ms,,,,,863986,daily_top_bottom,0.0696862961131,,,,,,,
2024-12-01,trade_imbalance_100ms,100ms,1,-2.69848622882e-06,-0.0269837985646,0,31313,daily_bucket,,,,,,,,
2024-12-01,trade_imbalance_100ms,100ms,2,-1.53989036746e-06,-0.0153980350006,0,31312,daily_bucket,,,,,,,,
2024-12-01,trade_imbalance_100ms,100ms,3,-1.25416568613e-06,-0.0125410738439,0,31312,daily_bucket,,,,,,,,
2024-12-01,trade_imbalance_100ms,100ms,4,-1.0129816247e-06,-0.0101294170231,0,31312,daily_bucket,,,,,,,,
2024-12-01,trade_imbalance_100ms,100ms,5,-3.42711216714e-06,-0.0342687363249,0,31312,daily_bucket,,,,,,,,
2024-12-01,trade_imbalance_100ms,100ms,6,2.85871142986e-06,0.0285935879234,0,31313,daily_bucket,,,,,,,,
2024-12-01,trade_imbalance_100ms,100ms,7,2.71974131782e-06,0.0271984798787,0,31312,daily_bucket,,,,,,,,
2024-12-01,trade_imbalance_100ms,100ms,8,1.8383026693e-06,0.0183840320881,0,31312,daily_bucket,,,,,,,,
2024-12-01,trade_imbalance_100ms,100ms,9,1.33303025126e-06,0.0133310299069,0,31312,daily_bucket,,,,,,,,
2024-12-01,trade_imbalance_100ms,100ms,10,1.88877315256e-06,0.0188885348185,0,31312,daily_bucket,,,,,,,,
2024-12-01,trade_imbalance_100ms,100ms,,,,,313122,daily_monotonicity,,0.672727272727,,,,,,
2024-12-01,trade_imbalance_100ms,100ms,,,,,313122,daily_top_bottom,0.0458723333831,,,,,,,
2024-12-01,di_10,1s,1,-2.09024311866e-05,-0.209011692443,0,86399,daily_bucket,,,,,,,,
2024-12-01,di_10,1s,2,-8.91065604773e-06,-0.0890994511197,0,86399,daily_bucket,,,,,,,,
2024-12-01,di_10,1s,3,-5.1053478281e-06,-0.0510481225503,0,86399,daily_bucket,,,,,,,,
2024-12-01,di_10,1s,4,-2.79088030732e-06,-0.0279045718101,0,86398,daily_bucket,,,,,,,,
2024-12-01,di_10,1s,5,-9.42181144302e-07,-0.00941810957972,0,86398,daily_bucket,,,,,,,,
2024-12-01,di_10,1s,6,4.21493022686e-07,0.00421877971737,0,86397,daily_bucket,,,,,,,,
2024-12-01,di_10,1s,7,2.59691847897e-06,0.0259740049526,0,86397,daily_bucket,,,,,,,,
2024-12-01,di_10,1s,8,4.94730318739e-06,0.0494780792112,0,86393,daily_bucket,,,,,,,,
2024-12-01,di_10,1s,9,1.02238094387e-05,0.102249254411,0,86399,daily_bucket,,,,,,,,
2024-12-01,di_10,1s,10,2.13918886287e-05,0.213932606239,0,86398,daily_bucket,,,,,,,,
2024-12-01,di_10,1s,,,,,863977,daily_monotonicity,,1,,,,,,
2024-12-01,di_10,1s,,,,,863977,daily_top_bottom,0.422944298682,,,,,,,
2024-12-01,di_5,1s,1,-2.08506656301e-05,-0.208493862855,0,86399,daily_bucket,,,,,,,,
2024-12-01,di_5,1s,2,-8.81178216672e-06,-0.088110463934,0,86399,daily_bucket,,,,,,,,
2024-12-01,di_5,1s,3,-5.16811609091e-06,-0.0516763122756,0,86399,daily_bucket,,,,,,,,
2024-12-01,di_5,1s,4,-2.88542261575e-06,-0.0288500324459,0,86398,daily_bucket,,,,,,,,
2024-12-01,di_5,1s,5,-9.28490423688e-07,-0.00928061722878,0,86398,daily_bucket,,,,,,,,
2024-12-01,di_5,1s,6,2.809537242e-07,0.00281325355838,0,86398,daily_bucket,,,,,,,,
2024-12-01,di_5,1s,7,2.662064167e-06,0.0266249222611,0,86397,daily_bucket,,,,,,,,
2024-12-01,di_5,1s,8,4.94652074155e-06,0.0494707881352,0,86392,daily_bucket,,,,,,,,
2024-12-01,di_5,1s,9,1.00150806599e-05,0.1001598641,0,86399,daily_bucket,,,,,,,,
2024-12-01,di_5,1s,10,2.16698283587e-05,0.216713782601,0,86398,daily_bucket,,,,,,,,
2024-12-01,di_5,1s,,,,,863977,daily_monotonicity,,1,,,,,,
2024-12-01,di_5,1s,,,,,863977,daily_top_bottom,0.425207645455,,,,,,,
2024-12-01,microprice_deviation_bps,1s,1,-2.07715265342e-05,-0.207700838093,0,86399,daily_bucket,,,,,,,,
2024-12-01,microprice_deviation_bps,1s,2,-8.73686961264e-06,-0.087361888184,0,86399,daily_bucket,,,,,,,,
2024-12-01,microprice_deviation_bps,1s,3,-5.40062846784e-06,-0.0540016344509,0,86399,daily_bucket,,,,,,,,
2024-12-01,microprice_deviation_bps,1s,4,-2.62413445989e-06,-0.0262374253525,0,86398,daily_bucket,,,,,,,,
2024-12-01,microprice_deviation_bps,1s,5,-1.17356159851e-06,-0.0117317195687,0,86398,daily_bucket,,,,,,,,
2024-12-01,microprice_deviation_bps,1s,6,2.8827605011e-07,0.00288634933767,0,86398,daily_bucket,,,,,,,,
2024-12-01,microprice_deviation_bps,1s,7,2.56816525769e-06,0.025685288085,0,86397,daily_bucket,,,,,,,,
2024-12-01,microprice_deviation_bps,1s,8,5.11368415693e-06,0.0511417687252,0,86392,daily_bucket,,,,,,,,
2024-12-01,microprice_deviation_bps,1s,9,9.93131357146e-06,0.0993215142089,0,86399,daily_bucket,,,,,,,,
2024-12-01,microprice_deviation_bps,1s,10,2.17352647608e-05,0.21737003115,0,86398,daily_bucket,,,,,,,,
2024-12-01,microprice_deviation_bps,1s,,,,,863977,daily_monotonicity,,1,,,,,,
2024-12-01,microprice_deviation_bps,1s,,,,,863977,daily_top_bottom,0.425070869242,,,,,,,
2024-12-01,ofi_1s,1s,1,-1.76510352473e-05,-0.176496971758,0,86398,daily_bucket,,,,,,,,
2024-12-01,ofi_1s,1s,2,-5.01846203419e-06,-0.0501776374214,0,86397,daily_bucket,,,,,,,,
2024-12-01,ofi_1s,1s,3,-3.19434506148e-06,-0.031937895534,0,86399,daily_bucket,,,,,,,,
2024-12-01,ofi_1s,1s,4,-1.97147545531e-06,-0.019710545102,0,86398,daily_bucket,,,,,,,,
2024-12-01,ofi_1s,1s,5,-7.3930448631e-07,-0.00738976559622,0,86399,daily_bucket,,,,,,,,
2024-12-01,ofi_1s,1s,6,1.05745869859e-06,0.0105784738753,0,86399,daily_bucket,,,,,,,,
2024-12-01,ofi_1s,1s,7,1.49605711754e-06,0.0149646899138,0,86398,daily_bucket,,,,,,,,
2024-12-01,ofi_1s,1s,8,2.88951129531e-06,0.0289010372089,0,86396,daily_bucket,,,,,,,,
2024-12-01,ofi_1s,1s,9,5.60139276579e-06,0.0560217099973,0,86395,daily_bucket,,,,,,,,
2024-12-01,ofi_1s,1s,10,1.8459748171e-05,0.184613977025,0,86398,daily_bucket,,,,,,,,
2024-12-01,ofi_1s,1s,,,,,863977,daily_monotonicity,,1,,,,,,
2024-12-01,ofi_1s,1s,,,,,863977,daily_top_bottom,0.361110948783,,,,,,,
2024-12-01,qi_1,1s,1,-2.0823089211e-05,-0.208217320905,0,86399,daily_bucket,,,,,,,,
2024-12-01,qi_1,1s,2,-8.70271881066e-06,-0.0870201684346,0,86399,daily_bucket,,,,,,,,
2024-12-01,qi_1,1s,3,-5.42811138663e-06,-0.0542763057731,0,86399,daily_bucket,,,,,,,,
2024-12-01,qi_1,1s,4,-2.60199359727e-06,-0.0260156794955,0,86398,daily_bucket,,,,,,,,
2024-12-01,qi_1,1s,5,-1.17152286703e-06,-0.0117112729032,0,86398,daily_bucket,,,,,,,,
2024-12-01,qi_1,1s,6,2.76524311646e-07,0.00276913152679,0,86398,daily_bucket,,,,,,,,
2024-12-01,qi_1,1s,7,2.64980041526e-06,0.0265021652999,0,86397,daily_bucket,,,,,,,,
2024-12-01,qi_1,1s,8,5.14917626288e-06,0.0514969333731,0,86392,daily_bucket,,,,,,,,
2024-12-01,qi_1,1s,9,9.98896638812e-06,0.099898514572,0,86399,daily_bucket,,,,,,,,
2024-12-01,qi_1,1s,10,2.15929548806e-05,0.215945481241,0,86398,daily_bucket,,,,,,,,
2024-12-01,qi_1,1s,,,,,863977,daily_monotonicity,,1,,,,,,
2024-12-01,qi_1,1s,,,,,863977,daily_top_bottom,0.424162802146,,,,,,,
2024-12-01,trade_imbalance_1s,1s,1,-2.37748371995e-06,-0.0237701634214,0,83612,daily_bucket,,,,,,,,
2024-12-01,trade_imbalance_1s,1s,2,-7.34619712965e-06,-0.0734550294252,0,83610,daily_bucket,,,,,,,,
2024-12-01,trade_imbalance_1s,1s,3,-5.79630912616e-06,-0.0579555100846,0,83612,daily_bucket,,,,,,,,
2024-12-01,trade_imbalance_1s,1s,4,-3.3548938427e-06,-0.0335430357665,0,83609,daily_bucket,,,,,,,,
2024-12-01,trade_imbalance_1s,1s,5,-8.84856937409e-07,-0.0088419833913,0,83611,daily_bucket,,,,,,,,
2024-12-01,trade_imbalance_1s,1s,6,3.13760524811e-07,0.00314648420413,0,83605,daily_bucket,,,,,,,,
2024-12-01,trade_imbalance_1s,1s,7,2.2264827141e-06,0.0222725438176,0,83611,daily_bucket,,,,,,,,
2024-12-01,trade_imbalance_1s,1s,8,4.94383001492e-06,0.0494463909346,0,83612,daily_bucket,,,,,,,,
2024-12-01,trade_imbalance_1s,1s,9,1.05058578295e-05,0.105071043837,0,83611,daily_bucket,,,,,,,,
2024-12-01,trade_imbalance_1s,1s,10,2.63938387733e-06,0.0263977641896,0,83611,daily_bucket,,,,,,,,
2024-12-01,trade_imbalance_1s,1s,,,,,836104,daily_monotonicity,,0.890909090909,,,,,,
2024-12-01,trade_imbalance_1s,1s,,,,,836104,daily_top_bottom,0.050167927611,,,,,,,
2024-12-01,di_10,30s,1,-9.01071697913e-05,-0.900608375754,-0.776365540866,86361,daily_bucket,,,,,,,,
2024-12-01,di_10,30s,2,-7.10857758817e-05,-0.710490174685,-0.413745968375,86334,daily_bucket,,,,,,,,
2024-12-01,di_10,30s,3,-4.82989094066e-05,-0.48263042415,-0.0690622861936,86399,daily_bucket,,,,,,,,
2024-12-01,di_10,30s,4,-2.51731860024e-05,-0.251373997657,0,86350,daily_bucket,,,,,,,,
2024-12-01,di_10,30s,5,-7.1729269495e-06,-0.0713654539768,0,86358,daily_bucket,,,,,,,,
2024-12-01,di_10,30s,6,7.76110531961e-06,0.0779032971062,0,86352,daily_bucket,,,,,,,,
2024-12-01,di_10,30s,7,2.40099578303e-05,0.240407759733,0,86378,daily_bucket,,,,,,,,
2024-12-01,di_10,30s,8,5.27587017672e-05,0.527896889648,0.186644149087,86368,daily_bucket,,,,,,,,
2024-12-01,di_10,30s,9,7.40087800914e-05,0.740443407162,0.624039153764,86395,daily_bucket,,,,,,,,
2024-12-01,di_10,30s,10,0.00011211675488,1.12158992604,0.961072066549,86392,daily_bucket,,,,,,,,
2024-12-01,di_10,30s,,,,,863687,daily_monotonicity,,1,,,,,,
2024-12-01,di_10,30s,,,,,863687,daily_top_bottom,2.0221983018,,,,,,,
2024-12-01,di_5,30s,1,-9.10718437554e-05,-0.910252737509,-0.807548144264,86343,daily_bucket,,,,,,,,
2024-12-01,di_5,30s,2,-6.92434233667e-05,-0.692072806183,-0.402398606336,86352,daily_bucket,,,,,,,,
2024-12-01,di_5,30s,3,-4.76619598048e-05,-0.476249085596,-0.0422158133126,86386,daily_bucket,,,,,,,,
2024-12-01,di_5,30s,4,-2.57597611371e-05,-0.257250758424,0,86377,daily_bucket,,,,,,,,
2024-12-01,di_5,30s,5,-8.01135217941e-06,-0.0797447742792,0,86347,daily_bucket,,,,,,,,
2024-12-01,di_5,30s,6,7.42819531857e-06,0.0745739936981,0,86351,daily_bucket,,,,,,,,
2024-12-01,di_5,30s,7,2.56250515591e-05,0.256549481287,0,86376,daily_bucket,,,,,,,,
2024-12-01,di_5,30s,8,5.1221779689e-05,0.512531427194,0.233859515519,86368,daily_bucket,,,,,,,,
2024-12-01,di_5,30s,9,7.40307258887e-05,0.74065882145,0.618335250534,86395,daily_bucket,,,,,,,,
2024-12-01,di_5,30s,10,0.000112255813284,1.12298824649,0.972769917268,86392,daily_bucket,,,,,,,,
2024-12-01,di_5,30s,,,,,863687,daily_monotonicity,,1,,,,,,
2024-12-01,di_5,30s,,,,,863687,daily_top_bottom,2.033240984,,,,,,,
2024-12-01,microprice_deviation_bps,30s,1,-9.22369103985e-05,-0.921902526879,-0.810985976943,86340,daily_bucket,,,,,,,,
2024-12-01,microprice_deviation_bps,30s,2,-6.86245868215e-05,-0.685884890657,-0.413883219893,86355,daily_bucket,,,,,,,,
2024-12-01,microprice_deviation_bps,30s,3,-4.71160950859e-05,-0.470791917285,-0.0259270461664,86365,daily_bucket,,,,,,,,
2024-12-01,microprice_deviation_bps,30s,4,-2.39528984634e-05,-0.23914419186,0,86398,daily_bucket,,,,,,,,
2024-12-01,microprice_deviation_bps,30s,5,-8.33339433458e-06,-0.0829966388973,0,86347,daily_bucket,,,,,,,,
2024-12-01,microprice_deviation_bps,30s,6,4.67727966651e-06,0.0470649828038,0,86355,daily_bucket,,,,,,,,
2024-12-01,microprice_deviation_bps,30s,7,2.71397207651e-05,0.27170005938,0,86368,daily_bucket,,,,,,,,
2024-12-01,microprice_deviation_bps,30s,8,5.19271837522e-05,0.519574875146,0.198496165566,86372,daily_bucket,,,,,,,,
2024-12-01,microprice_deviation_bps,30s,9,7.18894790183e-05,0.719244639071,0.597158113233,86395,daily_bucket,,,,,,,,
2024-12-01,microprice_deviation_bps,30s,10,0.000113435944247,1.13479237442,0.976533870554,86392,daily_bucket,,,,,,,,
2024-12-01,microprice_deviation_bps,30s,,,,,863687,daily_monotonicity,,1,,,,,,
2024-12-01,microprice_deviation_bps,30s,,,,,863687,daily_top_bottom,2.0566949013,,,,,,,
2024-12-01,ofi_30s,30s,1,-3.47049260847e-05,-0.346487583445,-0.200177590542,86343,daily_bucket,,,,,,,,
2024-12-01,ofi_30s,30s,2,-1.44451093919e-05,-0.144007881111,-0.0020564714251,86313,daily_bucket,,,,,,,,
2024-12-01,ofi_30s,30s,3,-2.66680978701e-05,-0.266307699402,-0.00103223094681,86395,daily_bucket,,,,,,,,
2024-12-01,ofi_30s,30s,4,-2.49795290199e-05,-0.249462864357,0,86388,daily_bucket,,,,,,,,
2024-12-01,ofi_30s,30s,5,-1.13569466467e-05,-0.113308781147,0,86397,daily_bucket,,,,,,,,
2024-12-01,ofi_30s,30s,6,9.18745537979e-06,0.092120222508,0,86398,daily_bucket,,,,,,,,
2024-12-01,ofi_30s,30s,7,2.47731675878e-05,0.247997626766,0,86397,daily_bucket,,,,,,,,
2024-12-01,ofi_30s,30s,8,2.61925036253e-05,0.262226003943,0,86394,daily_bucket,,,,,,,,
2024-12-01,ofi_30s,30s,9,3.11640313192e-05,0.31202400719,0.0845709701791,86342,daily_bucket,,,,,,,,
2024-12-01,ofi_30s,30s,10,4.97507714707e-05,0.497939981631,0.414851712033,86320,daily_bucket,,,,,,,,
2024-12-01,ofi_30s,30s,,,,,863687,daily_monotonicity,,0.963636363636,,,,,,
2024-12-01,ofi_30s,30s,,,,,863687,daily_top_bottom,0.844427565076,,,,,,,
2024-12-01,qi_1,30s,1,-9.31734857177e-05,-0.931269853499,-0.813712196136,86338,daily_bucket,,,,,,,,
2024-12-01,qi_1,30s,2,-6.81634167611e-05,-0.68126979666,-0.412031293159,86357,daily_bucket,,,,,,,,
2024-12-01,qi_1,30s,3,-4.6759257846e-05,-0.467227141701,-0.0259270461664,86365,daily_bucket,,,,,,,,
2024-12-01,qi_1,30s,4,-2.40889291242e-05,-0.240502877773,0,86398,daily_bucket,,,,,,,,
2024-12-01,qi_1,30s,5,-8.1484679559e-06,-0.0811474547496,0,86347,daily_bucket,,,,,,,,
2024-12-01,qi_1,30s,6,4.87846290173e-06,0.0490776266555,0,86355,daily_bucket,,,,,,,,
2024-12-01,qi_1,30s,7,2.73087347357e-05,0.273390973026,0,86368,daily_bucket,,,,,,,,
2024-12-01,qi_1,30s,8,5.2157922171e-05,0.521882499059,0.198960898359,86373,daily_bucket,,,,,,,,
2024-12-01,qi_1,30s,9,7.168171158e-05,0.717167288141,0.597158113233,86394,daily_bucket,,,,,,,,
2024-12-01,qi_1,30s,10,0.000113112140181,1.13155242365,0.974416901892,86392,daily_bucket,,,,,,,,
2024-12-01,qi_1,30s,,,,,863687,daily_monotonicity,,1,,,,,,
2024-12-01,qi_1,30s,,,,,863687,daily_top_bottom,2.06282227715,,,,,,,
2024-12-01,trade_imbalance_30s,30s,1,-4.49479071145e-05,-0.449146013122,0,86399,daily_bucket,,,,,,,,
2024-12-01,trade_imbalance_30s,30s,2,-1.13840432351e-05,-0.113468900026,0,86399,daily_bucket,,,,,,,,
2024-12-01,trade_imbalance_30s,30s,3,-8.0250649647e-06,-0.0798547323601,0,86399,daily_bucket,,,,,,,,
2024-12-01,trade_imbalance_30s,30s,4,-6.340016609e-07,-0.00595323936785,0,86398,daily_bucket,,,,,,,,
2024-12-01,trade_imbalance_30s,30s,5,-4.04498547434e-06,-0.0400391569752,0,86299,daily_bucket,,,,,,,,
2024-12-01,trade_imbalance_30s,30s,6,-1.2755291137e-06,-0.0123673010697,0,86286,daily_bucket,,,,,,,,
2024-12-01,trade_imbalance_30s,30s,7,1.68608964251e-05,0.169021344122,0,86311,daily_bucket,,,,,,,,
2024-12-01,trade_imbalance_30s,30s,8,1.04716220793e-05,0.105033040366,0,86399,daily_bucket,,,,,,,,
2024-12-01,trade_imbalance_30s,30s,9,2.98026132186e-05,0.298300293537,0,86399,daily_bucket,,,,,,,,
2024-12-01,trade_imbalance_30s,30s,10,4.20743279623e-05,0.421053640224,0.00207176608062,86398,daily_bucket,,,,,,,,
2024-12-01,trade_imbalance_30s,30s,,,,,863687,daily_monotonicity,,0.951515151515,,,,,,
2024-12-01,trade_imbalance_30s,30s,,,,,863687,daily_top_bottom,0.870199653346,,,,,,,
2024-12-01,di_10,500ms,1,-1.23410222769e-05,-0.123403951891,0,86399,daily_bucket,,,,,,,,
2024-12-01,di_10,500ms,2,-4.43321790636e-06,-0.0443288812564,0,86399,daily_bucket,,,,,,,,
2024-12-01,di_10,500ms,3,-2.54549745042e-06,-0.0254525048504,0,86399,daily_bucket,,,,,,,,
2024-12-01,di_10,500ms,4,-1.26707141147e-06,-0.012668942827,0,86398,daily_bucket,,,,,,,,
2024-12-01,di_10,500ms,5,-4.08413029076e-07,-0.00408259569648,0,86398,daily_bucket,,,,,,,,
2024-12-01,di_10,500ms,6,1.40263222868e-07,0.00140414814299,0,86397,daily_bucket,,,,,,,,
2024-12-01,di_10,500ms,7,1.08102737583e-06,0.0108125206585,0,86397,daily_bucket,,,,,,,,
2024-12-01,di_10,500ms,8,2.21220494393e-06,0.0221239506048,0,86398,daily_bucket,,,,,,,,
2024-12-01,di_10,500ms,9,5.23711935596e-06,0.0523761347396,0,86399,daily_bucket,,,,,,,,
2024-12-01,di_10,500ms,10,1.27894388949e-05,0.127901178988,0,86398,daily_bucket,,,,,,,,
2024-12-01,di_10,500ms,,,,,863982,daily_monotonicity,,1,,,,,,
2024-12-01,di_10,500ms,,,,,863982,daily_top_bottom,0.25130513088,,,,,,,
2024-12-01,di_5,500ms,1,-1.23132483503e-05,-0.123125899436,0,86399,daily_bucket,,,,,,,,
2024-12-01,di_5,500ms,2,-4.46412474865e-06,-0.0446380656856,0,86399,daily_bucket,,,,,,,,
2024-12-01,di_5,500ms,3,-2.53922483411e-06,-0.0253899505316,0,86399,daily_bucket,,,,,,,,
2024-12-01,di_5,500ms,4,-1.29390180804e-06,-0.0129372366819,0,86398,daily_bucket,,,,,,,,
2024-12-01,di_5,500ms,5,-4.03067787199e-07,-0.00402904333155,0,86398,daily_bucket,,,,,,,,
2024-12-01,di_5,500ms,6,3.75706031804e-08,0.000377189370067,0,86398,daily_bucket,,,,,,,,
2024-12-01,di_5,500ms,7,1.18098548348e-06,0.011811775637,0,86397,daily_bucket,,,,,,,,
2024-12-01,di_5,500ms,8,2.13544439217e-06,0.0213566724207,0,86397,daily_bucket,,,,,,,,
2024-12-01,di_5,500ms,9,5.16704303643e-06,0.0516747206868,0,86399,daily_bucket,,,,,,,,
2024-12-01,di_5,500ms,10,1.2957380757e-05,0.129581144422,0,86398,daily_bucket,,,,,,,,
2024-12-01,di_5,500ms,,,,,863982,daily_monotonicity,,1,,,,,,
2024-12-01,di_5,500ms,,,,,863982,daily_top_bottom,0.252707043859,,,,,,,
2024-12-01,microprice_deviation_bps,500ms,1,-1.21870880475e-05,-0.121862744105,0,86399,daily_bucket,,,,,,,,
2024-12-01,microprice_deviation_bps,500ms,2,-4.40165992118e-06,-0.0440136931295,0,86399,daily_bucket,,,,,,,,
2024-12-01,microprice_deviation_bps,500ms,3,-2.65906378661e-06,-0.0265887226799,0,86399,daily_bucket,,,,,,,,
2024-12-01,microprice_deviation_bps,500ms,4,-1.2455750333e-06,-0.0124541716722,0,86398,daily_bucket,,,,,,,,
2024-12-01,microprice_deviation_bps,500ms,5,-4.83950359367e-07,-0.00483812761093,0,86398,daily_bucket,,,,,,,,
2024-12-01,microprice_deviation_bps,500ms,6,6.17449471116e-08,0.000618870925536,0,86398,daily_bucket,,,,,,,,
2024-12-01,microprice_deviation_bps,500ms,7,1.05423481803e-06,0.0105436539541,0,86397,daily_bucket,,,,,,,,
2024-12-01,microprice_deviation_bps,500ms,8,2.28635781237e-06,0.0228653801873,0,86397,daily_bucket,,,,,,,,
2024-12-01,microprice_deviation_bps,500ms,9,5.01305447136e-06,0.0501341478417,0,86399,daily_bucket,,,,,,,,
2024-12-01,microprice_deviation_bps,500ms,10,1.30268031088e-05,0.130276725803,0,86398,daily_bucket,,,,,,,,
2024-12-01,microprice_deviation_bps,500ms,,,,,863982,daily_monotonicity,,1,,,,,,
2024-12-01,microprice_deviation_bps,500ms,,,,,863982,daily_top_bottom,0.252139469909,,,,,,,
2024-12-01,ofi_500ms,500ms,1,-8.97342195104e-06,-0.0897281760798,0,86396,daily_bucket,,,,,,,,
2024-12-01,ofi_500ms,500ms,2,-2.60688585219e-06,-0.0260659001444,0,86399,daily_bucket,,,,,,,,
2024-12-01,ofi_500ms,500ms,3,-1.7039572557e-06,-0.0170367462669,0,86397,daily_bucket,,,,,,,,
2024-12-01,ofi_500ms,500ms,4,-9.34154501333e-07,-0.00933937655919,0,86398,daily_bucket,,,,,,,,
2024-12-01,ofi_500ms,500ms,5,-2.22938174014e-07,-0.0022279560715,0,86399,daily_bucket,,,,,,,,
2024-12-01,ofi_500ms,500ms,6,3.68497366607e-07,0.00368641231867,0,86399,daily_bucket,,,,,,,,
2024-12-01,ofi_500ms,500ms,7,7.55472808389e-07,0.00755670149988,0,86398,daily_bucket,,,,,,,,
2024-12-01,ofi_500ms,500ms,8,1.48725006953e-06,0.01487505216,0,86399,daily_bucket,,,,,,,,
2024-12-01,ofi_500ms,500ms,9,2.51789690656e-06,0.0251831872812,0,86399,daily_bucket,,,,,,,,
2024-12-01,ofi_500ms,500ms,10,9.77664985606e-06,0.0977736341896,0,86398,daily_bucket,,,,,,,,
2024-12-01,ofi_500ms,500ms,,,,,863982,daily_monotonicity,,1,,,,,,
2024-12-01,ofi_500ms,500ms,,,,,863982,daily_top_bottom,0.187501810269,,,,,,,
2024-12-01,qi_1,500ms,1,-1.22859086714e-05,-0.122851933757,0,86399,daily_bucket,,,,,,,,
2024-12-01,qi_1,500ms,2,-4.35035804001e-06,-0.0435003853626,0,86399,daily_bucket,,,,,,,,
2024-12-01,qi_1,500ms,3,-2.67018385127e-06,-0.0266996566545,0,86399,daily_bucket,,,,,,,,
2024-12-01,qi_1,500ms,4,-1.23125539562e-06,-0.0123107745536,0,86398,daily_bucket,,,,,,,,
2024-12-01,qi_1,500ms,5,-4.61483049266e-07,-0.00461339860515,0,86398,daily_bucket,,,,,,,,
2024-12-01,qi_1,500ms,6,8.80054295427e-08,0.000881839755953,0,86398,daily_bucket,,,,,,,,
2024-12-01,qi_1,500ms,7,1.10094998844e-06,0.0110109503707,0,86397,daily_bucket,,,,,,,,
2024-12-01,qi_1,500ms,8,2.3032009345e-06,0.0230339728815,0,86397,daily_bucket,,,,,,,,
2024-12-01,qi_1,500ms,9,5.04853231666e-06,0.0504893148789,0,86399,daily_bucket,,,,,,,,
2024-12-01,qi_1,500ms,10,1.29233593519e-05,0.129241400601,0,86398,daily_bucket,,,,,,,,
2024-12-01,qi_1,500ms,,,,,863982,daily_monotonicity,,1,,,,,,
2024-12-01,qi_1,500ms,,,,,863982,daily_top_bottom,0.252093334358,,,,,,,
2024-12-01,trade_imbalance_500ms,500ms,1,-2.19543713708e-06,-0.0219518810105,0,73289,daily_bucket,,,,,,,,
2024-12-01,trade_imbalance_500ms,500ms,2,-1.28721378764e-06,-0.0128696515202,0,73288,daily_bucket,,,,,,,,
2024-12-01,trade_imbalance_500ms,500ms,3,-3.43009907488e-06,-0.0342980431912,0,73288,daily_bucket,,,,,,,,
2024-12-01,trade_imbalance_500ms,500ms,4,-3.95552640887e-06,-0.0395514023328,0,73285,daily_bucket,,,,,,,,
2024-12-01,trade_imbalance_500ms,500ms,5,-1.21729959807e-06,-0.0121695144983,0,73289,daily_bucket,,,,,,,,
2024-12-01,trade_imbalance_500ms,500ms,6,2.90141269402e-07,0.00290740041568,0,73288,daily_bucket,,,,,,,,
2024-12-01,trade_imbalance_500ms,500ms,7,2.12618789421e-06,0.0212659555217,0,73289,daily_bucket,,,,,,,,
2024-12-01,trade_imbalance_500ms,500ms,8,6.89213034163e-06,0.068927474199,0,73288,daily_bucket,,,,,,,,
2024-12-01,trade_imbalance_500ms,500ms,9,1.37930086254e-06,0.013794815534,0,73289,daily_bucket,,,,,,,,
2024-12-01,trade_imbalance_500ms,500ms,10,1.86295138971e-06,0.0186320933919,0,73288,daily_bucket,,,,,,,,
2024-12-01,trade_imbalance_500ms,500ms,,,,,732881,daily_monotonicity,,0.793939393939,,,,,,
2024-12-01,trade_imbalance_500ms,500ms,,,,,732881,daily_top_bottom,0.0405839744024,,,,,,,
2024-12-01,di_10,5s,1,-5.61733821348e-05,-0.561665884785,-0.311558676824,86399,daily_bucket,,,,,,,,
2024-12-01,di_10,5s,2,-3.18677732501e-05,-0.318630420196,0,86399,daily_bucket,,,,,,,,
2024-12-01,di_10,5s,3,-2.14150606191e-05,-0.214108044833,0,86399,daily_bucket,,,,,,,,
2024-12-01,di_10,5s,4,-1.05290183791e-05,-0.105237987714,0,86398,daily_bucket,,,,,,,,
2024-12-01,di_10,5s,5,-4.02108858286e-06,-0.0401758608439,0,86390,daily_bucket,,,,,,,,
2024-12-01,di_10,5s,6,2.70415977512e-06,0.0270740698242,0,86373,daily_bucket,,,,,,,,
2024-12-01,di_10,5s,7,1.07468052921e-05,0.107505232873,0,86390,daily_bucket,,,,,,,,
2024-12-01,di_10,5s,8,2.21239383896e-05,0.221280415871,0,86393,daily_bucket,,,,,,,,
2024-12-01,di_10,5s,9,3.49054135437e-05,0.349115524802,0,86398,daily_bucket,,,,,,,,
2024-12-01,di_10,5s,10,5.81754874507e-05,0.581824135701,0.342882913339,86398,daily_bucket,,,,,,,,
2024-12-01,di_10,5s,,,,,863937,daily_monotonicity,,1,,,,,,
2024-12-01,di_10,5s,,,,,863937,daily_top_bottom,1.14349002049,,,,,,,
2024-12-01,di_5,5s,1,-5.6815730805e-05,-0.568089253073,-0.320248306739,86399,daily_bucket,,,,,,,,
2024-12-01,di_5,5s,2,-3.09050099491e-05,-0.309003881194,0,86399,daily_bucket,,,,,,,,
2024-12-01,di_5,5s,3,-2.15713582108e-05,-0.215671470002,0,86399,daily_bucket,,,,,,,,
2024-12-01,di_5,5s,4,-1.0899470646e-05,-0.108941567234,0,86398,daily_bucket,,,,,,,,
2024-12-01,di_5,5s,5,-4.06271578317e-06,-0.0405918986764,0,86393,daily_bucket,,,,,,,,
2024-12-01,di_5,5s,6,2.46501796357e-06,0.024682388041,0,86372,daily_bucket,,,,,,,,
2024-12-01,di_5,5s,7,1.13523083435e-05,0.113559986436,0,86389,daily_bucket,,,,,,,,
2024-12-01,di_5,5s,8,2.16258053623e-05,0.216299665684,0,86392,daily_bucket,,,,,,,,
2024-12-01,di_5,5s,9,3.48958166141e-05,0.349016751564,0,86398,daily_bucket,,,,,,,,
2024-12-01,di_5,5s,10,5.85653221834e-05,0.585725495055,0.344086287363,86398,daily_bucket,,,,,,,,
2024-12-01,di_5,5s,,,,,863937,daily_monotonicity,,1,,,,,,
2024-12-01,di_5,5s,,,,,863937,daily_top_bottom,1.15381474813,,,,,,,
2024-12-01,microprice_deviation_bps,5s,1,-5.64939114709e-05,-0.564869050149,-0.320248306739,86399,daily_bucket,,,,,,,,
2024-12-01,microprice_deviation_bps,5s,2,-3.10077070177e-05,-0.310031545588,0,86399,daily_bucket,,,,,,,,
2024-12-01,microprice_deviation_bps,5s,3,-2.15758811238e-05,-0.215717892869,0,86399,daily_bucket,,,,,,,,
2024-12-01,microprice_deviation_bps,5s,4,-1.04814880566e-05,-0.104762716026,0,86398,daily_bucket,,,,,,,,
2024-12-01,microprice_deviation_bps,5s,5,-5.02874547784e-06,-0.0502522703775,0,86393,daily_bucket,,,,,,,,
2024-12-01,microprice_deviation_bps,5s,6,2.44953985011e-06,0.0245297994866,0,86377,daily_bucket,,,,,,,,
2024-12-01,microprice_deviation_bps,5s,7,1.12975404202e-05,0.113010300643,0,86384,daily_bucket,,,,,,,,
2024-12-01,microprice_deviation_bps,5s,8,2.20805500153e-05,0.220846020907,0,86392,daily_bucket,,,,,,,,
2024-12-01,microprice_deviation_bps,5s,9,3.49277405489e-05,0.349334867159,0,86398,daily_bucket,,,,,,,,
2024-12-01,microprice_deviation_bps,5s,10,5.84828222616e-05,0.584903452578,0.339736426954,86398,daily_bucket,,,,,,,,
2024-12-01,microprice_deviation_bps,5s,,,,,863937,daily_monotonicity,,1,,,,,,
2024-12-01,microprice_deviation_bps,5s,,,,,863937,daily_top_bottom,1.14977250273,,,,,,,
2024-12-01,ofi_5s,5s,1,-4.00898409418e-05,-0.400812746257,-0.0545924480619,86399,daily_bucket,,,,,,,,
2024-12-01,ofi_5s,5s,2,-2.64828892558e-05,-0.264775159515,0,86399,daily_bucket,,,,,,,,
2024-12-01,ofi_5s,5s,3,-1.28926946316e-05,-0.128889784909,0,86399,daily_bucket,,,,,,,,
2024-12-01,ofi_5s,5s,4,-7.67860636594e-06,-0.076756235713,0,86397,daily_bucket,,,,,,,,
2024-12-01,ofi_5s,5s,5,-3.30616645257e-06,-0.0330348042303,0,86397,daily_bucket,,,,,,,,
2024-12-01,ofi_5s,5s,6,3.93267692224e-06,0.0393512966894,0,86396,daily_bucket,,,,,,,,
2024-12-01,ofi_5s,5s,7,1.05887263117e-05,0.105929179297,0,86381,daily_bucket,,,,,,,,
2024-12-01,ofi_5s,5s,8,1.79502238466e-05,0.179544621175,0,86372,daily_bucket,,,,,,,,
2024-12-01,ofi_5s,5s,9,3.15105905398e-05,0.315174106037,0,86399,daily_bucket,,,,,,,,
2024-12-01,ofi_5s,5s,10,3.11215132724e-05,0.311291228486,0,86398,daily_bucket,,,,,,,,
2024-12-01,ofi_5s,5s,,,,,863937,daily_monotonicity,,0.987878787879,,,,,,
2024-12-01,ofi_5s,5s,,,,,863937,daily_top_bottom,0.712103974743,,,,,,,
2024-12-01,qi_1,5s,1,-5.6712441072e-05,-0.567055457188,-0.319228431061,86399,daily_bucket,,,,,,,,
2024-12-01,qi_1,5s,2,-3.0878160653e-05,-0.308735348149,0,86399,daily_bucket,,,,,,,,
2024-12-01,qi_1,5s,3,-2.15541184969e-05,-0.215500308083,0,86399,daily_bucket,,,,,,,,
2024-12-01,qi_1,5s,4,-1.04787255212e-05,-0.104734784193,0,86398,daily_bucket,,,,,,,,
2024-12-01,qi_1,5s,5,-4.96103932151e-06,-0.0495751355514,0,86393,daily_bucket,,,,,,,,
2024-12-01,qi_1,5s,6,2.47667482213e-06,0.0248014969062,0,86377,daily_bucket,,,,,,,,
2024-12-01,qi_1,5s,7,1.14004767051e-05,0.114040227548,0,86384,daily_bucket,,,,,,,,
2024-12-01,qi_1,5s,8,2.21187295411e-05,0.221228286292,0,86392,daily_bucket,,,,,,,,
2024-12-01,qi_1,5s,9,3.4845944703e-05,0.34851731457,0,86398,daily_bucket,,,,,,,,
2024-12-01,qi_1,5s,10,5.83931498657e-05,0.584004980062,0.339867176818,86398,daily_bucket,,,,,,,,
2024-12-01,qi_1,5s,,,,,863937,daily_monotonicity,,1,,,,,,
2024-12-01,qi_1,5s,,,,,863937,daily_top_bottom,1.15106043725,,,,,,,
2024-12-01,trade_imbalance_5s,5s,1,-2.12907570479e-05,-0.212855583799,0,86399,daily_bucket,,,,,,,,
2024-12-01,trade_imbalance_5s,5s,2,-1.46066192637e-05,-0.146022438303,0,86399,daily_bucket,,,,,,,,
2024-12-01,trade_imbalance_5s,5s,3,-1.11293740043e-05,-0.111252678554,0,86399,daily_bucket,,,,,,,,
2024-12-01,trade_imbalance_5s,5s,4,-5.63471297015e-06,-0.0563028768993,0,86398,daily_bucket,,,,,,,,
2024-12-01,trade_imbalance_5s,5s,5,-3.99757267041e-06,-0.039929221067,0,86396,daily_bucket,,,,,,,,
2024-12-01,trade_imbalance_5s,5s,6,2.43181739174e-06,0.0243703535839,0,86399,daily_bucket,,,,,,,,
2024-12-01,trade_imbalance_5s,5s,7,7.92535901375e-06,0.0793126437174,0,86396,daily_bucket,,,,,,,,
2024-12-01,trade_imbalance_5s,5s,8,1.2865442623e-05,0.128706591824,0,86369,daily_bucket,,,,,,,,
2024-12-01,trade_imbalance_5s,5s,9,1.60324619464e-05,0.160370420717,0,86384,daily_bucket,,,,,,,,
2024-12-01,trade_imbalance_5s,5s,10,2.20570073499e-05,0.220619686868,0,86398,daily_bucket,,,,,,,,
2024-12-01,trade_imbalance_5s,5s,,,,,863937,daily_monotonicity,,1,,,,,,
2024-12-01,trade_imbalance_5s,5s,,,,,863937,daily_top_bottom,0.433475270667,,,,,,,
2025-01-01,di_10,100ms,1,-3.23395983726e-06,-0.0323383068911,0,86400,daily_bucket,,,,,,,,
2025-01-01,di_10,100ms,2,-6.42270476076e-07,-0.00642232601873,0,86399,daily_bucket,,,,,,,,
2025-01-01,di_10,100ms,3,-3.37954199913e-07,-0.00337928897254,0,86399,daily_bucket,,,,,,,,
2025-01-01,di_10,100ms,4,-1.84915324696e-07,-0.00184894436246,0,86399,daily_bucket,,,,,,,,
2025-01-01,di_10,100ms,5,-6.50879439463e-09,-6.49584751859e-05,0,86399,daily_bucket,,,,,,,,
2025-01-01,di_10,100ms,6,4.20153722442e-08,0.000420290040666,0,86400,daily_bucket,,,,,,,,
2025-01-01,di_10,100ms,7,1.70663856969e-07,0.00170684018729,0,86399,daily_bucket,,,,,,,,
2025-01-01,di_10,100ms,8,3.3841697179e-07,0.00338440454547,0,86398,daily_bucket,,,,,,,,
2025-01-01,di_10,100ms,9,6.29878345593e-07,0.00629914292854,0,86399,daily_bucket,,,,,,,,
2025-01-01,di_10,100ms,10,3.34963749486e-06,0.0334977842539,0,86399,daily_bucket,,,,,,,,
2025-01-01,di_10,100ms,,,,,863991,daily_monotonicity,,1,,,,,,
2025-01-01,di_10,100ms,,,,,863991,daily_top_bottom,0.0658360911449,,,,,,,
2025-01-01,di_5,100ms,1,-3.28772198302e-06,-0.0328759143272,0,86400,daily_bucket,,,,,,,,
2025-01-01,di_5,100ms,2,-5.99397459721e-07,-0.00599359260766,0,86399,daily_bucket,,,,,,,,
2025-01-01,di_5,100ms,3,-3.3217965191e-07,-0.00332154420332,0,86399,daily_bucket,,,,,,,,
2025-01-01,di_5,100ms,4,-1.84842166489e-07,-0.00184821946463,0,86399,daily_bucket,,,,,,,,
2025-01-01,di_5,100ms,5,-2.47503296022e-09,-2.46294144959e-05,0,86399,daily_bucket,,,,,,,,
2025-01-01,di_5,100ms,6,4.74137254818e-08,0.000474270319328,0,86400,daily_bucket,,,,,,,,
2025-01-01,di_5,100ms,7,1.60836577883e-07,0.00160857302979,0,86399,daily_bucket,,,,,,,,
2025-01-01,di_5,100ms,8,3.2303947071e-07,0.00323063530214,0,86398,daily_bucket,,,,,,,,
2025-01-01,di_5,100ms,9,5.84017235317e-07,0.00584051797937,0,86399,daily_bucket,,,,,,,,
2025-01-01,di_5,100ms,10,3.41631307561e-06,0.0341645444404,0,86399,daily_bucket,,,,,,,,
2025-01-01,di_5,100ms,,,,,863991,daily_monotonicity,,1,,,,,,
2025-01-01,di_5,100ms,,,,,863991,daily_top_bottom,0.0670404587676,,,,,,,
2025-01-01,microprice_deviation_bps,100ms,1,-3.33778525048e-06,-0.0333765256992,0,86400,daily_bucket,,,,,,,,
2025-01-01,microprice_deviation_bps,100ms,2,-5.43549068e-07,-0.00543512937477,0,86399,daily_bucket,,,,,,,,
2025-01-01,microprice_deviation_bps,100ms,3,-3.2941818867e-07,-0.00329392545358,0,86399,daily_bucket,,,,,,,,
2025-01-01,microprice_deviation_bps,100ms,4,-1.78865390745e-07,-0.00178846372672,0,86399,daily_bucket,,,,,,,,
2025-01-01,microprice_deviation_bps,100ms,5,-6.3062750093e-09,-6.29273738964e-05,0,86399,daily_bucket,,,,,,,,
2025-01-01,microprice_deviation_bps,100ms,6,5.13101811164e-08,0.000513223477626,0,86400,daily_bucket,,,,,,,,
2025-01-01,microprice_deviation_bps,100ms,7,1.55988324619e-07,0.00156009699587,0,86399,daily_bucket,,,,,,,,
2025-01-01,microprice_deviation_bps,100ms,8,2.98460976244e-07,0.0029848377819,0,86398,daily_bucket,,,,,,,,
2025-01-01,microprice_deviation_bps,100ms,9,5.50557257363e-07,0.00550589570287,0,86399,daily_bucket,,,,,,,,
2025-01-01,microprice_deviation_bps,100ms,10,3.46461147434e-06,0.034647561222,0,86399,daily_bucket,,,,,,,,
2025-01-01,microprice_deviation_bps,100ms,,,,,863991,daily_monotonicity,,1,,,,,,
2025-01-01,microprice_deviation_bps,100ms,,,,,863991,daily_top_bottom,0.0680240869213,,,,,,,
2025-01-01,ofi_100ms,100ms,1,-2.32769554668e-06,-0.0232759051914,0,86400,daily_bucket,,,,,,,,
2025-01-01,ofi_100ms,100ms,2,-3.91950072012e-07,-0.0039191096466,0,86399,daily_bucket,,,,,,,,
2025-01-01,ofi_100ms,100ms,3,-8.1499854454e-08,-0.000814712985917,0,86399,daily_bucket,,,,,,,,
2025-01-01,ofi_100ms,100ms,4,-5.46947883633e-10,-5.20327704688e-06,0,86399,daily_bucket,,,,,,,,
2025-01-01,ofi_100ms,100ms,5,-2.50719738055e-08,-0.000250525155866,0,86399,daily_bucket,,,,,,,,
2025-01-01,ofi_100ms,100ms,6,6.94978292095e-08,0.000695230349689,0,86400,daily_bucket,,,,,,,,
2025-01-01,ofi_100ms,100ms,7,3.63306425849e-09,3.67132948266e-05,0,86398,daily_bucket,,,,,,,,
2025-01-01,ofi_100ms,100ms,8,4.696796345e-08,0.000469931667586,0,86399,daily_bucket,,,,,,,,
2025-01-01,ofi_100ms,100ms,9,3.23283682787e-07,0.00323321082655,0,86399,daily_bucket,,,,,,,,
2025-01-01,ofi_100ms,100ms,10,2.50837058201e-06,0.0250848605348,0,86399,daily_bucket,,,,,,,,
2025-01-01,ofi_100ms,100ms,,,,,863991,daily_monotonicity,,0.951515151515,,,,,,
2025-01-01,ofi_100ms,100ms,,,,,863991,daily_top_bottom,0.0483607657262,,,,,,,
2025-01-01,qi_1,100ms,1,-3.32819533994e-06,-0.0332806407366,0,86400,daily_bucket,,,,,,,,
2025-01-01,qi_1,100ms,2,-5.5597204735e-07,-0.005559351886,0,86399,daily_bucket,,,,,,,,
2025-01-01,qi_1,100ms,3,-3.2829909535e-07,-0.00328272895439,0,86399,daily_bucket,,,,,,,,
2025-01-01,qi_1,100ms,4,-1.79336691698e-07,-0.0017931759563,0,86399,daily_bucket,,,,,,,,
2025-01-01,qi_1,100ms,5,-4.12110956495e-09,-4.10752047552e-05,0,86399,daily_bucket,,,,,,,,
2025-01-01,qi_1,100ms,6,5.55336375297e-08,0.000555464787795,0,86400,daily_bucket,,,,,,,,
2025-01-01,qi_1,100ms,7,1.5818419591e-07,0.00158205901256,0,86399,daily_bucket,,,,,,,,
2025-01-01,qi_1,100ms,8,2.96042829756e-07,0.00296065471991,0,86398,daily_bucket,,,,,,,,
2025-01-01,qi_1,100ms,9,5.66965195792e-07,0.00566999267639,0,86399,daily_bucket,,,,,,,,
2025-01-01,qi_1,100ms,10,3.44420227782e-06,0.0344434432149,0,86399,daily_bucket,,,,,,,,
2025-01-01,qi_1,100ms,,,,,863991,daily_monotonicity,,1,,,,,,
2025-01-01,qi_1,100ms,,,,,863991,daily_top_bottom,0.0677240839514,,,,,,,
2025-01-01,trade_imbalance_100ms,100ms,1,-3.51365535979e-06,-0.0351349259712,0,20680,daily_bucket,,,,,,,,
2025-01-01,trade_imbalance_100ms,100ms,2,-3.0050763318e-06,-0.0300493497196,0,20680,daily_bucket,,,,,,,,
2025-01-01,trade_imbalance_100ms,100ms,3,-4.07267674578e-06,-0.0407251489324,0,20679,daily_bucket,,,,,,,,
2025-01-01,trade_imbalance_100ms,100ms,4,-2.98494491559e-06,-0.0298483545793,0,20680,daily_bucket,,,,,,,,
2025-01-01,trade_imbalance_100ms,100ms,5,-4.87556533123e-06,-0.0487527212795,0,20679,daily_bucket,,,,,,,,
2025-01-01,trade_imbalance_100ms,100ms,6,5.94949926232e-06,0.0594985345483,0,20680,daily_bucket,,,,,,,,
2025-01-01,trade_imbalance_100ms,100ms,7,1.81985153741e-06,0.0181993999891,0,20680,daily_bucket,,,,,,,,
2025-01-01,trade_imbalance_100ms,100ms,8,3.54064733722e-06,0.0354081419327,0,20679,daily_bucket,,,,,,,,
2025-01-01,trade_imbalance_100ms,100ms,9,4.2627484996e-06,0.0426293829139,0,20680,daily_bucket,,,,,,,,
2025-01-01,trade_imbalance_100ms,100ms,10,3.38025599768e-06,0.0338042759205,0,20679,daily_bucket,,,,,,,,
2025-01-01,trade_imbalance_100ms,100ms,,,,,206796,daily_monotonicity,,0.684848484848,,,,,,
2025-01-01,trade_imbalance_100ms,100ms,,,,,206796,daily_top_bottom,0.0689392018917,,,,,,,
2025-01-01,di_10,1s,1,-2.07720385932e-05,-0.207704993819,0,86400,daily_bucket,,,,,,,,
2025-01-01,di_10,1s,2,-7.64489012437e-06,-0.0764421233346,0,86399,daily_bucket,,,,,,,,
2025-01-01,di_10,1s,3,-5.24360283745e-06,-0.0524304456501,0,86399,daily_bucket,,,,,,,,
2025-01-01,di_10,1s,4,-2.53166086199e-06,-0.0253123594184,0,86399,daily_bucket,,,,,,,,
2025-01-01,di_10,1s,5,-5.98977125178e-07,-0.00598543325398,0,86399,daily_bucket,,,,,,,,
2025-01-01,di_10,1s,6,4.56945302844e-07,0.00457288316413,0,86400,daily_bucket,,,,,,,,
2025-01-01,di_10,1s,7,2.46029337029e-06,0.0246073317638,0,86393,daily_bucket,,,,,,,,
2025-01-01,di_10,1s,8,5.04605230484e-06,0.0504656673448,0,86395,daily_bucket,,,,,,,,
2025-01-01,di_10,1s,9,8.0881022683e-06,0.0808881473573,0,86399,daily_bucket,,,,,,,,
2025-01-01,di_10,1s,10,2.19900413787e-05,0.219917240318,0,86399,daily_bucket,,,,,,,,
2025-01-01,di_10,1s,,,,,863982,daily_monotonicity,,1,,,,,,
2025-01-01,di_10,1s,,,,,863982,daily_top_bottom,0.427622234136,,,,,,,
2025-01-01,di_5,1s,1,-2.10471945014e-05,-0.210456341538,0,86400,daily_bucket,,,,,,,,
2025-01-01,di_5,1s,2,-7.55777822724e-06,-0.075571013212,0,86399,daily_bucket,,,,,,,,
2025-01-01,di_5,1s,3,-5.17308893332e-06,-0.0517254597895,0,86399,daily_bucket,,,,,,,,
2025-01-01,di_5,1s,4,-2.48954025606e-06,-0.0248910667348,0,86399,daily_bucket,,,,,,,,
2025-01-01,di_5,1s,5,-6.15558038972e-07,-0.0061512522781,0,86399,daily_bucket,,,,,,,,
2025-01-01,di_5,1s,6,4.53806829977e-07,0.00454138810596,0,86400,daily_bucket,,,,,,,,
2025-01-01,di_5,1s,7,2.43153201292e-06,0.0243196257699,0,86393,daily_bucket,,,,,,,,
2025-01-01,di_5,1s,8,4.9463908895e-06,0.0494689377698,0,86395,daily_bucket,,,,,,,,
2025-01-01,di_5,1s,9,8.03110036485e-06,0.0803181422052,0,86399,daily_bucket,,,,,,,,
2025-01-01,di_5,1s,10,2.22705915522e-05,0.222722920258,0,86399,daily_bucket,,,,,,,,
2025-01-01,di_5,1s,,,,,863982,daily_monotonicity,,1,,,,,,
2025-01-01,di_5,1s,,,,,863982,daily_top_bottom,0.433179261796,,,,,,,
2025-01-01,microprice_deviation_bps,1s,1,-2.11442581734e-05,-0.211426863574,0,86400,daily_bucket,,,,,,,,
2025-01-01,microprice_deviation_bps,1s,2,-7.52156618157e-06,-0.0752087310792,0,86399,daily_bucket,,,,,,,,
2025-01-01,microprice_deviation_bps,1s,3,-5.11043155694e-06,-0.0510991583864,0,86399,daily_bucket,,,,,,,,
2025-01-01,microprice_deviation_bps,1s,4,-2.54462224573e-06,-0.0254418682499,0,86399,daily_bucket,,,,,,,,
2025-01-01,microprice_deviation_bps,1s,5,-6.51418287865e-07,-0.00650979482682,0,86399,daily_bucket,,,,,,,,
2025-01-01,microprice_deviation_bps,1s,6,4.8474426384e-07,0.00485067111359,0,86400,daily_bucket,,,,,,,,
2025-01-01,microprice_deviation_bps,1s,7,2.44867887698e-06,0.024491087156,0,86393,daily_bucket,,,,,,,,
2025-01-01,microprice_deviation_bps,1s,8,4.86025053678e-06,0.0486074241045,0,86395,daily_bucket,,,,,,,,
2025-01-01,microprice_deviation_bps,1s,9,7.87704833423e-06,0.0787774419791,0,86399,daily_bucket,,,,,,,,
2025-01-01,microprice_deviation_bps,1s,10,2.25518340943e-05,0.225535651994,0,86399,daily_bucket,,,,,,,,
2025-01-01,microprice_deviation_bps,1s,,,,,863982,daily_monotonicity,,1,,,,,,
2025-01-01,microprice_deviation_bps,1s,,,,,863982,daily_top_bottom,0.436962515568,,,,,,,
2025-01-01,ofi_1s,1s,1,-1.71594283902e-05,-0.171578568148,0,86396,daily_bucket,,,,,,,,
2025-01-01,ofi_1s,1s,2,-4.00503961595e-06,-0.0400432751153,0,86395,daily_bucket,,,,,,,,
2025-01-01,ofi_1s,1s,3,-2.05083729241e-06,-0.0205024857338,0,86397,daily_bucket,,,,,,,,
2025-01-01,ofi_1s,1s,4,-1.78670485765e-06,-0.0178620726715,0,86399,daily_bucket,,,,,,,,
2025-01-01,ofi_1s,1s,5,-7.10829593606e-07,-0.00710424273148,0,86399,daily_bucket,,,,,,,,
2025-01-01,ofi_1s,1s,6,4.00182345473e-07,0.00400531682696,0,86400,daily_bucket,,,,,,,,
2025-01-01,ofi_1s,1s,7,1.60724816943e-06,0.0160774295046,0,86399,daily_bucket,,,,,,,,
2025-01-01,ofi_1s,1s,8,3.31736038948e-06,0.0331791481591,0,86399,daily_bucket,,,,,,,,
2025-01-01,ofi_1s,1s,9,4.85441890836e-06,0.0485505229613,0,86399,daily_bucket,,,,,,,,
2025-01-01,ofi_1s,1s,10,1.67824220704e-05,0.16783941257,0,86399,daily_bucket,,,,,,,,
2025-01-01,ofi_1s,1s,,,,,863982,daily_monotonicity,,1,,,,,,
2025-01-01,ofi_1s,1s,,,,,863982,daily_top_bottom,0.339417980718,,,,,,,
2025-01-01,qi_1,1s,1,-2.11633851106e-05,-0.211618150021,0,86400,daily_bucket,,,,,,,,
2025-01-01,qi_1,1s,2,-7.50847643314e-06,-0.0750778738579,0,86399,daily_bucket,,,,,,,,
2025-01-01,qi_1,1s,3,-5.12011144703e-06,-0.0511958828433,0,86399,daily_bucket,,,,,,,,
2025-01-01,qi_1,1s,4,-2.54273322982e-06,-0.0254229780351,0,86399,daily_bucket,,,,,,,,
2025-01-01,qi_1,1s,5,-6.37590003557e-07,-0.00637152914466,0,86399,daily_bucket,,,,,,,,
2025-01-01,qi_1,1s,6,4.99593248652e-07,0.0049992107071,0,86400,daily_bucket,,,,,,,,
2025-01-01,qi_1,1s,7,2.45754338066e-06,0.0245797562687,0,86393,daily_bucket,,,,,,,,
2025-01-01,qi_1,1s,8,4.82062026452e-06,0.0482111416924,0,86395,daily_bucket,,,,,,,,
2025-01-01,qi_1,1s,9,7.95245480766e-06,0.0795316120795,0,86399,daily_bucket,,,,,,,,
2025-01-01,qi_1,1s,10,2.24923430136e-05,0.224940541691,0,86399,daily_bucket,,,,,,,,
2025-01-01,qi_1,1s,,,,,863982,daily_monotonicity,,1,,,,,,
2025-01-01,qi_1,1s,,,,,863982,daily_top_bottom,0.436558691713,,,,,,,
2025-01-01,trade_imbalance_1s,1s,1,-2.27830047932e-06,-0.0227781368755,0,76878,daily_bucket,,,,,,,,
2025-01-01,trade_imbalance_1s,1s,2,-2.87526762346e-06,-0.0287457234664,0,76877,daily_bucket,,,,,,,,
2025-01-01,trade_imbalance_1s,1s,3,-9.98349839771e-06,-0.0998232544639,0,76874,daily_bucket,,,,,,,,
2025-01-01,trade_imbalance_1s,1s,4,-4.79150833499e-06,-0.0479060349108,0,76876,daily_bucket,,,,,,,,
2025-01-01,trade_imbalance_1s,1s,5,-1.13493781059e-06,-0.0113419762097,0,76875,daily_bucket,,,,,,,,
2025-01-01,trade_imbalance_1s,1s,6,1.15750519164e-06,0.0115821771244,0,76875,daily_bucket,,,,,,,,
2025-01-01,trade_imbalance_1s,1s,7,5.64684947144e-06,0.0564777942434,0,76877,daily_bucket,,,,,,,,
2025-01-01,trade_imbalance_1s,1s,8,1.05105688869e-05,0.105118131857,0,76877,daily_bucket,,,,,,,,
2025-01-01,trade_imbalance_1s,1s,9,1.52084233936e-06,0.0152115563029,0,76877,daily_bucket,,,,,,,,
2025-01-01,trade_imbalance_1s,1s,10,3.57258547941e-06,0.035732409892,0,76877,daily_bucket,,,,,,,,
2025-01-01,trade_imbalance_1s,1s,,,,,768763,daily_monotonicity,,0.793939393939,,,,,,
2025-01-01,trade_imbalance_1s,1s,,,,,768763,daily_top_bottom,0.0585105467675,,,,,,,
2025-01-01,di_10,30s,1,-9.79912535429e-05,-0.97947864171,-0.816704486079,86398,daily_bucket,,,,,,,,
2025-01-01,di_10,30s,2,-7.09328911759e-05,-0.708966384103,-0.418623880522,86378,daily_bucket,,,,,,,,
2025-01-01,di_10,30s,3,-5.29967952107e-05,-0.529596684308,-0.142770879109,86345,daily_bucket,,,,,,,,
2025-01-01,di_10,30s,4,-2.89166709896e-05,-0.28879357982,0,86331,daily_bucket,,,,,,,,
2025-01-01,di_10,30s,5,-8.46242404718e-06,-0.0842755882185,0,86385,daily_bucket,,,,,,,,
2025-01-01,di_10,30s,6,8.33559966198e-06,0.0836931709823,0,86378,daily_bucket,,,,,,,,
2025-01-01,di_10,30s,7,2.15913522452e-05,0.216277604702,0,86391,daily_bucket,,,,,,,,
2025-01-01,di_10,30s,8,5.84820240542e-05,0.58523302878,0.00212620979344,86365,daily_bucket,,,,,,,,
2025-01-01,di_10,30s,9,8.07737228938e-05,0.808157586335,0.352496183027,86349,daily_bucket,,,,,,,,
2025-01-01,di_10,30s,10,0.000128484555417,1.28543707719,0.888027663343,86372,daily_bucket,,,,,,,,
2025-01-01,di_10,30s,,,,,863692,daily_monotonicity,,1,,,,,,
2025-01-01,di_10,30s,,,,,863692,daily_top_bottom,2.2649157189,,,,,,,
2025-01-01,di_5,30s,1,-9.79779117537e-05,-0.9793411034,-0.816704486079,86400,daily_bucket,,,,,,,,
2025-01-01,di_5,30s,2,-7.05226431816e-05,-0.704863114876,-0.424948196092,86377,daily_bucket,,,,,,,,
2025-01-01,di_5,30s,3,-5.22004394014e-05,-0.521638911885,-0.0935669224158,86344,daily_bucket,,,,,,,,
2025-01-01,di_5,30s,4,-2.99226643343e-05,-0.298846641094,0,86331,daily_bucket,,,,,,,,
2025-01-01,di_5,30s,5,-7.39176940136e-06,-0.0735725319376,0,86389,daily_bucket,,,,,,,,
2025-01-01,di_5,30s,6,6.61412113955e-06,0.0664763118072,0,86374,daily_bucket,,,,,,,,
2025-01-01,di_5,30s,7,2.17221239575e-05,0.217583954726,0,86391,daily_bucket,,,,,,,,
2025-01-01,di_5,30s,8,5.8431432253e-05,0.584730846195,0.00106694475515,86371,daily_bucket,,,,,,,,
2025-01-01,di_5,30s,9,7.93608952973e-05,0.794030212406,0.372559224809,86341,daily_bucket,,,,,,,,
2025-01-01,di_5,30s,10,0.000130255134896,1.30313916551,0.89320309176,86374,daily_bucket,,,,,,,,
2025-01-01,di_5,30s,,,,,863692,daily_monotonicity,,1,,,,,,
2025-01-01,di_5,30s,,,,,863692,daily_top_bottom,2.28248026891,,,,,,,
2025-01-01,microprice_deviation_bps,30s,1,-9.74905281157e-05,-0.974464563003,-0.812912805619,86400,daily_bucket,,,,,,,,
2025-01-01,microprice_deviation_bps,30s,2,-7.044179605e-05,-0.704053039726,-0.426759688899,86377,daily_bucket,,,,,,,,
2025-01-01,microprice_deviation_bps,30s,3,-5.09884406972e-05,-0.509524620724,-0.0828482770293,86347,daily_bucket,,,,,,,,
2025-01-01,microprice_deviation_bps,30s,4,-2.86926582568e-05,-0.286547324027,0,86328,daily_bucket,,,,,,,,
2025-01-01,microprice_deviation_bps,30s,5,-9.58226228501e-06,-0.095475920978,0,86389,daily_bucket,,,,,,,,
2025-01-01,microprice_deviation_bps,30s,6,6.39808968236e-06,0.0643163150849,0,86374,daily_bucket,,,,,,,,
2025-01-01,microprice_deviation_bps,30s,7,2.11194512742e-05,0.211560179084,0,86391,daily_bucket,,,,,,,,
2025-01-01,microprice_deviation_bps,30s,8,5.9618833638e-05,0.596606832234,0.00107069413261,86367,daily_bucket,,,,,,,,
2025-01-01,microprice_deviation_bps,30s,9,7.80433315702e-05,0.780849198176,0.344532918461,86342,daily_bucket,,,,,,,,
2025-01-01,microprice_deviation_bps,30s,10,0.000130383282615,1.30442135912,0.915927104344,86377,daily_bucket,,,,,,,,
2025-01-01,microprice_deviation_bps,30s,,,,,863692,daily_monotonicity,,1,,,,,,
2025-01-01,microprice_deviation_bps,30s,,,,,863692,daily_top_bottom,2.27888592212,,,,,,,
2025-01-01,ofi_30s,30s,1,-3.97626986681e-05,-0.397092422748,-0.283085013474,86400,daily_bucket,,,,,,,,
2025-01-01,ofi_30s,30s,2,-4.19520144305e-05,-0.419055640843,-0.170962495103,86399,daily_bucket,,,,,,,,
2025-01-01,ofi_30s,30s,3,-2.69354870274e-05,-0.268984967056,-0.00106850432314,86399,daily_bucket,,,,,,,,
2025-01-01,ofi_30s,30s,4,-2.17839741884e-05,-0.217540832682,0,86378,daily_bucket,,,,,,,,
2025-01-01,ofi_30s,30s,5,-8.19022025833e-06,-0.0816463832323,0,86335,daily_bucket,,,,,,,,
2025-01-01,ofi_30s,30s,6,-1.86680677645e-06,-0.0184479182107,0,86350,daily_bucket,,,,,,,,
2025-01-01,ofi_30s,30s,7,1.53000317905e-05,0.153323768449,0,86367,daily_bucket,,,,,,,,
2025-01-01,ofi_30s,30s,8,5.72034035574e-05,0.572486963102,0.0478784551155,86299,daily_bucket,,,,,,,,
2025-01-01,ofi_30s,30s,9,5.2555728975e-05,0.526059742735,0.0267077424624,86366,daily_bucket,,,,,,,,
2025-01-01,ofi_30s,30s,10,5.38409375105e-05,0.539001927279,0.278956644654,86399,daily_bucket,,,,,,,,
2025-01-01,ofi_30s,30s,,,,,863692,daily_monotonicity,,0.951515151515,,,,,,
2025-01-01,ofi_30s,30s,,,,,863692,daily_top_bottom,0.936094350026,,,,,,,
2025-01-01,qi_1,30s,1,-9.78788257167e-05,-0.978347696654,-0.816704486079,86400,daily_bucket,,,,,,,,
2025-01-01,qi_1,30s,2,-7.03724866371e-05,-0.703358733716,-0.424755588111,86377,daily_bucket,,,,,,,,
2025-01-01,qi_1,30s,3,-5.07144376004e-05,-0.506785419542,-0.089614849778,86347,daily_bucket,,,,,,,,
2025-01-01,qi_1,30s,4,-2.87636521533e-05,-0.287256091746,0,86328,daily_bucket,,,,,,,,
2025-01-01,qi_1,30s,5,-9.45976879198e-06,-0.0942524180335,0,86389,daily_bucket,,,,,,,,
2025-01-01,qi_1,30s,6,6.39668026552e-06,0.0643020656284,0,86374,daily_bucket,,,,,,,,
2025-01-01,qi_1,30s,7,2.11568595514e-05,0.211933592914,0,86391,daily_bucket,,,,,,,,
2025-01-01,qi_1,30s,8,5.95985144751e-05,0.596404178441,0.00107069413261,86367,daily_bucket,,,,,,,,
2025-01-01,qi_1,30s,9,7.76766595017e-05,0.777183246945,0.338499956949,86342,daily_bucket,,,,,,,,
2025-01-01,qi_1,30s,10,0.000130727744708,1.30786553437,0.915927104344,86377,daily_bucket,,,,,,,,
2025-01-01,qi_1,30s,,,,,863692,daily_monotonicity,,1,,,,,,
2025-01-01,qi_1,30s,,,,,863692,daily_top_bottom,2.28621323103,,,,,,,
2025-01-01,trade_imbalance_30s,30s,1,-2.93528319112e-05,-0.293179640763,0,86330,daily_bucket,,,,,,,,
2025-01-01,trade_imbalance_30s,30s,2,-2.44055268245e-05,-0.243702760633,0,86322,daily_bucket,,,,,,,,
2025-01-01,trade_imbalance_30s,30s,3,-1.22618332347e-05,-0.122258587408,0,86376,daily_bucket,,,,,,,,
2025-01-01,trade_imbalance_30s,30s,4,-1.00168337899e-05,-0.099790963617,0,86399,daily_bucket,,,,,,,,
2025-01-01,trade_imbalance_30s,30s,5,-1.93585888193e-06,-0.0188903287342,0,86350,daily_bucket,,,,,,,,
2025-01-01,trade_imbalance_30s,30s,6,7.1951517166e-06,0.0723877268168,0,86364,daily_bucket,,,,,,,,
2025-01-01,trade_imbalance_30s,30s,7,1.34693391653e-05,0.135111260002,0,86399,daily_bucket,,,,,,,,
2025-01-01,trade_imbalance_30s,30s,8,3.27179496891e-05,0.327578068595,0,86362,daily_bucket,,,,,,,,
2025-01-01,trade_imbalance_30s,30s,9,1.69088448483e-05,0.16952811684,0,86399,daily_bucket,,,,,,,,
2025-01-01,trade_imbalance_30s,30s,10,4.59821404588e-05,0.460237876368,0.00106718659998,86391,daily_bucket,,,,,,,,
2025-01-01,trade_imbalance_30s,30s,,,,,863692,daily_monotonicity,,0.987878787879,,,,,,
2025-01-01,trade_imbalance_30s,30s,,,,,863692,daily_top_bottom,0.753417517131,,,,,,,
2025-01-01,di_10,500ms,1,-1.23461181104e-05,-0.12345377734,0,86400,daily_bucket,,,,,,,,
2025-01-01,di_10,500ms,2,-3.70455497317e-06,-0.0370427027032,0,86399,daily_bucket,,,,,,,,
2025-01-01,di_10,500ms,3,-2.39009997385e-06,-0.0238987762615,0,86399,daily_bucket,,,,,,,,
2025-01-01,di_10,500ms,4,-1.18767925705e-06,-0.0118750234132,0,86399,daily_bucket,,,,,,,,
2025-01-01,di_10,500ms,5,-2.29671779665e-07,-0.00229526160884,0,86399,daily_bucket,,,,,,,,
2025-01-01,di_10,500ms,6,2.44651803165e-07,0.00244785517958,0,86400,daily_bucket,,,,,,,,
2025-01-01,di_10,500ms,7,1.20881884239e-06,0.0120900058651,0,86398,daily_bucket,,,,,,,,
2025-01-01,di_10,500ms,8,2.35252005697e-06,0.0235272401294,0,86395,daily_bucket,,,,,,,,
2025-01-01,di_10,500ms,9,3.87960537731e-06,0.0387990064859,0,86399,daily_bucket,,,,,,,,
2025-01-01,di_10,500ms,10,1.27976037244e-05,0.12798421554,0,86399,daily_bucket,,,,,,,,
2025-01-01,di_10,500ms,,,,,863987,daily_monotonicity,,1,,,,,,
2025-01-01,di_10,500ms,,,,,863987,daily_top_bottom,0.25143799288,,,,,,,
2025-01-01,di_5,500ms,1,-1.25064941319e-05,-0.125057477581,0,86400,daily_bucket,,,,,,,,
2025-01-01,di_5,500ms,2,-3.67772636487e-06,-0.0367743327466,0,86399,daily_bucket,,,,,,,,
2025-01-01,di_5,500ms,3,-2.30655049503e-06,-0.0230633931081,0,86399,daily_bucket,,,,,,,,
2025-01-01,di_5,500ms,4,-1.18558080543e-06,-0.0118540266487,0,86399,daily_bucket,,,,,,,,
2025-01-01,di_5,500ms,5,-2.42325502778e-07,-0.0024217809875,0,86399,daily_bucket,,,,,,,,
2025-01-01,di_5,500ms,6,2.56491079981e-07,0.00256619736388,0,86400,daily_bucket,,,,,,,,
2025-01-01,di_5,500ms,7,1.20139057921e-06,0.0120156923417,0,86398,daily_bucket,,,,,,,,
2025-01-01,di_5,500ms,8,2.25976321927e-06,0.0225995844819,0,86395,daily_bucket,,,,,,,,
2025-01-01,di_5,500ms,9,3.83085792056e-06,0.0383115838606,0,86399,daily_bucket,,,,,,,,
2025-01-01,di_5,500ms,10,1.299524755e-05,0.129960708281,0,86399,daily_bucket,,,,,,,,
2025-01-01,di_5,500ms,,,,,863987,daily_monotonicity,,1,,,,,,
2025-01-01,di_5,500ms,,,,,863987,daily_top_bottom,0.255018185863,,,,,,,
2025-01-01,microprice_deviation_bps,500ms,1,-1.25905472227e-05,-0.125897949728,0,86400,daily_bucket,,,,,,,,
2025-01-01,microprice_deviation_bps,500ms,2,-3.6060181459e-06,-0.0360572719827,0,86399,daily_bucket,,,,,,,,
2025-01-01,microprice_deviation_bps,500ms,3,-2.27458611329e-06,-0.0227437735798,0,86399,daily_bucket,,,,,,,,
2025-01-01,microprice_deviation_bps,500ms,4,-1.22733689141e-06,-0.0122716128549,0,86399,daily_bucket,,,,,,,,
2025-01-01,microprice_deviation_bps,500ms,5,-2.18711975858e-07,-0.00218561617205,0,86399,daily_bucket,,,,,,,,
2025-01-01,microprice_deviation_bps,500ms,6,2.47924753146e-07,0.00248048956554,0,86400,daily_bucket,,,,,,,,
2025-01-01,microprice_deviation_bps,500ms,7,1.21387363659e-06,0.0121405103732,0,86398,daily_bucket,,,,,,,,
2025-01-01,microprice_deviation_bps,500ms,8,2.19036027079e-06,0.02190553024,0,86395,daily_bucket,,,,,,,,
2025-01-01,microprice_deviation_bps,500ms,9,3.74106633578e-06,0.0374136113854,0,86399,daily_bucket,,,,,,,,
2025-01-01,microprice_deviation_bps,500ms,10,1.31490464052e-05,0.131498818043,0,86399,daily_bucket,,,,,,,,
2025-01-01,microprice_deviation_bps,500ms,,,,,863987,daily_monotonicity,,1,,,,,,
2025-01-01,microprice_deviation_bps,500ms,,,,,863987,daily_top_bottom,0.257396767771,,,,,,,
2025-01-01,ofi_500ms,500ms,1,-9.0764797961e-06,-0.0907584058069,0,86400,daily_bucket,,,,,,,,
2025-01-01,ofi_500ms,500ms,2,-1.71287517676e-06,-0.0171253943449,0,86399,daily_bucket,,,,,,,,
2025-01-01,ofi_500ms,500ms,3,-1.14768749611e-06,-0.0114742894606,0,86399,daily_bucket,,,,,,,,
2025-01-01,ofi_500ms,500ms,4,-5.9500326678e-07,-0.00594792691005,0,86399,daily_bucket,,,,,,,,
2025-01-01,ofi_500ms,500ms,5,-9.28100850784e-08,-0.000926466950914,0,86399,daily_bucket,,,,,,,,
2025-01-01,ofi_500ms,500ms,6,5.00709074049e-08,0.000502129768876,0,86400,daily_bucket,,,,,,,,
2025-01-01,ofi_500ms,500ms,7,6.95878085905e-07,0.00696087976104,0,86398,daily_bucket,,,,,,,,
2025-01-01,ofi_500ms,500ms,8,1.16764007209e-06,0.0116790209942,0,86396,daily_bucket,,,,,,,,
2025-01-01,ofi_500ms,500ms,9,2.36512393485e-06,0.0236543537335,0,86398,daily_bucket,,,,,,,,
2025-01-01,ofi_500ms,500ms,10,8.9711360062e-06,0.0897180558903,0,86399,daily_bucket,,,,,,,,
2025-01-01,ofi_500ms,500ms,,,,,863987,daily_monotonicity,,1,,,,,,
2025-01-01,ofi_500ms,500ms,,,,,863987,daily_top_bottom,0.180476461697,,,,,,,
2025-01-01,qi_1,500ms,1,-1.26023939222e-05,-0.126016436947,0,86400,daily_bucket,,,,,,,,
2025-01-01,qi_1,500ms,2,-3.60636854361e-06,-0.0360607702378,0,86399,daily_bucket,,,,,,,,
2025-01-01,qi_1,500ms,3,-2.27620695328e-06,-0.0227599561945,0,86399,daily_bucket,,,,,,,,
2025-01-01,qi_1,500ms,4,-1.22463279026e-06,-0.0122445825896,0,86399,daily_bucket,,,,,,,,
2025-01-01,qi_1,500ms,5,-2.07598002698e-07,-0.00207447697691,0,86399,daily_bucket,,,,,,,,
2025-01-01,qi_1,500ms,6,2.52941305082e-07,0.00253066539235,0,86400,daily_bucket,,,,,,,,
2025-01-01,qi_1,500ms,7,1.22573568069e-06,0.0122591509867,0,86398,daily_bucket,,,,,,,,
2025-01-01,qi_1,500ms,8,2.15852059349e-06,0.0215871407743,0,86395,daily_bucket,,,,,,,,
2025-01-01,qi_1,500ms,9,3.7878911214e-06,0.0378819152101,0,86399,daily_bucket,,,,,,,,
2025-01-01,qi_1,500ms,10,1.3117181306e-05,0.131180073295,0,86399,daily_bucket,,,,,,,,
2025-01-01,qi_1,500ms,,,,,863987,daily_monotonicity,,1,,,,,,
2025-01-01,qi_1,500ms,,,,,863987,daily_top_bottom,0.257196510243,,,,,,,
2025-01-01,trade_imbalance_500ms,500ms,1,-2.07570111051e-06,-0.0207543376571,0,60093,daily_bucket,,,,,,,,
2025-01-01,trade_imbalance_500ms,500ms,2,-2.77373026213e-06,-0.0277334619669,0,60093,daily_bucket,,,,,,,,
2025-01-01,trade_imbalance_500ms,500ms,3,-2.680589324e-06,-0.0268026603936,0,60093,daily_bucket,,,,,,,,
2025-01-01,trade_imbalance_500ms,500ms,4,-6.80402159417e-06,-0.0680338527616,0,60093,daily_bucket,,,,,,,,
2025-01-01,trade_imbalance_500ms,500ms,5,-1.50720156506e-06,-0.0150680340537,0,60093,daily_bucket,,,,,,,,
2025-01-01,trade_imbalance_500ms,500ms,6,1.64242773208e-06,0.0164279780931,0,60093,daily_bucket,,,,,,,,
2025-01-01,trade_imbalance_500ms,500ms,7,7.80844923983e-06,0.078091834493,0,60093,daily_bucket,,,,,,,,
2025-01-01,trade_imbalance_500ms,500ms,8,9.94237721925e-07,0.00994386812104,0,60093,daily_bucket,,,,,,,,
2025-01-01,trade_imbalance_500ms,500ms,9,3.33383698805e-06,0.0333419745509,0,60093,daily_bucket,,,,,,,,
2025-01-01,trade_imbalance_500ms,500ms,10,2.6762028735e-06,0.0267654614695,0,60088,daily_bucket,,,,,,,,
2025-01-01,trade_imbalance_500ms,500ms,,,,,600925,daily_monotonicity,,0.781818181818,,,,,,
2025-01-01,trade_imbalance_500ms,500ms,,,,,600925,daily_top_bottom,0.0475197991266,,,,,,,
2025-01-01,di_10,5s,1,-5.42519710493e-05,-0.542442809557,-0.131525696488,86400,daily_bucket,,,,,,,,
2025-01-01,di_10,5s,2,-2.95102522789e-05,-0.295055984873,0,86399,daily_bucket,,,,,,,,
2025-01-01,di_10,5s,3,-2.18390152759e-05,-0.218349735538,0,86399,daily_bucket,,,,,,,,
2025-01-01,di_10,5s,4,-1.19317177607e-05,-0.119279143955,0,86399,daily_bucket,,,,,,,,
2025-01-01,di_10,5s,5,-3.44776106843e-06,-0.0344429885182,0,86399,daily_bucket,,,,,,,,
2025-01-01,di_10,5s,6,3.39461296965e-06,0.0339806708664,0,86400,daily_bucket,,,,,,,,
2025-01-01,di_10,5s,7,9.22833928929e-06,0.0923204337225,0,86393,daily_bucket,,,,,,,,
2025-01-01,di_10,5s,8,2.15330682089e-05,0.215374514081,0,86386,daily_bucket,,,,,,,,
2025-01-01,di_10,5s,9,3.22058156192e-05,0.322109347222,0,86385,daily_bucket,,,,,,,,
2025-01-01,di_10,5s,10,6.0896915409e-05,0.609059106968,0.112790354295,86382,daily_bucket,,,,,,,,
2025-01-01,di_10,5s,,,,,863942,daily_monotonicity,,1,,,,,,
2025-01-01,di_10,5s,,,,,863942,daily_top_bottom,1.15150191653,,,,,,,
2025-01-01,di_5,5s,1,-5.44959597005e-05,-0.544882144326,-0.144598651929,86400,daily_bucket,,,,,,,,
2025-01-01,di_5,5s,2,-2.94126360086e-05,-0.294080048087,0,86399,daily_bucket,,,,,,,,
2025-01-01,di_5,5s,3,-2.1439918672e-05,-0.214358165434,0,86399,daily_bucket,,,,,,,,
2025-01-01,di_5,5s,4,-1.26714720948e-05,-0.126676841569,0,86399,daily_bucket,,,,,,,,
2025-01-01,di_5,5s,5,-3.16082605305e-06,-0.031573872501,0,86399,daily_bucket,,,,,,,,
2025-01-01,di_5,5s,6,2.69978142902e-06,0.0270301447649,0,86400,daily_bucket,,,,,,,,
2025-01-01,di_5,5s,7,9.97819111928e-06,0.0998202706866,0,86393,daily_bucket,,,,,,,,
2025-01-01,di_5,5s,8,2.13324053213e-05,0.213368603608,0,86389,daily_bucket,,,,,,,,
2025-01-01,di_5,5s,9,3.19662703683e-05,0.319713107143,0,86380,daily_bucket,,,,,,,,
2025-01-01,di_5,5s,10,6.14819933997e-05,0.614910306042,0.121027208881,86384,daily_bucket,,,,,,,,
2025-01-01,di_5,5s,,,,,863942,daily_monotonicity,,1,,,,,,
2025-01-01,di_5,5s,,,,,863942,daily_top_bottom,1.15979245037,,,,,,,
2025-01-01,microprice_deviation_bps,5s,1,-5.47871511997e-05,-0.547793429929,-0.145778746631,86400,daily_bucket,,,,,,,,
2025-01-01,microprice_deviation_bps,5s,2,-2.95100107356e-05,-0.295053892603,0,86399,daily_bucket,,,,,,,,
2025-01-01,microprice_deviation_bps,5s,3,-2.08219719987e-05,-0.208178812355,0,86399,daily_bucket,,,,,,,,
2025-01-01,microprice_deviation_bps,5s,4,-1.28726115022e-05,-0.128688977803,0,86399,daily_bucket,,,,,,,,
2025-01-01,microprice_deviation_bps,5s,5,-3.73134866607e-06,-0.0372787205391,0,86399,daily_bucket,,,,,,,,
2025-01-01,microprice_deviation_bps,5s,6,3.86390573519e-06,0.0386720669296,0,86400,daily_bucket,,,,,,,,
2025-01-01,microprice_deviation_bps,5s,7,9.00005574519e-06,0.0900389335421,0,86393,daily_bucket,,,,,,,,
2025-01-01,microprice_deviation_bps,5s,8,2.16228499108e-05,0.216272117909,0,86385,daily_bucket,,,,,,,,
2025-01-01,microprice_deviation_bps,5s,9,3.12335289345e-05,0.31238375271,0,86381,daily_bucket,,,,,,,,
2025-01-01,microprice_deviation_bps,5s,10,6.22789927798e-05,0.62288241948,0.132815787341,86387,daily_bucket,,,,,,,,
2025-01-01,microprice_deviation_bps,5s,,,,,863942,daily_monotonicity,,1,,,,,,
2025-01-01,microprice_deviation_bps,5s,,,,,863942,daily_top_bottom,1.17067584941,,,,,,,
2025-01-01,ofi_5s,5s,1,-3.43102209962e-05,-0.343015697276,0,86400,daily_bucket,,,,,,,,
2025-01-01,ofi_5s,5s,2,-2.57052423419e-05,-0.256994943591,0,86399,daily_bucket,,,,,,,,
2025-01-01,ofi_5s,5s,3,-1.60512279837e-05,-0.160472108133,0,86399,daily_bucket,,,,,,,,
2025-01-01,ofi_5s,5s,4,-7.55807142876e-06,-0.0755469588335,0,86399,daily_bucket,,,,,,,,
2025-01-01,ofi_5s,5s,5,-3.08546851248e-06,-0.0308271674258,0,86399,daily_bucket,,,,,,,,
2025-01-01,ofi_5s,5s,6,2.57063433353e-06,0.0257323585987,0,86400,daily_bucket,,,,,,,,
2025-01-01,ofi_5s,5s,7,7.01323527015e-06,0.0701613631496,0,86399,daily_bucket,,,,,,,,
2025-01-01,ofi_5s,5s,8,1.41617862021e-05,0.141659182266,0,86399,daily_bucket,,,,,,,,
2025-01-01,ofi_5s,5s,9,2.7678239877e-05,0.276838765998,0,86379,daily_bucket,,,,,,,,
2025-01-01,ofi_5s,5s,10,4.15639059259e-05,0.415733989329,0,86369,daily_bucket,,,,,,,,
2025-01-01,ofi_5s,5s,,,,,863942,daily_monotonicity,,1,,,,,,
2025-01-01,ofi_5s,5s,,,,,863942,daily_top_bottom,0.758749686605,,,,,,,
2025-01-01,qi_1,5s,1,-5.4808510058e-05,-0.548007119303,-0.146742090694,86400,daily_bucket,,,,,,,,
2025-01-01,qi_1,5s,2,-2.95628255967e-05,-0.295581982396,0,86399,daily_bucket,,,,,,,,
2025-01-01,qi_1,5s,3,-2.08074456185e-05,-0.208033607847,0,86399,daily_bucket,,,,,,,,
2025-01-01,qi_1,5s,4,-1.28067742916e-05,-0.128030507094,0,86399,daily_bucket,,,,,,,,
2025-01-01,qi_1,5s,5,-3.73512350896e-06,-0.0373164675647,0,86399,daily_bucket,,,,,,,,
2025-01-01,qi_1,5s,6,3.88655939057e-06,0.0388987299281,0,86400,daily_bucket,,,,,,,,
2025-01-01,qi_1,5s,7,9.03251267921e-06,0.0903635266392,0,86393,daily_bucket,,,,,,,,
2025-01-01,qi_1,5s,8,2.14611427324e-05,0.21465464656,0,86385,daily_bucket,,,,,,,,
2025-01-01,qi_1,5s,9,3.12829154595e-05,0.312878202204,0,86381,daily_bucket,,,,,,,,
2025-01-01,qi_1,5s,10,6.23337817502e-05,0.623429975575,0.134246228999,86387,daily_bucket,,,,,,,,
2025-01-01,qi_1,5s,,,,,863942,daily_monotonicity,,1,,,,,,
2025-01-01,qi_1,5s,,,,,863942,daily_top_bottom,1.17143709488,,,,,,,
2025-01-01,trade_imbalance_5s,5s,1,-1.85603929509e-05,-0.185556956872,0,86373,daily_bucket,,,,,,,,
2025-01-01,trade_imbalance_5s,5s,2,-1.87975166492e-05,-0.187920782894,0,86373,daily_bucket,,,,,,,,
2025-01-01,trade_imbalance_5s,5s,3,-1.17014951672e-05,-0.116965831273,0,86373,daily_bucket,,,,,,,,
2025-01-01,trade_imbalance_5s,5s,4,-6.59212288564e-06,-0.0658754175328,0,86372,daily_bucket,,,,,,,,
2025-01-01,trade_imbalance_5s,5s,5,-2.38802415334e-06,-0.0238373999988,0,86373,daily_bucket,,,,,,,,
2025-01-01,trade_imbalance_5s,5s,6,3.95222310894e-06,0.0395690127466,0,86373,daily_bucket,,,,,,,,
2025-01-01,trade_imbalance_5s,5s,7,7.10347749829e-06,0.0710815886306,0,86372,daily_bucket,,,,,,,,
2025-01-01,trade_imbalance_5s,5s,8,1.26562298329e-05,0.126611276586,0,86357,daily_bucket,,,,,,,,
2025-01-01,trade_imbalance_5s,5s,9,1.74780651821e-05,0.174836798639,0,86370,daily_bucket,,,,,,,,
2025-01-01,trade_imbalance_5s,5s,10,2.31399879425e-05,0.231455238449,0,86341,daily_bucket,,,,,,,,
2025-01-01,trade_imbalance_5s,5s,,,,,863677,daily_monotonicity,,0.987878787879,,,,,,
2025-01-01,trade_imbalance_5s,5s,,,,,863677,daily_top_bottom,0.41701219532,,,,,,,
2025-02-01,di_10,100ms,1,-3.3056304635e-06,-0.0330549866558,0,86400,daily_bucket,,,,,,,,
2025-02-01,di_10,100ms,2,-8.54717180551e-07,-0.00854670190993,0,86399,daily_bucket,,,,,,,,
2025-02-01,di_10,100ms,3,-4.1835081811e-07,-0.00418313428455,0,86399,daily_bucket,,,,,,,,
2025-02-01,di_10,100ms,4,-1.95110030097e-07,-0.00195089154036,0,86399,daily_bucket,,,,,,,,
2025-02-01,di_10,100ms,5,-3.8561931985e-08,-0.000385487186579,0,86398,daily_bucket,,,,,,,,
2025-02-01,di_10,100ms,6,5.22651651082e-08,0.000522853826859,0,86400,daily_bucket,,,,,,,,
2025-02-01,di_10,100ms,7,1.90893046775e-07,0.00190907783438,0,86399,daily_bucket,,,,,,,,
2025-02-01,di_10,100ms,8,4.16013037062e-07,0.00416037994016,0,86399,daily_bucket,,,,,,,,
2025-02-01,di_10,100ms,9,8.32259033092e-07,0.00832300281767,0,86399,daily_bucket,,,,,,,,
2025-02-01,di_10,100ms,10,3.11627077075e-06,0.0311638400694,0,86399,daily_bucket,,,,,,,,
2025-02-01,di_10,100ms,,,,,863991,daily_monotonicity,,1,,,,,,
2025-02-01,di_10,100ms,,,,,863991,daily_top_bottom,0.0642188267253,,,,,,,
2025-02-01,di_5,100ms,1,-3.35121714854e-06,-0.0335108469261,0,86400,daily_bucket,,,,,,,,
2025-02-01,di_5,100ms,2,-7.98331868523e-07,-0.00798286748104,0,86399,daily_bucket,,,,,,,,
2025-02-01,di_5,100ms,3,-4.18125719912e-07,-0.00418091397414,0,86399,daily_bucket,,,,,,,,
2025-02-01,di_5,100ms,4,-2.01914090841e-07,-0.0020188950348,0,86399,daily_bucket,,,,,,,,
2025-02-01,di_5,100ms,5,-3.9485050659e-08,-0.000394714532828,0,86398,daily_bucket,,,,,,,,
2025-02-01,di_5,100ms,6,5.03767267004e-08,0.000503964075354,0,86400,daily_bucket,,,,,,,,
2025-02-01,di_5,100ms,7,2.02653620617e-07,0.00202669899498,0,86399,daily_bucket,,,,,,,,
2025-02-01,di_5,100ms,8,3.97101854647e-07,0.00397126385849,0,86399,daily_bucket,,,,,,,,
2025-02-01,di_5,100ms,9,7.80215968739e-07,0.00780255692728,0,86399,daily_bucket,,,,,,,,
2025-02-01,di_5,100ms,10,3.17405687511e-06,0.031741712392,0,86399,daily_bucket,,,,,,,,
2025-02-01,di_5,100ms,,,,,863991,daily_monotonicity,,1,,,,,,
2025-02-01,di_5,100ms,,,,,863991,daily_top_bottom,0.0652525593181,,,,,,,
2025-02-01,microprice_deviation_bps,100ms,1,-3.41979166144e-06,-0.0341965248609,0,86400,daily_bucket,,,,,,,,
2025-02-01,microprice_deviation_bps,100ms,2,-7.50593136247e-07,-0.00750550838992,0,86399,daily_bucket,,,,,,,,
2025-02-01,microprice_deviation_bps,100ms,3,-3.89977423612e-07,-0.00389947134174,0,86399,daily_bucket,,,,,,,,
2025-02-01,microprice_deviation_bps,100ms,4,-1.91705954889e-07,-0.00191682075229,0,86399,daily_bucket,,,,,,,,
2025-02-01,microprice_deviation_bps,100ms,5,-3.45891153474e-08,-0.000345737771086,0,86399,daily_bucket,,,,,,,,
2025-02-01,microprice_deviation_bps,100ms,6,4.20988928864e-08,0.000421165608292,0,86399,daily_bucket,,,,,,,,
2025-02-01,microprice_deviation_bps,100ms,7,1.97415468744e-07,0.00197430015712,0,86399,daily_bucket,,,,,,,,
2025-02-01,microprice_deviation_bps,100ms,8,3.92220129674e-07,0.00392244641802,0,86399,daily_bucket,,,,,,,,
2025-02-01,microprice_deviation_bps,100ms,9,7.42064263501e-07,0.00742102594209,0,86399,daily_bucket,,,,,,,,
2025-02-01,microprice_deviation_bps,100ms,10,3.20819153785e-06,0.0320831016274,0,86399,daily_bucket,,,,,,,,
2025-02-01,microprice_deviation_bps,100ms,,,,,863991,daily_monotonicity,,1,,,,,,
2025-02-01,microprice_deviation_bps,100ms,,,,,863991,daily_top_bottom,0.0662796264883,,,,,,,
2025-02-01,ofi_100ms,100ms,1,-2.38227365713e-06,-0.0238216012702,0,86400,daily_bucket,,,,,,,,
2025-02-01,ofi_100ms,100ms,2,-4.18126982656e-07,-0.00418085784223,0,86399,daily_bucket,,,,,,,,
2025-02-01,ofi_100ms,100ms,3,-1.30733072593e-07,-0.00130706701005,0,86399,daily_bucket,,,,,,,,
2025-02-01,ofi_100ms,100ms,4,-1.5309385967e-08,-0.000152830750967,0,86399,daily_bucket,,,,,,,,
2025-02-01,ofi_100ms,100ms,5,3.91434789499e-08,0.00039164571414,0,86399,daily_bucket,,,,,,,,
2025-02-01,ofi_100ms,100ms,6,7.78032666431e-08,0.000778325230056,0,86400,daily_bucket,,,,,,,,
2025-02-01,ofi_100ms,100ms,7,7.15400522921e-08,0.000715891553971,0,86399,daily_bucket,,,,,,,,
2025-02-01,ofi_100ms,100ms,8,1.41639822184e-07,0.00141668439511,0,86399,daily_bucket,,,,,,,,
2025-02-01,ofi_100ms,100ms,9,3.4515566962e-07,0.00345191713804,0,86398,daily_bucket,,,,,,,,
2025-02-01,ofi_100ms,100ms,10,2.06648489571e-06,0.0206657803423,0,86399,daily_bucket,,,,,,,,
2025-02-01,ofi_100ms,100ms,,,,,863991,daily_monotonicity,,0.987878787879,,,,,,
2025-02-01,ofi_100ms,100ms,,,,,863991,daily_top_bottom,0.0444873816125,,,,,,,
2025-02-01,qi_1,100ms,1,-3.38798890139e-06,-0.0338785480126,0,86400,daily_bucket,,,,,,,,
2025-02-01,qi_1,100ms,2,-7.53664439703e-07,-0.00753620210316,0,86399,daily_bucket,,,,,,,,
2025-02-01,qi_1,100ms,3,-4.14398096594e-07,-0.00414365939007,0,86399,daily_bucket,,,,,,,,
2025-02-01,qi_1,100ms,4,-1.95066733442e-07,-0.00195041687936,0,86399,daily_bucket,,,,,,,,
2025-02-01,qi_1,100ms,5,-3.48209548427e-08,-0.000348054384248,0,86399,daily_bucket,,,,,,,,
2025-02-01,qi_1,100ms,6,4.4194289564e-08,0.000442121079583,0,86399,daily_bucket,,,,,,,,
2025-02-01,qi_1,100ms,7,2.00148021561e-07,0.00200162797993,0,86399,daily_bucket,,,,,,,,
2025-02-01,qi_1,100ms,8,3.94649668967e-07,0.00394676183909,0,86399,daily_bucket,,,,,,,,
2025-02-01,qi_1,100ms,9,7.66908124329e-07,0.00766948225159,0,86399,daily_bucket,,,,,,,,
2025-02-01,qi_1,100ms,10,3.17537165457e-06,0.0317548605758,0,86399,daily_bucket,,,,,,,,
2025-02-01,qi_1,100ms,,,,,863991,daily_monotonicity,,1,,,,,,
2025-02-01,qi_1,100ms,,,,,863991,daily_top_bottom,0.0656334085885,,,,,,,
2025-02-01,trade_imbalance_100ms,100ms,1,-2.07377529599e-06,-0.0207367241401,0,29353,daily_bucket,,,,,,,,
2025-02-01,trade_imbalance_100ms,100ms,2,-1.84589735625e-06,-0.018458160935,0,29353,daily_bucket,,,,,,,,
2025-02-01,trade_imbalance_100ms,100ms,3,-1.72605146975e-06,-0.0172599002272,0,29353,daily_bucket,,,,,,,,
2025-02-01,trade_imbalance_100ms,100ms,4,-3.21749321176e-06,-0.0321732927057,0,29352,daily_bucket,,,,,,,,
2025-02-01,trade_imbalance_100ms,100ms,5,-4.82380502883e-06,-0.0482349126507,0,29353,daily_bucket,,,,,,,,
2025-02-01,trade_imbalance_100ms,100ms,6,4.33197854545e-06,0.0433219313666,0,29353,daily_bucket,,,,,,,,
2025-02-01,trade_imbalance_100ms,100ms,7,1.57011659817e-06,0.0157018034369,0,29352,daily_bucket,,,,,,,,
2025-02-01,trade_imbalance_100ms,100ms,8,1.63110647292e-06,0.0163117747524,0,29353,daily_bucket,,,,,,,,
2025-02-01,trade_imbalance_100ms,100ms,9,1.69573510404e-06,0.0169580596015,0,29353,daily_bucket,,,,,,,,
2025-02-01,trade_imbalance_100ms,100ms,10,3.59354583956e-06,0.0359369541802,0,29352,daily_bucket,,,,,,,,
2025-02-01,trade_imbalance_100ms,100ms,,,,,293527,daily_monotonicity,,0.684848484848,,,,,,
2025-02-01,trade_imbalance_100ms,100ms,,,,,293527,daily_top_bottom,0.0566736783203,,,,,,,
2025-02-01,di_10,1s,1,-2.26932924888e-05,-0.226918162567,0,86400,daily_bucket,,,,,,,,
2025-02-01,di_10,1s,2,-9.85391358221e-06,-0.0985312983062,0,86399,daily_bucket,,,,,,,,
2025-02-01,di_10,1s,3,-5.92892593077e-06,-0.0592826579456,0,86399,daily_bucket,,,,,,,,
2025-02-01,di_10,1s,4,-3.18117165398e-06,-0.0318072618106,0,86399,daily_bucket,,,,,,,,
2025-02-01,di_10,1s,5,-9.97189622407e-07,-0.00996849264815,0,86393,daily_bucket,,,,,,,,
2025-02-01,di_10,1s,6,6.76781394292e-07,0.00677099040657,0,86398,daily_bucket,,,,,,,,
2025-02-01,di_10,1s,7,2.99794660127e-06,0.0299830440525,0,86397,daily_bucket,,,,,,,,
2025-02-01,di_10,1s,8,5.42128329293e-06,0.0542176122455,0,86399,daily_bucket,,,,,,,,
2025-02-01,di_10,1s,9,9.36843454696e-06,0.0936917946487,0,86399,daily_bucket,,,,,,,,
2025-02-01,di_10,1s,10,2.21432522778e-05,0.221446043207,0,86399,daily_bucket,,,,,,,,
2025-02-01,di_10,1s,,,,,863982,daily_monotonicity,,1,,,,,,
2025-02-01,di_10,1s,,,,,863982,daily_top_bottom,0.448364205774,,,,,,,
2025-02-01,di_5,1s,1,-2.28855162266e-05,-0.228840332659,0,86400,daily_bucket,,,,,,,,
2025-02-01,di_5,1s,2,-9.60200717626e-06,-0.0960124741272,0,86399,daily_bucket,,,,,,,,
2025-02-01,di_5,1s,3,-5.90753500086e-06,-0.0590689711578,0,86399,daily_bucket,,,,,,,,
2025-02-01,di_5,1s,4,-3.24007704092e-06,-0.0323960261952,0,86399,daily_bucket,,,,,,,,
2025-02-01,di_5,1s,5,-1.04320041529e-06,-0.0104284280888,0,86393,daily_bucket,,,,,,,,
2025-02-01,di_5,1s,6,6.32059939769e-07,0.00632378473016,0,86398,daily_bucket,,,,,,,,
2025-02-01,di_5,1s,7,3.09162896261e-06,0.0309199842794,0,86397,daily_bucket,,,,,,,,
2025-02-01,di_5,1s,8,5.45212870417e-06,0.0545260098458,0,86399,daily_bucket,,,,,,,,
2025-02-01,di_5,1s,9,9.05253405398e-06,0.0905324996463,0,86399,daily_bucket,,,,,,,,
2025-02-01,di_5,1s,10,2.24031897151e-05,0.224045571829,0,86399,daily_bucket,,,,,,,,
2025-02-01,di_5,1s,,,,,863982,daily_monotonicity,,1,,,,,,
2025-02-01,di_5,1s,,,,,863982,daily_top_bottom,0.452885904488,,,,,,,
2025-02-01,microprice_deviation_bps,1s,1,-2.32566505685e-05,-0.232551150322,0,86400,daily_bucket,,,,,,,,
2025-02-01,microprice_deviation_bps,1s,2,-9.18376450262e-06,-0.0918303770567,0,86399,daily_bucket,,,,,,,,
2025-02-01,microprice_deviation_bps,1s,3,-6.04405315306e-06,-0.0604339990812,0,86399,daily_bucket,,,,,,,,
2025-02-01,microprice_deviation_bps,1s,4,-3.17676667342e-06,-0.031763208922,0,86399,daily_bucket,,,,,,,,
2025-02-01,microprice_deviation_bps,1s,5,-9.36399516928e-07,-0.00936053660888,0,86394,daily_bucket,,,,,,,,
2025-02-01,microprice_deviation_bps,1s,6,5.21608967897e-07,0.00521925831326,0,86397,daily_bucket,,,,,,,,
2025-02-01,microprice_deviation_bps,1s,7,3.01704414819e-06,0.0301739197375,0,86397,daily_bucket,,,,,,,,
2025-02-01,microprice_deviation_bps,1s,8,5.57102229503e-06,0.0557150732636,0,86399,daily_bucket,,,,,,,,
2025-02-01,microprice_deviation_bps,1s,9,8.81645353997e-06,0.088171498552,0,86399,daily_bucket,,,,,,,,
2025-02-01,microprice_deviation_bps,1s,10,2.26247365619e-05,0.226261396032,0,86399,daily_bucket,,,,,,,,
2025-02-01,microprice_deviation_bps,1s,,,,,863982,daily_monotonicity,,1,,,,,,
2025-02-01,microprice_deviation_bps,1s,,,,,863982,daily_top_bottom,0.458812546354,,,,,,,
2025-02-01,ofi_1s,1s,1,-1.79682401788e-05,-0.179667232079,0,86400,daily_bucket,,,,,,,,
2025-02-01,ofi_1s,1s,2,-5.22595942995e-06,-0.052253783164,0,86392,daily_bucket,,,,,,,,
2025-02-01,ofi_1s,1s,3,-2.78476372659e-06,-0.0278417699695,0,86396,daily_bucket,,,,,,,,
2025-02-01,ofi_1s,1s,4,-2.17867236378e-06,-0.0217813635366,0,86399,daily_bucket,,,,,,,,
2025-02-01,ofi_1s,1s,5,-7.42144658801e-07,-0.00741754110505,0,86399,daily_bucket,,,,,,,,
2025-02-01,ofi_1s,1s,6,7.14528168007e-07,0.00714917420332,0,86400,daily_bucket,,,,,,,,
2025-02-01,ofi_1s,1s,7,1.42881168198e-06,0.0142931251909,0,86399,daily_bucket,,,,,,,,
2025-02-01,ofi_1s,1s,8,2.70770179901e-06,0.0270819686778,0,86399,daily_bucket,,,,,,,,
2025-02-01,ofi_1s,1s,9,4.59948139184e-06,0.0460010093875,0,86399,daily_bucket,,,,,,,,
2025-02-01,ofi_1s,1s,10,1.74018711138e-05,0.174032113562,0,86399,daily_bucket,,,,,,,,
2025-02-01,ofi_1s,1s,,,,,863982,daily_monotonicity,,1,,,,,,
2025-02-01,ofi_1s,1s,,,,,863982,daily_top_bottom,0.353699345641,,,,,,,
2025-02-01,qi_1,1s,1,-2.30164521445e-05,-0.230149486339,0,86400,daily_bucket,,,,,,,,
2025-02-01,qi_1,1s,2,-9.30130827773e-06,-0.0930056391519,0,86399,daily_bucket,,,,,,,,
2025-02-01,qi_1,1s,3,-6.14211498651e-06,-0.0614146120079,0,86399,daily_bucket,,,,,,,,
2025-02-01,qi_1,1s,4,-3.20032223251e-06,-0.0319986341604,0,86399,daily_bucket,,,,,,,,
2025-02-01,qi_1,1s,5,-9.36576928397e-07,-0.00936228087527,0,86394,daily_bucket,,,,,,,,
2025-02-01,qi_1,1s,6,5.52144757376e-07,0.00552461861991,0,86397,daily_bucket,,,,,,,,
2025-02-01,qi_1,1s,7,3.03748575359e-06,0.0303783657378,0,86397,daily_bucket,,,,,,,,
2025-02-01,qi_1,1s,8,5.62044007235e-06,0.0562093985055,0,86399,daily_bucket,,,,,,,,
2025-02-01,qi_1,1s,9,8.97224109837e-06,0.089729486325,0,86399,daily_bucket,,,,,,,,
2025-02-01,qi_1,1s,10,2.23676923761e-05,0.223690641157,0,86399,daily_bucket,,,,,,,,
2025-02-01,qi_1,1s,,,,,863982,daily_monotonicity,,1,,,,,,
2025-02-01,qi_1,1s,,,,,863982,daily_top_bottom,0.453840127496,,,,,,,
2025-02-01,trade_imbalance_1s,1s,1,-1.6867254207e-06,-0.0168635700934,0,83342,daily_bucket,,,,,,,,
2025-02-01,trade_imbalance_1s,1s,2,-1.17060572012e-05,-0.11704743484,0,83333,daily_bucket,,,,,,,,
2025-02-01,trade_imbalance_1s,1s,3,-5.59776392894e-06,-0.0559688902272,0,83341,daily_bucket,,,,,,,,
2025-02-01,trade_imbalance_1s,1s,4,-2.37032716245e-06,-0.0236961335964,0,83342,daily_bucket,,,,,,,,
2025-02-01,trade_imbalance_1s,1s,5,-7.13223929158e-07,-0.00712604361835,0,83341,daily_bucket,,,,,,,,
2025-02-01,trade_imbalance_1s,1s,6,1.18744853789e-06,0.0118808489847,0,83341,daily_bucket,,,,,,,,
2025-02-01,trade_imbalance_1s,1s,7,3.1853527515e-06,0.0318597860631,0,83342,daily_bucket,,,,,,,,
2025-02-01,trade_imbalance_1s,1s,8,7.19618971349e-06,0.0719701289952,0,83339,daily_bucket,,,,,,,,
2025-02-01,trade_imbalance_1s,1s,9,5.24078643917e-06,0.0524137877688,0,83341,daily_bucket,,,,,,,,
2025-02-01,trade_imbalance_1s,1s,10,3.08537377626e-06,0.0308590402152,0,83341,daily_bucket,,,,,,,,
2025-02-01,trade_imbalance_1s,1s,,,,,833403,daily_monotonicity,,0.842424242424,,,,,,
2025-02-01,trade_imbalance_1s,1s,,,,,833403,daily_top_bottom,0.0477226103086,,,,,,,
2025-02-01,di_10,30s,1,-0.000118442307706,-1.18394988878,-0.907439278539,86392,daily_bucket,,,,,,,,
2025-02-01,di_10,30s,2,-8.2945690751e-05,-0.829042102929,-0.543709358644,86397,daily_bucket,,,,,,,,
2025-02-01,di_10,30s,3,-6.13379180998e-05,-0.612967193213,-0.17279000237,86392,daily_bucket,,,,,,,,
2025-02-01,di_10,30s,4,-3.23734682245e-05,-0.323346456284,0,86385,daily_bucket,,,,,,,,
2025-02-01,di_10,30s,5,-6.08371958722e-06,-0.060446500788,0,86292,daily_bucket,,,,,,,,
2025-02-01,di_10,30s,6,6.09089659782e-06,0.0612438460513,0,86379,daily_bucket,,,,,,,,
2025-02-01,di_10,30s,7,1.9843163543e-05,0.198791508652,0,86277,daily_bucket,,,,,,,,
2025-02-01,di_10,30s,8,4.47510637547e-05,0.447889047059,0.257252025065,86398,daily_bucket,,,,,,,,
2025-02-01,di_10,30s,9,7.02521279651e-05,0.702899164952,0.552942179356,86381,daily_bucket,,,,,,,,
2025-02-01,di_10,30s,10,0.000100102607029,1.00148236128,0.817607070463,86399,daily_bucket,,,,,,,,
2025-02-01,di_10,30s,,,,,863692,daily_monotonicity,,1,,,,,,
2025-02-01,di_10,30s,,,,,863692,daily_top_bottom,2.18543225006,,,,,,,
2025-02-01,di_5,30s,1,-0.000119503488543,-1.19455227358,-0.907439278539,86393,daily_bucket,,,,,,,,
2025-02-01,di_5,30s,2,-8.20721355138e-05,-0.820313835426,-0.565623950005,86395,daily_bucket,,,,,,,,
2025-02-01,di_5,30s,3,-6.0596904769e-05,-0.605562209988,-0.195228220072,86393,daily_bucket,,,,,,,,
2025-02-01,di_5,30s,4,-3.16417196545e-05,-0.316023474901,0,86392,daily_bucket,,,,,,,,
2025-02-01,di_5,30s,5,-8.47898969298e-06,-0.0844044006039,0,86293,daily_bucket,,,,,,,,
2025-02-01,di_5,30s,6,6.62991968716e-06,0.0666453120116,0,86371,daily_bucket,,,,,,,,
2025-02-01,di_5,30s,7,1.80616241949e-05,0.180971516349,0,86277,daily_bucket,,,,,,,,
2025-02-01,di_5,30s,8,4.67255150596e-05,0.467630618581,0.271292840665,86397,daily_bucket,,,,,,,,
2025-02-01,di_5,30s,9,7.27032879796e-05,0.727411336831,0.553314035241,86382,daily_bucket,,,,,,,,
2025-02-01,di_5,30s,10,9.80280945194e-05,0.980735669805,0.803918443948,86399,daily_bucket,,,,,,,,
2025-02-01,di_5,30s,,,,,863692,daily_monotonicity,,1,,,,,,
2025-02-01,di_5,30s,,,,,863692,daily_top_bottom,2.17528794338,,,,,,,
2025-02-01,microprice_deviation_bps,30s,1,-0.000120145094439,-1.20096282028,-0.922068471831,86392,daily_bucket,,,,,,,,
2025-02-01,microprice_deviation_bps,30s,2,-8.11753461047e-05,-0.811357935016,-0.52495063379,86396,daily_bucket,,,,,,,,
2025-02-01,microprice_deviation_bps,30s,3,-6.23015984909e-05,-0.62260603823,-0.212915921318,86393,daily_bucket,,,,,,,,
2025-02-01,microprice_deviation_bps,30s,4,-3.22136256209e-05,-0.32173982378,0,86392,daily_bucket,,,,,,,,
2025-02-01,microprice_deviation_bps,30s,5,-8.05999035842e-06,-0.080211178961,0,86294,daily_bucket,,,,,,,,
2025-02-01,microprice_deviation_bps,30s,6,6.96042239735e-06,0.0699426382794,0,86373,daily_bucket,,,,,,,,
2025-02-01,microprice_deviation_bps,30s,7,1.89507198641e-05,0.189864391575,0.00097681695891,86274,daily_bucket,,,,,,,,
2025-02-01,microprice_deviation_bps,30s,8,4.74876460476e-05,0.475249976852,0.278289915306,86398,daily_bucket,,,,,,,,
2025-02-01,microprice_deviation_bps,30s,9,7.12444897451e-05,0.712812782102,0.552942179356,86381,daily_bucket,,,,,,,,
2025-02-01,microprice_deviation_bps,30s,10,9.91094337995e-05,0.99156480565,0.812424681462,86399,daily_bucket,,,,,,,,
2025-02-01,microprice_deviation_bps,30s,,,,,863692,daily_monotonicity,,1,,,,,,
2025-02-01,microprice_deviation_bps,30s,,,,,863692,daily_top_bottom,2.19252762594,,,,,,,
2025-02-01,ofi_30s,30s,1,-4.80619481316e-05,-0.480023762423,-0.371884711226,86366,daily_bucket,,,,,,,,
2025-02-01,ofi_30s,30s,2,-2.67596063211e-05,-0.267167073271,-0.000996015787448,86140,daily_bucket,,,,,,,,
2025-02-01,ofi_30s,30s,3,-3.18973107625e-05,-0.318598881664,0,86392,daily_bucket,,,,,,,,
2025-02-01,ofi_30s,30s,4,-3.22255146451e-05,-0.321944668227,0,86399,daily_bucket,,,,,,,,
2025-02-01,ofi_30s,30s,5,-2.06929036127e-05,-0.206670965898,0,86399,daily_bucket,,,,,,,,
2025-02-01,ofi_30s,30s,6,4.16155858576e-06,0.0418762932844,0,86400,daily_bucket,,,,,,,,
2025-02-01,ofi_30s,30s,7,1.38495841915e-05,0.138782631223,0,86399,daily_bucket,,,,,,,,
2025-02-01,ofi_30s,30s,8,2.0145769085e-05,0.201807526482,0,86399,daily_bucket,,,,,,,,
2025-02-01,ofi_30s,30s,9,2.91549362204e-05,0.292085338925,0.122851626047,86399,daily_bucket,,,,,,,,
2025-02-01,ofi_30s,30s,10,3.20656647334e-05,0.321242339756,0.346483438811,86399,daily_bucket,,,,,,,,
2025-02-01,ofi_30s,30s,,,,,863692,daily_monotonicity,,0.951515151515,,,,,,
2025-02-01,ofi_30s,30s,,,,,863692,daily_top_bottom,0.801266102179,,,,,,,
2025-02-01,qi_1,30s,1,-0.000118852014123,-1.18804099496,-0.907439278539,86393,daily_bucket,,,,,,,,
2025-02-01,qi_1,30s,2,-8.19213939468e-05,-0.818813981635,-0.533165203345,86395,daily_bucket,,,,,,,,
2025-02-01,qi_1,30s,3,-6.26049538445e-05,-0.625638667459,-0.220646167226,86393,daily_bucket,,,,,,,,
2025-02-01,qi_1,30s,4,-3.23270385466e-05,-0.322871597327,0,86392,daily_bucket,,,,,,,,
2025-02-01,qi_1,30s,5,-8.20195132657e-06,-0.0816286093807,0,86294,daily_bucket,,,,,,,,
2025-02-01,qi_1,30s,6,7.05782687976e-06,0.0709178588825,0,86370,daily_bucket,,,,,,,,
2025-02-01,qi_1,30s,7,1.93974734789e-05,0.194336440664,0,86277,daily_bucket,,,,,,,,
2025-02-01,qi_1,30s,8,4.70183504751e-05,0.47056037955,0.278289915306,86397,daily_bucket,,,,,,,,
2025-02-01,qi_1,30s,9,7.23050906246e-05,0.723422675011,0.552942179356,86382,daily_bucket,,,,,,,,
2025-02-01,qi_1,30s,10,9.79861407467e-05,0.980318039063,0.804069216274,86399,daily_bucket,,,,,,,,
2025-02-01,qi_1,30s,,,,,863692,daily_monotonicity,,1,,,,,,
2025-02-01,qi_1,30s,,,,,863692,daily_top_bottom,2.16835903403,,,,,,,
2025-02-01,trade_imbalance_30s,30s,1,-5.30450477781e-05,-0.530077953062,-0.134772911333,86272,daily_bucket,,,,,,,,
2025-02-01,trade_imbalance_30s,30s,2,-2.02418062739e-05,-0.202055020823,0,86333,daily_bucket,,,,,,,,
2025-02-01,trade_imbalance_30s,30s,3,-9.24595226591e-06,-0.0920766129934,0,86309,daily_bucket,,,,,,,,
2025-02-01,trade_imbalance_30s,30s,4,-2.88046214127e-06,-0.028396894136,0,86383,daily_bucket,,,,,,,,
2025-02-01,trade_imbalance_30s,30s,5,-8.007220992e-06,-0.0795540801324,0,86399,daily_bucket,,,,,,,,
2025-02-01,trade_imbalance_30s,30s,6,-3.61400414097e-06,-0.0357001597629,0,86400,daily_bucket,,,,,,,,
2025-02-01,trade_imbalance_30s,30s,7,-1.28223492107e-07,-0.000805783557245,0,86399,daily_bucket,,,,,,,,
2025-02-01,trade_imbalance_30s,30s,8,5.1706546485e-06,0.0520770185857,0,86399,daily_bucket,,,,,,,,
2025-02-01,trade_imbalance_30s,30s,9,1.54498203385e-05,0.154874475498,0,86399,daily_bucket,,,,,,,,
2025-02-01,trade_imbalance_30s,30s,10,1.62801211318e-05,0.163080038852,0,86399,daily_bucket,,,,,,,,
2025-02-01,trade_imbalance_30s,30s,,,,,863692,daily_monotonicity,,0.963636363636,,,,,,
2025-02-01,trade_imbalance_30s,30s,,,,,863692,daily_top_bottom,0.693157991914,,,,,,,
2025-02-01,di_10,500ms,1,-1.29773042099e-05,-0.129765877258,0,86400,daily_bucket,,,,,,,,
2025-02-01,di_10,500ms,2,-4.89882734888e-06,-0.0489848445918,0,86399,daily_bucket,,,,,,,,
2025-02-01,di_10,500ms,3,-2.77969756687e-06,-0.027794246305,0,86399,daily_bucket,,,,,,,,
2025-02-01,di_10,500ms,4,-1.41299122976e-06,-0.0141280238676,0,86399,daily_bucket,,,,,,,,
2025-02-01,di_10,500ms,5,-4.19271411037e-07,-0.00419140813302,0,86394,daily_bucket,,,,,,,,
2025-02-01,di_10,500ms,6,2.99736577349e-07,0.00299868470317,0,86400,daily_bucket,,,,,,,,
2025-02-01,di_10,500ms,7,1.38402489123e-06,0.0138416731562,0,86399,daily_bucket,,,,,,,,
2025-02-01,di_10,500ms,8,2.57461545161e-06,0.0257481489056,0,86399,daily_bucket,,,,,,,,
2025-02-01,di_10,500ms,9,4.64006870475e-06,0.0464038223759,0,86399,daily_bucket,,,,,,,,
2025-02-01,di_10,500ms,10,1.25662357093e-05,0.12566880245,0,86399,daily_bucket,,,,,,,,
2025-02-01,di_10,500ms,,,,,863987,daily_monotonicity,,1,,,,,,
2025-02-01,di_10,500ms,,,,,863987,daily_top_bottom,0.255434679708,,,,,,,
2025-02-01,di_5,500ms,1,-1.30759963867e-05,-0.130752776825,0,86400,daily_bucket,,,,,,,,
2025-02-01,di_5,500ms,2,-4.74462267391e-06,-0.0474428844433,0,86399,daily_bucket,,,,,,,,
2025-02-01,di_5,500ms,3,-2.78803755835e-06,-0.0278778206509,0,86399,daily_bucket,,,,,,,,
2025-02-01,di_5,500ms,4,-1.45458498866e-06,-0.0145438116807,0,86399,daily_bucket,,,,,,,,
2025-02-01,di_5,500ms,5,-4.26283497374e-07,-0.00426142085489,0,86394,daily_bucket,,,,,,,,
2025-02-01,di_5,500ms,6,2.46107799201e-07,0.0024624018361,0,86400,daily_bucket,,,,,,,,
2025-02-01,di_5,500ms,7,1.46159051447e-06,0.0146173727238,0,86399,daily_bucket,,,,,,,,
2025-02-01,di_5,500ms,8,2.57311127366e-06,0.0257330929604,0,86399,daily_bucket,,,,,,,,
2025-02-01,di_5,500ms,9,4.45129420458e-06,0.0445159760509,0,86399,daily_bucket,,,,,,,,
2025-02-01,di_5,500ms,10,1.27340122381e-05,0.127346615897,0,86399,daily_bucket,,,,,,,,
2025-02-01,di_5,500ms,,,,,863987,daily_monotonicity,,1,,,,,,
2025-02-01,di_5,500ms,,,,,863987,daily_top_bottom,0.258099392722,,,,,,,
2025-02-01,microprice_deviation_bps,500ms,1,-1.33250672652e-05,-0.133243208114,0,86400,daily_bucket,,,,,,,,
2025-02-01,microprice_deviation_bps,500ms,2,-4.48732966532e-06,-0.0448701585247,0,86399,daily_bucket,,,,,,,,
2025-02-01,microprice_deviation_bps,500ms,3,-2.8078392834e-06,-0.0280758153356,0,86399,daily_bucket,,,,,,,,
2025-02-01,microprice_deviation_bps,500ms,4,-1.41998154564e-06,-0.0141978944469,0,86399,daily_bucket,,,,,,,,
2025-02-01,microprice_deviation_bps,500ms,5,-4.03853149318e-07,-0.00403712650327,0,86395,daily_bucket,,,,,,,,
2025-02-01,microprice_deviation_bps,500ms,6,2.18675045524e-07,0.0021880422873,0,86399,daily_bucket,,,,,,,,
2025-02-01,microprice_deviation_bps,500ms,7,1.4229410449e-06,0.0142307741094,0,86399,daily_bucket,,,,,,,,
2025-02-01,microprice_deviation_bps,500ms,8,2.59396548016e-06,0.0259417461382,0,86399,daily_bucket,,,,,,,,
2025-02-01,microprice_deviation_bps,500ms,9,4.34116544024e-06,0.0434145541995,0,86399,daily_bucket,,,,,,,,
2025-02-01,microprice_deviation_bps,500ms,10,1.28439265267e-05,0.128445948234,0,86399,daily_bucket,,,,,,,,
2025-02-01,microprice_deviation_bps,500ms,,,,,863987,daily_monotonicity,,1,,,,,,
2025-02-01,microprice_deviation_bps,500ms,,,,,863987,daily_top_bottom,0.261689156348,,,,,,,
2025-02-01,ofi_500ms,500ms,1,-8.97829358195e-06,-0.0897766889178,0,86397,daily_bucket,,,,,,,,
2025-02-01,ofi_500ms,500ms,2,-2.15702502401e-06,-0.0215671015951,0,86398,daily_bucket,,,,,,,,
2025-02-01,ofi_500ms,500ms,3,-1.68844470256e-06,-0.0168816084741,0,86399,daily_bucket,,,,,,,,
2025-02-01,ofi_500ms,500ms,4,-1.18799766155e-06,-0.0118776180883,0,86399,daily_bucket,,,,,,,,
2025-02-01,ofi_500ms,500ms,5,-1.96610194435e-08,-0.000194895128927,0,86399,daily_bucket,,,,,,,,
2025-02-01,ofi_500ms,500ms,6,3.52138374116e-07,0.00352307904788,0,86400,daily_bucket,,,,,,,,
2025-02-01,ofi_500ms,500ms,7,7.9395767887e-07,0.00794162098817,0,86399,daily_bucket,,,,,,,,
2025-02-01,ofi_500ms,500ms,8,1.2515561861e-06,0.0125181009633,0,86399,daily_bucket,,,,,,,,
2025-02-01,ofi_500ms,500ms,9,2.28563989595e-06,0.0228591457658,0,86398,daily_bucket,,,,,,,,
2025-02-01,ofi_500ms,500ms,10,8.32438653279e-06,0.0832493681947,0,86399,daily_bucket,,,,,,,,
2025-02-01,ofi_500ms,500ms,,,,,863987,daily_monotonicity,,1,,,,,,
2025-02-01,ofi_500ms,500ms,,,,,863987,daily_top_bottom,0.173026057113,,,,,,,
2025-02-01,qi_1,500ms,1,-1.32107109641e-05,-0.132099775733,0,86400,daily_bucket,,,,,,,,
2025-02-01,qi_1,500ms,2,-4.50770052906e-06,-0.0450738322962,0,86399,daily_bucket,,,,,,,,
2025-02-01,qi_1,500ms,3,-2.89158169964e-06,-0.0289131776159,0,86399,daily_bucket,,,,,,,,
2025-02-01,qi_1,500ms,4,-1.43081175836e-06,-0.0143061652129,0,86399,daily_bucket,,,,,,,,
2025-02-01,qi_1,500ms,5,-4.0246093195e-07,-0.00402319165755,0,86395,daily_bucket,,,,,,,,
2025-02-01,qi_1,500ms,6,2.31768511803e-07,0.00231897766647,0,86399,daily_bucket,,,,,,,,
2025-02-01,qi_1,500ms,7,1.43379522052e-06,0.0143393253813,0,86399,daily_bucket,,,,,,,,
2025-02-01,qi_1,500ms,8,2.62164762938e-06,0.0262186456249,0,86399,daily_bucket,,,,,,,,
2025-02-01,qi_1,500ms,9,4.41968613322e-06,0.044199814701,0,86399,daily_bucket,,,,,,,,
2025-02-01,qi_1,500ms,10,1.27129697577e-05,0.127136228597,0,86399,daily_bucket,,,,,,,,
2025-02-01,qi_1,500ms,,,,,863987,daily_monotonicity,,1,,,,,,
2025-02-01,qi_1,500ms,,,,,863987,daily_top_bottom,0.25923600433,,,,,,,
2025-02-01,trade_imbalance_500ms,500ms,1,-1.37621564808e-06,-0.0137604782645,0,72337,daily_bucket,,,,,,,,
2025-02-01,trade_imbalance_500ms,500ms,2,-1.3975488598e-06,-0.0139735195949,0,72337,daily_bucket,,,,,,,,
2025-02-01,trade_imbalance_500ms,500ms,3,-8.43558451601e-06,-0.0843474744921,0,72333,daily_bucket,,,,,,,,
2025-02-01,trade_imbalance_500ms,500ms,4,-2.72988078824e-06,-0.0272948059635,0,72337,daily_bucket,,,,,,,,
2025-02-01,trade_imbalance_500ms,500ms,5,-3.14976047099e-07,-0.00314690569434,0,72337,daily_bucket,,,,,,,,
2025-02-01,trade_imbalance_500ms,500ms,6,1.09732101034e-06,0.0109762085226,0,72336,daily_bucket,,,,,,,,
2025-02-01,trade_imbalance_500ms,500ms,7,6.17399563419e-06,0.0617454151428,0,72337,daily_bucket,,,,,,,,
2025-02-01,trade_imbalance_500ms,500ms,8,1.3409501094e-06,0.0134111128331,0,72337,daily_bucket,,,,,,,,
2025-02-01,trade_imbalance_500ms,500ms,9,1.45991833978e-06,0.0146010770966,0,72337,daily_bucket,,,,,,,,
2025-02-01,trade_imbalance_500ms,500ms,10,2.73121914398e-06,0.0273156075541,0,72337,daily_bucket,,,,,,,,
2025-02-01,trade_imbalance_500ms,500ms,,,,,723365,daily_monotonicity,,0.818181818182,,,,,,
2025-02-01,trade_imbalance_500ms,500ms,,,,,723365,daily_top_bottom,0.0410760858186,,,,,,,
2025-02-01,di_10,5s,1,-6.60677080145e-05,-0.660594774781,-0.328491617818,86400,daily_bucket,,,,,,,,
2025-02-01,di_10,5s,2,-3.920297603e-05,-0.3919766902,0,86399,daily_bucket,,,,,,,,
2025-02-01,di_10,5s,3,-2.80819951187e-05,-0.280771152388,0,86399,daily_bucket,,,,,,,,
2025-02-01,di_10,5s,4,-1.28555916418e-05,-0.128520311115,0,86399,daily_bucket,,,,,,,,
2025-02-01,di_10,5s,5,-3.26467136435e-06,-0.0326111911878,0,86393,daily_bucket,,,,,,,,
2025-02-01,di_10,5s,6,4.7630923121e-06,0.0476662815343,0,86391,daily_bucket,,,,,,,,
2025-02-01,di_10,5s,7,1.37664070356e-05,0.137703046722,0,86371,daily_bucket,,,,,,,,
2025-02-01,di_10,5s,8,2.23392622017e-05,0.223434026448,0,86398,daily_bucket,,,,,,,,
2025-02-01,di_10,5s,9,3.67748694715e-05,0.367800904726,0,86393,daily_bucket,,,,,,,,
2025-02-01,di_10,5s,10,6.16022349193e-05,0.616095456361,0.349043236701,86399,daily_bucket,,,,,,,,
2025-02-01,di_10,5s,,,,,863942,daily_monotonicity,,1,,,,,,
2025-02-01,di_10,5s,,,,,863942,daily_top_bottom,1.27669023114,,,,,,,
2025-02-01,di_5,5s,1,-6.66369927161e-05,-0.666287010114,-0.336857748568,86400,daily_bucket,,,,,,,,
2025-02-01,di_5,5s,2,-3.83978514887e-05,-0.383926371956,0,86399,daily_bucket,,,,,,,,
2025-02-01,di_5,5s,3,-2.79211222574e-05,-0.279163459312,0,86399,daily_bucket,,,,,,,,
2025-02-01,di_5,5s,4,-1.30765566626e-05,-0.130728018903,0,86399,daily_bucket,,,,,,,,
2025-02-01,di_5,5s,5,-3.3914477174e-06,-0.0338795998615,0,86393,daily_bucket,,,,,,,,
2025-02-01,di_5,5s,6,4.15698022416e-06,0.0416062228772,0,86391,daily_bucket,,,,,,,,
2025-02-01,di_5,5s,7,1.37581745994e-05,0.137621479409,0,86371,daily_bucket,,,,,,,,
2025-02-01,di_5,5s,8,2.27346556695e-05,0.227387019348,0,86398,daily_bucket,,,,,,,,
2025-02-01,di_5,5s,9,3.70590170728e-05,0.370641063318,0,86393,daily_bucket,,,,,,,,
2025-02-01,di_5,5s,10,6.14880303513e-05,0.614953904545,0.337875463498,86399,daily_bucket,,,,,,,,
2025-02-01,di_5,5s,,,,,863942,daily_monotonicity,,1,,,,,,
2025-02-01,di_5,5s,,,,,863942,daily_top_bottom,1.28124091466,,,,,,,
2025-02-01,microprice_deviation_bps,5s,1,-6.71639556663e-05,-0.671554666398,-0.343582961329,86400,daily_bucket,,,,,,,,
2025-02-01,microprice_deviation_bps,5s,2,-3.75523096971e-05,-0.375473469576,0,86399,daily_bucket,,,,,,,,
2025-02-01,microprice_deviation_bps,5s,3,-2.87158827026e-05,-0.287110001341,0,86399,daily_bucket,,,,,,,,
2025-02-01,microprice_deviation_bps,5s,4,-1.30193373502e-05,-0.130155979393,0,86399,daily_bucket,,,,,,,,
2025-02-01,microprice_deviation_bps,5s,5,-3.40997010166e-06,-0.0340650298529,0,86394,daily_bucket,,,,,,,,
2025-02-01,microprice_deviation_bps,5s,6,4.0598457071e-06,0.0406330150881,0,86390,daily_bucket,,,,,,,,
2025-02-01,microprice_deviation_bps,5s,7,1.37072815254e-05,0.137112847582,0,86371,daily_bucket,,,,,,,,
2025-02-01,microprice_deviation_bps,5s,8,2.35930236289e-05,0.235970608502,0,86398,daily_bucket,,,,,,,,
2025-02-01,microprice_deviation_bps,5s,9,3.61954644627e-05,0.362003963899,0,86393,daily_bucket,,,,,,,,
2025-02-01,microprice_deviation_bps,5s,10,6.20787430168e-05,0.620864098095,0.342601219886,86399,daily_bucket,,,,,,,,
2025-02-01,microprice_deviation_bps,5s,,,,,863942,daily_monotonicity,,1,,,,,,
2025-02-01,microprice_deviation_bps,5s,,,,,863942,daily_top_bottom,1.29241876449,,,,,,,
2025-02-01,ofi_5s,5s,1,-4.59242115916e-05,-0.459147736934,-0.00391389260151,86400,daily_bucket,,,,,,,,
2025-02-01,ofi_5s,5s,2,-3.29882610926e-05,-0.329828617635,0,86396,daily_bucket,,,,,,,,
2025-02-01,ofi_5s,5s,3,-1.72318261149e-05,-0.172278433779,0,86391,daily_bucket,,,,,,,,
2025-02-01,ofi_5s,5s,4,-9.23478607562e-06,-0.0923134956507,0,86370,daily_bucket,,,,,,,,
2025-02-01,ofi_5s,5s,5,-3.9552431442e-06,-0.0395229323473,0,86393,daily_bucket,,,,,,,,
2025-02-01,ofi_5s,5s,6,1.39723314342e-06,0.0140039215843,0,86398,daily_bucket,,,,,,,,
2025-02-01,ofi_5s,5s,7,7.38622770386e-06,0.0738936869915,0,86397,daily_bucket,,,,,,,,
2025-02-01,ofi_5s,5s,8,1.67009507433e-05,0.1670456365,0,86399,daily_bucket,,,,,,,,
2025-02-01,ofi_5s,5s,9,3.04906723709e-05,0.304965489606,0,86399,daily_bucket,,,,,,,,
2025-02-01,ofi_5s,5s,10,4.31185183875e-05,0.431271580998,0.0507786738749,86399,daily_bucket,,,,,,,,
2025-02-01,ofi_5s,5s,,,,,863942,daily_monotonicity,,1,,,,,,
2025-02-01,ofi_5s,5s,,,,,863942,daily_top_bottom,0.890419317932,,,,,,,
2025-02-01,qi_1,5s,1,-6.64799732814e-05,-0.664716255257,-0.338499292642,86400,daily_bucket,,,,,,,,
2025-02-01,qi_1,5s,2,-3.8051394984e-05,-0.380463248826,0,86399,daily_bucket,,,,,,,,
2025-02-01,qi_1,5s,3,-2.88336407061e-05,-0.288287602578,0,86399,daily_bucket,,,,,,,,
2025-02-01,qi_1,5s,4,-1.31029258014e-05,-0.130991538128,0,86399,daily_bucket,,,,,,,,
2025-02-01,qi_1,5s,5,-3.39955780196e-06,-0.0339605759697,0,86394,daily_bucket,,,,,,,,
2025-02-01,qi_1,5s,6,4.18855664497e-06,0.0419201098272,0,86390,daily_bucket,,,,,,,,
2025-02-01,qi_1,5s,7,1.37392183672e-05,0.137432586057,0,86371,daily_bucket,,,,,,,,
2025-02-01,qi_1,5s,8,2.37592869036e-05,0.237634125624,0,86398,daily_bucket,,,,,,,,
2025-02-01,qi_1,5s,9,3.65472466202e-05,0.365522724485,0,86393,daily_bucket,,,,,,,,
2025-02-01,qi_1,5s,10,6.14061296594e-05,0.614135489577,0.334710596257,86399,daily_bucket,,,,,,,,
2025-02-01,qi_1,5s,,,,,863942,daily_monotonicity,,1,,,,,,
2025-02-01,qi_1,5s,,,,,863942,daily_top_bottom,1.27885174483,,,,,,,
2025-02-01,trade_imbalance_5s,5s,1,-2.92855504233e-05,-0.292799333672,0,86380,daily_bucket,,,,,,,,
2025-02-01,trade_imbalance_5s,5s,2,-1.92844066318e-05,-0.192788985388,0,86371,daily_bucket,,,,,,,,
2025-02-01,trade_imbalance_5s,5s,3,-1.33260736103e-05,-0.133203896249,0,86394,daily_bucket,,,,,,,,
2025-02-01,trade_imbalance_5s,5s,4,-6.75104369186e-06,-0.0674621331129,0,86398,daily_bucket,,,,,,,,
2025-02-01,trade_imbalance_5s,5s,5,-3.07950474684e-06,-0.0307511835466,0,86398,daily_bucket,,,,,,,,
2025-02-01,trade_imbalance_5s,5s,6,2.42056288425e-06,0.0242502972774,0,86398,daily_bucket,,,,,,,,
2025-02-01,trade_imbalance_5s,5s,7,8.69422540487e-06,0.0869957458415,0,86398,daily_bucket,,,,,,,,
2025-02-01,trade_imbalance_5s,5s,8,1.20687010229e-05,0.120734703002,0,86398,daily_bucket,,,,,,,,
2025-02-01,trade_imbalance_5s,5s,9,1.71454033953e-05,0.171500005274,0,86398,daily_bucket,,,,,,,,
2025-02-01,trade_imbalance_5s,5s,10,2.11494941401e-05,0.211539232186,0,86398,daily_bucket,,,,,,,,
2025-02-01,trade_imbalance_5s,5s,,,,,863931,daily_monotonicity,,1,,,,,,
2025-02-01,trade_imbalance_5s,5s,,,,,863931,daily_top_bottom,0.504338565858,,,,,,,
2025-03-01,di_10,100ms,1,-7.76651386285e-06,-0.0776618328216,0,86398,daily_bucket,,,,,,,,
2025-03-01,di_10,100ms,2,-1.72813388499e-06,-0.0172802497166,0,86397,daily_bucket,,,,,,,,
2025-03-01,di_10,100ms,3,-5.6515693203e-07,-0.00565097916831,0,86398,daily_bucket,,,,,,,,
2025-03-01,di_10,100ms,4,-1.57914203842e-07,-0.00157857824627,0,86397,daily_bucket,,,,,,,,
2025-03-01,di_10,100ms,5,-5.42862504326e-08,-0.000542312523246,0,86398,daily_bucket,,,,,,,,
2025-03-01,di_10,100ms,6,1.42743821189e-07,0.00142782313941,0,86396,daily_bucket,,,,,,,,
2025-03-01,di_10,100ms,7,3.25283381717e-07,0.00325320249635,0,86398,daily_bucket,,,,,,,,
2025-03-01,di_10,100ms,8,7.39957126826e-07,0.007400107869,0,86397,daily_bucket,,,,,,,,
2025-03-01,di_10,100ms,9,2.21335196087e-06,0.0221346145594,0,86398,daily_bucket,,,,,,,,
2025-03-01,di_10,100ms,10,7.08373641151e-06,0.0708400392069,0,86396,daily_bucket,,,,,,,,
2025-03-01,di_10,100ms,,,,,863973,daily_monotonicity,,1,,,,,,
2025-03-01,di_10,100ms,,,,,863973,daily_top_bottom,0.148501872028,,,,,,,
2025-03-01,di_5,100ms,1,-8.00000562859e-06,-0.0799966389348,0,86398,daily_bucket,,,,,,,,
2025-03-01,di_5,100ms,2,-1.5855839329e-06,-0.0158548240323,0,86397,daily_bucket,,,,,,,,
2025-03-01,di_5,100ms,3,-4.80358325057e-07,-0.00480299267544,0,86398,daily_bucket,,,,,,,,
2025-03-01,di_5,100ms,4,-1.36525757876e-07,-0.00136466434056,0,86397,daily_bucket,,,,,,,,
2025-03-01,di_5,100ms,5,-5.12728114802e-08,-0.000512315417432,0,86398,daily_bucket,,,,,,,,
2025-03-01,di_5,100ms,6,1.32620450509e-07,0.00132667685857,0,86396,daily_bucket,,,,,,,,
2025-03-01,di_5,100ms,7,3.08857532025e-07,0.00308892764986,0,86398,daily_bucket,,,,,,,,
2025-03-01,di_5,100ms,8,6.79241625668e-07,0.00679292728164,0,86397,daily_bucket,,,,,,,,
2025-03-01,di_5,100ms,9,2.11638900105e-06,0.0211650320573,0,86398,daily_bucket,,,,,,,,
2025-03-01,di_5,100ms,10,7.2497102171e-06,0.0724997543736,0,86396,daily_bucket,,,,,,,,
2025-03-01,di_5,100ms,,,,,863973,daily_monotonicity,,1,,,,,,
2025-03-01,di_5,100ms,,,,,863973,daily_top_bottom,0.152496393308,,,,,,,
2025-03-01,microprice_deviation_bps,100ms,1,-8.06263133426e-06,-0.0806227409401,0,86398,daily_bucket,,,,,,,,
2025-03-01,microprice_deviation_bps,100ms,2,-1.49897766483e-06,-0.0149887436807,0,86397,daily_bucket,,,,,,,,
2025-03-01,microprice_deviation_bps,100ms,3,-4.72242965596e-07,-0.00472190289416,0,86398,daily_bucket,,,,,,,,
2025-03-01,microprice_deviation_bps,100ms,4,-1.33471357219e-07,-0.00133423587407,0,86397,daily_bucket,,,,,,,,
2025-03-01,microprice_deviation_bps,100ms,5,-5.80529724778e-08,-0.000580116741817,0,86398,daily_bucket,,,,,,,,
2025-03-01,microprice_deviation_bps,100ms,6,1.44428398957e-07,0.00144475022744,0,86396,daily_bucket,,,,,,,,
2025-03-01,microprice_deviation_bps,100ms,7,2.83688770233e-07,0.00283725041579,0,86398,daily_bucket,,,,,,,,
2025-03-01,microprice_deviation_bps,100ms,8,6.87992727472e-07,0.00688047664272,0,86397,daily_bucket,,,,,,,,
2025-03-01,microprice_deviation_bps,100ms,9,2.05424695807e-06,0.0205434802952,0,86398,daily_bucket,,,,,,,,
2025-03-01,microprice_deviation_bps,100ms,10,7.28809411103e-06,0.0728836883809,0,86396,daily_bucket,,,,,,,,
2025-03-01,microprice_deviation_bps,100ms,,,,,863973,daily_monotonicity,,1,,,,,,
2025-03-01,microprice_deviation_bps,100ms,,,,,863973,daily_top_bottom,0.153506429321,,,,,,,
2025-03-01,ofi_100ms,100ms,1,-5.0139006093e-06,-0.0501364608931,0,86400,daily_bucket,,,,,,,,
2025-03-01,ofi_100ms,100ms,2,-1.70582849542e-06,-0.0170570338859,0,86399,daily_bucket,,,,,,,,
2025-03-01,ofi_100ms,100ms,3,-5.30733383004e-07,-0.00530651395973,0,86399,daily_bucket,,,,,,,,
2025-03-01,ofi_100ms,100ms,4,-1.08495621233e-08,-0.000107973987137,0,86399,daily_bucket,,,,,,,,
2025-03-01,ofi_100ms,100ms,5,5.00925227855e-08,0.000501725645492,0,86381,daily_bucket,,,,,,,,
2025-03-01,ofi_100ms,100ms,6,2.01430980007e-07,0.00201486675956,0,86399,daily_bucket,,,,,,,,
2025-03-01,ofi_100ms,100ms,7,3.13150772108e-07,0.00313205309177,0,86399,daily_bucket,,,,,,,,
2025-03-01,ofi_100ms,100ms,8,6.52175658182e-07,0.00652265837863,0,86399,daily_bucket,,,,,,,,
2025-03-01,ofi_100ms,100ms,9,1.72697496011e-06,0.0172707650663,0,86399,daily_bucket,,,,,,,,
2025-03-01,ofi_100ms,100ms,10,4.55046647858e-06,0.0455068660305,0,86399,daily_bucket,,,,,,,,
2025-03-01,ofi_100ms,100ms,,,,,863973,daily_monotonicity,,1,,,,,,
2025-03-01,ofi_100ms,100ms,,,,,863973,daily_top_bottom,0.0956433269236,,,,,,,
2025-03-01,qi_1,100ms,1,-8.0557489397e-06,-0.0805539865568,0,86398,daily_bucket,,,,,,,,
2025-03-01,qi_1,100ms,2,-1.50794357666e-06,-0.0150783961942,0,86397,daily_bucket,,,,,,,,
2025-03-01,qi_1,100ms,3,-4.72394695757e-07,-0.00472337439342,0,86398,daily_bucket,,,,,,,,
2025-03-01,qi_1,100ms,4,-1.33008768871e-07,-0.00132959336455,0,86397,daily_bucket,,,,,,,,
2025-03-01,qi_1,100ms,5,-5.11039625175e-08,-0.000510625732079,0,86398,daily_bucket,,,,,,,,
2025-03-01,qi_1,100ms,6,1.41537759035e-07,0.00141585061059,0,86396,daily_bucket,,,,,,,,
2025-03-01,qi_1,100ms,7,2.93185733358e-07,0.00293222606952,0,86398,daily_bucket,,,,,,,,
2025-03-01,qi_1,100ms,8,6.8281598657e-07,0.00682871804756,0,86397,daily_bucket,,,,,,,,
2025-03-01,qi_1,100ms,9,2.05013470134e-06,0.0205023937709,0,86398,daily_bucket,,,,,,,,
2025-03-01,qi_1,100ms,10,7.2856001516e-06,0.072858690743,0,86396,daily_bucket,,,,,,,,
2025-03-01,qi_1,100ms,,,,,863973,daily_monotonicity,,1,,,,,,
2025-03-01,qi_1,100ms,,,,,863973,daily_top_bottom,0.1534126773,,,,,,,
2025-03-01,trade_imbalance_100ms,100ms,1,-6.50583019253e-06,-0.0650555499592,0,30409,daily_bucket,,,,,,,,
2025-03-01,trade_imbalance_100ms,100ms,2,-4.31372860752e-06,-0.0431351778533,0,30409,daily_bucket,,,,,,,,
2025-03-01,trade_imbalance_100ms,100ms,3,-5.3920745239e-06,-0.0539181651503,0,30408,daily_bucket,,,,,,,,
2025-03-01,trade_imbalance_100ms,100ms,4,-5.76805515072e-06,-0.0576781860405,0,30409,daily_bucket,,,,,,,,
2025-03-01,trade_imbalance_100ms,100ms,5,-8.13246611486e-06,-0.0813180417922,0,30408,daily_bucket,,,,,,,,
2025-03-01,trade_imbalance_100ms,100ms,6,1.07290356883e-05,0.107297581445,0,30409,daily_bucket,,,,,,,,
2025-03-01,trade_imbalance_100ms,100ms,7,5.40971506028e-06,0.0540993812973,0,30409,daily_bucket,,,,,,,,
2025-03-01,trade_imbalance_100ms,100ms,8,3.29002181147e-06,0.0329015422149,0,30408,daily_bucket,,,,,,,,
2025-03-01,trade_imbalance_100ms,100ms,9,6.0481484683e-06,0.0604836912572,0,30409,daily_bucket,,,,,,,,
2025-03-01,trade_imbalance_100ms,100ms,10,5.05276235581e-06,0.0505294931158,0,30408,daily_bucket,,,,,,,,
2025-03-01,trade_imbalance_100ms,100ms,,,,,304086,daily_monotonicity,,0.648484848485,,,,,,
2025-03-01,trade_imbalance_100ms,100ms,,,,,304086,daily_top_bottom,0.115585043075,,,,,,,
2025-03-01,di_10,1s,1,-4.31360965239e-05,-0.43132398067,-0.0457606806749,86398,daily_bucket,,,,,,,,
2025-03-01,di_10,1s,2,-1.90053707326e-05,-0.190031936391,0,86397,daily_bucket,,,,,,,,
2025-03-01,di_10,1s,3,-9.25549205351e-06,-0.0925413385857,0,86398,daily_bucket,,,,,,,,
2025-03-01,di_10,1s,4,-4.65883608196e-06,-0.0465759972605,0,86394,daily_bucket,,,,,,,,
2025-03-01,di_10,1s,5,-1.5705476617e-06,-0.0156931660739,0,86394,daily_bucket,,,,,,,,
2025-03-01,di_10,1s,6,1.98957603388e-06,0.0199080853413,0,86394,daily_bucket,,,,,,,,
2025-03-01,di_10,1s,7,6.26602912402e-06,0.0626719350954,0,86398,daily_bucket,,,,,,,,
2025-03-01,di_10,1s,8,1.05837457592e-05,0.105851055032,0,86397,daily_bucket,,,,,,,,
2025-03-01,di_10,1s,9,1.99370886339e-05,0.199389153805,0,86398,daily_bucket,,,,,,,,
2025-03-01,di_10,1s,10,4.11908528214e-05,0.411941108282,0.118550201462,86387,daily_bucket,,,,,,,,
2025-03-01,di_10,1s,,,,,863955,daily_monotonicity,,1,,,,,,
2025-03-01,di_10,1s,,,,,863955,daily_top_bottom,0.843265088952,,,,,,,
2025-03-01,di_5,1s,1,-4.36152205478e-05,-0.436114204847,-0.0768830538275,86398,daily_bucket,,,,,,,,
2025-03-01,di_5,1s,2,-1.87701928345e-05,-0.187680318121,0,86397,daily_bucket,,,,,,,,
2025-03-01,di_5,1s,3,-9.04417637525e-06,-0.0904279021515,0,86398,daily_bucket,,,,,,,,
2025-03-01,di_5,1s,4,-4.43134939512e-06,-0.0443017319662,0,86397,daily_bucket,,,,,,,,
2025-03-01,di_5,1s,5,-1.50363583365e-06,-0.0150241057016,0,86393,daily_bucket,,,,,,,,
2025-03-01,di_5,1s,6,1.91952514047e-06,0.0192075139047,0,86392,daily_bucket,,,,,,,,
2025-03-01,di_5,1s,7,6.16653176614e-06,0.061676586788,0,86398,daily_bucket,,,,,,,,
2025-03-01,di_5,1s,8,1.02931395703e-05,0.102944830381,0,86397,daily_bucket,,,,,,,,
2025-03-01,di_5,1s,9,2.01908778244e-05,0.201927476086,0,86398,daily_bucket,,,,,,,,
2025-03-01,di_5,1s,10,4.11356336192e-05,0.411388610298,0.132720587048,86387,daily_bucket,,,,,,,,
2025-03-01,di_5,1s,,,,,863955,daily_monotonicity,,1,,,,,,
2025-03-01,di_5,1s,,,,,863955,daily_top_bottom,0.847502815145,,,,,,,
2025-03-01,microprice_deviation_bps,1s,1,-4.38200595882e-05,-0.4381616336,-0.0812749252584,86398,daily_bucket,,,,,,,,
2025-03-01,microprice_deviation_bps,1s,2,-1.85871564016e-05,-0.18585053838,0,86397,daily_bucket,,,,,,,,
2025-03-01,microprice_deviation_bps,1s,3,-9.07075199078e-06,-0.0906940412324,0,86398,daily_bucket,,,,,,,,
2025-03-01,microprice_deviation_bps,1s,4,-4.47680883915e-06,-0.0447569724665,0,86397,daily_bucket,,,,,,,,
2025-03-01,microprice_deviation_bps,1s,5,-1.42601011881e-06,-0.014247898193,0,86393,daily_bucket,,,,,,,,
2025-03-01,microprice_deviation_bps,1s,6,1.85226587703e-06,0.0185350347668,0,86392,daily_bucket,,,,,,,,
2025-03-01,microprice_deviation_bps,1s,7,6.14836361406e-06,0.0614951538994,0,86398,daily_bucket,,,,,,,,
2025-03-01,microprice_deviation_bps,1s,8,1.01993443574e-05,0.102006528605,0,86397,daily_bucket,,,,,,,,
2025-03-01,microprice_deviation_bps,1s,9,2.04238012545e-05,0.204256738287,0,86398,daily_bucket,,,,,,,,
2025-03-01,microprice_deviation_bps,1s,10,4.10981403244e-05,0.411014338602,0.132720587048,86387,daily_bucket,,,,,,,,
2025-03-01,microprice_deviation_bps,1s,,,,,863955,daily_monotonicity,,1,,,,,,
2025-03-01,microprice_deviation_bps,1s,,,,,863955,daily_top_bottom,0.849175972202,,,,,,,
2025-03-01,ofi_1s,1s,1,-3.25535038221e-05,-0.325497675159,0,86400,daily_bucket,,,,,,,,
2025-03-01,ofi_1s,1s,2,-1.49134237373e-05,-0.149113849459,0,86399,daily_bucket,,,,,,,,
2025-03-01,ofi_1s,1s,3,-6.35576624386e-06,-0.0635430937301,0,86396,daily_bucket,,,,,,,,
2025-03-01,ofi_1s,1s,4,-2.86599310995e-06,-0.0286477865427,0,86389,daily_bucket,,,,,,,,
2025-03-01,ofi_1s,1s,5,-1.34847176801e-06,-0.0134746851227,0,86380,daily_bucket,,,,,,,,
2025-03-01,ofi_1s,1s,6,1.86285780551e-06,0.0186401339674,0,86397,daily_bucket,,,,,,,,
2025-03-01,ofi_1s,1s,7,3.90229934649e-06,0.0390351010888,0,86397,daily_bucket,,,,,,,,
2025-03-01,ofi_1s,1s,8,6.92629874003e-06,0.0692771077401,0,86399,daily_bucket,,,,,,,,
2025-03-01,ofi_1s,1s,9,1.47243210908e-05,0.147262888694,0,86399,daily_bucket,,,,,,,,
2025-03-01,ofi_1s,1s,10,3.29570147073e-05,0.329603609816,0,86399,daily_bucket,,,,,,,,
2025-03-01,ofi_1s,1s,,,,,863955,daily_monotonicity,,1,,,,,,
2025-03-01,ofi_1s,1s,,,,,863955,daily_top_bottom,0.655101284975,,,,,,,
2025-03-01,qi_1,1s,1,-4.37096570049e-05,-0.43705805685,-0.0791569150565,86398,daily_bucket,,,,,,,,
2025-03-01,qi_1,1s,2,-1.87370733681e-05,-0.187349406154,0,86397,daily_bucket,,,,,,,,
2025-03-01,qi_1,1s,3,-9.07808199331e-06,-0.0907672627148,0,86398,daily_bucket,,,,,,,,
2025-03-01,qi_1,1s,4,-4.43796411667e-06,-0.0443684741211,0,86397,daily_bucket,,,,,,,,
2025-03-01,qi_1,1s,5,-1.40144134745e-06,-0.014002184775,0,86393,daily_bucket,,,,,,,,
2025-03-01,qi_1,1s,6,1.83816985632e-06,0.0183940966916,0,86392,daily_bucket,,,,,,,,
2025-03-01,qi_1,1s,7,6.0577896485e-06,0.0605892896234,0,86398,daily_bucket,,,,,,,,
2025-03-01,qi_1,1s,8,1.03039992546e-05,0.103053303527,0,86397,daily_bucket,,,,,,,,
2025-03-01,qi_1,1s,9,2.04406654138e-05,0.20442595809,0,86398,daily_bucket,,,,,,,,
2025-03-01,qi_1,1s,10,4.10647182595e-05,0.410679408025,0.134073887882,86387,daily_bucket,,,,,,,,
2025-03-01,qi_1,1s,,,,,863955,daily_monotonicity,,1,,,,,,
2025-03-01,qi_1,1s,,,,,863955,daily_top_bottom,0.847737464874,,,,,,,
2025-03-01,trade_imbalance_1s,1s,1,-6.1332182819e-06,-0.0613193442469,0,83126,daily_bucket,,,,,,,,
2025-03-01,trade_imbalance_1s,1s,2,-1.65903160485e-05,-0.165879238167,0,83125,daily_bucket,,,,,,,,
2025-03-01,trade_imbalance_1s,1s,3,-1.21243083794e-05,-0.121221790257,0,83126,daily_bucket,,,,,,,,
2025-03-01,trade_imbalance_1s,1s,4,-6.09808178506e-06,-0.060962726481,0,83125,daily_bucket,,,,,,,,
2025-03-01,trade_imbalance_1s,1s,5,-1.34843075385e-06,-0.0134652309443,0,83125,daily_bucket,,,,,,,,
2025-03-01,trade_imbalance_1s,1s,6,3.80596777612e-06,0.038077796553,0,83116,daily_bucket,,,,,,,,
2025-03-01,trade_imbalance_1s,1s,7,7.78145076377e-06,0.0778359343629,0,83125,daily_bucket,,,,,,,,
2025-03-01,trade_imbalance_1s,1s,8,1.60288764803e-05,0.160313921846,0,83126,daily_bucket,,,,,,,,
2025-03-01,trade_imbalance_1s,1s,9,1.06011396317e-05,0.106030438322,0,83115,daily_bucket,,,,,,,,
2025-03-01,trade_imbalance_1s,1s,10,6.57240624926e-06,0.0657347329948,0,83125,daily_bucket,,,,,,,,
2025-03-01,trade_imbalance_1s,1s,,,,,831234,daily_monotonicity,,0.878787878788,,,,,,
2025-03-01,trade_imbalance_1s,1s,,,,,831234,daily_top_bottom,0.127054077242,,,,,,,
2025-03-01,di_10,30s,1,-9.13585989337e-05,-0.912712286812,-0.898915646377,86347,daily_bucket,,,,,,,,
2025-03-01,di_10,30s,2,-7.4657479114e-05,-0.745719682966,-0.569994871805,86329,daily_bucket,,,,,,,,
2025-03-01,di_10,30s,3,-4.32864106257e-05,-0.432039266251,-0.236401016737,86358,daily_bucket,,,,,,,,
2025-03-01,di_10,30s,4,-1.61191622028e-05,-0.160386762606,0,86369,daily_bucket,,,,,,,,
2025-03-01,di_10,30s,5,-1.69788882236e-06,-0.0161438068522,0,86305,daily_bucket,,,,,,,,
2025-03-01,di_10,30s,6,1.95665641182e-05,0.196502358878,0.00117240228335,86370,daily_bucket,,,,,,,,
2025-03-01,di_10,30s,7,3.1922288219e-05,0.320056940824,0.0947475857058,86397,daily_bucket,,,,,,,,
2025-03-01,di_10,30s,8,5.88258878419e-05,0.5891053049,0.350136112496,86397,daily_bucket,,,,,,,,
2025-03-01,di_10,30s,9,8.22207216533e-05,0.823076860563,0.489006160026,86393,daily_bucket,,,,,,,,
2025-03-01,di_10,30s,10,0.000104268767885,1.04366004921,0.871617145199,86394,daily_bucket,,,,,,,,
2025-03-01,di_10,30s,,,,,863659,daily_monotonicity,,1,,,,,,
2025-03-01,di_10,30s,,,,,863659,daily_top_bottom,1.95637233603,,,,,,,
2025-03-01,di_5,30s,1,-9.24163534922e-05,-0.923279013195,-0.911180542003,86340,daily_bucket,,,,,,,,
2025-03-01,di_5,30s,2,-7.19326760217e-05,-0.71847476026,-0.553134655345,86299,daily_bucket,,,,,,,,
2025-03-01,di_5,30s,3,-4.17449390003e-05,-0.416628779656,-0.236401016737,86387,daily_bucket,,,,,,,,
2025-03-01,di_5,30s,4,-1.92813935967e-05,-0.192004431327,-0.00115941847511,86334,daily_bucket,,,,,,,,
2025-03-01,di_5,30s,5,-1.89197611137e-06,-0.0180933029162,0,86341,daily_bucket,,,,,,,,
2025-03-01,di_5,30s,6,2.00237096612e-05,0.201077067538,0.00116407476689,86377,daily_bucket,,,,,,,,
2025-03-01,di_5,30s,7,2.90886580728e-05,0.291729770442,0.0937291397745,86397,daily_bucket,,,,,,,,
2025-03-01,di_5,30s,8,6.12005203891e-05,0.612826166815,0.342348086431,86397,daily_bucket,,,,,,,,
2025-03-01,di_5,30s,9,8.62924902272e-05,0.863831356446,0.556737555748,86393,daily_bucket,,,,,,,,
2025-03-01,di_5,30s,10,0.000100320742841,1.00415656822,0.871617145199,86394,daily_bucket,,,,,,,,
2025-03-01,di_5,30s,,,,,863659,daily_monotonicity,,1,,,,,,
2025-03-01,di_5,30s,,,,,863659,daily_top_bottom,1.92743558141,,,,,,,
2025-03-01,microprice_deviation_bps,30s,1,-9.31916174628e-05,-0.931026217557,-0.922389778444,86339,daily_bucket,,,,,,,,
2025-03-01,microprice_deviation_bps,30s,2,-6.84943782202e-05,-0.684089859784,-0.528789143654,86300,daily_bucket,,,,,,,,
2025-03-01,microprice_deviation_bps,30s,3,-4.26990730744e-05,-0.426184828726,-0.234532590326,86384,daily_bucket,,,,,,,,
2025-03-01,microprice_deviation_bps,30s,4,-2.14990804203e-05,-0.214174392698,-0.00117647038062,86338,daily_bucket,,,,,,,,
2025-03-01,microprice_deviation_bps,30s,5,-9.85735828405e-07,-0.00902500256707,0,86345,daily_bucket,,,,,,,,
2025-03-01,microprice_deviation_bps,30s,6,1.66158555126e-05,0.166996243025,0,86372,daily_bucket,,,,,,,,
2025-03-01,microprice_deviation_bps,30s,7,3.48626786909e-05,0.349473399454,0.152302429042,86397,daily_bucket,,,,,,,,
2025-03-01,microprice_deviation_bps,30s,8,5.71758991685e-05,0.572561435104,0.323694081921,86397,daily_bucket,,,,,,,,
2025-03-01,microprice_deviation_bps,30s,9,8.67180538153e-05,0.868110652887,0.556737555748,86393,daily_bucket,,,,,,,,
2025-03-01,microprice_deviation_bps,30s,10,0.000101157923183,1.01251665055,0.884183655659,86394,daily_bucket,,,,,,,,
2025-03-01,microprice_deviation_bps,30s,,,,,863659,daily_monotonicity,,1,,,,,,
2025-03-01,microprice_deviation_bps,30s,,,,,863659,daily_top_bottom,1.94354286811,,,,,,,
2025-03-01,ofi_30s,30s,1,-2.09285286435e-05,-0.208397353005,-0.113798770701,86294,daily_bucket,,,,,,,,
2025-03-01,ofi_30s,30s,2,-3.1434727944e-05,-0.313533561173,-0.236151312708,86369,daily_bucket,,,,,,,,
2025-03-01,ofi_30s,30s,3,-2.07744190512e-05,-0.207033188388,-0.0725738885587,86376,daily_bucket,,,,,,,,
2025-03-01,ofi_30s,30s,4,-8.89192497648e-06,-0.0882121527245,0,86271,daily_bucket,,,,,,,,
2025-03-01,ofi_30s,30s,5,1.01454418253e-05,0.102120888833,0,86386,daily_bucket,,,,,,,,
2025-03-01,ofi_30s,30s,6,2.21012690943e-05,0.221796253349,0.0686650085037,86400,daily_bucket,,,,,,,,
2025-03-01,ofi_30s,30s,7,3.71960382709e-05,0.372860229598,0.23514270969,86382,daily_bucket,,,,,,,,
2025-03-01,ofi_30s,30s,8,3.64915845632e-05,0.365852069118,0.229396777884,86399,daily_bucket,,,,,,,,
2025-03-01,ofi_30s,30s,9,3.65638878282e-05,0.366693144776,0.305128490952,86399,daily_bucket,,,,,,,,
2025-03-01,ofi_30s,30s,10,9.29437217798e-06,0.0940362443345,0.126857863968,86383,daily_bucket,,,,,,,,
2025-03-01,ofi_30s,30s,,,,,863659,daily_monotonicity,,0.769696969697,,,,,,
2025-03-01,ofi_30s,30s,,,,,863659,daily_top_bottom,0.30243359734,,,,,,,
2025-03-01,qi_1,30s,1,-9.22668324081e-05,-0.921779342914,-0.908787962162,86339,daily_bucket,,,,,,,,
2025-03-01,qi_1,30s,2,-6.93898746687e-05,-0.693041171201,-0.535622983501,86300,daily_bucket,,,,,,,,
2025-03-01,qi_1,30s,3,-4.26657239642e-05,-0.425853756767,-0.232780052007,86384,daily_bucket,,,,,,,,
2025-03-01,qi_1,30s,4,-2.15724268494e-05,-0.214908176856,-0.00117647038062,86338,daily_bucket,,,,,,,,
2025-03-01,qi_1,30s,5,-8.38369423907e-07,-0.00755022457356,0,86345,daily_bucket,,,,,,,,
2025-03-01,qi_1,30s,6,1.66705851591e-05,0.167542784279,0,86372,daily_bucket,,,,,,,,
2025-03-01,qi_1,30s,7,3.45863033925e-05,0.346711127309,0.151998775124,86397,daily_bucket,,,,,,,,
2025-03-01,qi_1,30s,8,5.71955053945e-05,0.572759229838,0.323694081921,86397,daily_bucket,,,,,,,,
2025-03-01,qi_1,30s,9,8.78173313779e-05,0.879102018796,0.576273401037,86393,daily_bucket,,,,,,,,
2025-03-01,qi_1,30s,10,0.000100123717232,1.00217249373,0.866333782698,86394,daily_bucket,,,,,,,,
2025-03-01,qi_1,30s,,,,,863659,daily_monotonicity,,1,,,,,,
2025-03-01,qi_1,30s,,,,,863659,daily_top_bottom,1.92395183664,,,,,,,
2025-03-01,trade_imbalance_30s,30s,1,-1.60476392598e-05,-0.159841505635,0,86351,daily_bucket,,,,,,,,
2025-03-01,trade_imbalance_30s,30s,2,1.77006271475e-06,0.0184350216853,0,86293,daily_bucket,,,,,,,,
2025-03-01,trade_imbalance_30s,30s,3,-1.58254760211e-05,-0.157525194299,-0.00118336508203,86266,daily_bucket,,,,,,,,
2025-03-01,trade_imbalance_30s,30s,4,-2.09464577876e-05,-0.208700771087,-0.0232207088319,86399,daily_bucket,,,,,,,,
2025-03-01,trade_imbalance_30s,30s,5,2.16822718842e-06,0.0224727346462,0,86399,daily_bucket,,,,,,,,
2025-03-01,trade_imbalance_30s,30s,6,3.12996045202e-05,0.313914438142,0.10065229198,86400,daily_bucket,,,,,,,,
2025-03-01,trade_imbalance_30s,30s,7,-1.66218695195e-06,-0.0157838121569,0,86399,daily_bucket,,,,,,,,
2025-03-01,trade_imbalance_30s,30s,8,1.4891670216e-05,0.149968179475,0,86399,daily_bucket,,,,,,,,
2025-03-01,trade_imbalance_30s,30s,9,2.43211617954e-05,0.244360413218,0.0140676844363,86354,daily_bucket,,,,,,,,
2025-03-01,trade_imbalance_30s,30s,10,4.98199690171e-05,0.499142389032,0.350175543117,86399,daily_bucket,,,,,,,,
2025-03-01,trade_imbalance_30s,30s,,,,,863659,daily_monotonicity,,0.757575757576,,,,,,
2025-03-01,trade_imbalance_30s,30s,,,,,863659,daily_top_bottom,0.658983894667,,,,,,,
2025-03-01,di_10,500ms,1,-2.77565326451e-05,-0.277547068902,0,86398,daily_bucket,,,,,,,,
2025-03-01,di_10,500ms,2,-9.81431233156e-06,-0.0981342075097,0,86397,daily_bucket,,,,,,,,
2025-03-01,di_10,500ms,3,-4.37939268438e-06,-0.0437888156292,0,86398,daily_bucket,,,,,,,,
2025-03-01,di_10,500ms,4,-2.07642356523e-06,-0.0207593385403,0,86397,daily_bucket,,,,,,,,
2025-03-01,di_10,500ms,5,-7.41985755346e-07,-0.00741542851388,0,86396,daily_bucket,,,,,,,,
2025-03-01,di_10,500ms,6,9.83681814263e-07,0.00984108251594,0,86394,daily_bucket,,,,,,,,
2025-03-01,di_10,500ms,7,2.7259791084e-06,0.0272637760335,0,86398,daily_bucket,,,,,,,,
2025-03-01,di_10,500ms,8,5.1187089535e-06,0.0511920390897,0,86397,daily_bucket,,,,,,,,
2025-03-01,di_10,500ms,9,1.09676483635e-05,0.109684494268,0,86398,daily_bucket,,,,,,,,
2025-03-01,di_10,500ms,10,2.6140746712e-05,0.261423240527,0,86392,daily_bucket,,,,,,,,
2025-03-01,di_10,500ms,,,,,863965,daily_monotonicity,,1,,,,,,
2025-03-01,di_10,500ms,,,,,863965,daily_top_bottom,0.538970309429,,,,,,,
2025-03-01,di_5,500ms,1,-2.81373503939e-05,-0.281354701587,0,86398,daily_bucket,,,,,,,,
2025-03-01,di_5,500ms,2,-9.59723352709e-06,-0.0959636206946,0,86397,daily_bucket,,,,,,,,
2025-03-01,di_5,500ms,3,-4.25959944973e-06,-0.0425908189209,0,86398,daily_bucket,,,,,,,,
2025-03-01,di_5,500ms,4,-1.90876306657e-06,-0.0190831388862,0,86397,daily_bucket,,,,,,,,
2025-03-01,di_5,500ms,5,-7.5697286678e-07,-0.00756534301517,0,86396,daily_bucket,,,,,,,,
2025-03-01,di_5,500ms,6,9.19585922046e-07,0.00920022118594,0,86394,daily_bucket,,,,,,,,
2025-03-01,di_5,500ms,7,2.73668350205e-06,0.0273707187305,0,86398,daily_bucket,,,,,,,,
2025-03-01,di_5,500ms,8,4.92761650204e-06,0.0492810679637,0,86397,daily_bucket,,,,,,,,
2025-03-01,di_5,500ms,9,1.09396460945e-05,0.10940456202,0,86398,daily_bucket,,,,,,,,
2025-03-01,di_5,500ms,10,2.63045155536e-05,0.263060929538,0,86392,daily_bucket,,,,,,,,
2025-03-01,di_5,500ms,,,,,863965,daily_monotonicity,,1,,,,,,
2025-03-01,di_5,500ms,,,,,863965,daily_top_bottom,0.544415631125,,,,,,,
2025-03-01,microprice_deviation_bps,500ms,1,-2.82626110012e-05,-0.282606783231,0,86398,daily_bucket,,,,,,,,
2025-03-01,microprice_deviation_bps,500ms,2,-9.4904907316e-06,-0.0948966292299,0,86397,daily_bucket,,,,,,,,
2025-03-01,microprice_deviation_bps,500ms,3,-4.2485587203e-06,-0.0424805217205,0,86398,daily_bucket,,,,,,,,
2025-03-01,microprice_deviation_bps,500ms,4,-1.98566893804e-06,-0.0198525023252,0,86397,daily_bucket,,,,,,,,
2025-03-01,microprice_deviation_bps,500ms,5,-7.0731599997e-07,-0.00706877529229,0,86396,daily_bucket,,,,,,,,
2025-03-01,microprice_deviation_bps,500ms,6,9.68278336502e-07,0.009687197223,0,86394,daily_bucket,,,,,,,,
2025-03-01,microprice_deviation_bps,500ms,7,2.70863184424e-06,0.0270902582942,0,86398,daily_bucket,,,,,,,,
2025-03-01,microprice_deviation_bps,500ms,8,4.89928960018e-06,0.048997732226,0,86397,daily_bucket,,,,,,,,
2025-03-01,microprice_deviation_bps,500ms,9,1.10244361184e-05,0.110252286924,0,86398,daily_bucket,,,,,,,,
2025-03-01,microprice_deviation_bps,500ms,10,2.62621382403e-05,0.262637618276,0,86392,daily_bucket,,,,,,,,
2025-03-01,microprice_deviation_bps,500ms,,,,,863965,daily_monotonicity,,1,,,,,,
2025-03-01,microprice_deviation_bps,500ms,,,,,863965,daily_top_bottom,0.545244401507,,,,,,,
2025-03-01,ofi_500ms,500ms,1,-2.16358642932e-05,-0.216341609049,0,86400,daily_bucket,,,,,,,,
2025-03-01,ofi_500ms,500ms,2,-6.67038658384e-06,-0.0666962359874,0,86399,daily_bucket,,,,,,,,
2025-03-01,ofi_500ms,500ms,3,-3.14138627918e-06,-0.0314077342592,0,86397,daily_bucket,,,,,,,,
2025-03-01,ofi_500ms,500ms,4,-1.76178371971e-06,-0.0176129398135,0,86398,daily_bucket,,,,,,,,
2025-03-01,ofi_500ms,500ms,5,-4.68923614698e-07,-0.00468478129848,0,86377,daily_bucket,,,,,,,,
2025-03-01,ofi_500ms,500ms,6,7.91328454939e-07,0.00791748469903,0,86400,daily_bucket,,,,,,,,
2025-03-01,ofi_500ms,500ms,7,2.85289835924e-06,0.0285340284177,0,86399,daily_bucket,,,,,,,,
2025-03-01,ofi_500ms,500ms,8,3.91087239833e-06,0.0391147938386,0,86398,daily_bucket,,,,,,,,
2025-03-01,ofi_500ms,500ms,9,6.06186165789e-06,0.0606259996027,0,86398,daily_bucket,,,,,,,,
2025-03-01,ofi_500ms,500ms,10,2.12278669079e-05,0.212294419085,0,86399,daily_bucket,,,,,,,,
2025-03-01,ofi_500ms,500ms,,,,,863965,daily_monotonicity,,1,,,,,,
2025-03-01,ofi_500ms,500ms,,,,,863965,daily_top_bottom,0.428636028134,,,,,,,
2025-03-01,qi_1,500ms,1,-2.81656564043e-05,-0.281637510499,0,86398,daily_bucket,,,,,,,,
2025-03-01,qi_1,500ms,2,-9.6031491794e-06,-0.0960230378204,0,86397,daily_bucket,,,,,,,,
2025-03-01,qi_1,500ms,3,-4.25140593001e-06,-0.0425089306802,0,86398,daily_bucket,,,,,,,,
2025-03-01,qi_1,500ms,4,-1.9658853871e-06,-0.0196546301148,0,86397,daily_bucket,,,,,,,,
2025-03-01,qi_1,500ms,5,-6.9358658514e-07,-0.00693147519543,0,86396,daily_bucket,,,,,,,,
2025-03-01,qi_1,500ms,6,9.63271685324e-07,0.00963713851415,0,86394,daily_bucket,,,,,,,,
2025-03-01,qi_1,500ms,7,2.68941955374e-06,0.0268981040715,0,86398,daily_bucket,,,,,,,,
2025-03-01,qi_1,500ms,8,4.93080090396e-06,0.0493129386964,0,86397,daily_bucket,,,,,,,,
2025-03-01,qi_1,500ms,9,1.1026262929e-05,0.110270926519,0,86398,daily_bucket,,,,,,,,
2025-03-01,qi_1,500ms,10,2.62380548657e-05,0.262396334658,0,86392,daily_bucket,,,,,,,,
2025-03-01,qi_1,500ms,,,,,863965,daily_monotonicity,,1,,,,,,
2025-03-01,qi_1,500ms,,,,,863965,daily_top_bottom,0.544033845157,,,,,,,
2025-03-01,trade_imbalance_500ms,500ms,1,-4.74775865911e-06,-0.0474711868452,0,72080,daily_bucket,,,,,,,,
2025-03-01,trade_imbalance_500ms,500ms,2,-5.79176220158e-06,-0.0579105352967,0,72079,daily_bucket,,,,,,,,
2025-03-01,trade_imbalance_500ms,500ms,3,-1.22239199232e-05,-0.122226528552,0,72076,daily_bucket,,,,,,,,
2025-03-01,trade_imbalance_500ms,500ms,4,-7.92502073135e-06,-0.0792394756411,0,72079,daily_bucket,,,,,,,,
2025-03-01,trade_imbalance_500ms,500ms,5,-1.74744998369e-06,-0.0174661360512,0,72079,daily_bucket,,,,,,,,
2025-03-01,trade_imbalance_500ms,500ms,6,3.97785707816e-06,0.0397879180505,0,72077,daily_bucket,,,,,,,,
2025-03-01,trade_imbalance_500ms,500ms,7,1.42535328616e-05,0.142550566138,0,72079,daily_bucket,,,,,,,,
2025-03-01,trade_imbalance_500ms,500ms,8,5.46692120436e-06,0.0546771633269,0,72079,daily_bucket,,,,,,,,
2025-03-01,trade_imbalance_500ms,500ms,9,4.84557740289e-06,0.0484608213641,0,72079,daily_bucket,,,,,,,,
2025-03-01,trade_imbalance_500ms,500ms,10,4.72192095293e-06,0.0472242773277,0,72079,daily_bucket,,,,,,,,
2025-03-01,trade_imbalance_500ms,500ms,,,,,720786,daily_monotonicity,,0.769696969697,,,,,,
2025-03-01,trade_imbalance_500ms,500ms,,,,,720786,daily_top_bottom,0.0946954641729,,,,,,,
2025-03-01,di_10,5s,1,-8.5273886018e-05,-0.852570269796,-0.619405393451,86398,daily_bucket,,,,,,,,
2025-03-01,di_10,5s,2,-5.40306069273e-05,-0.540171274411,-0.00232367476616,86374,daily_bucket,,,,,,,,
2025-03-01,di_10,5s,3,-3.34236804205e-05,-0.334132468438,0,86398,daily_bucket,,,,,,,,
2025-03-01,di_10,5s,4,-1.75449022021e-05,-0.175344269455,0,86386,daily_bucket,,,,,,,,
2025-03-01,di_10,5s,5,-2.9295756883e-06,-0.0291872972224,0,86385,daily_bucket,,,,,,,,
2025-03-01,di_10,5s,6,7.98269030301e-06,0.0799370371539,0,86394,daily_bucket,,,,,,,,
2025-03-01,di_10,5s,7,2.29717019354e-05,0.229833592581,0,86398,daily_bucket,,,,,,,,
2025-03-01,di_10,5s,8,3.39226902384e-05,0.339346157218,0,86397,daily_bucket,,,,,,,,
2025-03-01,di_10,5s,9,5.66332786172e-05,0.566467454488,0.142965768147,86387,daily_bucket,,,,,,,,
2025-03-01,di_10,5s,10,8.33391210975e-05,0.833558671071,0.585788798886,86392,daily_bucket,,,,,,,,
2025-03-01,di_10,5s,,,,,863909,daily_monotonicity,,1,,,,,,
2025-03-01,di_10,5s,,,,,863909,daily_top_bottom,1.68612894087,,,,,,,
2025-03-01,di_5,5s,1,-8.54196502477e-05,-0.854023758744,-0.620507574011,86398,daily_bucket,,,,,,,,
2025-03-01,di_5,5s,2,-5.40999040233e-05,-0.540865397794,-0.00118546161727,86374,daily_bucket,,,,,,,,
2025-03-01,di_5,5s,3,-3.27050946671e-05,-0.326946857247,0,86398,daily_bucket,,,,,,,,
2025-03-01,di_5,5s,4,-1.78480597675e-05,-0.178376624596,0,86397,daily_bucket,,,,,,,,
2025-03-01,di_5,5s,5,-2.94494291358e-06,-0.0293413855174,0,86384,daily_bucket,,,,,,,,
2025-03-01,di_5,5s,6,8.38170524704e-06,0.0839299292729,0,86384,daily_bucket,,,,,,,,
2025-03-01,di_5,5s,7,2.20635323295e-05,0.220750009411,0,86398,daily_bucket,,,,,,,,
2025-03-01,di_5,5s,8,3.37555294918e-05,0.337672147941,0,86397,daily_bucket,,,,,,,,
2025-03-01,di_5,5s,9,5.79488963356e-05,0.579626257843,0.16184980041,86387,daily_bucket,,,,,,,,
2025-03-01,di_5,5s,10,8.25180909219e-05,0.825345731169,0.578094959735,86392,daily_bucket,,,,,,,,
2025-03-01,di_5,5s,,,,,863909,daily_monotonicity,,1,,,,,,
2025-03-01,di_5,5s,,,,,863909,daily_top_bottom,1.67936948991,,,,,,,
2025-03-01,microprice_deviation_bps,5s,1,-8.55737372736e-05,-0.855561210812,-0.626176415599,86398,daily_bucket,,,,,,,,
2025-03-01,microprice_deviation_bps,5s,2,-5.39503929936e-05,-0.539371471845,-0.00117647038062,86374,daily_bucket,,,,,,,,
2025-03-01,microprice_deviation_bps,5s,3,-3.27827562139e-05,-0.327724091843,0,86398,daily_bucket,,,,,,,,
2025-03-01,microprice_deviation_bps,5s,4,-1.75844883268e-05,-0.175742990244,0,86397,daily_bucket,,,,,,,,
2025-03-01,microprice_deviation_bps,5s,5,-3.95343045622e-06,-0.0394276621711,0,86384,daily_bucket,,,,,,,,
2025-03-01,microprice_deviation_bps,5s,6,9.04937915939e-06,0.0906072675721,0,86384,daily_bucket,,,,,,,,
2025-03-01,microprice_deviation_bps,5s,7,2.24437500586e-05,0.224554260387,0,86398,daily_bucket,,,,,,,,
2025-03-01,microprice_deviation_bps,5s,8,3.24329460537e-05,0.324444114838,0,86397,daily_bucket,,,,,,,,
2025-03-01,microprice_deviation_bps,5s,9,5.89491220007e-05,0.589628886977,0.179179664806,86385,daily_bucket,,,,,,,,
2025-03-01,microprice_deviation_bps,5s,10,8.26192711873e-05,0.826358552726,0.581197300627,86394,daily_bucket,,,,,,,,
2025-03-01,microprice_deviation_bps,5s,,,,,863909,daily_monotonicity,,1,,,,,,
2025-03-01,microprice_deviation_bps,5s,,,,,863909,daily_top_bottom,1.68191976354,,,,,,,
2025-03-01,ofi_5s,5s,1,-3.36809580116e-05,-0.336642205064,0,86400,daily_bucket,,,,,,,,
2025-03-01,ofi_5s,5s,2,-3.46121211282e-05,-0.345988554232,0,86399,daily_bucket,,,,,,,,
2025-03-01,ofi_5s,5s,3,-3.18778296826e-05,-0.318665306151,0,86399,daily_bucket,,,,,,,,
2025-03-01,ofi_5s,5s,4,-1.92885907738e-05,-0.192790246228,0,86399,daily_bucket,,,,,,,,
2025-03-01,ofi_5s,5s,5,-3.84717976677e-06,-0.0383921399455,0,86392,daily_bucket,,,,,,,,
2025-03-01,ofi_5s,5s,6,9.6878370785e-06,0.0969628480841,0,86371,daily_bucket,,,,,,,,
2025-03-01,ofi_5s,5s,7,1.86075284036e-05,0.186186727319,0,86374,daily_bucket,,,,,,,,
2025-03-01,ofi_5s,5s,8,3.21879343804e-05,0.322011563473,0,86396,daily_bucket,,,,,,,,
2025-03-01,ofi_5s,5s,9,3.52159718544e-05,0.352317715164,0.00930643826961,86392,daily_bucket,,,,,,,,
2025-03-01,ofi_5s,5s,10,3.92762578853e-05,0.392957114108,0.115853382746,86387,daily_bucket,,,,,,,,
2025-03-01,ofi_5s,5s,,,,,863909,daily_monotonicity,,0.987878787879,,,,,,
2025-03-01,ofi_5s,5s,,,,,863909,daily_top_bottom,0.729599319171,,,,,,,
2025-03-01,qi_1,5s,1,-8.51880064407e-05,-0.851705651319,-0.620507574011,86398,daily_bucket,,,,,,,,
2025-03-01,qi_1,5s,2,-5.43755741141e-05,-0.543621904591,-0.00118135353936,86374,daily_bucket,,,,,,,,
2025-03-01,qi_1,5s,3,-3.27755914737e-05,-0.327652233053,0,86398,daily_bucket,,,,,,,,
2025-03-01,qi_1,5s,4,-1.75342653611e-05,-0.175240727418,0,86397,daily_bucket,,,,,,,,
2025-03-01,qi_1,5s,5,-3.86948109515e-06,-0.0385878246597,0,86384,daily_bucket,,,,,,,,
2025-03-01,qi_1,5s,6,8.91691200993e-06,0.0892823787314,0,86384,daily_bucket,,,,,,,,
2025-03-01,qi_1,5s,7,2.24684832772e-05,0.224801963241,0,86398,daily_bucket,,,,,,,,
2025-03-01,qi_1,5s,8,3.24073227451e-05,0.324187386436,0,86397,daily_bucket,,,,,,,,
2025-03-01,qi_1,5s,9,5.94549087121e-05,0.594688853101,0.180092493386,86386,daily_bucket,,,,,,,,
2025-03-01,qi_1,5s,10,8.21451460278e-05,0.821615326938,0.581031352909,86393,daily_bucket,,,,,,,,
2025-03-01,qi_1,5s,,,,,863909,daily_monotonicity,,1,,,,,,
2025-03-01,qi_1,5s,,,,,863909,daily_top_bottom,1.67332097826,,,,,,,
2025-03-01,trade_imbalance_5s,5s,1,-2.2266541248e-05,-0.222555313694,0,86399,daily_bucket,,,,,,,,
2025-03-01,trade_imbalance_5s,5s,2,-1.92989524146e-05,-0.192885909897,0,86399,daily_bucket,,,,,,,,
2025-03-01,trade_imbalance_5s,5s,3,-1.48407798238e-05,-0.148291410136,0,86399,daily_bucket,,,,,,,,
2025-03-01,trade_imbalance_5s,5s,4,-8.77122746918e-06,-0.0875884301311,0,86399,daily_bucket,,,,,,,,
2025-03-01,trade_imbalance_5s,5s,5,-3.57521557355e-06,-0.0356215545579,0,86395,daily_bucket,,,,,,,,
2025-03-01,trade_imbalance_5s,5s,6,7.73729303022e-06,0.0775051016493,0,86385,daily_bucket,,,,,,,,
2025-03-01,trade_imbalance_5s,5s,7,5.51630996167e-06,0.0552908045946,0,86383,daily_bucket,,,,,,,,
2025-03-01,trade_imbalance_5s,5s,8,1.19056432291e-05,0.119193868578,0,86369,daily_bucket,,,,,,,,
2025-03-01,trade_imbalance_5s,5s,9,2.14700610224e-05,0.214845952962,0,86386,daily_bucket,,,,,,,,
2025-03-01,trade_imbalance_5s,5s,10,3.37854641785e-05,0.337996477197,0,86392,daily_bucket,,,,,,,,
2025-03-01,trade_imbalance_5s,5s,,,,,863906,daily_monotonicity,,0.987878787879,,,,,,
2025-03-01,trade_imbalance_5s,5s,,,,,863906,daily_top_bottom,0.560551790892,,,,,,,
2025-04-01,di_10,100ms,1,-7.34727107644e-06,-0.0734699589211,0,86400,daily_bucket,,,,,,,,
2025-04-01,di_10,100ms,2,-1.88088562239e-06,-0.0188080339115,0,86399,daily_bucket,,,,,,,,
2025-04-01,di_10,100ms,3,-8.04442053572e-07,-0.00804396598121,0,86399,daily_bucket,,,,,,,,
2025-04-01,di_10,100ms,4,-3.33874962389e-07,-0.003338488245,0,86399,daily_bucket,,,,,,,,
2025-04-01,di_10,100ms,5,-9.83965765556e-08,-0.000983817258251,0,86399,daily_bucket,,,,,,,,
2025-04-01,di_10,100ms,6,5.46152403754e-08,0.000546348528791,0,86400,daily_bucket,,,,,,,,
2025-04-01,di_10,100ms,7,2.72813465637e-07,0.00272834917239,0,86399,daily_bucket,,,,,,,,
2025-04-01,di_10,100ms,8,7.37469353805e-07,0.00737513313615,0,86398,daily_bucket,,,,,,,,
2025-04-01,di_10,100ms,9,1.96121849705e-06,0.0196129808194,0,86399,daily_bucket,,,,,,,,
2025-04-01,di_10,100ms,10,7.79889916462e-06,0.0779919467729,0,86399,daily_bucket,,,,,,,,
2025-04-01,di_10,100ms,,,,,863991,daily_monotonicity,,1,,,,,,
2025-04-01,di_10,100ms,,,,,863991,daily_top_bottom,0.151461905694,,,,,,,
2025-04-01,di_5,100ms,1,-7.44305963278e-06,-0.0744277980921,0,86400,daily_bucket,,,,,,,,
2025-04-01,di_5,100ms,2,-1.75710835549e-06,-0.0175703325398,0,86399,daily_bucket,,,,,,,,
2025-04-01,di_5,100ms,3,-8.15046064111e-07,-0.00814999202633,0,86399,daily_bucket,,,,,,,,
2025-04-01,di_5,100ms,4,-3.47232891377e-07,-0.0034720602917,0,86399,daily_bucket,,,,,,,,
2025-04-01,di_5,100ms,5,-9.19758295814e-08,-0.00091962159952,0,86399,daily_bucket,,,,,,,,
2025-04-01,di_5,100ms,6,4.54792961049e-08,0.000455010776758,0,86400,daily_bucket,,,,,,,,
2025-04-01,di_5,100ms,7,2.72682902126e-07,0.00272704687145,0,86399,daily_bucket,,,,,,,,
2025-04-01,di_5,100ms,8,7.40379623773e-07,0.00740420078154,0,86398,daily_bucket,,,,,,,,
2025-04-01,di_5,100ms,9,1.89222994045e-06,0.0189231290665,0,86399,daily_bucket,,,,,,,,
2025-04-01,di_5,100ms,10,7.86379768914e-06,0.0786409236456,0,86399,daily_bucket,,,,,,,,
2025-04-01,di_5,100ms,,,,,863991,daily_monotonicity,,1,,,,,,
2025-04-01,di_5,100ms,,,,,863991,daily_top_bottom,0.153068721738,,,,,,,
2025-04-01,microprice_deviation_bps,100ms,1,-7.49587077612e-06,-0.0749558696059,0,86400,daily_bucket,,,,,,,,
2025-04-01,microprice_deviation_bps,100ms,2,-1.68328382501e-06,-0.0168321185131,0,86399,daily_bucket,,,,,,,,
2025-04-01,microprice_deviation_bps,100ms,3,-8.10740490977e-07,-0.00810693918596,0,86399,daily_bucket,,,,,,,,
2025-04-01,microprice_deviation_bps,100ms,4,-3.41596588822e-07,-0.00341570034891,0,86399,daily_bucket,,,,,,,,
2025-04-01,microprice_deviation_bps,100ms,5,-1.10075123315e-07,-0.00110060658007,0,86399,daily_bucket,,,,,,,,
2025-04-01,microprice_deviation_bps,100ms,6,5.24092353174e-08,0.000524300622118,0,86400,daily_bucket,,,,,,,,
2025-04-01,microprice_deviation_bps,100ms,7,2.6962186292e-07,0.00269643654034,0,86399,daily_bucket,,,,,,,,
2025-04-01,microprice_deviation_bps,100ms,8,7.39728993194e-07,0.00739768700445,0,86398,daily_bucket,,,,,,,,
2025-04-01,microprice_deviation_bps,100ms,9,1.88261756198e-06,0.018826972435,0,86399,daily_bucket,,,,,,,,
2025-04-01,microprice_deviation_bps,100ms,10,7.8573363526e-06,0.0785763494591,0,86399,daily_bucket,,,,,,,,
2025-04-01,microprice_deviation_bps,100ms,,,,,863991,daily_monotonicity,,1,,,,,,
2025-04-01,microprice_deviation_bps,100ms,,,,,863991,daily_top_bottom,0.153532219065,,,,,,,
2025-04-01,ofi_100ms,100ms,1,-5.50805123128e-06,-0.055078202397,0,86400,daily_bucket,,,,,,,,
2025-04-01,ofi_100ms,100ms,2,-1.35807322353e-06,-0.013579963864,0,86399,daily_bucket,,,,,,,,
2025-04-01,ofi_100ms,100ms,3,-7.25467711921e-07,-0.00725409335699,0,86399,daily_bucket,,,,,,,,
2025-04-01,ofi_100ms,100ms,4,-8.41676356765e-08,-0.000841240073977,0,86399,daily_bucket,,,,,,,,
2025-04-01,ofi_100ms,100ms,5,-3.40372463582e-08,-0.000340123451479,0,86399,daily_bucket,,,,,,,,
2025-04-01,ofi_100ms,100ms,6,4.33033143262e-08,0.000433483363751,0,86400,daily_bucket,,,,,,,,
2025-04-01,ofi_100ms,100ms,7,1.2964747785e-07,0.00129687337582,0,86399,daily_bucket,,,,,,,,
2025-04-01,ofi_100ms,100ms,8,8.19210729844e-07,0.00819277503148,0,86399,daily_bucket,,,,,,,,
2025-04-01,ofi_100ms,100ms,9,1.34039895527e-06,0.01340478891,0,86399,daily_bucket,,,,,,,,
2025-04-01,ofi_100ms,100ms,10,5.73741871549e-06,0.0573765637382,0,86398,daily_bucket,,,,,,,,
2025-04-01,ofi_100ms,100ms,,,,,863991,daily_monotonicity,,1,,,,,,
2025-04-01,ofi_100ms,100ms,,,,,863991,daily_top_bottom,0.112454766135,,,,,,,
2025-04-01,qi_1,100ms,1,-7.4822475575e-06,-0.074819677983,0,86400,daily_bucket,,,,,,,,
2025-04-01,qi_1,100ms,2,-1.70450459345e-06,-0.0170442961136,0,86399,daily_bucket,,,,,,,,
2025-04-01,qi_1,100ms,3,-8.08113058518e-07,-0.00808066652327,0,86399,daily_bucket,,,,,,,,
2025-04-01,qi_1,100ms,4,-3.41988250751e-07,-0.00341961385862,0,86399,daily_bucket,,,,,,,,
2025-04-01,qi_1,100ms,5,-1.04713501707e-07,-0.00104698133176,0,86399,daily_bucket,,,,,,,,
2025-04-01,qi_1,100ms,6,5.28051026778e-08,0.000528262699351,0,86400,daily_bucket,,,,,,,,
2025-04-01,qi_1,100ms,7,2.7064562186e-07,0.00270667388715,0,86399,daily_bucket,,,,,,,,
2025-04-01,qi_1,100ms,8,7.48386244377e-07,0.00748429025037,0,86398,daily_bucket,,,,,,,,
2025-04-01,qi_1,100ms,9,1.84418038749e-06,0.0184425962818,0,86399,daily_bucket,,,,,,,,
2025-04-01,qi_1,100ms,10,7.88569674522e-06,0.0788599238988,0,86399,daily_bucket,,,,,,,,
2025-04-01,qi_1,100ms,,,,,863991,daily_monotonicity,,1,,,,,,
2025-04-01,qi_1,100ms,,,,,863991,daily_top_bottom,0.153679601882,,,,,,,
2025-04-01,trade_imbalance_100ms,100ms,1,-3.91162237267e-06,-0.0391148589559,0,26961,daily_bucket,,,,,,,,
2025-04-01,trade_imbalance_100ms,100ms,2,-2.79331419551e-06,-0.0279319789351,0,26960,daily_bucket,,,,,,,,
2025-04-01,trade_imbalance_100ms,100ms,3,-7.10598482474e-06,-0.0710564286267,0,26960,daily_bucket,,,,,,,,
2025-04-01,trade_imbalance_100ms,100ms,4,-4.09223675361e-06,-0.0409207422602,0,26960,daily_bucket,,,,,,,,
2025-04-01,trade_imbalance_100ms,100ms,5,-9.01171019437e-06,-0.0901118167437,0,26960,daily_bucket,,,,,,,,
2025-04-01,trade_imbalance_100ms,100ms,6,1.23436450169e-05,0.123442449696,0,26961,daily_bucket,,,,,,,,
2025-04-01,trade_imbalance_100ms,100ms,7,2.19619796836e-06,0.021962846076,0,26960,daily_bucket,,,,,,,,
2025-04-01,trade_imbalance_100ms,100ms,8,2.38973217825e-06,0.0238982863937,0,26960,daily_bucket,,,,,,,,
2025-04-01,trade_imbalance_100ms,100ms,9,7.40466974635e-06,0.0740501224813,0,26960,daily_bucket,,,,,,,,
2025-04-01,trade_imbalance_100ms,100ms,10,3.46013548338e-06,0.0346026256199,0,26959,daily_bucket,,,,,,,,
2025-04-01,trade_imbalance_100ms,100ms,,,,,269601,daily_monotonicity,,0.648484848485,,,,,,
2025-04-01,trade_imbalance_100ms,100ms,,,,,269601,daily_top_bottom,0.0737174845759,,,,,,,
2025-04-01,di_10,1s,1,-3.77103189079e-05,-0.3770726847,0,86400,daily_bucket,,,,,,,,
2025-04-01,di_10,1s,2,-1.82909758539e-05,-0.182891622786,0,86399,daily_bucket,,,,,,,,
2025-04-01,di_10,1s,3,-1.15347053713e-05,-0.115333319513,0,86399,daily_bucket,,,,,,,,
2025-04-01,di_10,1s,4,-5.73051134264e-06,-0.0572944194019,0,86399,daily_bucket,,,,,,,,
2025-04-01,di_10,1s,5,-2.1777286414e-06,-0.0217674746761,0,86399,daily_bucket,,,,,,,,
2025-04-01,di_10,1s,6,1.21114244482e-06,0.0121208494233,0,86400,daily_bucket,,,,,,,,
2025-04-01,di_10,1s,7,5.76940763574e-06,0.057704957315,0,86399,daily_bucket,,,,,,,,
2025-04-01,di_10,1s,8,1.13076034158e-05,0.11309004444,0,86398,daily_bucket,,,,,,,,
2025-04-01,di_10,1s,9,2.03837502055e-05,0.203858658866,0,86399,daily_bucket,,,,,,,,
2025-04-01,di_10,1s,10,4.0370352724e-05,0.403738035774,0.00120294232475,86390,daily_bucket,,,,,,,,
2025-04-01,di_10,1s,,,,,863982,daily_monotonicity,,1,,,,,,
2025-04-01,di_10,1s,,,,,863982,daily_top_bottom,0.780810720474,,,,,,,
2025-04-01,di_5,1s,1,-3.79565823232e-05,-0.37953505411,-0.00118563562133,86400,daily_bucket,,,,,,,,
2025-04-01,di_5,1s,2,-1.81016500901e-05,-0.180999082567,0,86399,daily_bucket,,,,,,,,
2025-04-01,di_5,1s,3,-1.13101484714e-05,-0.113087132183,0,86399,daily_bucket,,,,,,,,
2025-04-01,di_5,1s,4,-5.82000968577e-06,-0.0581896244197,0,86399,daily_bucket,,,,,,,,
2025-04-01,di_5,1s,5,-2.29575195639e-06,-0.022947659739,0,86399,daily_bucket,,,,,,,,
2025-04-01,di_5,1s,6,1.15332497692e-06,0.0115429706727,0,86400,daily_bucket,,,,,,,,
2025-04-01,di_5,1s,7,5.76208442179e-06,0.0576316475445,0,86399,daily_bucket,,,,,,,,
2025-04-01,di_5,1s,8,1.15423851131e-05,0.115437898136,0,86398,daily_bucket,,,,,,,,
2025-04-01,di_5,1s,9,2.02101420421e-05,0.202121950333,0,86399,daily_bucket,,,,,,,,
2025-04-01,di_5,1s,10,4.04142330896e-05,0.404177219187,0.00586796710206,86390,daily_bucket,,,,,,,,
2025-04-01,di_5,1s,,,,,863982,daily_monotonicity,,1,,,,,,
2025-04-01,di_5,1s,,,,,863982,daily_top_bottom,0.783712273297,,,,,,,
2025-04-01,microprice_deviation_bps,1s,1,-3.8093220461e-05,-0.380901046595,-0.0012037932286,86400,daily_bucket,,,,,,,,
2025-04-01,microprice_deviation_bps,1s,2,-1.81093568457e-05,-0.181076237567,0,86399,daily_bucket,,,,,,,,
2025-04-01,microprice_deviation_bps,1s,3,-1.1174396525e-05,-0.111729788661,0,86399,daily_bucket,,,,,,,,
2025-04-01,microprice_deviation_bps,1s,4,-5.80580177417e-06,-0.0580475018665,0,86399,daily_bucket,,,,,,,,
2025-04-01,microprice_deviation_bps,1s,5,-2.32660047145e-06,-0.0232562812596,0,86399,daily_bucket,,,,,,,,
2025-04-01,microprice_deviation_bps,1s,6,1.26522228004e-06,0.012661847281,0,86400,daily_bucket,,,,,,,,
2025-04-01,microprice_deviation_bps,1s,7,5.66420882141e-06,0.0566529214177,0,86399,daily_bucket,,,,,,,,
2025-04-01,microprice_deviation_bps,1s,8,1.1834129516e-05,0.118355266827,0,86398,daily_bucket,,,,,,,,
2025-04-01,microprice_deviation_bps,1s,9,2.01049841853e-05,0.201069986196,0,86398,daily_bucket,,,,,,,,
2025-04-01,microprice_deviation_bps,1s,10,4.02386107292e-05,0.402421490331,0.00360814292913,86391,daily_bucket,,,,,,,,
2025-04-01,microprice_deviation_bps,1s,,,,,863982,daily_monotonicity,,1,,,,,,
2025-04-01,microprice_deviation_bps,1s,,,,,863982,daily_top_bottom,0.783322536926,,,,,,,
2025-04-01,ofi_1s,1s,1,-2.99553874735e-05,-0.299522449661,0,86400,daily_bucket,,,,,,,,
2025-04-01,ofi_1s,1s,2,-1.48029920657e-05,-0.148007881186,0,86399,daily_bucket,,,,,,,,
2025-04-01,ofi_1s,1s,3,-6.50491066186e-06,-0.0650359199334,0,86399,daily_bucket,,,,,,,,
2025-04-01,ofi_1s,1s,4,-3.19175469424e-06,-0.0319078328974,0,86399,daily_bucket,,,,,,,,
2025-04-01,ofi_1s,1s,5,-1.95338389398e-06,-0.0195255496919,0,86399,daily_bucket,,,,,,,,
2025-04-01,ofi_1s,1s,6,1.23972072867e-06,0.0124047983797,0,86400,daily_bucket,,,,,,,,
2025-04-01,ofi_1s,1s,7,2.91431873888e-06,0.0291527641452,0,86398,daily_bucket,,,,,,,,
2025-04-01,ofi_1s,1s,8,7.12464102198e-06,0.0712594737763,0,86398,daily_bucket,,,,,,,,
2025-04-01,ofi_1s,1s,9,1.63476522383e-05,0.163499487791,0,86398,daily_bucket,,,,,,,,
2025-04-01,ofi_1s,1s,10,3.23786148138e-05,0.323821158074,0,86392,daily_bucket,,,,,,,,
2025-04-01,ofi_1s,1s,,,,,863982,daily_monotonicity,,1,,,,,,
2025-04-01,ofi_1s,1s,,,,,863982,daily_top_bottom,0.623343607735,,,,,,,
2025-04-01,qi_1,1s,1,-3.81895464464e-05,-0.381864568919,-0.00241074154108,86400,daily_bucket,,,,,,,,
2025-04-01,qi_1,1s,2,-1.80425823035e-05,-0.180408242544,0,86399,daily_bucket,,,,,,,,
2025-04-01,qi_1,1s,3,-1.12064580671e-05,-0.112050421912,0,86399,daily_bucket,,,,,,,,
2025-04-01,qi_1,1s,4,-5.76049574951e-06,-0.0575944425274,0,86399,daily_bucket,,,,,,,,
2025-04-01,qi_1,1s,5,-2.3057130455e-06,-0.0230473793508,0,86399,daily_bucket,,,,,,,,
2025-04-01,qi_1,1s,6,1.22128966219e-06,0.0122225696453,0,86400,daily_bucket,,,,,,,,
2025-04-01,qi_1,1s,7,5.67153533781e-06,0.0567262121313,0,86399,daily_bucket,,,,,,,,
2025-04-01,qi_1,1s,8,1.175468717e-05,0.117561013608,0,86398,daily_bucket,,,,,,,,
2025-04-01,qi_1,1s,9,1.99178672041e-05,0.199198729892,0,86399,daily_bucket,,,,,,,,
2025-04-01,qi_1,1s,10,4.05374605578e-05,0.405409834898,0.0105658611508,86390,daily_bucket,,,,,,,,
2025-04-01,qi_1,1s,,,,,863982,daily_monotonicity,,1,,,,,,
2025-04-01,qi_1,1s,,,,,863982,daily_top_bottom,0.787274403817,,,,,,,
2025-04-01,trade_imbalance_1s,1s,1,-5.4279115565e-06,-0.0542675456031,0,80534,daily_bucket,,,,,,,,
2025-04-01,trade_imbalance_1s,1s,2,-1.27930508744e-05,-0.127912451204,0,80531,daily_bucket,,,,,,,,
2025-04-01,trade_imbalance_1s,1s,3,-1.41053904793e-05,-0.141031020319,0,80533,daily_bucket,,,,,,,,
2025-04-01,trade_imbalance_1s,1s,4,-6.98098971267e-06,-0.0697890837651,0,80533,daily_bucket,,,,,,,,
2025-04-01,trade_imbalance_1s,1s,5,-1.10879195349e-06,-0.0110689491118,0,80533,daily_bucket,,,,,,,,
2025-04-01,trade_imbalance_1s,1s,6,3.68652452639e-06,0.0368837252173,0,80534,daily_bucket,,,,,,,,
2025-04-01,trade_imbalance_1s,1s,7,1.02084311992e-05,0.102106405933,0,80533,daily_bucket,,,,,,,,
2025-04-01,trade_imbalance_1s,1s,8,1.93603828987e-05,0.193630302903,0,80525,daily_bucket,,,,,,,,
2025-04-01,trade_imbalance_1s,1s,9,6.11870409494e-06,0.0611962821777,0,80533,daily_bucket,,,,,,,,
2025-04-01,trade_imbalance_1s,1s,10,4.56515106885e-06,0.045663730696,0,80533,daily_bucket,,,,,,,,
2025-04-01,trade_imbalance_1s,1s,,,,,805322,daily_monotonicity,,0.806060606061,,,,,,
2025-04-01,trade_imbalance_1s,1s,,,,,805322,daily_top_bottom,0.0999312762991,,,,,,,
2025-04-01,di_10,30s,1,-9.62217799431e-05,-0.961273116004,-0.925898668036,86380,daily_bucket,,,,,,,,
2025-04-01,di_10,30s,2,-6.35460600872e-05,-0.634611500442,-0.558730287187,86345,daily_bucket,,,,,,,,
2025-04-01,di_10,30s,3,-3.81387344169e-05,-0.380557690619,-0.335319943172,86354,daily_bucket,,,,,,,,
2025-04-01,di_10,30s,4,-1.68048309368e-05,-0.167267305568,-0.0457493702863,86316,daily_bucket,,,,,,,,
2025-04-01,di_10,30s,5,6.51076232717e-06,0.0658748794553,0,86388,daily_bucket,,,,,,,,
2025-04-01,di_10,30s,6,2.18880324115e-05,0.219677834998,0,86385,daily_bucket,,,,,,,,
2025-04-01,di_10,30s,7,3.45756930805e-05,0.346579548852,0.199624789575,86385,daily_bucket,,,,,,,,
2025-04-01,di_10,30s,8,6.14858949214e-05,0.615735783136,0.444508678096,86386,daily_bucket,,,,,,,,
2025-04-01,di_10,30s,9,8.32282008877e-05,0.833248105895,0.66587867003,86365,daily_bucket,,,,,,,,
2025-04-01,di_10,30s,10,0.000116938878741,1.17042520931,0.965771459866,86388,daily_bucket,,,,,,,,
2025-04-01,di_10,30s,,,,,863692,daily_monotonicity,,1,,,,,,
2025-04-01,di_10,30s,,,,,863692,daily_top_bottom,2.13169832532,,,,,,,
2025-04-01,di_5,30s,1,-9.67000406106e-05,-0.966048008921,-0.93501852899,86380,daily_bucket,,,,,,,,
2025-04-01,di_5,30s,2,-6.27129310403e-05,-0.626285309477,-0.536528519415,86311,daily_bucket,,,,,,,,
2025-04-01,di_5,30s,3,-3.73122383217e-05,-0.372293390284,-0.298221607154,86391,daily_bucket,,,,,,,,
2025-04-01,di_5,30s,4,-1.76439590215e-05,-0.17566711541,-0.0623093834636,86314,daily_bucket,,,,,,,,
2025-04-01,di_5,30s,5,5.91134150064e-06,0.059883956251,0,86388,daily_bucket,,,,,,,,
2025-04-01,di_5,30s,6,2.29737219366e-05,0.230535711155,0,86384,daily_bucket,,,,,,,,
2025-04-01,di_5,30s,7,3.43739186016e-05,0.344561663483,0.198186058127,86388,daily_bucket,,,,,,,,
2025-04-01,di_5,30s,8,6.1627428415e-05,0.617146388167,0.440294733779,86388,daily_bucket,,,,,,,,
2025-04-01,di_5,30s,9,8.16820034684e-05,0.817782762785,0.66014239957,86391,daily_bucket,,,,,,,,
2025-04-01,di_5,30s,10,0.000117722627055,1.17827327254,0.965771459866,86357,daily_bucket,,,,,,,,
2025-04-01,di_5,30s,,,,,863692,daily_monotonicity,,1,,,,,,
2025-04-01,di_5,30s,,,,,863692,daily_top_bottom,2.14432128146,,,,,,,
2025-04-01,microprice_deviation_bps,30s,1,-9.63083270794e-05,-0.96213878435,-0.912939951742,86390,daily_bucket,,,,,,,,
2025-04-01,microprice_deviation_bps,30s,2,-6.42103255249e-05,-0.641241257951,-0.568174876041,86306,daily_bucket,,,,,,,,
2025-04-01,microprice_deviation_bps,30s,3,-3.65770333763e-05,-0.364948157961,-0.279472800131,86387,daily_bucket,,,,,,,,
2025-04-01,microprice_deviation_bps,30s,4,-1.87098692444e-05,-0.186321732656,-0.067904873,86329,daily_bucket,,,,,,,,
2025-04-01,microprice_deviation_bps,30s,5,5.87570789129e-06,0.0595263586861,0,86372,daily_bucket,,,,,,,,
2025-04-01,microprice_deviation_bps,30s,6,2.17080487053e-05,0.21788124484,0,86384,daily_bucket,,,,,,,,
2025-04-01,microprice_deviation_bps,30s,7,3.63793844754e-05,0.364612061383,0.202059041772,86388,daily_bucket,,,,,,,,
2025-04-01,microprice_deviation_bps,30s,8,6.50551716491e-05,0.651423845627,0.47354572723,86387,daily_bucket,,,,,,,,
2025-04-01,microprice_deviation_bps,30s,9,7.72273173913e-05,0.77323477548,0.654532169871,86364,daily_bucket,,,,,,,,
2025-04-01,microprice_deviation_bps,30s,10,0.000119476526184,1.19580884497,0.965771459866,86385,daily_bucket,,,,,,,,
2025-04-01,microprice_deviation_bps,30s,,,,,863692,daily_monotonicity,,1,,,,,,
2025-04-01,microprice_deviation_bps,30s,,,,,863692,daily_top_bottom,2.15794762932,,,,,,,
2025-04-01,ofi_30s,30s,1,-2.14527400252e-05,-0.213425137532,-0.579988121028,86400,daily_bucket,,,,,,,,
2025-04-01,ofi_30s,30s,2,-1.10329388705e-05,-0.109345463362,-0.181945949493,86399,daily_bucket,,,,,,,,
2025-04-01,ofi_30s,30s,3,-4.33571665351e-06,-0.0425159947345,-0.0270040386888,86399,daily_bucket,,,,,,,,
2025-04-01,ofi_30s,30s,4,-5.62785726328e-06,-0.0555138845823,0,86311,daily_bucket,,,,,,,,
2025-04-01,ofi_30s,30s,5,1.88590015781e-05,0.18932202674,0,86303,daily_bucket,,,,,,,,
2025-04-01,ofi_30s,30s,6,2.77627584591e-05,0.278318167224,0,86287,daily_bucket,,,,,,,,
2025-04-01,ofi_30s,30s,7,1.83285267839e-05,0.183990079875,0,86396,daily_bucket,,,,,,,,
2025-04-01,ofi_30s,30s,8,1.80248290561e-05,0.181062914358,0.0180647857411,86399,daily_bucket,,,,,,,,
2025-04-01,ofi_30s,30s,9,2.81074956072e-05,0.281973587683,0.0726256401251,86399,daily_bucket,,,,,,,,
2025-04-01,ofi_30s,30s,10,4.13648093489e-05,0.414786137734,0.290581474371,86399,daily_bucket,,,,,,,,
2025-04-01,ofi_30s,30s,,,,,863692,daily_monotonicity,,0.878787878788,,,,,,
2025-04-01,ofi_30s,30s,,,,,863692,daily_top_bottom,0.628211275267,,,,,,,
2025-04-01,qi_1,30s,1,-9.65373200255e-05,-0.964422338687,-0.935159059003,86379,daily_bucket,,,,,,,,
2025-04-01,qi_1,30s,2,-6.41229163969e-05,-0.640372841998,-0.562736020109,86317,daily_bucket,,,,,,,,
2025-04-01,qi_1,30s,3,-3.64329763376e-05,-0.363508735708,-0.276984189017,86387,daily_bucket,,,,,,,,
2025-04-01,qi_1,30s,4,-1.87514780435e-05,-0.186737276014,-0.0569418760462,86316,daily_bucket,,,,,,,,
2025-04-01,qi_1,30s,5,5.93354182724e-06,0.0601045188837,0,86385,daily_bucket,,,,,,,,
2025-04-01,qi_1,30s,6,2.19592180284e-05,0.220392300833,0,86385,daily_bucket,,,,,,,,
2025-04-01,qi_1,30s,7,3.6697845933e-05,0.367798873111,0.206107793532,86387,daily_bucket,,,,,,,,
2025-04-01,qi_1,30s,8,6.47937103685e-05,0.648810995166,0.47354572723,86388,daily_bucket,,,,,,,,
2025-04-01,qi_1,30s,9,7.88941073257e-05,0.789901201452,0.63926315368,86391,daily_bucket,,,,,,,,
2025-04-01,qi_1,30s,10,0.000117488344102,1.17592529346,0.964393423996,86357,daily_bucket,,,,,,,,
2025-04-01,qi_1,30s,,,,,863692,daily_monotonicity,,1,,,,,,
2025-04-01,qi_1,30s,,,,,863692,daily_top_bottom,2.14034763215,,,,,,,
2025-04-01,trade_imbalance_30s,30s,1,8.51060370729e-06,0.0856468580469,0,86366,daily_bucket,,,,,,,,
2025-04-01,trade_imbalance_30s,30s,2,2.19836068511e-05,0.220586398541,0,86399,daily_bucket,,,,,,,,
2025-04-01,trade_imbalance_30s,30s,3,-1.28196599863e-05,-0.127251664773,0,86365,daily_bucket,,,,,,,,
2025-04-01,trade_imbalance_30s,30s,4,8.77765782042e-06,0.0888690695441,0,86399,daily_bucket,,,,,,,,
2025-04-01,trade_imbalance_30s,30s,5,1.47600452585e-05,0.14861804811,0,86399,daily_bucket,,,,,,,,
2025-04-01,trade_imbalance_30s,30s,6,4.3771594325e-05,0.438830637183,0.0375704173821,86400,daily_bucket,,,,,,,,
2025-04-01,trade_imbalance_30s,30s,7,-8.05140976506e-08,0.000296788562903,0,86399,daily_bucket,,,,,,,,
2025-04-01,trade_imbalance_30s,30s,8,-8.54407645206e-06,-0.0846329570438,0,86315,daily_bucket,,,,,,,,
2025-04-01,trade_imbalance_30s,30s,9,-5.56376815039e-07,-0.00479601853135,0,86363,daily_bucket,,,,,,,,
2025-04-01,trade_imbalance_30s,30s,10,3.41766550562e-05,0.34229881186,0.0833947194816,86287,daily_bucket,,,,,,,,
2025-04-01,trade_imbalance_30s,30s,,,,,863692,daily_monotonicity,,0.0181818181818,,,,,,
2025-04-01,trade_imbalance_30s,30s,,,,,863692,daily_top_bottom,0.256651953813,,,,,,,
2025-04-01,di_10,500ms,1,-2.46762434581e-05,-0.246746755899,0,86400,daily_bucket,,,,,,,,
2025-04-01,di_10,500ms,2,-1.04050024811e-05,-0.104042456127,0,86399,daily_bucket,,,,,,,,
2025-04-01,di_10,500ms,3,-5.94711028987e-06,-0.0594660548722,0,86399,daily_bucket,,,,,,,,
2025-04-01,di_10,500ms,4,-2.78093360529e-06,-0.0278057798157,0,86399,daily_bucket,,,,,,,,
2025-04-01,di_10,500ms,5,-1.09155584822e-06,-0.0109126195967,0,86399,daily_bucket,,,,,,,,
2025-04-01,di_10,500ms,6,5.14752428311e-07,0.00515053942955,0,86400,daily_bucket,,,,,,,,
2025-04-01,di_10,500ms,7,2.81448804628e-06,0.0281484455562,0,86399,daily_bucket,,,,,,,,
2025-04-01,di_10,500ms,8,5.75693248218e-06,0.057574493438,0,86398,daily_bucket,,,,,,,,
2025-04-01,di_10,500ms,9,1.12101473143e-05,0.112109554153,0,86399,daily_bucket,,,,,,,,
2025-04-01,di_10,500ms,10,2.64042090735e-05,0.264059244846,0,86395,daily_bucket,,,,,,,,
2025-04-01,di_10,500ms,,,,,863987,daily_monotonicity,,1,,,,,,
2025-04-01,di_10,500ms,,,,,863987,daily_top_bottom,0.510806000745,,,,,,,
2025-04-01,di_5,500ms,1,-2.4862535985e-05,-0.248609540177,0,86400,daily_bucket,,,,,,,,
2025-04-01,di_5,500ms,2,-1.01767304229e-05,-0.101760141129,0,86399,daily_bucket,,,,,,,,
2025-04-01,di_5,500ms,3,-5.86871010638e-06,-0.0586818727206,0,86399,daily_bucket,,,,,,,,
2025-04-01,di_5,500ms,4,-2.92025741786e-06,-0.029199051382,0,86399,daily_bucket,,,,,,,,
2025-04-01,di_5,500ms,5,-1.02081565931e-06,-0.0102051257926,0,86399,daily_bucket,,,,,,,,
2025-04-01,di_5,500ms,6,4.42425365558e-07,0.00442736052621,0,86400,daily_bucket,,,,,,,,
2025-04-01,di_5,500ms,7,2.84568800634e-06,0.0284604205482,0,86399,daily_bucket,,,,,,,,
2025-04-01,di_5,500ms,8,5.78019782587e-06,0.0578070733176,0,86398,daily_bucket,,,,,,,,
2025-04-01,di_5,500ms,9,1.10174675299e-05,0.110182540922,0,86399,daily_bucket,,,,,,,,
2025-04-01,di_5,500ms,10,2.65629651382e-05,0.265647053132,0,86395,daily_bucket,,,,,,,,
2025-04-01,di_5,500ms,,,,,863987,daily_monotonicity,,1,,,,,,
2025-04-01,di_5,500ms,,,,,863987,daily_top_bottom,0.514256593309,,,,,,,
2025-04-01,microprice_deviation_bps,500ms,1,-2.4913163458e-05,-0.249115651775,0,86400,daily_bucket,,,,,,,,
2025-04-01,microprice_deviation_bps,500ms,2,-1.01413795808e-05,-0.101406749703,0,86399,daily_bucket,,,,,,,,
2025-04-01,microprice_deviation_bps,500ms,3,-5.8264004068e-06,-0.058258725258,0,86399,daily_bucket,,,,,,,,
2025-04-01,microprice_deviation_bps,500ms,4,-2.87691085469e-06,-0.0287656010456,0,86399,daily_bucket,,,,,,,,
2025-04-01,microprice_deviation_bps,500ms,5,-1.10059234056e-06,-0.0110029341946,0,86399,daily_bucket,,,,,,,,
2025-04-01,microprice_deviation_bps,500ms,6,5.07906251578e-07,0.00508204915331,0,86400,daily_bucket,,,,,,,,
2025-04-01,microprice_deviation_bps,500ms,7,2.76009115088e-06,0.0276044650485,0,86399,daily_bucket,,,,,,,,
2025-04-01,microprice_deviation_bps,500ms,8,5.95284268443e-06,0.0595335335422,0,86398,daily_bucket,,,,,,,,
2025-04-01,microprice_deviation_bps,500ms,9,1.0954588494e-05,0.109553659859,0,86399,daily_bucket,,,,,,,,
2025-04-01,microprice_deviation_bps,500ms,10,2.64827104451e-05,0.264844652732,0,86395,daily_bucket,,,,,,,,
2025-04-01,microprice_deviation_bps,500ms,,,,,863987,daily_monotonicity,,1,,,,,,
2025-04-01,microprice_deviation_bps,500ms,,,,,863987,daily_top_bottom,0.513960304507,,,,,,,
2025-04-01,ofi_500ms,500ms,1,-2.10850307279e-05,-0.210834977413,0,86400,daily_bucket,,,,,,,,
2025-04-01,ofi_500ms,500ms,2,-6.92922568887e-06,-0.0692842890735,0,86399,daily_bucket,,,,,,,,
2025-04-01,ofi_500ms,500ms,3,-3.07297015653e-06,-0.0307247281752,0,86399,daily_bucket,,,,,,,,
2025-04-01,ofi_500ms,500ms,4,-1.88350260036e-06,-0.0188305663997,0,86399,daily_bucket,,,,,,,,
2025-04-01,ofi_500ms,500ms,5,-7.89147324568e-07,-0.00788870179499,0,86399,daily_bucket,,,,,,,,
2025-04-01,ofi_500ms,500ms,6,2.90631058941e-07,0.00290913290586,0,86400,daily_bucket,,,,,,,,
2025-04-01,ofi_500ms,500ms,7,1.91811436623e-06,0.0191854710283,0,86395,daily_bucket,,,,,,,,
2025-04-01,ofi_500ms,500ms,8,3.09153090709e-06,0.0309198748153,0,86399,daily_bucket,,,,,,,,
2025-04-01,ofi_500ms,500ms,9,7.44714611706e-06,0.0744791405005,0,86399,daily_bucket,,,,,,,,
2025-04-01,ofi_500ms,500ms,10,2.28111625e-05,0.228128502157,0,86398,daily_bucket,,,,,,,,
2025-04-01,ofi_500ms,500ms,,,,,863987,daily_monotonicity,,1,,,,,,
2025-04-01,ofi_500ms,500ms,,,,,863987,daily_top_bottom,0.43896347957,,,,,,,
2025-04-01,qi_1,500ms,1,-2.49451879923e-05,-0.249436095376,0,86400,daily_bucket,,,,,,,,
2025-04-01,qi_1,500ms,2,-1.01577714632e-05,-0.101570484655,0,86399,daily_bucket,,,,,,,,
2025-04-01,qi_1,500ms,3,-5.81787355399e-06,-0.0581734840583,0,86399,daily_bucket,,,,,,,,
2025-04-01,qi_1,500ms,4,-2.85301298435e-06,-0.0285266092148,0,86399,daily_bucket,,,,,,,,
2025-04-01,qi_1,500ms,5,-1.08181715611e-06,-0.0108151571202,0,86399,daily_bucket,,,,,,,,
2025-04-01,qi_1,500ms,6,4.93619730165e-07,0.00493921855557,0,86400,daily_bucket,,,,,,,,
2025-04-01,qi_1,500ms,7,2.75209169227e-06,0.0275244741099,0,86399,daily_bucket,,,,,,,,
2025-04-01,qi_1,500ms,8,5.91529937219e-06,0.0591581483791,0,86398,daily_bucket,,,,,,,,
2025-04-01,qi_1,500ms,9,1.08593277838e-05,0.108601016077,0,86399,daily_bucket,,,,,,,,
2025-04-01,qi_1,500ms,10,2.66350241099e-05,0.266367743193,0,86395,daily_bucket,,,,,,,,
2025-04-01,qi_1,500ms,,,,,863987,daily_monotonicity,,1,,,,,,
2025-04-01,qi_1,500ms,,,,,863987,daily_top_bottom,0.515803838569,,,,,,,
2025-04-01,trade_imbalance_500ms,500ms,1,-3.12312880381e-06,-0.0312274060968,0,67348,daily_bucket,,,,,,,,
2025-04-01,trade_imbalance_500ms,500ms,2,-5.7557509962e-06,-0.0575475595126,0,67348,daily_bucket,,,,,,,,
2025-04-01,trade_imbalance_500ms,500ms,3,-1.0252097604e-05,-0.10251169637,0,67348,daily_bucket,,,,,,,,
2025-04-01,trade_imbalance_500ms,500ms,4,-9.6485113583e-06,-0.0964735243708,0,67347,daily_bucket,,,,,,,,
2025-04-01,trade_imbalance_500ms,500ms,5,-1.66777354871e-06,-0.0166695906395,0,67348,daily_bucket,,,,,,,,
2025-04-01,trade_imbalance_500ms,500ms,6,4.09640811358e-06,0.0409730170625,0,67348,daily_bucket,,,,,,,,
2025-04-01,trade_imbalance_500ms,500ms,7,1.85587655818e-05,0.185604632851,0,67347,daily_bucket,,,,,,,,
2025-04-01,trade_imbalance_500ms,500ms,8,2.49897601089e-06,0.0249929921246,0,67348,daily_bucket,,,,,,,,
2025-04-01,trade_imbalance_500ms,500ms,9,3.90180029319e-06,0.03902449617,0,67348,daily_bucket,,,,,,,,
2025-04-01,trade_imbalance_500ms,500ms,10,4.0995247098e-06,0.0410013325926,0,67346,daily_bucket,,,,,,,,
2025-04-01,trade_imbalance_500ms,500ms,,,,,673476,daily_monotonicity,,0.757575757576,,,,,,
2025-04-01,trade_imbalance_500ms,500ms,,,,,673476,daily_top_bottom,0.0722287386895,,,,,,,
2025-04-01,di_10,5s,1,-7.81582145074e-05,-0.781427140999,-0.51467942202,86400,daily_bucket,,,,,,,,
2025-04-01,di_10,5s,2,-4.92427297582e-05,-0.492306534713,-0.050562078766,86399,daily_bucket,,,,,,,,
2025-04-01,di_10,5s,3,-3.21651569616e-05,-0.321543424991,0,86399,daily_bucket,,,,,,,,
2025-04-01,di_10,5s,4,-1.74099391665e-05,-0.174001786676,0,86399,daily_bucket,,,,,,,,
2025-04-01,di_10,5s,5,-6.27031131264e-06,-0.0626142658496,0,86399,daily_bucket,,,,,,,,
2025-04-01,di_10,5s,6,6.0041473143e-06,0.0601351270768,0,86400,daily_bucket,,,,,,,,
2025-04-01,di_10,5s,7,2.06636858837e-05,0.206738198651,0,86399,daily_bucket,,,,,,,,
2025-04-01,di_10,5s,8,3.38083405212e-05,0.338198205826,0,86394,daily_bucket,,,,,,,,
2025-04-01,di_10,5s,9,5.67532607364e-05,0.567678781859,0.137464837053,86365,daily_bucket,,,,,,,,
2025-04-01,di_10,5s,10,8.40029188581e-05,0.840204596403,0.53087098113,86388,daily_bucket,,,,,,,,
2025-04-01,di_10,5s,,,,,863942,daily_monotonicity,,1,,,,,,
2025-04-01,di_10,5s,,,,,863942,daily_top_bottom,1.6216317374,,,,,,,
2025-04-01,di_5,5s,1,-7.77985156359e-05,-0.777828258129,-0.512839653673,86400,daily_bucket,,,,,,,,
2025-04-01,di_5,5s,2,-4.92008795756e-05,-0.491889236359,-0.0386440686302,86399,daily_bucket,,,,,,,,
2025-04-01,di_5,5s,3,-3.14481629244e-05,-0.314374147482,0,86399,daily_bucket,,,,,,,,
2025-04-01,di_5,5s,4,-1.80150793433e-05,-0.180053322464,0,86399,daily_bucket,,,,,,,,
2025-04-01,di_5,5s,5,-6.43792630012e-06,-0.0642891033927,0,86399,daily_bucket,,,,,,,,
2025-04-01,di_5,5s,6,6.11719019126e-06,0.0612647922939,0,86400,daily_bucket,,,,,,,,
2025-04-01,di_5,5s,7,1.95973092282e-05,0.19607426347,0,86399,daily_bucket,,,,,,,,
2025-04-01,di_5,5s,8,3.50633405959e-05,0.350747902609,0,86398,daily_bucket,,,,,,,,
2025-04-01,di_5,5s,9,5.65965998037e-05,0.566110806199,0.120876604388,86392,daily_bucket,,,,,,,,
2025-04-01,di_5,5s,10,8.35227279669e-05,0.835404096334,0.525519308214,86357,daily_bucket,,,,,,,,
2025-04-01,di_5,5s,,,,,863942,daily_monotonicity,,1,,,,,,
2025-04-01,di_5,5s,,,,,863942,daily_top_bottom,1.61323235446,,,,,,,
2025-04-01,microprice_deviation_bps,5s,1,-7.76585163036e-05,-0.776428130542,-0.506375478719,86400,daily_bucket,,,,,,,,
2025-04-01,microprice_deviation_bps,5s,2,-4.9509813046e-05,-0.494978353758,-0.0605575462035,86399,daily_bucket,,,,,,,,
2025-04-01,microprice_deviation_bps,5s,3,-3.15875307479e-05,-0.315768608773,0,86399,daily_bucket,,,,,,,,
2025-04-01,microprice_deviation_bps,5s,4,-1.82746766425e-05,-0.182648099342,0,86399,daily_bucket,,,,,,,,
2025-04-01,microprice_deviation_bps,5s,5,-5.97850259699e-06,-0.0596943385881,0,86399,daily_bucket,,,,,,,,
2025-04-01,microprice_deviation_bps,5s,6,6.21438106832e-06,0.0622360731689,0,86400,daily_bucket,,,,,,,,
2025-04-01,microprice_deviation_bps,5s,7,1.9348716156e-05,0.193588345429,0,86399,daily_bucket,,,,,,,,
2025-04-01,microprice_deviation_bps,5s,8,3.67290191824e-05,0.367404867623,0,86397,daily_bucket,,,,,,,,
2025-04-01,microprice_deviation_bps,5s,9,5.51311351336e-05,0.551455340621,0.110393442817,86365,daily_bucket,,,,,,,,
2025-04-01,microprice_deviation_bps,5s,10,8.35728836575e-05,0.835905604736,0.521685037875,86385,daily_bucket,,,,,,,,
2025-04-01,microprice_deviation_bps,5s,,,,,863942,daily_monotonicity,,1,,,,,,
2025-04-01,microprice_deviation_bps,5s,,,,,863942,daily_top_bottom,1.61233373528,,,,,,,
2025-04-01,ofi_5s,5s,1,-3.88259492622e-05,-0.388091620826,-0.136210017844,86400,daily_bucket,,,,,,,,
2025-04-01,ofi_5s,5s,2,-3.18013724806e-05,-0.317876973417,0,86399,daily_bucket,,,,,,,,
2025-04-01,ofi_5s,5s,3,-2.62113890394e-05,-0.261998266275,0,86399,daily_bucket,,,,,,,,
2025-04-01,ofi_5s,5s,4,-1.1907944986e-05,-0.118987412196,0,86399,daily_bucket,,,,,,,,
2025-04-01,ofi_5s,5s,5,-6.10151821927e-06,-0.0609469531388,0,86399,daily_bucket,,,,,,,,
2025-04-01,ofi_5s,5s,6,4.81816023487e-06,0.0482510442349,0,86398,daily_bucket,,,,,,,,
2025-04-01,ofi_5s,5s,7,1.53633025275e-05,0.153722727531,0,86364,daily_bucket,,,,,,,,
2025-04-01,ofi_5s,5s,8,2.90536217759e-05,0.290652957067,0,86387,daily_bucket,,,,,,,,
2025-04-01,ofi_5s,5s,9,3.47559791966e-05,0.347709386434,0,86398,daily_bucket,,,,,,,,
2025-04-01,ofi_5s,5s,10,4.88184578755e-05,0.488380296851,0.180403949042,86399,daily_bucket,,,,,,,,
2025-04-01,ofi_5s,5s,,,,,863942,daily_monotonicity,,1,,,,,,
2025-04-01,ofi_5s,5s,,,,,863942,daily_top_bottom,0.876471917677,,,,,,,
2025-04-01,qi_1,5s,1,-7.77400208993e-05,-0.777242985345,-0.513709068105,86400,daily_bucket,,,,,,,,
2025-04-01,qi_1,5s,2,-4.96699326783e-05,-0.496579602741,-0.0539388840081,86399,daily_bucket,,,,,,,,
2025-04-01,qi_1,5s,3,-3.13994627964e-05,-0.31388805552,0,86399,daily_bucket,,,,,,,,
2025-04-01,qi_1,5s,4,-1.83487900525e-05,-0.18338909303,0,86399,daily_bucket,,,,,,,,
2025-04-01,qi_1,5s,5,-5.84380671924e-06,-0.0583475505756,0,86399,daily_bucket,,,,,,,,
2025-04-01,qi_1,5s,6,6.09081160633e-06,0.0610002268079,0,86400,daily_bucket,,,,,,,,
2025-04-01,qi_1,5s,7,1.95724836853e-05,0.195826567552,0,86399,daily_bucket,,,,,,,,
2025-04-01,qi_1,5s,8,3.63160929411e-05,0.363274898823,0,86398,daily_bucket,,,,,,,,
2025-04-01,qi_1,5s,9,5.51391609976e-05,0.551535124077,0.104175226194,86392,daily_bucket,,,,,,,,
2025-04-01,qi_1,5s,10,8.38801377117e-05,0.838978961196,0.52821686867,86357,daily_bucket,,,,,,,,
2025-04-01,qi_1,5s,,,,,863942,daily_monotonicity,,1,,,,,,
2025-04-01,qi_1,5s,,,,,863942,daily_top_bottom,1.61622194654,,,,,,,
2025-04-01,trade_imbalance_5s,5s,1,-2.27031480059e-05,-0.226945937661,0,86363,daily_bucket,,,,,,,,
2025-04-01,trade_imbalance_5s,5s,2,-2.43850947046e-05,-0.243742788336,0,86394,daily_bucket,,,,,,,,
2025-04-01,trade_imbalance_5s,5s,3,-1.64349600487e-05,-0.164231550414,0,86394,daily_bucket,,,,,,,,
2025-04-01,trade_imbalance_5s,5s,4,-8.37613813143e-06,-0.0836168080448,0,86395,daily_bucket,,,,,,,,
2025-04-01,trade_imbalance_5s,5s,5,-2.027661852e-06,-0.0201260206824,0,86394,daily_bucket,,,,,,,,
2025-04-01,trade_imbalance_5s,5s,6,4.69037071597e-06,0.0470557780672,0,86394,daily_bucket,,,,,,,,
2025-04-01,trade_imbalance_5s,5s,7,1.11121344916e-05,0.111256233448,0,86395,daily_bucket,,,,,,,,
2025-04-01,trade_imbalance_5s,5s,8,2.23758988029e-05,0.223876273034,0,86390,daily_bucket,,,,,,,,
2025-04-01,trade_imbalance_5s,5s,9,2.58012593279e-05,0.25811913054,0,86381,daily_bucket,,,,,,,,
2025-04-01,trade_imbalance_5s,5s,10,2.78870041138e-05,0.278954101441,0,86393,daily_bucket,,,,,,,,
2025-04-01,trade_imbalance_5s,5s,,,,,863893,daily_monotonicity,,0.987878787879,,,,,,
2025-04-01,trade_imbalance_5s,5s,,,,,863893,daily_top_bottom,0.505900039103,,,,,,,
2025-05-01,di_10,100ms,1,-4.6975441448e-06,-0.0469733614369,0,86399,daily_bucket,,,,,,,,
2025-05-01,di_10,100ms,2,-7.72504267196e-07,-0.00772456367365,0,86399,daily_bucket,,,,,,,,
2025-05-01,di_10,100ms,3,-3.62759095186e-07,-0.00362724071552,0,86399,daily_bucket,,,,,,,,
2025-05-01,di_10,100ms,4,-2.12752048155e-07,-0.0021271976696,0,86399,daily_bucket,,,,,,,,
2025-05-01,di_10,100ms,5,-2.54362764937e-08,-0.000254107986204,0,86399,daily_bucket,,,,,,,,
2025-05-01,di_10,100ms,6,1.14365676598e-07,0.00114389450421,0,86399,daily_bucket,,,,,,,,
2025-05-01,di_10,100ms,7,2.42170592229e-07,0.00242202389425,0,86399,daily_bucket,,,,,,,,
2025-05-01,di_10,100ms,8,4.95145012201e-07,0.0049517899382,0,86399,daily_bucket,,,,,,,,
2025-05-01,di_10,100ms,9,9.71446984154e-07,0.00971501645324,0,86399,daily_bucket,,,,,,,,
2025-05-01,di_10,100ms,10,4.52929953804e-06,0.0452949972323,0,86399,daily_bucket,,,,,,,,
2025-05-01,di_10,100ms,,,,,863990,daily_monotonicity,,1,,,,,,
2025-05-01,di_10,100ms,,,,,863990,daily_top_bottom,0.0922683586692,,,,,,,
2025-05-01,di_5,100ms,1,-4.69152770305e-06,-0.0469131819478,0,86399,daily_bucket,,,,,,,,
2025-05-01,di_5,100ms,2,-7.82877883556e-07,-0.00782830922003,0,86399,daily_bucket,,,,,,,,
2025-05-01,di_5,100ms,3,-3.48876355847e-07,-0.00348840520598,0,86399,daily_bucket,,,,,,,,
2025-05-01,di_5,100ms,4,-2.09715440359e-07,-0.00209687319985,0,86399,daily_bucket,,,,,,,,
2025-05-01,di_5,100ms,5,-4.7603714875e-08,-0.00047577126016,0,86399,daily_bucket,,,,,,,,
2025-05-01,di_5,100ms,6,1.44604344701e-07,0.00144632588968,0,86399,daily_bucket,,,,,,,,
2025-05-01,di_5,100ms,7,2.33903186661e-07,0.00233935488612,0,86399,daily_bucket,,,,,,,,
2025-05-01,di_5,100ms,8,4.88598635109e-07,0.00488630782245,0,86399,daily_bucket,,,,,,,,
2025-05-01,di_5,100ms,9,9.79274639333e-07,0.0097933062348,0,86399,daily_bucket,,,,,,,,
2025-05-01,di_5,100ms,10,4.51565226329e-06,0.0451584965411,0,86399,daily_bucket,,,,,,,,
2025-05-01,di_5,100ms,,,,,863990,daily_monotonicity,,1,,,,,,
2025-05-01,di_5,100ms,,,,,863990,daily_top_bottom,0.0920716784889,,,,,,,
2025-05-01,microprice_deviation_bps,100ms,1,-4.66229213088e-06,-0.0466208139431,0,86400,daily_bucket,,,,,,,,
2025-05-01,microprice_deviation_bps,100ms,2,-7.85193159958e-07,-0.00785145018143,0,86398,daily_bucket,,,,,,,,
2025-05-01,microprice_deviation_bps,100ms,3,-3.37661506484e-07,-0.00337626843798,0,86399,daily_bucket,,,,,,,,
2025-05-01,microprice_deviation_bps,100ms,4,-2.3295435457e-07,-0.00232925704584,0,86399,daily_bucket,,,,,,,,
2025-05-01,microprice_deviation_bps,100ms,5,-3.16001255576e-08,-0.0003157370448,0,86399,daily_bucket,,,,,,,,
2025-05-01,microprice_deviation_bps,100ms,6,1.26274231564e-07,0.00126297721903,0,86399,daily_bucket,,,,,,,,
2025-05-01,microprice_deviation_bps,100ms,7,2.49057213449e-07,0.00249087766418,0,86399,daily_bucket,,,,,,,,
2025-05-01,microprice_deviation_bps,100ms,8,4.79248617136e-07,0.00479280494724,0,86399,daily_bucket,,,,,,,,
2025-05-01,microprice_deviation_bps,100ms,9,9.87707341924e-07,0.00987764191467,0,86399,daily_bucket,,,,,,,,
2025-05-01,microprice_deviation_bps,100ms,10,4.48889071913e-06,0.044890924173,0,86399,daily_bucket,,,,,,,,
2025-05-01,microprice_deviation_bps,100ms,,,,,863990,daily_monotonicity,,1,,,,,,
2025-05-01,microprice_deviation_bps,100ms,,,,,863990,daily_top_bottom,0.0915117381161,,,,,,,
2025-05-01,ofi_100ms,100ms,1,-3.62414443544e-06,-0.0362396281163,0,86400,daily_bucket,,,,,,,,
2025-05-01,ofi_100ms,100ms,2,-5.24068884326e-07,-0.00524019170063,0,86399,daily_bucket,,,,,,,,
2025-05-01,ofi_100ms,100ms,3,-1.58369618273e-07,-0.00158339829499,0,86399,daily_bucket,,,,,,,,
2025-05-01,ofi_100ms,100ms,4,7.17128178657e-08,0.000717385211404,0,86399,daily_bucket,,,,,,,,
2025-05-01,ofi_100ms,100ms,5,2.38308883751e-08,0.00023857553384,0,86399,daily_bucket,,,,,,,,
2025-05-01,ofi_100ms,100ms,6,6.83982883586e-08,0.000684864633362,0,86399,daily_bucket,,,,,,,,
2025-05-01,ofi_100ms,100ms,7,-1.89872901221e-08,-0.000189656681607,0,86398,daily_bucket,,,,,,,,
2025-05-01,ofi_100ms,100ms,8,1.83378435219e-07,0.0018341019923,0,86399,daily_bucket,,,,,,,,
2025-05-01,ofi_100ms,100ms,9,4.84047155691e-07,0.00484099603889,0,86399,daily_bucket,,,,,,,,
2025-05-01,ofi_100ms,100ms,10,3.77567634089e-06,0.0377586191739,0,86399,daily_bucket,,,,,,,,
2025-05-01,ofi_100ms,100ms,,,,,863990,daily_monotonicity,,0.890909090909,,,,,,
2025-05-01,ofi_100ms,100ms,,,,,863990,daily_top_bottom,0.0739982472902,,,,,,,
2025-05-01,qi_1,100ms,1,-4.66458707513e-06,-0.0466437928365,0,86400,daily_bucket,,,,,,,,
2025-05-01,qi_1,100ms,2,-7.78879249764e-07,-0.00778830472974,0,86398,daily_bucket,,,,,,,,
2025-05-01,qi_1,100ms,3,-3.4318018971e-07,-0.00343143527751,0,86399,daily_bucket,,,,,,,,
2025-05-01,qi_1,100ms,4,-2.2978374638e-07,-0.00229755426906,0,86399,daily_bucket,,,,,,,,
2025-05-01,qi_1,100ms,5,-3.32709168321e-08,-0.000332438543537,0,86399,daily_bucket,,,,,,,,
2025-05-01,qi_1,100ms,6,1.23153715212e-07,0.00123177989346,0,86399,daily_bucket,,,,,,,,
2025-05-01,qi_1,100ms,7,2.56086064267e-07,0.00256118097159,0,86399,daily_bucket,,,,,,,,
2025-05-01,qi_1,100ms,8,4.83544651634e-07,0.00483577405965,0,86399,daily_bucket,,,,,,,,
2025-05-01,qi_1,100ms,9,9.63383144044e-07,0.00963440535957,0,86399,daily_bucket,,,,,,,,
2025-05-01,qi_1,100ms,10,4.50501054804e-06,0.0450520856339,0,86399,daily_bucket,,,,,,,,
2025-05-01,qi_1,100ms,,,,,863990,daily_monotonicity,,1,,,,,,
2025-05-01,qi_1,100ms,,,,,863990,daily_top_bottom,0.0916958784704,,,,,,,
2025-05-01,trade_imbalance_100ms,100ms,1,-1.69505580749e-06,-0.0169495965233,0,27478,daily_bucket,,,,,,,,
2025-05-01,trade_imbalance_100ms,100ms,2,-1.50273858338e-06,-0.0150263232338,0,27477,daily_bucket,,,,,,,,
2025-05-01,trade_imbalance_100ms,100ms,3,-2.86634480343e-06,-0.0286614204914,0,27477,daily_bucket,,,,,,,,
2025-05-01,trade_imbalance_100ms,100ms,4,-2.47133621199e-06,-0.0247119962139,0,27477,daily_bucket,,,,,,,,
2025-05-01,trade_imbalance_100ms,100ms,5,-4.40513190341e-06,-0.0440482472862,0,27477,daily_bucket,,,,,,,,
2025-05-01,trade_imbalance_100ms,100ms,6,4.33856116275e-06,0.0433893753584,0,27478,daily_bucket,,,,,,,,
2025-05-01,trade_imbalance_100ms,100ms,7,1.41958208947e-06,0.0141965756459,0,27477,daily_bucket,,,,,,,,
2025-05-01,trade_imbalance_100ms,100ms,8,3.51088626172e-06,0.0351110498622,0,27477,daily_bucket,,,,,,,,
2025-05-01,trade_imbalance_100ms,100ms,9,2.55302492789e-06,0.0255316525049,0,27477,daily_bucket,,,,,,,,
2025-05-01,trade_imbalance_100ms,100ms,10,1.21576650632e-06,0.0121582775973,0,27477,daily_bucket,,,,,,,,
2025-05-01,trade_imbalance_100ms,100ms,,,,,274772,daily_monotonicity,,0.575757575758,,,,,,
2025-05-01,trade_imbalance_100ms,100ms,,,,,274772,daily_top_bottom,0.0291078741205,,,,,,,
2025-05-01,di_10,1s,1,-2.53446096756e-05,-0.253424410689,0,86394,daily_bucket,,,,,,,,
2025-05-01,di_10,1s,2,-9.94918091753e-06,-0.0994807056112,0,86395,daily_bucket,,,,,,,,
2025-05-01,di_10,1s,3,-4.94830415916e-06,-0.0494752622835,0,86399,daily_bucket,,,,,,,,
2025-05-01,di_10,1s,4,-2.86387426066e-06,-0.028630427905,0,86399,daily_bucket,,,,,,,,
2025-05-01,di_10,1s,5,-5.21521423731e-07,-0.00520772443737,0,86399,daily_bucket,,,,,,,,
2025-05-01,di_10,1s,6,1.99294769393e-06,0.0199371838803,0,86399,daily_bucket,,,,,,,,
2025-05-01,di_10,1s,7,4.18104463623e-06,0.0418198728911,0,86399,daily_bucket,,,,,,,,
2025-05-01,di_10,1s,8,6.61842022986e-06,0.06619349778,0,86399,daily_bucket,,,,,,,,
2025-05-01,di_10,1s,9,1.02600246428e-05,0.10261136435,0,86399,daily_bucket,,,,,,,,
2025-05-01,di_10,1s,10,2.33874456134e-05,0.233894566938,0,86399,daily_bucket,,,,,,,,
2025-05-01,di_10,1s,,,,,863981,daily_monotonicity,,1,,,,,,
2025-05-01,di_10,1s,,,,,863981,daily_top_bottom,0.487318977627,,,,,,,
2025-05-01,di_5,1s,1,-2.52865139232e-05,-0.252843596825,0,86395,daily_bucket,,,,,,,,
2025-05-01,di_5,1s,2,-9.94003915483e-06,-0.0993893099091,0,86394,daily_bucket,,,,,,,,
2025-05-01,di_5,1s,3,-5.17218255276e-06,-0.0517139080373,0,86399,daily_bucket,,,,,,,,
2025-05-01,di_5,1s,4,-2.88085701308e-06,-0.0288004973378,0,86399,daily_bucket,,,,,,,,
2025-05-01,di_5,1s,5,-4.04750840365e-07,-0.00403952953456,0,86399,daily_bucket,,,,,,,,
2025-05-01,di_5,1s,6,2.00007058977e-06,0.0200081426651,0,86399,daily_bucket,,,,,,,,
2025-05-01,di_5,1s,7,4.16274522209e-06,0.0416369129155,0,86399,daily_bucket,,,,,,,,
2025-05-01,di_5,1s,8,6.63133311782e-06,0.0663226665617,0,86399,daily_bucket,,,,,,,,
2025-05-01,di_5,1s,9,1.04822672601e-05,0.10483377607,0,86399,daily_bucket,,,,,,,,
2025-05-01,di_5,1s,10,2.32205010825e-05,0.232225112301,0,86399,daily_bucket,,,,,,,,
2025-05-01,di_5,1s,,,,,863981,daily_monotonicity,,1,,,,,,
2025-05-01,di_5,1s,,,,,863981,daily_top_bottom,0.485068709126,,,,,,,
2025-05-01,microprice_deviation_bps,1s,1,-2.49222856742e-05,-0.249201089633,0,86400,daily_bucket,,,,,,,,
2025-05-01,microprice_deviation_bps,1s,2,-1.01346015697e-05,-0.101334513678,0,86389,daily_bucket,,,,,,,,
2025-05-01,microprice_deviation_bps,1s,3,-5.16329427811e-06,-0.0516250989682,0,86399,daily_bucket,,,,,,,,
2025-05-01,microprice_deviation_bps,1s,4,-3.06219218096e-06,-0.0306138387414,0,86399,daily_bucket,,,,,,,,
2025-05-01,microprice_deviation_bps,1s,5,-3.61524082197e-07,-0.00360738321113,0,86399,daily_bucket,,,,,,,,
2025-05-01,microprice_deviation_bps,1s,6,1.94408509405e-06,0.0194481044129,0,86399,daily_bucket,,,,,,,,
2025-05-01,microprice_deviation_bps,1s,7,4.22981001251e-06,0.0423073712382,0,86399,daily_bucket,,,,,,,,
2025-05-01,microprice_deviation_bps,1s,8,6.78132655723e-06,0.0678226799758,0,86399,daily_bucket,,,,,,,,
2025-05-01,microprice_deviation_bps,1s,9,1.05534589412e-05,0.105545654638,0,86399,daily_bucket,,,,,,,,
2025-05-01,microprice_deviation_bps,1s,10,2.294865235e-05,0.229506496093,0,86399,daily_bucket,,,,,,,,
2025-05-01,microprice_deviation_bps,1s,,,,,863981,daily_monotonicity,,1,,,,,,
2025-05-01,microprice_deviation_bps,1s,,,,,863981,daily_top_bottom,0.478707585726,,,,,,,
2025-05-01,ofi_1s,1s,1,-1.91124946702e-05,-0.191100946935,0,86398,daily_bucket,,,,,,,,
2025-05-01,ofi_1s,1s,2,-5.20562828086e-06,-0.0520439950519,0,86399,daily_bucket,,,,,,,,
2025-05-01,ofi_1s,1s,3,-2.61892445071e-06,-0.0261799650145,0,86393,daily_bucket,,,,,,,,
2025-05-01,ofi_1s,1s,4,-1.1138108438e-06,-0.011131253073,0,86399,daily_bucket,,,,,,,,
2025-05-01,ofi_1s,1s,5,-2.12851772296e-07,-0.00212384686226,0,86399,daily_bucket,,,,,,,,
2025-05-01,ofi_1s,1s,6,6.73496439525e-07,0.00673944452403,0,86399,daily_bucket,,,,,,,,
2025-05-01,ofi_1s,1s,7,1.88879051208e-06,0.0188944011544,0,86399,daily_bucket,,,,,,,,
2025-05-01,ofi_1s,1s,8,3.01068296966e-06,0.0301156317822,0,86397,daily_bucket,,,,,,,,
2025-05-01,ofi_1s,1s,9,5.89933213315e-06,0.0590054415542,0,86399,daily_bucket,,,,,,,,
2025-05-01,ofi_1s,1s,10,1.96053942861e-05,0.196078981624,0,86399,daily_bucket,,,,,,,,
2025-05-01,ofi_1s,1s,,,,,863981,daily_monotonicity,,1,,,,,,
2025-05-01,ofi_1s,1s,,,,,863981,daily_top_bottom,0.387179928559,,,,,,,
2025-05-01,qi_1,1s,1,-2.51443646174e-05,-0.251422218699,0,86400,daily_bucket,,,,,,,,
2025-05-01,qi_1,1s,2,-1.00023148077e-05,-0.100011645828,0,86389,daily_bucket,,,,,,,,
2025-05-01,qi_1,1s,3,-5.20284590591e-06,-0.0520204051329,0,86399,daily_bucket,,,,,,,,
2025-05-01,qi_1,1s,4,-2.94054895369e-06,-0.0293974083094,0,86399,daily_bucket,,,,,,,,
2025-05-01,qi_1,1s,5,-3.51511532886e-07,-0.00350712885511,0,86399,daily_bucket,,,,,,,,
2025-05-01,qi_1,1s,6,1.94391041336e-06,0.0194463694867,0,86399,daily_bucket,,,,,,,,
2025-05-01,qi_1,1s,7,4.20844386564e-06,0.0420937228227,0,86399,daily_bucket,,,,,,,,
2025-05-01,qi_1,1s,8,6.73763517332e-06,0.0673858018205,0,86399,daily_bucket,,,,,,,,
2025-05-01,qi_1,1s,9,1.04134314722e-05,0.104145256361,0,86399,daily_bucket,,,,,,,,
2025-05-01,qi_1,1s,10,2.31516179444e-05,0.23153621728,0,86399,daily_bucket,,,,,,,,
2025-05-01,qi_1,1s,,,,,863981,daily_monotonicity,,1,,,,,,
2025-05-01,qi_1,1s,,,,,863981,daily_top_bottom,0.482958435979,,,,,,,
2025-05-01,trade_imbalance_1s,1s,1,-1.23353466387e-06,-0.0123306859754,0,81239,daily_bucket,,,,,,,,
2025-05-01,trade_imbalance_1s,1s,2,-4.5557914966e-06,-0.0455460090364,0,81238,daily_bucket,,,,,,,,
2025-05-01,trade_imbalance_1s,1s,3,-7.99813207922e-06,-0.0799660502577,0,81239,daily_bucket,,,,,,,,
2025-05-01,trade_imbalance_1s,1s,4,-3.44447267071e-06,-0.0344321876819,0,81239,daily_bucket,,,,,,,,
2025-05-01,trade_imbalance_1s,1s,5,-1.47753108942e-06,-0.0147627743285,0,81237,daily_bucket,,,,,,,,
2025-05-01,trade_imbalance_1s,1s,6,9.98991915829e-07,0.0100042595169,0,81235,daily_bucket,,,,,,,,
2025-05-01,trade_imbalance_1s,1s,7,3.65336180864e-06,0.0365461924131,0,81239,daily_bucket,,,,,,,,
2025-05-01,trade_imbalance_1s,1s,8,8.5196747254e-06,0.085214063268,0,81239,daily_bucket,,,,,,,,
2025-05-01,trade_imbalance_1s,1s,9,6.04439321927e-06,0.0604538773639,0,81239,daily_bucket,,,,,,,,
2025-05-01,trade_imbalance_1s,1s,10,2.45808695536e-06,0.0245880124926,0,81238,daily_bucket,,,,,,,,
2025-05-01,trade_imbalance_1s,1s,,,,,812382,daily_monotonicity,,0.781818181818,,,,,,
2025-05-01,trade_imbalance_1s,1s,,,,,812382,daily_top_bottom,0.036918698468,,,,,,,
2025-05-01,di_10,30s,1,-0.000105999024028,-1.05943355629,-0.849268124616,86380,daily_bucket,,,,,,,,
2025-05-01,di_10,30s,2,-6.08416980633e-05,-0.607907927338,-0.20745556937,86391,daily_bucket,,,,,,,,
2025-05-01,di_10,30s,3,-2.79116004229e-05,-0.278623636098,0,86399,daily_bucket,,,,,,,,
2025-05-01,di_10,30s,4,-1.52215967976e-05,-0.151725288387,0,86399,daily_bucket,,,,,,,,
2025-05-01,di_10,30s,5,9.67100212204e-06,0.0971506708186,0,86399,daily_bucket,,,,,,,,
2025-05-01,di_10,30s,6,2.0747929787e-05,0.207932596807,0,86355,daily_bucket,,,,,,,,
2025-05-01,di_10,30s,7,4.36466188286e-05,0.436925640214,0,86265,daily_bucket,,,,,,,,
2025-05-01,di_10,30s,8,5.10123825923e-05,0.51058945306,0.0628715638565,86305,daily_bucket,,,,,,,,
2025-05-01,di_10,30s,9,7.52693212944e-05,0.753203445586,0.362390328667,86399,daily_bucket,,,,,,,,
2025-05-01,di_10,30s,10,9.48580439177e-05,0.949116990901,0.698852741494,86399,daily_bucket,,,,,,,,
2025-05-01,di_10,30s,,,,,863691,daily_monotonicity,,1,,,,,,
2025-05-01,di_10,30s,,,,,863691,daily_top_bottom,2.00855054719,,,,,,,
2025-05-01,di_5,30s,1,-0.00010408606896,-1.04030817604,-0.828928611328,86381,daily_bucket,,,,,,,,
2025-05-01,di_5,30s,2,-6.27280329031e-05,-0.626764163484,-0.254132597988,86390,daily_bucket,,,,,,,,
2025-05-01,di_5,30s,3,-2.69020001855e-05,-0.268531439735,0,86399,daily_bucket,,,,,,,,
2025-05-01,di_5,30s,4,-1.53077394219e-05,-0.152587538302,0,86399,daily_bucket,,,,,,,,
2025-05-01,di_5,30s,5,8.25797564019e-06,0.0830147241208,0,86399,daily_bucket,,,,,,,,
2025-05-01,di_5,30s,6,2.30358788105e-05,0.23082245195,0,86355,daily_bucket,,,,,,,,
2025-05-01,di_5,30s,7,4.17259668036e-05,0.417717157741,0,86264,daily_bucket,,,,,,,,
2025-05-01,di_5,30s,8,5.19472905816e-05,0.519945912094,0.0379268209365,86306,daily_bucket,,,,,,,,
2025-05-01,di_5,30s,9,7.46277684363e-05,0.746783774742,0.370184681082,86399,daily_bucket,,,,,,,,
2025-05-01,di_5,30s,10,9.46601503326e-05,0.947133794636,0.70500231813,86399,daily_bucket,,,,,,,,
2025-05-01,di_5,30s,,,,,863691,daily_monotonicity,,1,,,,,,
2025-05-01,di_5,30s,,,,,863691,daily_top_bottom,1.98744197067,,,,,,,
2025-05-01,microprice_deviation_bps,30s,1,-0.000102420836278,-1.02366664854,-0.792628822051,86389,daily_bucket,,,,,,,,
2025-05-01,microprice_deviation_bps,30s,2,-6.24314922118e-05,-0.62379645566,-0.249342490691,86382,daily_bucket,,,,,,,,
2025-05-01,microprice_deviation_bps,30s,3,-2.95334028331e-05,-0.294841113112,0,86399,daily_bucket,,,,,,,,
2025-05-01,microprice_deviation_bps,30s,4,-1.54571156069e-05,-0.154085240195,0,86399,daily_bucket,,,,,,,,
2025-05-01,microprice_deviation_bps,30s,5,7.62800043219e-06,0.076724134658,0,86369,daily_bucket,,,,,,,,
2025-05-01,microprice_deviation_bps,30s,6,2.41753432972e-05,0.242214682786,0,86365,daily_bucket,,,,,,,,
2025-05-01,microprice_deviation_bps,30s,7,4.16392667993e-05,0.416855819428,0,86191,daily_bucket,,,,,,,,
2025-05-01,microprice_deviation_bps,30s,8,5.46840995091e-05,0.547318206904,0.105099954479,86399,daily_bucket,,,,,,,,
2025-05-01,microprice_deviation_bps,30s,9,7.20634452248e-05,0.721136143637,0.32493522984,86399,daily_bucket,,,,,,,,
2025-05-01,microprice_deviation_bps,30s,10,9.48675223336e-05,0.949203369602,0.708536008958,86399,daily_bucket,,,,,,,,
2025-05-01,microprice_deviation_bps,30s,,,,,863691,daily_monotonicity,,1,,,,,,
2025-05-01,microprice_deviation_bps,30s,,,,,863691,daily_top_bottom,1.97287001814,,,,,,,
2025-05-01,ofi_30s,30s,1,-2.40091527548e-05,-0.239372923806,-0.112403311486,86400,daily_bucket,,,,,,,,
2025-05-01,ofi_30s,30s,2,-2.6634856118e-05,-0.265809255495,0,86399,daily_bucket,,,,,,,,
2025-05-01,ofi_30s,30s,3,-2.1258508796e-05,-0.212126534476,0,86399,daily_bucket,,,,,,,,
2025-05-01,ofi_30s,30s,4,-1.29557301434e-05,-0.129153739724,0,86372,daily_bucket,,,,,,,,
2025-05-01,ofi_30s,30s,5,1.52695572569e-05,0.153014529125,0,86188,daily_bucket,,,,,,,,
2025-05-01,ofi_30s,30s,6,2.72507802436e-05,0.272831120707,0,86337,daily_bucket,,,,,,,,
2025-05-01,ofi_30s,30s,7,4.56873144302e-05,0.457236519001,0,86399,daily_bucket,,,,,,,,
2025-05-01,ofi_30s,30s,8,2.97053161082e-05,0.297486458402,0,86399,daily_bucket,,,,,,,,
2025-05-01,ofi_30s,30s,9,1.79897344734e-05,0.180402228098,0,86399,daily_bucket,,,,,,,,
2025-05-01,ofi_30s,30s,10,3.41351834756e-05,0.342202086074,0.137553922042,86399,daily_bucket,,,,,,,,
2025-05-01,ofi_30s,30s,,,,,863691,daily_monotonicity,,0.866666666667,,,,,,
2025-05-01,ofi_30s,30s,,,,,863691,daily_top_bottom,0.58157500988,,,,,,,
2025-05-01,qi_1,30s,1,-0.00010346437991,-1.03409761,-0.81915127178,86389,daily_bucket,,,,,,,,
2025-05-01,qi_1,30s,2,-6.19875404989e-05,-0.619358506331,-0.249342490691,86382,daily_bucket,,,,,,,,
2025-05-01,qi_1,30s,3,-2.92860728399e-05,-0.292368961794,0,86399,daily_bucket,,,,,,,,
2025-05-01,qi_1,30s,4,-1.52751902334e-05,-0.152266074578,0,86399,daily_bucket,,,,,,,,
2025-05-01,qi_1,30s,5,7.78674104166e-06,0.0783098454871,0,86369,daily_bucket,,,,,,,,
2025-05-01,qi_1,30s,6,2.40948174612e-05,0.24140813832,0,86365,daily_bucket,,,,,,,,
2025-05-01,qi_1,30s,7,4.2158853023e-05,0.422052050309,0,86191,daily_bucket,,,,,,,,
2025-05-01,qi_1,30s,8,5.37931356603e-05,0.538404591271,0.099590729777,86399,daily_bucket,,,,,,,,
2025-05-01,qi_1,30s,9,7.25729507872e-05,0.726230188074,0.328601973961,86399,daily_bucket,,,,,,,,
2025-05-01,qi_1,30s,10,9.48227570467e-05,0.948761647461,0.70936813376,86399,daily_bucket,,,,,,,,
2025-05-01,qi_1,30s,,,,,863691,daily_monotonicity,,1,,,,,,
2025-05-01,qi_1,30s,,,,,863691,daily_top_bottom,1.98285925746,,,,,,,
2025-05-01,trade_imbalance_30s,30s,1,-2.76209711191e-05,-0.275845425674,0,86400,daily_bucket,,,,,,,,
2025-05-01,trade_imbalance_30s,30s,2,-5.25124355428e-06,-0.0520861157965,0,86399,daily_bucket,,,,,,,,
2025-05-01,trade_imbalance_30s,30s,3,2.62315892971e-06,0.0267728485174,0,86399,daily_bucket,,,,,,,,
2025-05-01,trade_imbalance_30s,30s,4,6.26865037608e-06,0.0632763046399,0,86350,daily_bucket,,,,,,,,
2025-05-01,trade_imbalance_30s,30s,5,-1.4454576255e-05,-0.143977652441,0,86364,daily_bucket,,,,,,,,
2025-05-01,trade_imbalance_30s,30s,6,3.09967534087e-06,0.0315774089507,0,86252,daily_bucket,,,,,,,,
2025-05-01,trade_imbalance_30s,30s,7,4.9633749076e-06,0.050180292151,0,86330,daily_bucket,,,,,,,,
2025-05-01,trade_imbalance_30s,30s,8,2.36374298003e-05,0.236883919489,0,86399,daily_bucket,,,,,,,,
2025-05-01,trade_imbalance_30s,30s,9,3.35868186481e-05,0.336291490723,0,86399,daily_bucket,,,,,,,,
2025-05-01,trade_imbalance_30s,30s,10,5.82815030991e-05,0.583180093404,0,86399,daily_bucket,,,,,,,,
2025-05-01,trade_imbalance_30s,30s,,,,,863691,daily_monotonicity,,0.866666666667,,,,,,
2025-05-01,trade_imbalance_30s,30s,,,,,863691,daily_top_bottom,0.859025519078,,,,,,,
2025-05-01,di_10,500ms,1,-1.59316314012e-05,-0.159305470276,0,86395,daily_bucket,,,,,,,,
2025-05-01,di_10,500ms,2,-5.06641289361e-06,-0.0506596247587,0,86399,daily_bucket,,,,,,,,
2025-05-01,di_10,500ms,3,-2.63732707491e-06,-0.0263698879299,0,86399,daily_bucket,,,,,,,,
2025-05-01,di_10,500ms,4,-1.44656675654e-06,-0.0144623499125,0,86399,daily_bucket,,,,,,,,
2025-05-01,di_10,500ms,5,-2.13179023052e-07,-0.00212930442249,0,86399,daily_bucket,,,,,,,,
2025-05-01,di_10,500ms,6,9.63577407426e-07,0.00963857495424,0,86399,daily_bucket,,,,,,,,
2025-05-01,di_10,500ms,7,1.89050560421e-06,0.0189084631015,0,86399,daily_bucket,,,,,,,,
2025-05-01,di_10,500ms,8,3.48174700567e-06,0.0348214138458,0,86399,daily_bucket,,,,,,,,
2025-05-01,di_10,500ms,9,5.53914098433e-06,0.0553963709951,0,86399,daily_bucket,,,,,,,,
2025-05-01,di_10,500ms,10,1.48265684206e-05,0.148275984194,0,86399,daily_bucket,,,,,,,,
2025-05-01,di_10,500ms,,,,,863986,daily_monotonicity,,1,,,,,,
2025-05-01,di_10,500ms,,,,,863986,daily_top_bottom,0.30758145447,,,,,,,
2025-05-01,di_5,500ms,1,-1.58124192287e-05,-0.15811342481,0,86396,daily_bucket,,,,,,,,
2025-05-01,di_5,500ms,2,-5.17539340124e-06,-0.0517493512027,0,86398,daily_bucket,,,,,,,,
2025-05-01,di_5,500ms,3,-2.64653875316e-06,-0.0264619878114,0,86399,daily_bucket,,,,,,,,
2025-05-01,di_5,500ms,4,-1.4826870836e-06,-0.0148237344263,0,86399,daily_bucket,,,,,,,,
2025-05-01,di_5,500ms,5,-2.3969419695e-07,-0.00239420750634,0,86399,daily_bucket,,,,,,,,
2025-05-01,di_5,500ms,6,1.0198045045e-06,0.0102009907338,0,86399,daily_bucket,,,,,,,,
2025-05-01,di_5,500ms,7,1.89336505214e-06,0.0189369348204,0,86399,daily_bucket,,,,,,,,
2025-05-01,di_5,500ms,8,3.45505446966e-06,0.034554386007,0,86399,daily_bucket,,,,,,,,
2025-05-01,di_5,500ms,9,5.67643632568e-06,0.0567693427183,0,86399,daily_bucket,,,,,,,,
2025-05-01,di_5,500ms,10,1.47186232189e-05,0.147196507537,0,86399,daily_bucket,,,,,,,,
2025-05-01,di_5,500ms,,,,,863986,daily_monotonicity,,1,,,,,,
2025-05-01,di_5,500ms,,,,,863986,daily_top_bottom,0.305309932347,,,,,,,
2025-05-01,microprice_deviation_bps,500ms,1,-1.56344552162e-05,-0.156333612001,0,86400,daily_bucket,,,,,,,,
2025-05-01,microprice_deviation_bps,500ms,2,-5.18548942206e-06,-0.051850206683,0,86394,daily_bucket,,,,,,,,
2025-05-01,microprice_deviation_bps,500ms,3,-2.69261524406e-06,-0.0269227620762,0,86399,daily_bucket,,,,,,,,
2025-05-01,microprice_deviation_bps,500ms,4,-1.55059007735e-06,-0.0155027930557,0,86399,daily_bucket,,,,,,,,
2025-05-01,microprice_deviation_bps,500ms,5,-2.05252084817e-07,-0.00204985067509,0,86399,daily_bucket,,,,,,,,
2025-05-01,microprice_deviation_bps,500ms,6,9.31955278487e-07,0.00932231149207,0,86399,daily_bucket,,,,,,,,
2025-05-01,microprice_deviation_bps,500ms,7,1.94978868735e-06,0.0195011674698,0,86399,daily_bucket,,,,,,,,
2025-05-01,microprice_deviation_bps,500ms,8,3.54346375731e-06,0.0354383780745,0,86399,daily_bucket,,,,,,,,
2025-05-01,microprice_deviation_bps,500ms,9,5.68308088322e-06,0.0568358226302,0,86399,daily_bucket,,,,,,,,
2025-05-01,microprice_deviation_bps,500ms,10,1.45671541619e-05,0.145681898767,0,86399,daily_bucket,,,,,,,,
2025-05-01,microprice_deviation_bps,500ms,,,,,863986,daily_monotonicity,,1,,,,,,
2025-05-01,microprice_deviation_bps,500ms,,,,,863986,daily_top_bottom,0.302015510768,,,,,,,
2025-05-01,ofi_500ms,500ms,1,-1.22070530507e-05,-0.122058655139,0,86400,daily_bucket,,,,,,,,
2025-05-01,ofi_500ms,500ms,2,-2.82094112015e-06,-0.0282047829178,0,86398,daily_bucket,,,,,,,,
2025-05-01,ofi_500ms,500ms,3,-1.31376176264e-06,-0.0131340881544,0,86396,daily_bucket,,,,,,,,
2025-05-01,ofi_500ms,500ms,4,-6.79292320038e-07,-0.00679019961818,0,86399,daily_bucket,,,,,,,,
2025-05-01,ofi_500ms,500ms,5,2.4574552626e-07,0.00245933767978,0,86399,daily_bucket,,,,,,,,
2025-05-01,ofi_500ms,500ms,6,2.57240918863e-07,0.00257405032649,0,86399,daily_bucket,,,,,,,,
2025-05-01,ofi_500ms,500ms,7,8.65036161902e-07,0.00865312918428,0,86398,daily_bucket,,,,,,,,
2025-05-01,ofi_500ms,500ms,8,1.51214149539e-06,0.015124722151,0,86399,daily_bucket,,,,,,,,
2025-05-01,ofi_500ms,500ms,9,2.98704435447e-06,0.029875474842,0,86399,daily_bucket,,,,,,,,
2025-05-01,ofi_500ms,500ms,10,1.25610726853e-05,0.125623287163,0,86399,daily_bucket,,,,,,,,
2025-05-01,ofi_500ms,500ms,,,,,863986,daily_monotonicity,,1,,,,,,
2025-05-01,ofi_500ms,500ms,,,,,863986,daily_top_bottom,0.247681942302,,,,,,,
2025-05-01,qi_1,500ms,1,-1.57398506817e-05,-0.157387776004,0,86400,daily_bucket,,,,,,,,
2025-05-01,qi_1,500ms,2,-5.1483417288e-06,-0.0514787002047,0,86394,daily_bucket,,,,,,,,
2025-05-01,qi_1,500ms,3,-2.69777494819e-06,-0.0269742586814,0,86399,daily_bucket,,,,,,,,
2025-05-01,qi_1,500ms,4,-1.48855928999e-06,-0.0148824403917,0,86399,daily_bucket,,,,,,,,
2025-05-01,qi_1,500ms,5,-1.92701217646e-07,-0.00192430801554,0,86399,daily_bucket,,,,,,,,
2025-05-01,qi_1,500ms,6,9.2368888536e-07,0.00923965462519,0,86399,daily_bucket,,,,,,,,
2025-05-01,qi_1,500ms,7,1.95541315193e-06,0.0195574653127,0,86399,daily_bucket,,,,,,,,
2025-05-01,qi_1,500ms,8,3.5228660223e-06,0.0352324650896,0,86399,daily_bucket,,,,,,,,
2025-05-01,qi_1,500ms,9,5.59755961878e-06,0.0559805689749,0,86399,daily_bucket,,,,,,,,
2025-05-01,qi_1,500ms,10,1.46747442814e-05,0.146757716938,0,86399,daily_bucket,,,,,,,,
2025-05-01,qi_1,500ms,,,,,863986,daily_monotonicity,,1,,,,,,
2025-05-01,qi_1,500ms,,,,,863986,daily_top_bottom,0.304145492942,,,,,,,
2025-05-01,trade_imbalance_500ms,500ms,1,-1.05994994714e-06,-0.0105966420398,0,68612,daily_bucket,,,,,,,,
2025-05-01,trade_imbalance_500ms,500ms,2,-1.64962110281e-06,-0.016491651764,0,68612,daily_bucket,,,,,,,,
2025-05-01,trade_imbalance_500ms,500ms,3,-2.13067509082e-06,-0.0213021835157,0,68611,daily_bucket,,,,,,,,
2025-05-01,trade_imbalance_500ms,500ms,4,-7.027223903e-06,-0.0702628225467,0,68612,daily_bucket,,,,,,,,
2025-05-01,trade_imbalance_500ms,500ms,5,-1.91380238728e-06,-0.0191318548544,0,68610,daily_bucket,,,,,,,,
2025-05-01,trade_imbalance_500ms,500ms,6,1.06264181266e-06,0.0106330985323,0,68608,daily_bucket,,,,,,,,
2025-05-01,trade_imbalance_500ms,500ms,7,5.45924294782e-06,0.0546015900638,0,68612,daily_bucket,,,,,,,,
2025-05-01,trade_imbalance_500ms,500ms,8,4.64915097256e-06,0.0464975334777,0,68611,daily_bucket,,,,,,,,
2025-05-01,trade_imbalance_500ms,500ms,9,2.70047649305e-06,0.0270096238586,0,68612,daily_bucket,,,,,,,,
2025-05-01,trade_imbalance_500ms,500ms,10,1.45977610792e-06,0.014600362346,0,68611,daily_bucket,,,,,,,,
2025-05-01,trade_imbalance_500ms,500ms,,,,,686111,daily_monotonicity,,0.672727272727,,,,,,
2025-05-01,trade_imbalance_500ms,500ms,,,,,686111,daily_top_bottom,0.0251970043857,,,,,,,
2025-05-01,di_10,5s,1,-6.24183825825e-05,-0.62407955414,-0.227329091992,86380,daily_bucket,,,,,,,,
2025-05-01,di_10,5s,2,-3.07601657334e-05,-0.307529687939,0,86391,daily_bucket,,,,,,,,
2025-05-01,di_10,5s,3,-1.63900174914e-05,-0.163838621008,0,86399,daily_bucket,,,,,,,,
2025-05-01,di_10,5s,4,-1.23669143076e-05,-0.123607159674,0,86399,daily_bucket,,,,,,,,
2025-05-01,di_10,5s,5,-9.48962022337e-07,-0.0094317948865,0,86399,daily_bucket,,,,,,,,
2025-05-01,di_10,5s,6,9.08101215122e-06,0.090873167692,0,86377,daily_bucket,,,,,,,,
2025-05-01,di_10,5s,7,1.52113187566e-05,0.152177541162,0,86399,daily_bucket,,,,,,,,
2025-05-01,di_10,5s,8,2.35592979091e-05,0.23565616034,0,86399,daily_bucket,,,,,,,,
2025-05-01,di_10,5s,9,3.25279271399e-05,0.325347472766,0,86399,daily_bucket,,,,,,,,
2025-05-01,di_10,5s,10,5.65720104488e-05,0.565812424949,0.00103846478766,86399,daily_bucket,,,,,,,,
2025-05-01,di_10,5s,,,,,863941,daily_monotonicity,,1,,,,,,
2025-05-01,di_10,5s,,,,,863941,daily_top_bottom,1.18989197909,,,,,,,
2025-05-01,di_5,5s,1,-6.17890451299e-05,-0.617789356273,-0.209687336977,86381,daily_bucket,,,,,,,,
2025-05-01,di_5,5s,2,-3.10695453841e-05,-0.310621836235,0,86390,daily_bucket,,,,,,,,
2025-05-01,di_5,5s,3,-1.75092682112e-05,-0.175030022271,0,86399,daily_bucket,,,,,,,,
2025-05-01,di_5,5s,4,-1.23547871969e-05,-0.123486562078,0,86399,daily_bucket,,,,,,,,
2025-05-01,di_5,5s,5,-4.80490422839e-07,-0.00474575560055,0,86399,daily_bucket,,,,,,,,
2025-05-01,di_5,5s,6,9.21284399124e-06,0.0921914363012,0,86377,daily_bucket,,,,,,,,
2025-05-01,di_5,5s,7,1.53230488493e-05,0.153295063414,0,86399,daily_bucket,,,,,,,,
2025-05-01,di_5,5s,8,2.37101124765e-05,0.237164004884,0,86399,daily_bucket,,,,,,,,
2025-05-01,di_5,5s,9,3.30849753931e-05,0.330919215201,0,86399,daily_bucket,,,,,,,,
2025-05-01,di_5,5s,10,5.59397787766e-05,0.559488749777,0.00103481430956,86399,daily_bucket,,,,,,,,
2025-05-01,di_5,5s,,,,,863941,daily_monotonicity,,1,,,,,,
2025-05-01,di_5,5s,,,,,863941,daily_top_bottom,1.17727810605,,,,,,,
2025-05-01,microprice_deviation_bps,5s,1,-6.10971221997e-05,-0.610870877932,-0.199022787746,86389,daily_bucket,,,,,,,,
2025-05-01,microprice_deviation_bps,5s,2,-3.11365489371e-05,-0.311292363605,0,86382,daily_bucket,,,,,,,,
2025-05-01,microprice_deviation_bps,5s,3,-1.80884571885e-05,-0.180821100085,0,86399,daily_bucket,,,,,,,,
2025-05-01,microprice_deviation_bps,5s,4,-1.23956669646e-05,-0.123894674981,0,86399,daily_bucket,,,,,,,,
2025-05-01,microprice_deviation_bps,5s,5,-1.18815671639e-07,-0.00112846681616,0,86384,daily_bucket,,,,,,,,
2025-05-01,microprice_deviation_bps,5s,6,8.95909041269e-06,0.0896528048491,0,86392,daily_bucket,,,,,,,,
2025-05-01,microprice_deviation_bps,5s,7,1.4942434919e-05,0.149488663661,0,86399,daily_bucket,,,,,,,,
2025-05-01,microprice_deviation_bps,5s,8,2.49376955867e-05,0.249442189742,0,86399,daily_bucket,,,,,,,,
2025-05-01,microprice_deviation_bps,5s,9,3.27309121748e-05,0.327377745358,0,86399,daily_bucket,,,,,,,,
2025-05-01,microprice_deviation_bps,5s,10,5.53353716846e-05,0.553443720282,0,86399,daily_bucket,,,,,,,,
2025-05-01,microprice_deviation_bps,5s,,,,,863941,daily_monotonicity,,1,,,,,,
2025-05-01,microprice_deviation_bps,5s,,,,,863941,daily_top_bottom,1.16431459821,,,,,,,
2025-05-01,ofi_5s,5s,1,-3.18528295461e-05,-0.318401219226,0,86400,daily_bucket,,,,,,,,
2025-05-01,ofi_5s,5s,2,-2.39183347583e-05,-0.239094831893,0,86376,daily_bucket,,,,,,,,
2025-05-01,ofi_5s,5s,3,-1.00079959019e-05,-0.100022482866,0,86385,daily_bucket,,,,,,,,
2025-05-01,ofi_5s,5s,4,-4.77403492973e-06,-0.0476946219671,0,86386,daily_bucket,,,,,,,,
2025-05-01,ofi_5s,5s,5,-1.48609535836e-06,-0.0148262102486,0,86399,daily_bucket,,,,,,,,
2025-05-01,ofi_5s,5s,6,3.65799344513e-06,0.0366122014905,0,86399,daily_bucket,,,,,,,,
2025-05-01,ofi_5s,5s,7,7.57811744708e-06,0.0758225962248,0,86399,daily_bucket,,,,,,,,
2025-05-01,ofi_5s,5s,8,1.51552478972e-05,0.151617845245,0,86399,daily_bucket,,,,,,,,
2025-05-01,ofi_5s,5s,9,2.77392126606e-05,0.277480245538,0,86399,daily_bucket,,,,,,,,
2025-05-01,ofi_5s,5s,10,3.19817670509e-05,0.319945656985,0,86399,daily_bucket,,,,,,,,
2025-05-01,ofi_5s,5s,,,,,863941,daily_monotonicity,,1,,,,,,
2025-05-01,ofi_5s,5s,,,,,863941,daily_top_bottom,0.638346876211,,,,,,,
2025-05-01,qi_1,5s,1,-6.1643335943e-05,-0.616332846039,-0.210115099256,86389,daily_bucket,,,,,,,,
2025-05-01,qi_1,5s,2,-3.10073523134e-05,-0.310000250743,0,86382,daily_bucket,,,,,,,,
2025-05-01,qi_1,5s,3,-1.78703272749e-05,-0.178639798127,0,86399,daily_bucket,,,,,,,,
2025-05-01,qi_1,5s,4,-1.21624275216e-05,-0.121562527163,0,86399,daily_bucket,,,,,,,,
2025-05-01,qi_1,5s,5,-1.52379780601e-07,-0.00146418322785,0,86384,daily_bucket,,,,,,,,
2025-05-01,qi_1,5s,6,8.94308373186e-06,0.0894925737385,0,86392,daily_bucket,,,,,,,,
2025-05-01,qi_1,5s,7,1.50670056764e-05,0.150734441787,0,86399,daily_bucket,,,,,,,,
2025-05-01,qi_1,5s,8,2.43676286489e-05,0.243740519273,0,86399,daily_bucket,,,,,,,,
2025-05-01,qi_1,5s,9,3.28323043492e-05,0.328391984972,0,86399,daily_bucket,,,,,,,,
2025-05-01,qi_1,5s,10,5.56946493204e-05,0.557037276796,0.00103221102233,86399,daily_bucket,,,,,,,,
2025-05-01,qi_1,5s,,,,,863941,daily_monotonicity,,1,,,,,,
2025-05-01,qi_1,5s,,,,,863941,daily_top_bottom,1.17337012284,,,,,,,
2025-05-01,trade_imbalance_5s,5s,1,-1.82918652848e-05,-0.182863674774,0,86391,daily_bucket,,,,,,,,
2025-05-01,trade_imbalance_5s,5s,2,-1.39308904128e-05,-0.139243134837,0,86386,daily_bucket,,,,,,,,
2025-05-01,trade_imbalance_5s,5s,3,-9.64821980295e-06,-0.0964181325189,0,86398,daily_bucket,,,,,,,,
2025-05-01,trade_imbalance_5s,5s,4,-3.30717649204e-06,-0.0330070274241,0,86395,daily_bucket,,,,,,,,
2025-05-01,trade_imbalance_5s,5s,5,-1.05583531752e-06,-0.0104842609622,0,86371,daily_bucket,,,,,,,,
2025-05-01,trade_imbalance_5s,5s,6,2.30235407288e-06,0.0231061726117,0,86398,daily_bucket,,,,,,,,
2025-05-01,trade_imbalance_5s,5s,7,8.18491240028e-06,0.0819372053252,0,86398,daily_bucket,,,,,,,,
2025-05-01,trade_imbalance_5s,5s,8,1.14550980856e-05,0.11463161171,0,86398,daily_bucket,,,,,,,,
2025-05-01,trade_imbalance_5s,5s,9,1.70320157926e-05,0.170395389188,0,86397,daily_bucket,,,,,,,,
2025-05-01,trade_imbalance_5s,5s,10,2.13374919466e-05,0.213433410554,0,86398,daily_bucket,,,,,,,,
2025-05-01,trade_imbalance_5s,5s,,,,,863930,daily_monotonicity,,1,,,,,,
2025-05-01,trade_imbalance_5s,5s,,,,,863930,daily_top_bottom,0.396297085328,,,,,,,
2025-06-01,di_10,100ms,1,-2.68134252053e-06,-0.0268123000459,0,86400,daily_bucket,,,,,,,,
2025-06-01,di_10,100ms,2,-4.33582359164e-07,-0.00433557996344,0,86399,daily_bucket,,,,,,,,
2025-06-01,di_10,100ms,3,-1.26507327579e-07,-0.0012649149243,0,86399,daily_bucket,,,,,,,,
2025-06-01,di_10,100ms,4,-1.14148086698e-07,-0.00114136791177,0,86398,daily_bucket,,,,,,,,
2025-06-01,di_10,100ms,5,-2.42422687015e-08,-0.000242360853714,0,86399,daily_bucket,,,,,,,,
2025-06-01,di_10,100ms,6,8.80636932307e-09,8.81415762299e-05,0,86400,daily_bucket,,,,,,,,
2025-06-01,di_10,100ms,7,7.79983524265e-08,0.000780128310367,0,86399,daily_bucket,,,,,,,,
2025-06-01,di_10,100ms,8,1.57007255592e-07,0.00157019424346,0,86399,daily_bucket,,,,,,,,
2025-06-01,di_10,100ms,9,3.97284967597e-07,0.00397309871819,0,86399,daily_bucket,,,,,,,,
2025-06-01,di_10,100ms,10,2.85448351366e-06,0.0285460178459,0,86399,daily_bucket,,,,,,,,
2025-06-01,di_10,100ms,,,,,863991,daily_monotonicity,,1,,,,,,
2025-06-01,di_10,100ms,,,,,863991,daily_top_bottom,0.0553583178918,,,,,,,
2025-06-01,di_5,100ms,1,-2.68317819839e-06,-0.0268306568833,0,86400,daily_bucket,,,,,,,,
2025-06-01,di_5,100ms,2,-4.23606068967e-07,-0.00423581273798,0,86399,daily_bucket,,,,,,,,
2025-06-01,di_5,100ms,3,-1.37521876699e-07,-0.0013750677404,0,86399,daily_bucket,,,,,,,,
2025-06-01,di_5,100ms,4,-1.09882006315e-07,-0.00109870445439,0,86398,daily_bucket,,,,,,,,
2025-06-01,di_5,100ms,5,-1.41829284898e-08,-0.000141752821425,0,86399,daily_bucket,,,,,,,,
2025-06-01,di_5,100ms,6,1.10669909151e-08,0.000110760537985,0,86400,daily_bucket,,,,,,,,
2025-06-01,di_5,100ms,7,8.17305589655e-08,0.000817446728484,0,86399,daily_bucket,,,,,,,,
2025-06-01,di_5,100ms,8,1.51267673205e-07,0.00151279791243,0,86399,daily_bucket,,,,,,,,
2025-06-01,di_5,100ms,9,3.87993425941e-07,0.00388016774833,0,86399,daily_bucket,,,,,,,,
2025-06-01,di_5,100ms,10,2.85207037022e-06,0.0285218791497,0,86399,daily_bucket,,,,,,,,
2025-06-01,di_5,100ms,,,,,863991,daily_monotonicity,,1,,,,,,
2025-06-01,di_5,100ms,,,,,863991,daily_top_bottom,0.055352536033,,,,,,,
2025-06-01,microprice_deviation_bps,100ms,1,-2.64091138897e-06,-0.0264079783004,0,86400,daily_bucket,,,,,,,,
2025-06-01,microprice_deviation_bps,100ms,2,-4.36965585707e-07,-0.00436940728742,0,86399,daily_bucket,,,,,,,,
2025-06-01,microprice_deviation_bps,100ms,3,-1.35928384528e-07,-0.00135914114676,0,86399,daily_bucket,,,,,,,,
2025-06-01,microprice_deviation_bps,100ms,4,-1.11717219193e-07,-0.00111704682669,0,86398,daily_bucket,,,,,,,,
2025-06-01,microprice_deviation_bps,100ms,5,-2.3857302827e-08,-0.000238510058189,0,86399,daily_bucket,,,,,,,,
2025-06-01,microprice_deviation_bps,100ms,6,1.54942614611e-08,0.000155016164875,0,86400,daily_bucket,,,,,,,,
2025-06-01,microprice_deviation_bps,100ms,7,8.50245220547e-08,0.000850379336214,0,86399,daily_bucket,,,,,,,,
2025-06-01,microprice_deviation_bps,100ms,8,1.37932912388e-07,0.00137945117791,0,86399,daily_bucket,,,,,,,,
2025-06-01,microprice_deviation_bps,100ms,9,3.73144538329e-07,0.0037316620431,0,86399,daily_bucket,,,,,,,,
2025-06-01,microprice_deviation_bps,100ms,10,2.85354102569e-06,0.0285366267202,0,86399,daily_bucket,,,,,,,,
2025-06-01,microprice_deviation_bps,100ms,,,,,863991,daily_monotonicity,,1,,,,,,
2025-06-01,microprice_deviation_bps,100ms,,,,,863991,daily_top_bottom,0.0549446050206,,,,,,,
2025-06-01,ofi_100ms,100ms,1,-1.82004965356e-06,-0.0181996805523,0,86400,daily_bucket,,,,,,,,
2025-06-01,ofi_100ms,100ms,2,-2.17387092488e-07,-0.0021736602928,0,86399,daily_bucket,,,,,,,,
2025-06-01,ofi_100ms,100ms,3,-2.16431662263e-08,-0.000216271653463,0,86399,daily_bucket,,,,,,,,
2025-06-01,ofi_100ms,100ms,4,1.33163738029e-08,0.000133352550169,0,86399,daily_bucket,,,,,,,,
2025-06-01,ofi_100ms,100ms,5,-3.32067698466e-08,-0.000331869072017,0,86399,daily_bucket,,,,,,,,
2025-06-01,ofi_100ms,100ms,6,-2.21159781718e-08,-0.000220640798025,0,86400,daily_bucket,,,,,,,,
2025-06-01,ofi_100ms,100ms,7,-6.01549492625e-09,-5.99638181893e-05,0,86399,daily_bucket,,,,,,,,
2025-06-01,ofi_100ms,100ms,8,5.05236480791e-08,0.000505372961194,0,86398,daily_bucket,,,,,,,,
2025-06-01,ofi_100ms,100ms,9,1.66617061745e-07,0.00166635364393,0,86399,daily_bucket,,,,,,,,
2025-06-01,ofi_100ms,100ms,10,2.00571126259e-06,0.020057986976,0,86399,daily_bucket,,,,,,,,
2025-06-01,ofi_100ms,100ms,,,,,863991,daily_monotonicity,,0.866666666667,,,,,,
2025-06-01,ofi_100ms,100ms,,,,,863991,daily_top_bottom,0.0382576675283,,,,,,,
2025-06-01,qi_1,100ms,1,-2.63787620738e-06,-0.0263776487772,0,86400,daily_bucket,,,,,,,,
2025-06-01,qi_1,100ms,2,-4.34927890263e-07,-0.00434902289982,0,86399,daily_bucket,,,,,,,,
2025-06-01,qi_1,100ms,3,-1.34351555297e-07,-0.00134336461049,0,86399,daily_bucket,,,,,,,,
2025-06-01,qi_1,100ms,4,-1.154052699e-07,-0.00115392381366,0,86398,daily_bucket,,,,,,,,
2025-06-01,qi_1,100ms,5,-2.87498406894e-08,-0.000287430730613,0,86399,daily_bucket,,,,,,,,
2025-06-01,qi_1,100ms,6,1.33718097427e-08,0.000133794074218,0,86400,daily_bucket,,,,,,,,
2025-06-01,qi_1,100ms,7,8.65124373844e-08,0.000865261942171,0,86399,daily_bucket,,,,,,,,
2025-06-01,qi_1,100ms,8,1.36798719712e-07,0.00136812350361,0,86399,daily_bucket,,,,,,,,
2025-06-01,qi_1,100ms,9,3.71359915363e-07,0.00371381775443,0,86399,daily_bucket,,,,,,,,
2025-06-01,qi_1,100ms,10,2.85902520677e-06,0.028591444848,0,86399,daily_bucket,,,,,,,,
2025-06-01,qi_1,100ms,,,,,863991,daily_monotonicity,,1,,,,,,
2025-06-01,qi_1,100ms,,,,,863991,daily_top_bottom,0.0549690936252,,,,,,,
2025-06-01,trade_imbalance_100ms,100ms,1,-1.67105254035e-06,-0.0167097495569,0,21503,daily_bucket,,,,,,,,
2025-06-01,trade_imbalance_100ms,100ms,2,-1.7406999449e-06,-0.0174061767715,0,21503,daily_bucket,,,,,,,,
2025-06-01,trade_imbalance_100ms,100ms,3,-1.74876709561e-06,-0.0174865934048,0,21502,daily_bucket,,,,,,,,
2025-06-01,trade_imbalance_100ms,100ms,4,-2.08598390308e-06,-0.0208586211228,0,21503,daily_bucket,,,,,,,,
2025-06-01,trade_imbalance_100ms,100ms,5,-1.881115322e-06,-0.0188093645086,0,21502,daily_bucket,,,,,,,,
2025-06-01,trade_imbalance_100ms,100ms,6,2.61199439529e-06,0.0261216490052,0,21503,daily_bucket,,,,,,,,
2025-06-01,trade_imbalance_100ms,100ms,7,9.81265417362e-07,0.00981305405949,0,21503,daily_bucket,,,,,,,,
2025-06-01,trade_imbalance_100ms,100ms,8,1.29514351184e-06,0.0129520914353,0,21502,daily_bucket,,,,,,,,
2025-06-01,trade_imbalance_100ms,100ms,9,2.0803669064e-06,0.0208049408277,0,21503,daily_bucket,,,,,,,,
2025-06-01,trade_imbalance_100ms,100ms,10,2.33563300692e-06,0.023357577575,0,21501,daily_bucket,,,,,,,,
2025-06-01,trade_imbalance_100ms,100ms,,,,,215025,daily_monotonicity,,0.648484848485,,,,,,
2025-06-01,trade_imbalance_100ms,100ms,,,,,215025,daily_top_bottom,0.0400673271319,,,,,,,
2025-06-01,di_10,1s,1,-1.64283172505e-05,-0.164271388319,0,86400,daily_bucket,,,,,,,,
2025-06-01,di_10,1s,2,-5.78402425744e-06,-0.0578349025713,0,86399,daily_bucket,,,,,,,,
2025-06-01,di_10,1s,3,-2.76819160213e-06,-0.0276782591607,0,86399,daily_bucket,,,,,,,,
2025-06-01,di_10,1s,4,-1.88601887431e-06,-0.0188569336412,0,86389,daily_bucket,,,,,,,,
2025-06-01,di_10,1s,5,-4.05882813656e-07,-0.00405646533091,0,86399,daily_bucket,,,,,,,,
2025-06-01,di_10,1s,6,5.77006979318e-07,0.00577280879943,0,86400,daily_bucket,,,,,,,,
2025-06-01,di_10,1s,7,1.47076850671e-06,0.0147113268849,0,86399,daily_bucket,,,,,,,,
2025-06-01,di_10,1s,8,2.79693814481e-06,0.0279727409197,0,86399,daily_bucket,,,,,,,,
2025-06-01,di_10,1s,9,5.82723058358e-06,0.0582784081678,0,86399,daily_bucket,,,,,,,,
2025-06-01,di_10,1s,10,1.77577386043e-05,0.177589734003,0,86399,daily_bucket,,,,,,,,
2025-06-01,di_10,1s,,,,,863982,daily_monotonicity,,1,,,,,,
2025-06-01,di_10,1s,,,,,863982,daily_top_bottom,0.341861122323,,,,,,,
2025-06-01,di_5,1s,1,-1.64683654722e-05,-0.164671860923,0,86400,daily_bucket,,,,,,,,
2025-06-01,di_5,1s,2,-5.72018182741e-06,-0.0571964551034,0,86399,daily_bucket,,,,,,,,
2025-06-01,di_5,1s,3,-2.81731318672e-06,-0.0281693920335,0,86399,daily_bucket,,,,,,,,
2025-06-01,di_5,1s,4,-1.92672714165e-06,-0.0192640581038,0,86389,daily_bucket,,,,,,,,
2025-06-01,di_5,1s,5,-3.3043126844e-07,-0.0033018535195,0,86399,daily_bucket,,,,,,,,
2025-06-01,di_5,1s,6,6.59779121799e-07,0.00660062665277,0,86400,daily_bucket,,,,,,,,
2025-06-01,di_5,1s,7,1.47873968488e-06,0.0147910763816,0,86399,daily_bucket,,,,,,,,
2025-06-01,di_5,1s,8,2.85652953517e-06,0.0285687276522,0,86399,daily_bucket,,,,,,,,
2025-06-01,di_5,1s,9,5.67974934031e-06,0.0568032408987,0,86399,daily_bucket,,,,,,,,
2025-06-01,di_5,1s,10,1.77454640288e-05,0.177466965781,0,86399,daily_bucket,,,,,,,,
2025-06-01,di_5,1s,,,,,863982,daily_monotonicity,,1,,,,,,
2025-06-01,di_5,1s,,,,,863982,daily_top_bottom,0.342138826704,,,,,,,
2025-06-01,microprice_deviation_bps,1s,1,-1.62079847294e-05,-0.162067818899,0,86400,daily_bucket,,,,,,,,
2025-06-01,microprice_deviation_bps,1s,2,-5.81016669038e-06,-0.0580962702585,0,86399,daily_bucket,,,,,,,,
2025-06-01,microprice_deviation_bps,1s,3,-2.9153580654e-06,-0.029149925207,0,86399,daily_bucket,,,,,,,,
2025-06-01,microprice_deviation_bps,1s,4,-1.92004798503e-06,-0.0191971262966,0,86389,daily_bucket,,,,,,,,
2025-06-01,microprice_deviation_bps,1s,5,-4.35462247177e-07,-0.00435230524016,0,86399,daily_bucket,,,,,,,,
2025-06-01,microprice_deviation_bps,1s,6,7.46153717665e-07,0.00746413484979,0,86400,daily_bucket,,,,,,,,
2025-06-01,microprice_deviation_bps,1s,7,1.48836651462e-06,0.0148872204602,0,86399,daily_bucket,,,,,,,,
2025-06-01,microprice_deviation_bps,1s,8,2.6610271606e-06,0.0266136642687,0,86399,daily_bucket,,,,,,,,
2025-06-01,microprice_deviation_bps,1s,9,5.64871511482e-06,0.0564917959688,0,86399,daily_bucket,,,,,,,,
2025-06-01,microprice_deviation_bps,1s,10,1.79019967838e-05,0.17903361565,0,86399,daily_bucket,,,,,,,,
2025-06-01,microprice_deviation_bps,1s,,,,,863982,daily_monotonicity,,1,,,,,,
2025-06-01,microprice_deviation_bps,1s,,,,,863982,daily_top_bottom,0.341101434549,,,,,,,
2025-06-01,ofi_1s,1s,1,-1.2641418954e-05,-0.126402895178,0,86400,daily_bucket,,,,,,,,
2025-06-01,ofi_1s,1s,2,-2.70519798574e-06,-0.0270476517476,0,86399,daily_bucket,,,,,,,,
2025-06-01,ofi_1s,1s,3,-1.21675012537e-06,-0.0121635322877,0,86398,daily_bucket,,,,,,,,
2025-06-01,ofi_1s,1s,4,-1.21191209063e-06,-0.0121149588723,0,86397,daily_bucket,,,,,,,,
2025-06-01,ofi_1s,1s,5,9.80383070759e-08,0.000983858523646,0,86399,daily_bucket,,,,,,,,
2025-06-01,ofi_1s,1s,6,4.86796270694e-07,0.00487055701464,0,86396,daily_bucket,,,,,,,,
2025-06-01,ofi_1s,1s,7,1.0334665641e-06,0.0103379512118,0,86396,daily_bucket,,,,,,,,
2025-06-01,ofi_1s,1s,8,1.41945708412e-06,0.0141985146937,0,86399,daily_bucket,,,,,,,,
2025-06-01,ofi_1s,1s,9,2.74565641463e-06,0.0274617282964,0,86399,daily_bucket,,,,,,,,
2025-06-01,ofi_1s,1s,10,1.31493043264e-05,0.13150541601,0,86399,daily_bucket,,,,,,,,
2025-06-01,ofi_1s,1s,,,,,863982,daily_monotonicity,,1,,,,,,
2025-06-01,ofi_1s,1s,,,,,863982,daily_top_bottom,0.257908311188,,,,,,,
2025-06-01,qi_1,1s,1,-1.62662525785e-05,-0.162650550519,0,86400,daily_bucket,,,,,,,,
2025-06-01,qi_1,1s,2,-5.77764340971e-06,-0.057770994156,0,86399,daily_bucket,,,,,,,,
2025-06-01,qi_1,1s,3,-2.87854768007e-06,-0.0287818279891,0,86399,daily_bucket,,,,,,,,
2025-06-01,qi_1,1s,4,-1.93193312206e-06,-0.0193159619348,0,86389,daily_bucket,,,,,,,,
2025-06-01,qi_1,1s,5,-4.38505237153e-07,-0.00438273118117,0,86399,daily_bucket,,,,,,,,
2025-06-01,qi_1,1s,6,7.42056849806e-07,0.00742320429496,0,86400,daily_bucket,,,,,,,,
2025-06-01,qi_1,1s,7,1.49195723322e-06,0.0149231441278,0,86399,daily_bucket,,,,,,,,
2025-06-01,qi_1,1s,8,2.65118793283e-06,0.0265153054102,0,86399,daily_bucket,,,,,,,,
2025-06-01,qi_1,1s,9,5.64509948676e-06,0.0564556781649,0,86399,daily_bucket,,,,,,,,
2025-06-01,qi_1,1s,10,1.79198194453e-05,0.179211712543,0,86399,daily_bucket,,,,,,,,
2025-06-01,qi_1,1s,,,,,863982,daily_monotonicity,,1,,,,,,
2025-06-01,qi_1,1s,,,,,863982,daily_top_bottom,0.341862263061,,,,,,,
2025-06-01,trade_imbalance_1s,1s,1,-1.96365794762e-06,-0.0196331306275,0,78460,daily_bucket,,,,,,,,
2025-06-01,trade_imbalance_1s,1s,2,-3.21777316909e-06,-0.0321706320651,0,78460,daily_bucket,,,,,,,,
2025-06-01,trade_imbalance_1s,1s,3,-7.21732032599e-06,-0.0721647594245,0,78459,daily_bucket,,,,,,,,
2025-06-01,trade_imbalance_1s,1s,4,-2.01206501297e-06,-0.0201146174511,0,78460,daily_bucket,,,,,,,,
2025-06-01,trade_imbalance_1s,1s,5,-3.0794295867e-07,-0.00307463036259,0,78459,daily_bucket,,,,,,,,
2025-06-01,trade_imbalance_1s,1s,6,1.02750978804e-06,0.0102799699712,0,78460,daily_bucket,,,,,,,,
2025-06-01,trade_imbalance_1s,1s,7,4.20315017644e-06,0.0420379754521,0,78460,daily_bucket,,,,,,,,
2025-06-01,trade_imbalance_1s,1s,8,5.91693862797e-06,0.0591767654916,0,78459,daily_bucket,,,,,,,,
2025-06-01,trade_imbalance_1s,1s,9,1.51471882698e-06,0.0151501538582,0,78460,daily_bucket,,,,,,,,
2025-06-01,trade_imbalance_1s,1s,10,3.0232548017e-06,0.030238038828,0,78450,daily_bucket,,,,,,,,
2025-06-01,trade_imbalance_1s,1s,,,,,784587,daily_monotonicity,,0.818181818182,,,,,,
2025-06-01,trade_imbalance_1s,1s,,,,,784587,daily_top_bottom,0.0498711694555,,,,,,,
2025-06-01,di_10,30s,1,-9.10262723557e-05,-0.909937879978,-0.729617549015,86400,daily_bucket,,,,,,,,
2025-06-01,di_10,30s,2,-5.5248989115e-05,-0.552196443372,-0.110371069916,86392,daily_bucket,,,,,,,,
2025-06-01,di_10,30s,3,-3.90238359373e-05,-0.390002622159,0,86336,daily_bucket,,,,,,,,
2025-06-01,di_10,30s,4,-2.65358321304e-05,-0.265121313476,0,86302,daily_bucket,,,,,,,,
2025-06-01,di_10,30s,5,-9.77157171187e-06,-0.0974608576364,0,86331,daily_bucket,,,,,,,,
2025-06-01,di_10,30s,6,1.31994030563e-05,0.132259511761,0,86393,daily_bucket,,,,,,,,
2025-06-01,di_10,30s,7,3.19816378403e-05,0.320076323723,0,86386,daily_bucket,,,,,,,,
2025-06-01,di_10,30s,8,4.87587171176e-05,0.487842620458,0,86360,daily_bucket,,,,,,,,
2025-06-01,di_10,30s,9,6.04694509076e-05,0.604972358577,0.263687957999,86398,daily_bucket,,,,,,,,
2025-06-01,di_10,30s,10,0.000100313704071,1.00357510825,0.771382031379,86394,daily_bucket,,,,,,,,
2025-06-01,di_10,30s,,,,,863692,daily_monotonicity,,1,,,,,,
2025-06-01,di_10,30s,,,,,863692,daily_top_bottom,1.91351298823,,,,,,,
2025-06-01,di_5,30s,1,-9.14281591405e-05,-0.913954121149,-0.732892317377,86400,daily_bucket,,,,,,,,
2025-06-01,di_5,30s,2,-5.62609549217e-05,-0.562315328124,-0.10321044203,86364,daily_bucket,,,,,,,,
2025-06-01,di_5,30s,3,-3.82978157667e-05,-0.382745664426,0,86356,daily_bucket,,,,,,,,
2025-06-01,di_5,30s,4,-2.67126397911e-05,-0.266889947684,0,86310,daily_bucket,,,,,,,,
2025-06-01,di_5,30s,5,-8.73957375027e-06,-0.087143135738,0,86329,daily_bucket,,,,,,,,
2025-06-01,di_5,30s,6,1.479374603e-05,0.148204947172,0,86394,daily_bucket,,,,,,,,
2025-06-01,di_5,30s,7,3.18364393882e-05,0.318630553206,0,86387,daily_bucket,,,,,,,,
2025-06-01,di_5,30s,8,4.88870029435e-05,0.489122771042,0,86360,daily_bucket,,,,,,,,
2025-06-01,di_5,30s,9,5.94827014633e-05,0.595103717681,0.238992115974,86398,daily_bucket,,,,,,,,
2025-06-01,di_5,30s,10,9.95491860068e-05,0.995928235665,0.771382031379,86394,daily_bucket,,,,,,,,
2025-06-01,di_5,30s,,,,,863692,daily_monotonicity,,1,,,,,,
2025-06-01,di_5,30s,,,,,863692,daily_top_bottom,1.90988235681,,,,,,,
2025-06-01,microprice_deviation_bps,30s,1,-8.99542943298e-05,-0.899217484769,-0.707510981639,86400,daily_bucket,,,,,,,,
2025-06-01,microprice_deviation_bps,30s,2,-5.79525281541e-05,-0.579229290942,-0.131040920177,86365,daily_bucket,,,,,,,,
2025-06-01,microprice_deviation_bps,30s,3,-3.72766358373e-05,-0.372533335055,0,86356,daily_bucket,,,,,,,,
2025-06-01,microprice_deviation_bps,30s,4,-2.80814594302e-05,-0.280575941405,0,86277,daily_bucket,,,,,,,,
2025-06-01,microprice_deviation_bps,30s,5,-7.63896828833e-06,-0.0761390246643,0,86361,daily_bucket,,,,,,,,
2025-06-01,microprice_deviation_bps,30s,6,1.58896187081e-05,0.159174595155,0,86393,daily_bucket,,,,,,,,
2025-06-01,microprice_deviation_bps,30s,7,2.96230890285e-05,0.296487395634,0,86380,daily_bucket,,,,,,,,
2025-06-01,microprice_deviation_bps,30s,8,4.85525710631e-05,0.485777616544,0,86368,daily_bucket,,,,,,,,
2025-06-01,microprice_deviation_bps,30s,9,6.02377479807e-05,0.602643439434,0.225540244144,86398,daily_bucket,,,,,,,,
2025-06-01,microprice_deviation_bps,30s,10,9.97005645136e-05,0.997451782263,0.767743019837,86394,daily_bucket,,,,,,,,
2025-06-01,microprice_deviation_bps,30s,,,,,863692,daily_monotonicity,,1,,,,,,
2025-06-01,microprice_deviation_bps,30s,,,,,863692,daily_top_bottom,1.89666926703,,,,,,,
2025-06-01,ofi_30s,30s,1,-2.17556520377e-05,-0.217185229716,-0.000961359177296,86400,daily_bucket,,,,,,,,
2025-06-01,ofi_30s,30s,2,-3.48211697333e-05,-0.347942038598,0,86399,daily_bucket,,,,,,,,
2025-06-01,ofi_30s,30s,3,-2.77863879367e-05,-0.277554342639,0,86399,daily_bucket,,,,,,,,
2025-06-01,ofi_30s,30s,4,-1.31796677838e-05,-0.131559968537,0,86398,daily_bucket,,,,,,,,
2025-06-01,ofi_30s,30s,5,1.36644589263e-05,0.136850614396,0,86370,daily_bucket,,,,,,,,
2025-06-01,ofi_30s,30s,6,2.335346837e-05,0.233731423501,0,86374,daily_bucket,,,,,,,,
2025-06-01,ofi_30s,30s,7,1.91580228355e-05,0.191822334095,0,86385,daily_bucket,,,,,,,,
2025-06-01,ofi_30s,30s,8,2.42269875953e-05,0.24253085055,0,86172,daily_bucket,,,,,,,,
2025-06-01,ofi_30s,30s,9,2.66662769665e-05,0.266949745708,0,86396,daily_bucket,,,,,,,,
2025-06-01,ofi_30s,30s,10,2.37043176986e-05,0.237505848345,0.000951904139065,86399,daily_bucket,,,,,,,,
2025-06-01,ofi_30s,30s,,,,,863692,daily_monotonicity,,0.915151515152,,,,,,
2025-06-01,ofi_30s,30s,,,,,863692,daily_top_bottom,0.454691078061,,,,,,,
2025-06-01,qi_1,30s,1,-8.99129805699e-05,-0.898804075436,-0.707510981639,86400,daily_bucket,,,,,,,,
2025-06-01,qi_1,30s,2,-5.83147655977e-05,-0.582851554531,-0.136929892038,86332,daily_bucket,,,,,,,,
2025-06-01,qi_1,30s,3,-3.66046951085e-05,-0.36581296468,0,86388,daily_bucket,,,,,,,,
2025-06-01,qi_1,30s,4,-2.84112250883e-05,-0.283874763081,0,86278,daily_bucket,,,,,,,,
2025-06-01,qi_1,30s,5,-7.7246541893e-06,-0.076996041943,0,86361,daily_bucket,,,,,,,,
2025-06-01,qi_1,30s,6,1.59546813823e-05,0.159825008472,0,86393,daily_bucket,,,,,,,,
2025-06-01,qi_1,30s,7,2.965001898e-05,0.296756382308,0,86380,daily_bucket,,,,,,,,
2025-06-01,qi_1,30s,8,4.80316208083e-05,0.480567240934,0,86368,daily_bucket,,,,,,,,
2025-06-01,qi_1,30s,9,6.04197237855e-05,0.604463790358,0.248076935004,86398,daily_bucket,,,,,,,,
2025-06-01,qi_1,30s,10,0.00010000312508,1.00047819422,0.768282078907,86394,daily_bucket,,,,,,,,
2025-06-01,qi_1,30s,,,,,863692,daily_monotonicity,,1,,,,,,
2025-06-01,qi_1,30s,,,,,863692,daily_top_bottom,1.89928226966,,,,,,,
2025-06-01,trade_imbalance_30s,30s,1,-2.40744753377e-05,-0.240426042798,0,86400,daily_bucket,,,,,,,,
2025-06-01,trade_imbalance_30s,30s,2,-1.23315871219e-05,-0.123061000673,0,86399,daily_bucket,,,,,,,,
2025-06-01,trade_imbalance_30s,30s,3,-1.12148569737e-05,-0.111879694818,0,86399,daily_bucket,,,,,,,,
2025-06-01,trade_imbalance_30s,30s,4,-5.01505002498e-06,-0.0498623410975,0,86399,daily_bucket,,,,,,,,
2025-06-01,trade_imbalance_30s,30s,5,2.82050534006e-06,0.028517263821,0,86399,daily_bucket,,,,,,,,
2025-06-01,trade_imbalance_30s,30s,6,2.97917532034e-06,0.0300920959188,0,86400,daily_bucket,,,,,,,,
2025-06-01,trade_imbalance_30s,30s,7,1.59216249277e-05,0.159547347001,0,86399,daily_bucket,,,,,,,,
2025-06-01,trade_imbalance_30s,30s,8,1.56177474445e-05,0.156445585073,0,86389,daily_bucket,,,,,,,,
2025-06-01,trade_imbalance_30s,30s,9,2.20282541508e-05,0.220530540028,0,86319,daily_bucket,,,,,,,,
2025-06-01,trade_imbalance_30s,30s,10,2.65070672409e-05,0.265322992697,0,86189,daily_bucket,,,,,,,,
2025-06-01,trade_imbalance_30s,30s,,,,,863692,daily_monotonicity,,0.987878787879,,,,,,
2025-06-01,trade_imbalance_30s,30s,,,,,863692,daily_top_bottom,0.505749035494,,,,,,,
2025-06-01,di_10,500ms,1,-9.88373852691e-06,-0.0988315189883,0,86400,daily_bucket,,,,,,,,
2025-06-01,di_10,500ms,2,-2.89794169448e-06,-0.0289772798443,0,86399,daily_bucket,,,,,,,,
2025-06-01,di_10,500ms,3,-1.25986211197e-06,-0.0125971599418,0,86399,daily_bucket,,,,,,,,
2025-06-01,di_10,500ms,4,-9.25866583176e-07,-0.00925746367294,0,86394,daily_bucket,,,,,,,,
2025-06-01,di_10,500ms,5,-1.78977922245e-07,-0.00178896704571,0,86399,daily_bucket,,,,,,,,
2025-06-01,di_10,500ms,6,2.17949189101e-07,0.00218045364943,0,86400,daily_bucket,,,,,,,,
2025-06-01,di_10,500ms,7,7.0608170819e-07,0.00706216659498,0,86399,daily_bucket,,,,,,,,
2025-06-01,di_10,500ms,8,1.38129039114e-06,0.0138142313397,0,86399,daily_bucket,,,,,,,,
2025-06-01,di_10,500ms,9,2.85716644262e-06,0.0285741091497,0,86399,daily_bucket,,,,,,,,
2025-06-01,di_10,500ms,10,1.05625988238e-05,0.105632188774,0,86399,daily_bucket,,,,,,,,
2025-06-01,di_10,500ms,,,,,863987,daily_monotonicity,,1,,,,,,
2025-06-01,di_10,500ms,,,,,863987,daily_top_bottom,0.204463707763,,,,,,,
2025-06-01,di_5,500ms,1,-9.91819287073e-06,-0.0991760253557,0,86400,daily_bucket,,,,,,,,
2025-06-01,di_5,500ms,2,-2.8402849109e-06,-0.0284007261261,0,86399,daily_bucket,,,,,,,,
2025-06-01,di_5,500ms,3,-1.29690845511e-06,-0.0129676305196,0,86399,daily_bucket,,,,,,,,
2025-06-01,di_5,500ms,4,-9.23041726101e-07,-0.00922922024078,0,86394,daily_bucket,,,,,,,,
2025-06-01,di_5,500ms,5,-1.45939630784e-07,-0.00145852562712,0,86399,daily_bucket,,,,,,,,
2025-06-01,di_5,500ms,6,2.54113353666e-07,0.00254217660693,0,86400,daily_bucket,,,,,,,,
2025-06-01,di_5,500ms,7,6.90228456714e-07,0.00690364467048,0,86399,daily_bucket,,,,,,,,
2025-06-01,di_5,500ms,8,1.41268346721e-06,0.0141281748646,0,86399,daily_bucket,,,,,,,,
2025-06-01,di_5,500ms,9,2.8052338891e-06,0.0280546413703,0,86399,daily_bucket,,,,,,,,
2025-06-01,di_5,500ms,10,1.05408082867e-05,0.105414251807,0,86399,daily_bucket,,,,,,,,
2025-06-01,di_5,500ms,,,,,863987,daily_monotonicity,,1,,,,,,
2025-06-01,di_5,500ms,,,,,863987,daily_top_bottom,0.204590277163,,,,,,,
2025-06-01,microprice_deviation_bps,500ms,1,-9.73955760728e-06,-0.0973895650627,0,86400,daily_bucket,,,,,,,,
2025-06-01,microprice_deviation_bps,500ms,2,-2.90800179549e-06,-0.0290778812764,0,86399,daily_bucket,,,,,,,,
2025-06-01,microprice_deviation_bps,500ms,3,-1.34045878924e-06,-0.0134031610045,0,86399,daily_bucket,,,,,,,,
2025-06-01,microprice_deviation_bps,500ms,4,-9.39991238621e-07,-0.00939864441845,0,86394,daily_bucket,,,,,,,,
2025-06-01,microprice_deviation_bps,500ms,5,-1.81479931147e-07,-0.00181400471106,0,86399,daily_bucket,,,,,,,,
2025-06-01,microprice_deviation_bps,500ms,6,2.70816002542e-07,0.0027090811493,0,86400,daily_bucket,,,,,,,,
2025-06-01,microprice_deviation_bps,500ms,7,7.31964270855e-07,0.00732095217937,0,86399,daily_bucket,,,,,,,,
2025-06-01,microprice_deviation_bps,500ms,8,1.3098222871e-06,0.0130995488068,0,86399,daily_bucket,,,,,,,,
2025-06-01,microprice_deviation_bps,500ms,9,2.76847056458e-06,0.0276867126671,0,86399,daily_bucket,,,,,,,,
2025-06-01,microprice_deviation_bps,500ms,10,1.06071128547e-05,0.106077690708,0,86399,daily_bucket,,,,,,,,
2025-06-01,microprice_deviation_bps,500ms,,,,,863987,daily_monotonicity,,1,,,,,,
2025-06-01,microprice_deviation_bps,500ms,,,,,863987,daily_top_bottom,0.20346725577,,,,,,,
2025-06-01,ofi_500ms,500ms,1,-6.95409254391e-06,-0.0695355841602,0,86400,daily_bucket,,,,,,,,
2025-06-01,ofi_500ms,500ms,2,-1.17715249155e-06,-0.0117696020276,0,86399,daily_bucket,,,,,,,,
2025-06-01,ofi_500ms,500ms,3,-9.60859754673e-07,-0.00960677185712,0,86398,daily_bucket,,,,,,,,
2025-06-01,ofi_500ms,500ms,4,-3.40238716572e-07,-0.0034007009385,0,86399,daily_bucket,,,,,,,,
2025-06-01,ofi_500ms,500ms,5,-1.9522857978e-08,-0.000194178710208,0,86398,daily_bucket,,,,,,,,
2025-06-01,ofi_500ms,500ms,6,1.01020250613e-07,0.00101119306482,0,86399,daily_bucket,,,,,,,,
2025-06-01,ofi_500ms,500ms,7,3.89370039787e-07,0.00389516100537,0,86397,daily_bucket,,,,,,,,
2025-06-01,ofi_500ms,500ms,8,8.65319937819e-07,0.00865499148175,0,86399,daily_bucket,,,,,,,,
2025-06-01,ofi_500ms,500ms,9,1.02863656749e-06,0.0102883006086,0,86399,daily_bucket,,,,,,,,
2025-06-01,ofi_500ms,500ms,10,7.64623914628e-06,0.0764681501758,0,86399,daily_bucket,,,,,,,,
2025-06-01,ofi_500ms,500ms,,,,,863987,daily_monotonicity,,1,,,,,,
2025-06-01,ofi_500ms,500ms,,,,,863987,daily_top_bottom,0.146003734336,,,,,,,
2025-06-01,qi_1,500ms,1,-9.77042635004e-06,-0.0976983017886,0,86400,daily_bucket,,,,,,,,
2025-06-01,qi_1,500ms,2,-2.8826208762e-06,-0.0288240506663,0,86399,daily_bucket,,,,,,,,
2025-06-01,qi_1,500ms,3,-1.32647553443e-06,-0.0132633151491,0,86399,daily_bucket,,,,,,,,
2025-06-01,qi_1,500ms,4,-9.48296353429e-07,-0.00948168899783,0,86394,daily_bucket,,,,,,,,
2025-06-01,qi_1,500ms,5,-1.85531979999e-07,-0.00185451397283,0,86399,daily_bucket,,,,,,,,
2025-06-01,qi_1,500ms,6,2.67278340715e-07,0.00267372078525,0,86400,daily_bucket,,,,,,,,
2025-06-01,qi_1,500ms,7,7.36094073988e-07,0.00736226063463,0,86399,daily_bucket,,,,,,,,
2025-06-01,qi_1,500ms,8,1.31244406503e-06,0.0131257942706,0,86399,daily_bucket,,,,,,,,
2025-06-01,qi_1,500ms,9,2.76262813827e-06,0.0276283195766,0,86399,daily_bucket,,,,,,,,
2025-06-01,qi_1,500ms,10,1.06136030117e-05,0.106142503521,0,86399,daily_bucket,,,,,,,,
2025-06-01,qi_1,500ms,,,,,863987,daily_monotonicity,,1,,,,,,
2025-06-01,qi_1,500ms,,,,,863987,daily_top_bottom,0.20384080531,,,,,,,
2025-06-01,trade_imbalance_500ms,500ms,1,-1.32954203233e-06,-0.0132940181654,0,62096,daily_bucket,,,,,,,,
2025-06-01,trade_imbalance_500ms,500ms,2,-1.71185639754e-06,-0.0171157900685,0,62095,daily_bucket,,,,,,,,
2025-06-01,trade_imbalance_500ms,500ms,3,-1.92393319762e-06,-0.0192363702897,0,62095,daily_bucket,,,,,,,,
2025-06-01,trade_imbalance_500ms,500ms,4,-5.39740817679e-06,-0.0539690968611,0,62096,daily_bucket,,,,,,,,
2025-06-01,trade_imbalance_500ms,500ms,5,-2.08515744169e-07,-0.00208260919608,0,62095,daily_bucket,,,,,,,,
2025-06-01,trade_imbalance_500ms,500ms,6,1.79107869092e-06,0.0179134444352,0,62095,daily_bucket,,,,,,,,
2025-06-01,trade_imbalance_500ms,500ms,7,3.89281366035e-06,0.0389322148138,0,62096,daily_bucket,,,,,,,,
2025-06-01,trade_imbalance_500ms,500ms,8,1.14746094558e-06,0.0114762109333,0,62095,daily_bucket,,,,,,,,
2025-06-01,trade_imbalance_500ms,500ms,9,2.03567321218e-06,0.0203595453519,0,62095,daily_bucket,,,,,,,,
2025-06-01,trade_imbalance_500ms,500ms,10,2.20141476756e-06,0.0220168345639,0,62094,daily_bucket,,,,,,,,
2025-06-01,trade_imbalance_500ms,500ms,,,,,620952,daily_monotonicity,,0.781818181818,,,,,,
2025-06-01,trade_imbalance_500ms,500ms,,,,,620952,daily_top_bottom,0.0353108527293,,,,,,,
2025-06-01,di_10,5s,1,-4.58251614394e-05,-0.458193239557,0,86400,daily_bucket,,,,,,,,
2025-06-01,di_10,5s,2,-2.14625902864e-05,-0.214586947073,0,86392,daily_bucket,,,,,,,,
2025-06-01,di_10,5s,3,-1.41192309331e-05,-0.141163262831,0,86398,daily_bucket,,,,,,,,
2025-06-01,di_10,5s,4,-7.5895035133e-06,-0.0758665789811,0,86376,daily_bucket,,,,,,,,
2025-06-01,di_10,5s,5,-1.16775888445e-06,-0.0116512787526,0,86395,daily_bucket,,,,,,,,
2025-06-01,di_10,5s,6,2.59095573585e-06,0.0259333479527,0,86396,daily_bucket,,,,,,,,
2025-06-01,di_10,5s,7,5.42897580181e-06,0.0543173061632,0,86397,daily_bucket,,,,,,,,
2025-06-01,di_10,5s,8,1.35183023412e-05,0.135211563996,0,86395,daily_bucket,,,,,,,,
2025-06-01,di_10,5s,9,2.39910377438e-05,0.239956066494,0,86399,daily_bucket,,,,,,,,
2025-06-01,di_10,5s,10,5.03999987977e-05,0.504064078641,0.000961216130648,86394,daily_bucket,,,,,,,,
2025-06-01,di_10,5s,,,,,863942,daily_monotonicity,,1,,,,,,
2025-06-01,di_10,5s,,,,,863942,daily_top_bottom,0.962257318198,,,,,,,
2025-06-01,di_5,5s,1,-4.61116507965e-05,-0.461057876465,0,86400,daily_bucket,,,,,,,,
2025-06-01,di_5,5s,2,-2.2125949816e-05,-0.221220210501,0,86392,daily_bucket,,,,,,,,
2025-06-01,di_5,5s,3,-1.30916540674e-05,-0.130887668271,0,86398,daily_bucket,,,,,,,,
2025-06-01,di_5,5s,4,-7.88792530261e-06,-0.0788504888348,0,86376,daily_bucket,,,,,,,,
2025-06-01,di_5,5s,5,-8.16032899857e-07,-0.00813424568452,0,86393,daily_bucket,,,,,,,,
2025-06-01,di_5,5s,6,2.8231859698e-06,0.0282559077504,0,86398,daily_bucket,,,,,,,,
2025-06-01,di_5,5s,7,5.62655951824e-06,0.0562936743776,0,86397,daily_bucket,,,,,,,,
2025-06-01,di_5,5s,8,1.35765870185e-05,0.13579447927,0,86395,daily_bucket,,,,,,,,
2025-06-01,di_5,5s,9,2.35214890922e-05,0.235259027325,0,86399,daily_bucket,,,,,,,,
2025-06-01,di_5,5s,10,5.02502373801e-05,0.502566664592,0.000961605542771,86394,daily_bucket,,,,,,,,
2025-06-01,di_5,5s,,,,,863942,daily_monotonicity,,1,,,,,,
2025-06-01,di_5,5s,,,,,863942,daily_top_bottom,0.963624541057,,,,,,,
2025-06-01,microprice_deviation_bps,5s,1,-4.55364754544e-05,-0.455305643171,0,86400,daily_bucket,,,,,,,,
2025-06-01,microprice_deviation_bps,5s,2,-2.22808282012e-05,-0.222769250178,0,86392,daily_bucket,,,,,,,,
2025-06-01,microprice_deviation_bps,5s,3,-1.3459050649e-05,-0.134561363325,0,86398,daily_bucket,,,,,,,,
2025-06-01,microprice_deviation_bps,5s,4,-7.6818717659e-06,-0.0767896971603,0,86376,daily_bucket,,,,,,,,
2025-06-01,microprice_deviation_bps,5s,5,-9.89365455137e-07,-0.00986744057597,0,86393,daily_bucket,,,,,,,,
2025-06-01,microprice_deviation_bps,5s,6,3.02735054797e-06,0.0302968153675,0,86398,daily_bucket,,,,,,,,
2025-06-01,microprice_deviation_bps,5s,7,5.14091890788e-06,0.0514370600778,0,86397,daily_bucket,,,,,,,,
2025-06-01,microprice_deviation_bps,5s,8,1.33737476569e-05,0.133766124584,0,86395,daily_bucket,,,,,,,,
2025-06-01,microprice_deviation_bps,5s,9,2.33159031678e-05,0.233192200003,0,86399,daily_bucket,,,,,,,,
2025-06-01,microprice_deviation_bps,5s,10,5.08545534025e-05,0.508620819224,0.000960270673415,86394,daily_bucket,,,,,,,,
2025-06-01,microprice_deviation_bps,5s,,,,,863942,daily_monotonicity,,1,,,,,,
2025-06-01,microprice_deviation_bps,5s,,,,,863942,daily_top_bottom,0.963926462395,,,,,,,
2025-06-01,ofi_5s,5s,1,-3.29631479402e-05,-0.329563974673,0,86400,daily_bucket,,,,,,,,
2025-06-01,ofi_5s,5s,2,-1.89957751133e-05,-0.189917374297,0,86399,daily_bucket,,,,,,,,
2025-06-01,ofi_5s,5s,3,-7.06607824194e-06,-0.0706337951208,0,86399,daily_bucket,,,,,,,,
2025-06-01,ofi_5s,5s,4,-4.75338195372e-06,-0.0475092616769,0,86396,daily_bucket,,,,,,,,
2025-06-01,ofi_5s,5s,5,-4.8561747851e-07,-0.00483196481153,0,86399,daily_bucket,,,,,,,,
2025-06-01,ofi_5s,5s,6,2.99426202589e-06,0.0299655734236,0,86399,daily_bucket,,,,,,,,
2025-06-01,ofi_5s,5s,7,5.46470877774e-06,0.0546716662193,0,86399,daily_bucket,,,,,,,,
2025-06-01,ofi_5s,5s,8,1.01652116646e-05,0.101679806186,0,86398,daily_bucket,,,,,,,,
2025-06-01,ofi_5s,5s,9,1.98421061654e-05,0.198472516468,0,86397,daily_bucket,,,,,,,,
2025-06-01,ofi_5s,5s,10,3.15789356133e-05,0.315849859483,0,86356,daily_bucket,,,,,,,,
2025-06-01,ofi_5s,5s,,,,,863942,daily_monotonicity,,1,,,,,,
2025-06-01,ofi_5s,5s,,,,,863942,daily_top_bottom,0.645413834156,,,,,,,
2025-06-01,qi_1,5s,1,-4.56769890601e-05,-0.45671071156,0,86400,daily_bucket,,,,,,,,
2025-06-01,qi_1,5s,2,-2.22093893455e-05,-0.222054883885,0,86392,daily_bucket,,,,,,,,
2025-06-01,qi_1,5s,3,-1.33061050561e-05,-0.133031892696,0,86398,daily_bucket,,,,,,,,
2025-06-01,qi_1,5s,4,-7.73750043283e-06,-0.0773459933251,0,86376,daily_bucket,,,,,,,,
2025-06-01,qi_1,5s,5,-1.03059009913e-06,-0.0102797279027,0,86393,daily_bucket,,,,,,,,
2025-06-01,qi_1,5s,6,3.03587070633e-06,0.0303821039812,0,86398,daily_bucket,,,,,,,,
2025-06-01,qi_1,5s,7,5.10865936719e-06,0.0511144739678,0,86397,daily_bucket,,,,,,,,
2025-06-01,qi_1,5s,8,1.3474196849e-05,0.134770737901,0,86395,daily_bucket,,,,,,,,
2025-06-01,qi_1,5s,9,2.31484149154e-05,0.23151723443,0,86399,daily_bucket,,,,,,,,
2025-06-01,qi_1,5s,10,5.09583158333e-05,0.509658299126,0.000960937206391,86394,daily_bucket,,,,,,,,
2025-06-01,qi_1,5s,,,,,863942,daily_monotonicity,,1,,,,,,
2025-06-01,qi_1,5s,,,,,863942,daily_top_bottom,0.966369010685,,,,,,,
2025-06-01,trade_imbalance_5s,5s,1,-1.99058866015e-05,-0.199013666031,0,86396,daily_bucket,,,,,,,,
2025-06-01,trade_imbalance_5s,5s,2,-1.41212147491e-05,-0.141176419604,0,86395,daily_bucket,,,,,,,,
2025-06-01,trade_imbalance_5s,5s,3,-8.26813974024e-06,-0.0826499346957,0,86395,daily_bucket,,,,,,,,
2025-06-01,trade_imbalance_5s,5s,4,-4.73495824751e-06,-0.0473174200202,0,86395,daily_bucket,,,,,,,,
2025-06-01,trade_imbalance_5s,5s,5,1.20474672869e-06,0.012078529844,0,86395,daily_bucket,,,,,,,,
2025-06-01,trade_imbalance_5s,5s,6,1.46772396824e-06,0.0147080332554,0,86396,daily_bucket,,,,,,,,
2025-06-01,trade_imbalance_5s,5s,7,5.25388188806e-06,0.0525713164586,0,86389,daily_bucket,,,,,,,,
2025-06-01,trade_imbalance_5s,5s,8,1.04851788535e-05,0.104890449385,0,86371,daily_bucket,,,,,,,,
2025-06-01,trade_imbalance_5s,5s,9,1.46532936351e-05,0.146575901854,0,86395,daily_bucket,,,,,,,,
2025-06-01,trade_imbalance_5s,5s,10,1.97384150454e-05,0.197434442598,0,86375,daily_bucket,,,,,,,,
2025-06-01,trade_imbalance_5s,5s,,,,,863902,daily_monotonicity,,1,,,,,,
2025-06-01,trade_imbalance_5s,5s,,,,,863902,daily_top_bottom,0.396448108629,,,,,,,
2025-07-01,di_10,100ms,1,-2.95243737689e-06,-0.0295232545038,0,86396,daily_bucket,,,,,,,,
2025-07-01,di_10,100ms,2,-5.46104015651e-07,-0.00546076138826,0,86394,daily_bucket,,,,,,,,
2025-07-01,di_10,100ms,3,-2.87027241809e-07,-0.00287007843844,0,86396,daily_bucket,,,,,,,,
2025-07-01,di_10,100ms,4,-1.21444785413e-07,-0.0012143538177,0,86395,daily_bucket,,,,,,,,
2025-07-01,di_10,100ms,5,-8.80778809488e-08,-0.000880663660926,0,86396,daily_bucket,,,,,,,,
2025-07-01,di_10,100ms,6,-2.54720463757e-08,-0.000254628193283,0,86395,daily_bucket,,,,,,,,
2025-07-01,di_10,100ms,7,5.02247055041e-08,0.000502311972647,0,86396,daily_bucket,,,,,,,,
2025-07-01,di_10,100ms,8,1.4185639551e-07,0.00141866369471,0,86396,daily_bucket,,,,,,,,
2025-07-01,di_10,100ms,9,4.70730697927e-07,0.00470755681636,0,86396,daily_bucket,,,,,,,,
2025-07-01,di_10,100ms,10,3.19838370499e-06,0.0319850667567,0,86395,daily_bucket,,,,,,,,
2025-07-01,di_10,100ms,,,,,863955,daily_monotonicity,,1,,,,,,
2025-07-01,di_10,100ms,,,,,863955,daily_top_bottom,0.0615083212605,,,,,,,
2025-07-01,di_5,100ms,1,-2.94657992199e-06,-0.0294646910006,0,86396,daily_bucket,,,,,,,,
2025-07-01,di_5,100ms,2,-5.39875180174e-07,-0.00539847239859,0,86395,daily_bucket,,,,,,,,
2025-07-01,di_5,100ms,3,-2.95449333742e-07,-0.00295429053936,0,86395,daily_bucket,,,,,,,,
2025-07-01,di_5,100ms,4,-1.14714030215e-07,-0.00114704794897,0,86395,daily_bucket,,,,,,,,
2025-07-01,di_5,100ms,5,-8.33343237354e-08,-0.000833238340363,0,86396,daily_bucket,,,,,,,,
2025-07-01,di_5,100ms,6,-4.4491110257e-08,-0.000444815831066,0,86395,daily_bucket,,,,,,,,
2025-07-01,di_5,100ms,7,4.67325343922e-08,0.000467399683876,0,86396,daily_bucket,,,,,,,,
2025-07-01,di_5,100ms,8,1.44780193636e-07,0.00144790239074,0,86396,daily_bucket,,,,,,,,
2025-07-01,di_5,100ms,9,4.58552535627e-07,0.00458577625028,0,86396,daily_bucket,,,,,,,,
2025-07-01,di_5,100ms,10,3.21501381688e-06,0.032151367207,0,86395,daily_bucket,,,,,,,,
2025-07-01,di_5,100ms,,,,,863955,daily_monotonicity,,1,,,,,,
2025-07-01,di_5,100ms,,,,,863955,daily_top_bottom,0.0616160582077,,,,,,,
2025-07-01,microprice_deviation_bps,100ms,1,-2.96382430869e-06,-0.0296371143587,0,86396,daily_bucket,,,,,,,,
2025-07-01,microprice_deviation_bps,100ms,2,-5.23426459656e-07,-0.00523400089951,0,86394,daily_bucket,,,,,,,,
2025-07-01,microprice_deviation_bps,100ms,3,-2.93817017686e-07,-0.00293796639867,0,86396,daily_bucket,,,,,,,,
2025-07-01,microprice_deviation_bps,100ms,4,-1.07497772959e-07,-0.00107489428657,0,86395,daily_bucket,,,,,,,,
2025-07-01,microprice_deviation_bps,100ms,5,-7.21728972326e-08,-0.00072163662158,0,86396,daily_bucket,,,,,,,,
2025-07-01,microprice_deviation_bps,100ms,6,-5.3201896436e-08,-0.000531919450549,0,86395,daily_bucket,,,,,,,,
2025-07-01,microprice_deviation_bps,100ms,7,4.79567513089e-08,0.000479643716812,0,86396,daily_bucket,,,,,,,,
2025-07-01,microprice_deviation_bps,100ms,8,1.40051431067e-07,0.00140062030684,0,86396,daily_bucket,,,,,,,,
2025-07-01,microprice_deviation_bps,100ms,9,4.48539671068e-07,0.00448564247813,0,86396,daily_bucket,,,,,,,,
2025-07-01,microprice_deviation_bps,100ms,10,3.21802524884e-06,0.0321814906793,0,86395,daily_bucket,,,,,,,,
2025-07-01,microprice_deviation_bps,100ms,,,,,863955,daily_monotonicity,,1,,,,,,
2025-07-01,microprice_deviation_bps,100ms,,,,,863955,daily_top_bottom,0.0618186050381,,,,,,,
2025-07-01,ofi_100ms,100ms,1,-2.05621061585e-06,-0.0205612153223,0,86400,daily_bucket,,,,,,,,
2025-07-01,ofi_100ms,100ms,2,-3.10913007274e-07,-0.00310893858594,0,86399,daily_bucket,,,,,,,,
2025-07-01,ofi_100ms,100ms,3,-1.00086219617e-07,-0.00100072858581,0,86399,daily_bucket,,,,,,,,
2025-07-01,ofi_100ms,100ms,4,-2.45949157274e-08,-0.000245800343962,0,86398,daily_bucket,,,,,,,,
2025-07-01,ofi_100ms,100ms,5,-3.73686688832e-08,-0.000373475143533,0,86396,daily_bucket,,,,,,,,
2025-07-01,ofi_100ms,100ms,6,-6.33507883006e-08,-0.000632885947871,0,86368,daily_bucket,,,,,,,,
2025-07-01,ofi_100ms,100ms,7,-3.64018238518e-08,-0.000363926195429,0,86399,daily_bucket,,,,,,,,
2025-07-01,ofi_100ms,100ms,8,3.97701911556e-08,0.000397828076409,0,86399,daily_bucket,,,,,,,,
2025-07-01,ofi_100ms,100ms,9,2.45268983071e-07,0.00245288207134,0,86398,daily_bucket,,,,,,,,
2025-07-01,ofi_100ms,100ms,10,2.18450420423e-06,0.0218459711147,0,86399,daily_bucket,,,,,,,,
2025-07-01,ofi_100ms,100ms,,,,,863955,daily_monotonicity,,0.915151515152,,,,,,
2025-07-01,ofi_100ms,100ms,,,,,863955,daily_top_bottom,0.042407186437,,,,,,,
2025-07-01,qi_1,100ms,1,-2.93107689996e-06,-0.0293096628942,0,86396,daily_bucket,,,,,,,,
2025-07-01,qi_1,100ms,2,-5.5116241429e-07,-0.00551134531419,0,86394,daily_bucket,,,,,,,,
2025-07-01,qi_1,100ms,3,-2.92477966594e-07,-0.00292458045296,0,86396,daily_bucket,,,,,,,,
2025-07-01,qi_1,100ms,4,-1.14035038151e-07,-0.00114025645046,0,86395,daily_bucket,,,,,,,,
2025-07-01,qi_1,100ms,5,-7.13947152472e-08,-0.000713853320362,0,86396,daily_bucket,,,,,,,,
2025-07-01,qi_1,100ms,6,-5.03994192012e-08,-0.000503888179396,0,86395,daily_bucket,,,,,,,,
2025-07-01,qi_1,100ms,7,4.70906433453e-08,0.000470986543571,0,86396,daily_bucket,,,,,,,,
2025-07-01,qi_1,100ms,8,1.42456434392e-07,0.00142467180259,0,86396,daily_bucket,,,,,,,,
2025-07-01,qi_1,100ms,9,4.54534250202e-07,0.00454559317322,0,86396,daily_bucket,,,,,,,,
2025-07-01,qi_1,100ms,10,3.20709706335e-06,0.0320721921402,0,86395,daily_bucket,,,,,,,,
2025-07-01,qi_1,100ms,,,,,863955,daily_monotonicity,,1,,,,,,
2025-07-01,qi_1,100ms,,,,,863955,daily_top_bottom,0.0613818550343,,,,,,,
2025-07-01,trade_imbalance_100ms,100ms,1,-1.01134775822e-06,-0.0101129540008,0,23563,daily_bucket,,,,,,,,
2025-07-01,trade_imbalance_100ms,100ms,2,-6.50529478392e-07,-0.00650498874627,0,23562,daily_bucket,,,,,,,,
2025-07-01,trade_imbalance_100ms,100ms,3,-2.20210748019e-06,-0.022019749863,0,23563,daily_bucket,,,,,,,,
2025-07-01,trade_imbalance_100ms,100ms,4,-2.06599311903e-06,-0.0206587417723,0,23562,daily_bucket,,,,,,,,
2025-07-01,trade_imbalance_100ms,100ms,5,-2.29043239819e-06,-0.0229025569664,0,23562,daily_bucket,,,,,,,,
2025-07-01,trade_imbalance_100ms,100ms,6,2.22438307394e-06,0.022245036455,0,23563,daily_bucket,,,,,,,,
2025-07-01,trade_imbalance_100ms,100ms,7,8.11144076591e-07,0.00811191501145,0,23560,daily_bucket,,,,,,,,
2025-07-01,trade_imbalance_100ms,100ms,8,1.60053015587e-06,0.016006226258,0,23563,daily_bucket,,,,,,,,
2025-07-01,trade_imbalance_100ms,100ms,9,2.11377553882e-06,0.0211389300055,0,23562,daily_bucket,,,,,,,,
2025-07-01,trade_imbalance_100ms,100ms,10,1.44376107257e-06,0.014438278651,0,23562,daily_bucket,,,,,,,,
2025-07-01,trade_imbalance_100ms,100ms,,,,,235622,daily_monotonicity,,0.624242424242,,,,,,
2025-07-01,trade_imbalance_100ms,100ms,,,,,235622,daily_top_bottom,0.0245512326519,,,,,,,
2025-07-01,di_10,1s,1,-1.815758031e-05,-0.181564886397,0,86396,daily_bucket,,,,,,,,
2025-07-01,di_10,1s,2,-7.23100877234e-06,-0.0723047256227,0,86392,daily_bucket,,,,,,,,
2025-07-01,di_10,1s,3,-4.13288042933e-06,-0.041324664552,0,86396,daily_bucket,,,,,,,,
2025-07-01,di_10,1s,4,-1.99983954546e-06,-0.0199952148062,0,86386,daily_bucket,,,,,,,,
2025-07-01,di_10,1s,5,-1.14723910908e-06,-0.0114695599146,0,86396,daily_bucket,,,,,,,,
2025-07-01,di_10,1s,6,-3.09465987086e-07,-0.00309156538008,0,86386,daily_bucket,,,,,,,,
2025-07-01,di_10,1s,7,9.06919951166e-07,0.00907206461103,0,86396,daily_bucket,,,,,,,,
2025-07-01,di_10,1s,8,3.29452732579e-06,0.0329491368783,0,86396,daily_bucket,,,,,,,,
2025-07-01,di_10,1s,9,6.82765228508e-06,0.0682822409954,0,86396,daily_bucket,,,,,,,,
2025-07-01,di_10,1s,10,2.03556141307e-05,0.203569845998,0,86395,daily_bucket,,,,,,,,
2025-07-01,di_10,1s,,,,,863935,daily_monotonicity,,1,,,,,,
2025-07-01,di_10,1s,,,,,863935,daily_top_bottom,0.385134732395,,,,,,,
2025-07-01,di_5,1s,1,-1.79635422789e-05,-0.179624635411,0,86396,daily_bucket,,,,,,,,
2025-07-01,di_5,1s,2,-7.20122574637e-06,-0.0720067858422,0,86393,daily_bucket,,,,,,,,
2025-07-01,di_5,1s,3,-4.42774608119e-06,-0.0442734062024,0,86395,daily_bucket,,,,,,,,
2025-07-01,di_5,1s,4,-1.86605036985e-06,-0.0186572424367,0,86386,daily_bucket,,,,,,,,
2025-07-01,di_5,1s,5,-1.13926661231e-06,-0.0113899376879,0,86396,daily_bucket,,,,,,,,
2025-07-01,di_5,1s,6,-2.9162103751e-07,-0.00291342410354,0,86386,daily_bucket,,,,,,,,
2025-07-01,di_5,1s,7,7.29075377085e-07,0.00729399362822,0,86396,daily_bucket,,,,,,,,
2025-07-01,di_5,1s,8,3.2930568491e-06,0.0329344479206,0,86396,daily_bucket,,,,,,,,
2025-07-01,di_5,1s,9,6.85700726873e-06,0.06857587323,0,86396,daily_bucket,,,,,,,,
2025-07-01,di_5,1s,10,2.04170639139e-05,0.20418430611,0,86395,daily_bucket,,,,,,,,
2025-07-01,di_5,1s,,,,,863935,daily_monotonicity,,1,,,,,,
2025-07-01,di_5,1s,,,,,863935,daily_top_bottom,0.383808941521,,,,,,,
2025-07-01,microprice_deviation_bps,1s,1,-1.80091284448e-05,-0.180080458582,0,86396,daily_bucket,,,,,,,,
2025-07-01,microprice_deviation_bps,1s,2,-7.22723572863e-06,-0.0722668359603,0,86392,daily_bucket,,,,,,,,
2025-07-01,microprice_deviation_bps,1s,3,-4.31024356927e-06,-0.0430984771551,0,86396,daily_bucket,,,,,,,,
2025-07-01,microprice_deviation_bps,1s,4,-2.00891060493e-06,-0.0200856571826,0,86386,daily_bucket,,,,,,,,
2025-07-01,microprice_deviation_bps,1s,5,-9.96975221044e-07,-0.00996695458497,0,86396,daily_bucket,,,,,,,,
2025-07-01,microprice_deviation_bps,1s,6,-4.76454927851e-07,-0.00476184860958,0,86386,daily_bucket,,,,,,,,
2025-07-01,microprice_deviation_bps,1s,7,8.25771393967e-07,0.00826102625496,0,86396,daily_bucket,,,,,,,,
2025-07-01,microprice_deviation_bps,1s,8,3.29750517765e-06,0.0329787848248,0,86396,daily_bucket,,,,,,,,
2025-07-01,microprice_deviation_bps,1s,9,6.805601788e-06,0.0680615952742,0,86396,daily_bucket,,,,,,,,
2025-07-01,microprice_deviation_bps,1s,10,2.05067512222e-05,0.205081312983,0,86395,daily_bucket,,,,,,,,
2025-07-01,microprice_deviation_bps,1s,,,,,863935,daily_monotonicity,,1,,,,,,
2025-07-01,microprice_deviation_bps,1s,,,,,863935,daily_top_bottom,0.385161771565,,,,,,,
2025-07-01,ofi_1s,1s,1,-1.52519989349e-05,-0.152507206289,0,86399,daily_bucket,,,,,,,,
2025-07-01,ofi_1s,1s,2,-3.56041433176e-06,-0.0355985783073,0,86396,daily_bucket,,,,,,,,
2025-07-01,ofi_1s,1s,3,-1.47780131643e-06,-0.0147741583553,0,86399,daily_bucket,,,,,,,,
2025-07-01,ofi_1s,1s,4,-1.22722095958e-06,-0.0122690280004,0,86389,daily_bucket,,,,,,,,
2025-07-01,ofi_1s,1s,5,-9.3069171857e-07,-0.00930459480999,0,86398,daily_bucket,,,,,,,,
2025-07-01,ofi_1s,1s,6,6.94516536255e-08,0.000696677411964,0,86366,daily_bucket,,,,,,,,
2025-07-01,ofi_1s,1s,7,7.66447975172e-07,0.0076673905677,0,86391,daily_bucket,,,,,,,,
2025-07-01,ofi_1s,1s,8,1.355978767e-06,0.0135636897611,0,86399,daily_bucket,,,,,,,,
2025-07-01,ofi_1s,1s,9,3.21431219423e-06,0.0321485932022,0,86399,daily_bucket,,,,,,,,
2025-07-01,ofi_1s,1s,10,1.54488790459e-05,0.154502313599,0,86399,daily_bucket,,,,,,,,
2025-07-01,ofi_1s,1s,,,,,863935,daily_monotonicity,,1,,,,,,
2025-07-01,ofi_1s,1s,,,,,863935,daily_top_bottom,0.307009519889,,,,,,,
2025-07-01,qi_1,1s,1,-1.78737816987e-05,-0.17872712454,0,86396,daily_bucket,,,,,,,,
2025-07-01,qi_1,1s,2,-7.31274790543e-06,-0.073121918485,0,86392,daily_bucket,,,,,,,,
2025-07-01,qi_1,1s,3,-4.34564858178e-06,-0.0434524813308,0,86396,daily_bucket,,,,,,,,
2025-07-01,qi_1,1s,4,-2.02866229772e-06,-0.0202831231186,0,86386,daily_bucket,,,,,,,,
2025-07-01,qi_1,1s,5,-9.95363846475e-07,-0.00995085223811,0,86396,daily_bucket,,,,,,,,
2025-07-01,qi_1,1s,6,-4.79114828877e-07,-0.00478839293154,0,86386,daily_bucket,,,,,,,,
2025-07-01,qi_1,1s,7,8.32397646416e-07,0.00832729300192,0,86396,daily_bucket,,,,,,,,
2025-07-01,qi_1,1s,8,3.31627036645e-06,0.0331664763038,0,86396,daily_bucket,,,,,,,,
2025-07-01,qi_1,1s,9,6.85898966412e-06,0.0685955528385,0,86396,daily_bucket,,,,,,,,
2025-07-01,qi_1,1s,10,2.04343351759e-05,0.204356983862,0,86395,daily_bucket,,,,,,,,
2025-07-01,qi_1,1s,,,,,863935,daily_monotonicity,,1,,,,,,
2025-07-01,qi_1,1s,,,,,863935,daily_top_bottom,0.383084108402,,,,,,,
2025-07-01,trade_imbalance_1s,1s,1,-1.48027345232e-06,-0.0148002837349,0,79991,daily_bucket,,,,,,,,
2025-07-01,trade_imbalance_1s,1s,2,-5.08665861541e-06,-0.0508591386557,0,79987,daily_bucket,,,,,,,,
2025-07-01,trade_imbalance_1s,1s,3,-5.57959444898e-06,-0.055788258307,0,79982,daily_bucket,,,,,,,,
2025-07-01,trade_imbalance_1s,1s,4,-2.71147417778e-06,-0.0271088254523,0,79990,daily_bucket,,,,,,,,
2025-07-01,trade_imbalance_1s,1s,5,-5.29052327458e-07,-0.00528537079056,0,79990,daily_bucket,,,,,,,,
2025-07-01,trade_imbalance_1s,1s,6,5.08532720892e-07,0.00509021831475,0,79988,daily_bucket,,,,,,,,
2025-07-01,trade_imbalance_1s,1s,7,2.67029101449e-06,0.0267092819782,0,79990,daily_bucket,,,,,,,,
2025-07-01,trade_imbalance_1s,1s,8,7.13407986221e-06,0.0713493457991,0,79991,daily_bucket,,,,,,,,
2025-07-01,trade_imbalance_1s,1s,9,1.10971920106e-06,0.0111001587214,0,79988,daily_bucket,,,,,,,,
2025-07-01,trade_imbalance_1s,1s,10,2.14963820624e-06,0.0215031114591,0,79980,daily_bucket,,,,,,,,
2025-07-01,trade_imbalance_1s,1s,,,,,799877,daily_monotonicity,,0.818181818182,,,,,,
2025-07-01,trade_imbalance_1s,1s,,,,,799877,daily_top_bottom,0.0363033951941,,,,,,,
2025-07-01,di_10,30s,1,-8.74906926786e-05,-0.87458716566,-0.683800709875,86396,daily_bucket,,,,,,,,
2025-07-01,di_10,30s,2,-7.32593900306e-05,-0.732319143112,-0.457708728038,86396,daily_bucket,,,,,,,,
2025-07-01,di_10,30s,3,-5.38118018528e-05,-0.537838427504,-0.0944804298991,86395,daily_bucket,,,,,,,,
2025-07-01,di_10,30s,4,-2.57355310133e-05,-0.25707534261,0,86396,daily_bucket,,,,,,,,
2025-07-01,di_10,30s,5,-7.97317621984e-06,-0.0794694933826,0,86339,daily_bucket,,,,,,,,
2025-07-01,di_10,30s,6,1.38944075683e-06,0.014146015136,0,86242,daily_bucket,,,,,,,,
2025-07-01,di_10,30s,7,1.60770104817e-05,0.161032024608,0,86355,daily_bucket,,,,,,,,
2025-07-01,di_10,30s,8,3.31398472413e-05,0.331692532239,0,86333,daily_bucket,,,,,,,,
2025-07-01,di_10,30s,9,5.32042073407e-05,0.532394104531,0.103514363947,86384,daily_bucket,,,,,,,,
2025-07-01,di_10,30s,10,9.70626013203e-05,0.970995270385,0.80024146253,86395,daily_bucket,,,,,,,,
2025-07-01,di_10,30s,,,,,863631,daily_monotonicity,,1,,,,,,
2025-07-01,di_10,30s,,,,,863631,daily_top_bottom,1.84558243604,,,,,,,
2025-07-01,di_5,30s,1,-8.79142751477e-05,-0.878826419617,-0.687687776902,86396,daily_bucket,,,,,,,,
2025-07-01,di_5,30s,2,-7.1388829526e-05,-0.713615006337,-0.4274012596,86396,daily_bucket,,,,,,,,
2025-07-01,di_5,30s,3,-5.47769097026e-05,-0.54748719465,-0.139412237073,86395,daily_bucket,,,,,,,,
2025-07-01,di_5,30s,4,-2.63793397541e-05,-0.263514546638,0,86396,daily_bucket,,,,,,,,
2025-07-01,di_5,30s,5,-6.81323857277e-06,-0.0678665165538,0,86366,daily_bucket,,,,,,,,
2025-07-01,di_5,30s,6,2.79187165536e-06,0.028163480708,0,86215,daily_bucket,,,,,,,,
2025-07-01,di_5,30s,7,1.63594489344e-05,0.163861765181,0,86344,daily_bucket,,,,,,,,
2025-07-01,di_5,30s,8,3.12209078101e-05,0.312503699062,0,86343,daily_bucket,,,,,,,,
2025-07-01,di_5,30s,9,5.18369953608e-05,0.518722250583,0.119500629631,86385,daily_bucket,,,,,,,,
2025-07-01,di_5,30s,10,9.76685610065e-05,0.977055612531,0.792391282815,86395,daily_bucket,,,,,,,,
2025-07-01,di_5,30s,,,,,863631,daily_monotonicity,,1,,,,,,
2025-07-01,di_5,30s,,,,,863631,daily_top_bottom,1.85588203215,,,,,,,
2025-07-01,microprice_deviation_bps,30s,1,-8.94779036523e-05,-0.894458564158,-0.698736067768,86396,daily_bucket,,,,,,,,
2025-07-01,microprice_deviation_bps,30s,2,-7.28793715615e-05,-0.728517597906,-0.458691583191,86396,daily_bucket,,,,,,,,
2025-07-01,microprice_deviation_bps,30s,3,-5.39119908233e-05,-0.538842696225,-0.139412237073,86396,daily_bucket,,,,,,,,
2025-07-01,microprice_deviation_bps,30s,4,-2.56529983648e-05,-0.256247024383,0,86396,daily_bucket,,,,,,,,
2025-07-01,microprice_deviation_bps,30s,5,-6.39942658841e-06,-0.0637276322433,0,86364,daily_bucket,,,,,,,,
2025-07-01,microprice_deviation_bps,30s,6,2.11667930958e-06,0.0214125124827,0,86216,daily_bucket,,,,,,,,
2025-07-01,microprice_deviation_bps,30s,7,1.740825702e-05,0.174363700286,0,86369,daily_bucket,,,,,,,,
2025-07-01,microprice_deviation_bps,30s,8,3.09897801391e-05,0.310176931264,0,86341,daily_bucket,,,,,,,,
2025-07-01,microprice_deviation_bps,30s,9,5.29601789248e-05,0.529946019516,0.117509879173,86362,daily_bucket,,,,,,,,
2025-07-01,microprice_deviation_bps,30s,10,9.74615871733e-05,0.97498748767,0.785722552395,86395,daily_bucket,,,,,,,,
2025-07-01,microprice_deviation_bps,30s,,,,,863631,daily_monotonicity,,1,,,,,,
2025-07-01,microprice_deviation_bps,30s,,,,,863631,daily_top_bottom,1.86944605183,,,,,,,
2025-07-01,ofi_30s,30s,1,-4.66168173807e-05,-0.465650860348,-0.106091327452,86400,daily_bucket,,,,,,,,
2025-07-01,ofi_30s,30s,2,-3.85334971803e-05,-0.385014790513,-0.000933603300288,86399,daily_bucket,,,,,,,,
2025-07-01,ofi_30s,30s,3,-3.02200346401e-05,-0.301936750762,-0.0242905966289,86399,daily_bucket,,,,,,,,
2025-07-01,ofi_30s,30s,4,-2.22270326683e-05,-0.222058755507,0,86372,daily_bucket,,,,,,,,
2025-07-01,ofi_30s,30s,5,-1.32061532874e-05,-0.13188543038,0,86350,daily_bucket,,,,,,,,
2025-07-01,ofi_30s,30s,6,-7.18401111016e-06,-0.0716613753196,0,86159,daily_bucket,,,,,,,,
2025-07-01,ofi_30s,30s,7,1.41499243924e-05,0.141731462959,0,86387,daily_bucket,,,,,,,,
2025-07-01,ofi_30s,30s,8,2.05248856568e-05,0.205500751324,0,86389,daily_bucket,,,,,,,,
2025-07-01,ofi_30s,30s,9,2.6342934026e-05,0.263731672408,0,86385,daily_bucket,,,,,,,,
2025-07-01,ofi_30s,30s,10,4.9516405126e-05,0.49565502013,0.245267239874,86391,daily_bucket,,,,,,,,
2025-07-01,ofi_30s,30s,,,,,863631,daily_monotonicity,,1,,,,,,
2025-07-01,ofi_30s,30s,,,,,863631,daily_top_bottom,0.961305880478,,,,,,,
2025-07-01,qi_1,30s,1,-8.99746370168e-05,-0.899428257174,-0.707930336087,86396,daily_bucket,,,,,,,,
2025-07-01,qi_1,30s,2,-7.25565641393e-05,-0.725288968032,-0.441062858261,86396,daily_bucket,,,,,,,,
2025-07-01,qi_1,30s,3,-5.35212065807e-05,-0.534933233745,-0.141587567592,86396,daily_bucket,,,,,,,,
2025-07-01,qi_1,30s,4,-2.5849927509e-05,-0.258216947748,0,86396,daily_bucket,,,,,,,,
2025-07-01,qi_1,30s,5,-6.47316896921e-06,-0.0644644237163,0,86364,daily_bucket,,,,,,,,
2025-07-01,qi_1,30s,6,2.107611152e-06,0.0213222891602,0,86216,daily_bucket,,,,,,,,
2025-07-01,qi_1,30s,7,1.76049763511e-05,0.176331251765,0,86366,daily_bucket,,,,,,,,
2025-07-01,qi_1,30s,8,3.08250712268e-05,0.308530406041,0,86340,daily_bucket,,,,,,,,
2025-07-01,qi_1,30s,9,5.20104360627e-05,0.520448416094,0.103514363947,86366,daily_bucket,,,,,,,,
2025-07-01,qi_1,30s,10,9.84403090842e-05,0.984773683173,0.796105856269,86395,daily_bucket,,,,,,,,
2025-07-01,qi_1,30s,,,,,863631,daily_monotonicity,,1,,,,,,
2025-07-01,qi_1,30s,,,,,863631,daily_top_bottom,1.88420194035,,,,,,,
2025-07-01,trade_imbalance_30s,30s,1,-4.61194917991e-05,-0.460962622146,-0.0482262959363,86393,daily_bucket,,,,,,,,
2025-07-01,trade_imbalance_30s,30s,2,-3.38786507724e-05,-0.338510217843,0,86344,daily_bucket,,,,,,,,
2025-07-01,trade_imbalance_30s,30s,3,-9.87763645283e-06,-0.0984939663753,0,86135,daily_bucket,,,,,,,,
2025-07-01,trade_imbalance_30s,30s,4,-1.75884120597e-05,-0.175617438235,0,86399,daily_bucket,,,,,,,,
2025-07-01,trade_imbalance_30s,30s,5,-5.93871167181e-06,-0.0590808395212,0,86396,daily_bucket,,,,,,,,
2025-07-01,trade_imbalance_30s,30s,6,5.43029557859e-06,0.0546459859433,0,86399,daily_bucket,,,,,,,,
2025-07-01,trade_imbalance_30s,30s,7,-4.95575928444e-06,-0.049209399975,0,86399,daily_bucket,,,,,,,,
2025-07-01,trade_imbalance_30s,30s,8,1.5822382763e-05,0.158586419222,0,86374,daily_bucket,,,,,,,,
2025-07-01,trade_imbalance_30s,30s,9,1.6411725228e-05,0.164393041739,0,86393,daily_bucket,,,,,,,,
2025-07-01,trade_imbalance_30s,30s,10,3.32120794976e-05,0.332372539364,0,86399,daily_bucket,,,,,,,,
2025-07-01,trade_imbalance_30s,30s,,,,,863631,daily_monotonicity,,0.975757575758,,,,,,
2025-07-01,trade_imbalance_30s,30s,,,,,863631,daily_top_bottom,0.79333516151,,,,,,,
2025-07-01,di_10,500ms,1,-1.08908027459e-05,-0.108902466728,0,86396,daily_bucket,,,,,,,,
2025-07-01,di_10,500ms,2,-3.59162483422e-06,-0.0359138820382,0,86392,daily_bucket,,,,,,,,
2025-07-01,di_10,500ms,3,-2.03757655958e-06,-0.0203741041926,0,86396,daily_bucket,,,,,,,,
2025-07-01,di_10,500ms,4,-9.40335478416e-07,-0.00940222071118,0,86391,daily_bucket,,,,,,,,
2025-07-01,di_10,500ms,5,-5.06253963341e-07,-0.00506154522967,0,86396,daily_bucket,,,,,,,,
2025-07-01,di_10,500ms,6,-1.53661854925e-07,-0.00153541648683,0,86391,daily_bucket,,,,,,,,
2025-07-01,di_10,500ms,7,4.45750946787e-07,0.00445845802554,0,86396,daily_bucket,,,,,,,,
2025-07-01,di_10,500ms,8,1.4180501052e-06,0.0141818710639,0,86396,daily_bucket,,,,,,,,
2025-07-01,di_10,500ms,9,3.38722075642e-06,0.0338745020893,0,86396,daily_bucket,,,,,,,,
2025-07-01,di_10,500ms,10,1.20721911552e-05,0.120728672909,0,86395,daily_bucket,,,,,,,,
2025-07-01,di_10,500ms,,,,,863945,daily_monotonicity,,1,,,,,,
2025-07-01,di_10,500ms,,,,,863945,daily_top_bottom,0.229631139638,,,,,,,
2025-07-01,di_5,500ms,1,-1.08244262385e-05,-0.10823875369,0,86396,daily_bucket,,,,,,,,
2025-07-01,di_5,500ms,2,-3.57603543039e-06,-0.0357580127875,0,86393,daily_bucket,,,,,,,,
2025-07-01,di_5,500ms,3,-2.11299345835e-06,-0.0211282335327,0,86395,daily_bucket,,,,,,,,
2025-07-01,di_5,500ms,4,-9.01150884847e-07,-0.00901039985974,0,86391,daily_bucket,,,,,,,,
2025-07-01,di_5,500ms,5,-5.18526737871e-07,-0.00518428351173,0,86396,daily_bucket,,,,,,,,
2025-07-01,di_5,500ms,6,-1.78172901344e-07,-0.00178067925637,0,86391,daily_bucket,,,,,,,,
2025-07-01,di_5,500ms,7,4.0118479328e-07,0.00401297419509,0,86396,daily_bucket,,,,,,,,
2025-07-01,di_5,500ms,8,1.44003311245e-06,0.0144017593876,0,86396,daily_bucket,,,,,,,,
2025-07-01,di_5,500ms,9,3.33993307934e-06,0.0334016288413,0,86396,daily_bucket,,,,,,,,
2025-07-01,di_5,500ms,10,1.2133131404e-05,0.121338061001,0,86395,daily_bucket,,,,,,,,
2025-07-01,di_5,500ms,,,,,863945,daily_monotonicity,,1,,,,,,
2025-07-01,di_5,500ms,,,,,863945,daily_top_bottom,0.229576814691,,,,,,,
2025-07-01,microprice_deviation_bps,500ms,1,-1.08367820116e-05,-0.10836229834,0,86396,daily_bucket,,,,,,,,
2025-07-01,microprice_deviation_bps,500ms,2,-3.56678925775e-06,-0.0356655552887,0,86392,daily_bucket,,,,,,,,
2025-07-01,microprice_deviation_bps,500ms,3,-2.08330504074e-06,-0.0208314371268,0,86396,daily_bucket,,,,,,,,
2025-07-01,microprice_deviation_bps,500ms,4,-9.29451502436e-07,-0.0092933349963,0,86391,daily_bucket,,,,,,,,
2025-07-01,microprice_deviation_bps,500ms,5,-4.71640922459e-07,-0.00471541928841,0,86396,daily_bucket,,,,,,,,
2025-07-01,microprice_deviation_bps,500ms,6,-2.30527296887e-07,-0.00230430152912,0,86391,daily_bucket,,,,,,,,
2025-07-01,microprice_deviation_bps,500ms,7,4.03612635848e-07,0.00403732649129,0,86396,daily_bucket,,,,,,,,
2025-07-01,microprice_deviation_bps,500ms,8,1.43382013308e-06,0.0143395800952,0,86396,daily_bucket,,,,,,,,
2025-07-01,microprice_deviation_bps,500ms,9,3.30189506073e-06,0.033021212114,0,86396,daily_bucket,,,,,,,,
2025-07-01,microprice_deviation_bps,500ms,10,1.21821243332e-05,0.121828082596,0,86395,daily_bucket,,,,,,,,
2025-07-01,microprice_deviation_bps,500ms,,,,,863945,daily_monotonicity,,1,,,,,,
2025-07-01,microprice_deviation_bps,500ms,,,,,863945,daily_top_bottom,0.230190380936,,,,,,,
2025-07-01,ofi_500ms,500ms,1,-8.43293025259e-06,-0.0843234462961,0,86400,daily_bucket,,,,,,,,
2025-07-01,ofi_500ms,500ms,2,-1.72784411883e-06,-0.0172761351942,0,86399,daily_bucket,,,,,,,,
2025-07-01,ofi_500ms,500ms,3,-1.14577441794e-06,-0.0114560215436,0,86399,daily_bucket,,,,,,,,
2025-07-01,ofi_500ms,500ms,4,-5.47743102357e-07,-0.00547619367206,0,86398,daily_bucket,,,,,,,,
2025-07-01,ofi_500ms,500ms,5,-3.02218258665e-07,-0.00302124998034,0,86398,daily_bucket,,,,,,,,
2025-07-01,ofi_500ms,500ms,6,-1.67716108552e-07,-0.00167628234308,0,86359,daily_bucket,,,,,,,,
2025-07-01,ofi_500ms,500ms,7,3.57888911516e-07,0.00358023180653,0,86399,daily_bucket,,,,,,,,
2025-07-01,ofi_500ms,500ms,8,8.42079585782e-07,0.00842242162168,0,86395,daily_bucket,,,,,,,,
2025-07-01,ofi_500ms,500ms,9,1.47852479263e-06,0.0147873746581,0,86399,daily_bucket,,,,,,,,
2025-07-01,ofi_500ms,500ms,10,8.84885714247e-06,0.0884948353792,0,86399,daily_bucket,,,,,,,,
2025-07-01,ofi_500ms,500ms,,,,,863945,daily_monotonicity,,1,,,,,,
2025-07-01,ofi_500ms,500ms,,,,,863945,daily_top_bottom,0.172818281675,,,,,,,
2025-07-01,qi_1,500ms,1,-1.07521434571e-05,-0.107515988855,0,86396,daily_bucket,,,,,,,,
2025-07-01,qi_1,500ms,2,-3.62850509002e-06,-0.0362826816801,0,86392,daily_bucket,,,,,,,,
2025-07-01,qi_1,500ms,3,-2.10124697897e-06,-0.0210108451174,0,86396,daily_bucket,,,,,,,,
2025-07-01,qi_1,500ms,4,-9.33099721862e-07,-0.00932979446626,0,86391,daily_bucket,,,,,,,,
2025-07-01,qi_1,500ms,5,-4.75726888564e-07,-0.00475627125621,0,86396,daily_bucket,,,,,,,,
2025-07-01,qi_1,500ms,6,-2.28968027346e-07,-0.00228867290834,0,86391,daily_bucket,,,,,,,,
2025-07-01,qi_1,500ms,7,4.01896938268e-07,0.00402017313944,0,86396,daily_bucket,,,,,,,,
2025-07-01,qi_1,500ms,8,1.44409116353e-06,0.0144423102094,0,86396,daily_bucket,,,,,,,,
2025-07-01,qi_1,500ms,9,3.34623473623e-06,0.0334646435388,0,86396,daily_bucket,,,,,,,,
2025-07-01,qi_1,500ms,10,1.21304198801e-05,0.12131094636,0,86395,daily_bucket,,,,,,,,
2025-07-01,qi_1,500ms,,,,,863945,daily_monotonicity,,1,,,,,,
2025-07-01,qi_1,500ms,,,,,863945,daily_top_bottom,0.228826935216,,,,,,,
2025-07-01,trade_imbalance_500ms,500ms,1,-9.71383309601e-07,-0.00971264067061,0,65380,daily_bucket,,,,,,,,
2025-07-01,trade_imbalance_500ms,500ms,2,-1.52699752259e-06,-0.0152678640116,0,65380,daily_bucket,,,,,,,,
2025-07-01,trade_imbalance_500ms,500ms,3,-2.19376046213e-06,-0.0219346299176,0,65380,daily_bucket,,,,,,,,
2025-07-01,trade_imbalance_500ms,500ms,4,-4.7402729932e-06,-0.0473975681061,0,65380,daily_bucket,,,,,,,,
2025-07-01,trade_imbalance_500ms,500ms,5,-7.39549425433e-07,-0.00739296778618,0,65380,daily_bucket,,,,,,,,
2025-07-01,trade_imbalance_500ms,500ms,6,6.84540069844e-07,0.00684798696998,0,65381,daily_bucket,,,,,,,,
2025-07-01,trade_imbalance_500ms,500ms,7,4.46844204175e-06,0.0446889614104,0,65380,daily_bucket,,,,,,,,
2025-07-01,trade_imbalance_500ms,500ms,8,5.8174580192e-07,0.00581845613927,0,65377,daily_bucket,,,,,,,,
2025-07-01,trade_imbalance_500ms,500ms,9,2.2137926567e-06,0.022141786667,0,65379,daily_bucket,,,,,,,,
2025-07-01,trade_imbalance_500ms,500ms,10,1.19904371439e-06,0.0119927620227,0,65380,daily_bucket,,,,,,,,
2025-07-01,trade_imbalance_500ms,500ms,,,,,653797,daily_monotonicity,,0.769696969697,,,,,,
2025-07-01,trade_imbalance_500ms,500ms,,,,,653797,daily_top_bottom,0.0217054026933,,,,,,,
2025-07-01,di_10,5s,1,-5.00507603179e-05,-0.500451691873,-0.13022997812,86396,daily_bucket,,,,,,,,
2025-07-01,di_10,5s,2,-2.77033783292e-05,-0.276996703854,0,86396,daily_bucket,,,,,,,,
2025-07-01,di_10,5s,3,-1.82080948384e-05,-0.182046709009,0,86396,daily_bucket,,,,,,,,
2025-07-01,di_10,5s,4,-9.53302667074e-06,-0.0953031136987,0,86396,daily_bucket,,,,,,,,
2025-07-01,di_10,5s,5,-4.01459975948e-06,-0.0401210628996,0,86369,daily_bucket,,,,,,,,
2025-07-01,di_10,5s,6,-1.2833674056e-06,-0.0128083320672,0,86372,daily_bucket,,,,,,,,
2025-07-01,di_10,5s,7,4.95851756745e-06,0.049612775084,0,86394,daily_bucket,,,,,,,,
2025-07-01,di_10,5s,8,1.51716663531e-05,0.151750677541,0,86381,daily_bucket,,,,,,,,
2025-07-01,di_10,5s,9,2.71877790813e-05,0.271923760217,0,86386,daily_bucket,,,,,,,,
2025-07-01,di_10,5s,10,5.55206619195e-05,0.555270727359,0.159556608049,86395,daily_bucket,,,,,,,,
2025-07-01,di_10,5s,,,,,863881,daily_monotonicity,,1,,,,,,
2025-07-01,di_10,5s,,,,,863881,daily_top_bottom,1.05572241923,,,,,,,
2025-07-01,di_5,5s,1,-4.95986008114e-05,-0.495931122608,-0.120598732865,86396,daily_bucket,,,,,,,,
2025-07-01,di_5,5s,2,-2.79027992079e-05,-0.278989910404,0,86396,daily_bucket,,,,,,,,
2025-07-01,di_5,5s,3,-1.86694507521e-05,-0.186660512564,0,86396,daily_bucket,,,,,,,,
2025-07-01,di_5,5s,4,-9.04864570321e-06,-0.0904584903352,0,86395,daily_bucket,,,,,,,,
2025-07-01,di_5,5s,5,-3.8370106628e-06,-0.0383464231259,0,86370,daily_bucket,,,,,,,,
2025-07-01,di_5,5s,6,-1.22851305614e-06,-0.0122596094143,0,86372,daily_bucket,,,,,,,,
2025-07-01,di_5,5s,7,4.33082974358e-06,0.04333673632,0,86394,daily_bucket,,,,,,,,
2025-07-01,di_5,5s,8,1.55009303096e-05,0.155042529686,0,86380,daily_bucket,,,,,,,,
2025-07-01,di_5,5s,9,2.68393960238e-05,0.268440546062,0,86387,daily_bucket,,,,,,,,
2025-07-01,di_5,5s,10,5.56591448079e-05,0.5566554136,0.168374270185,86395,daily_bucket,,,,,,,,
2025-07-01,di_5,5s,,,,,863881,daily_monotonicity,,1,,,,,,
2025-07-01,di_5,5s,,,,,863881,daily_top_bottom,1.05258653621,,,,,,,
2025-07-01,microprice_deviation_bps,5s,1,-4.98077274173e-05,-0.498021905795,-0.124448712089,86396,daily_bucket,,,,,,,,
2025-07-01,microprice_deviation_bps,5s,2,-2.79307628716e-05,-0.279268704278,0,86396,daily_bucket,,,,,,,,
2025-07-01,microprice_deviation_bps,5s,3,-1.8225453577e-05,-0.1822212958,0,86396,daily_bucket,,,,,,,,
2025-07-01,microprice_deviation_bps,5s,4,-9.69982131508e-06,-0.0969707944531,0,86396,daily_bucket,,,,,,,,
2025-07-01,microprice_deviation_bps,5s,5,-3.57590004873e-06,-0.0357333495022,0,86369,daily_bucket,,,,,,,,
2025-07-01,microprice_deviation_bps,5s,6,-1.79226833324e-06,-0.0178976431435,0,86372,daily_bucket,,,,,,,,
2025-07-01,microprice_deviation_bps,5s,7,4.86754756327e-06,0.0487054604878,0,86394,daily_bucket,,,,,,,,
2025-07-01,microprice_deviation_bps,5s,8,1.49542986268e-05,0.149575265229,0,86396,daily_bucket,,,,,,,,
2025-07-01,microprice_deviation_bps,5s,9,2.77681122151e-05,0.277725277662,0,86371,daily_bucket,,,,,,,,
2025-07-01,microprice_deviation_bps,5s,10,5.54896201803e-05,0.554960492365,0.16666945225,86395,daily_bucket,,,,,,,,
2025-07-01,microprice_deviation_bps,5s,,,,,863881,daily_monotonicity,,1,,,,,,
2025-07-01,microprice_deviation_bps,5s,,,,,863881,daily_top_bottom,1.05298239816,,,,,,,
2025-07-01,ofi_5s,5s,1,-3.8657395741e-05,-0.386503604182,0,86400,daily_bucket,,,,,,,,
2025-07-01,ofi_5s,5s,2,-2.22776804208e-05,-0.222734411553,0,86397,daily_bucket,,,,,,,,
2025-07-01,ofi_5s,5s,3,-1.12381308748e-05,-0.112352787244,0,86346,daily_bucket,,,,,,,,
2025-07-01,ofi_5s,5s,4,-6.49980015182e-06,-0.0649742040575,0,86389,daily_bucket,,,,,,,,
2025-07-01,ofi_5s,5s,5,-3.19052947748e-06,-0.0318838500149,0,86397,daily_bucket,,,,,,,,
2025-07-01,ofi_5s,5s,6,1.07962480853e-06,0.0108148923104,0,86399,daily_bucket,,,,,,,,
2025-07-01,ofi_5s,5s,7,2.43885996731e-06,0.0244110683589,0,86393,daily_bucket,,,,,,,,
2025-07-01,ofi_5s,5s,8,1.08796790734e-05,0.108826929553,0,86369,daily_bucket,,,,,,,,
2025-07-01,ofi_5s,5s,9,2.46777570677e-05,0.246825190596,0,86393,daily_bucket,,,,,,,,
2025-07-01,ofi_5s,5s,10,3.48266381258e-05,0.34833734736,0,86398,daily_bucket,,,,,,,,
2025-07-01,ofi_5s,5s,,,,,863881,daily_monotonicity,,1,,,,,,
2025-07-01,ofi_5s,5s,,,,,863881,daily_top_bottom,0.734840951542,,,,,,,
2025-07-01,qi_1,5s,1,-4.96897379315e-05,-0.496842695202,-0.122483776906,86396,daily_bucket,,,,,,,,
2025-07-01,qi_1,5s,2,-2.79791109251e-05,-0.279751783298,0,86396,daily_bucket,,,,,,,,
2025-07-01,qi_1,5s,3,-1.82360547513e-05,-0.182327005182,0,86396,daily_bucket,,,,,,,,
2025-07-01,qi_1,5s,4,-9.75969919109e-06,-0.0975696629444,0,86396,daily_bucket,,,,,,,,
2025-07-01,qi_1,5s,5,-3.57437833644e-06,-0.035718110035,0,86369,daily_bucket,,,,,,,,
2025-07-01,qi_1,5s,6,-1.8090876619e-06,-0.018065670291,0,86372,daily_bucket,,,,,,,,
2025-07-01,qi_1,5s,7,4.91108835661e-06,0.0491408208132,0,86394,daily_bucket,,,,,,,,
2025-07-01,qi_1,5s,8,1.49122976481e-05,0.149155392341,0,86395,daily_bucket,,,,,,,,
2025-07-01,qi_1,5s,9,2.77575386181e-05,0.277619637277,0,86372,daily_bucket,,,,,,,,
2025-07-01,qi_1,5s,10,5.55146345596e-05,0.555210332857,0.166315548235,86395,daily_bucket,,,,,,,,
2025-07-01,qi_1,5s,,,,,863881,daily_monotonicity,,1,,,,,,
2025-07-01,qi_1,5s,,,,,863881,daily_top_bottom,1.05205302806,,,,,,,
2025-07-01,trade_imbalance_5s,5s,1,-1.98804946366e-05,-0.198766457286,0,86394,daily_bucket,,,,,,,,
2025-07-01,trade_imbalance_5s,5s,2,-1.51465528142e-05,-0.15142756303,0,86364,daily_bucket,,,,,,,,
2025-07-01,trade_imbalance_5s,5s,3,-8.10856097585e-06,-0.0810483384203,0,86366,daily_bucket,,,,,,,,
2025-07-01,trade_imbalance_5s,5s,4,-7.18933531728e-06,-0.0718585694927,0,86374,daily_bucket,,,,,,,,
2025-07-01,trade_imbalance_5s,5s,5,-4.22379758582e-06,-0.0422042309054,0,86395,daily_bucket,,,,,,,,
2025-07-01,trade_imbalance_5s,5s,6,1.34779175548e-06,0.0135124068294,0,86392,daily_bucket,,,,,,,,
2025-07-01,trade_imbalance_5s,5s,7,3.05961732861e-06,0.0306338142258,0,86375,daily_bucket,,,,,,,,
2025-07-01,trade_imbalance_5s,5s,8,9.99671754731e-06,0.100006210595,0,86391,daily_bucket,,,,,,,,
2025-07-01,trade_imbalance_5s,5s,9,1.37303563292e-05,0.137345403415,0,86394,daily_bucket,,,,,,,,
2025-07-01,trade_imbalance_5s,5s,10,1.84432602987e-05,0.184473717723,0,86395,daily_bucket,,,,,,,,
2025-07-01,trade_imbalance_5s,5s,,,,,863840,daily_monotonicity,,1,,,,,,
2025-07-01,trade_imbalance_5s,5s,,,,,863840,daily_top_bottom,0.383240175009,,,,,,,
2025-08-01,di_10,100ms,1,-9.60324436986e-06,-0.0960284838466,0,86400,daily_bucket,,,,,,,,
2025-08-01,di_10,100ms,2,-1.81634473106e-06,-0.0181624778894,0,86399,daily_bucket,,,,,,,,
2025-08-01,di_10,100ms,3,-9.23094003455e-07,-0.00923034133551,0,86399,daily_bucket,,,,,,,,
2025-08-01,di_10,100ms,4,-4.01167094085e-07,-0.00401123788344,0,86399,daily_bucket,,,,,,,,
2025-08-01,di_10,100ms,5,-1.29433863857e-07,-0.00129409305962,0,86398,daily_bucket,,,,,,,,
2025-08-01,di_10,100ms,6,4.24240975744e-08,0.00042450636955,0,86400,daily_bucket,,,,,,,,
2025-08-01,di_10,100ms,7,3.69673343784e-07,0.00369709856875,0,86399,daily_bucket,,,,,,,,
2025-08-01,di_10,100ms,8,7.86826491926e-07,0.00786870973841,0,86399,daily_bucket,,,,,,,,
2025-08-01,di_10,100ms,9,1.67068719977e-06,0.016707658046,0,86399,daily_bucket,,,,,,,,
2025-08-01,di_10,100ms,10,9.75454968937e-06,0.0975492471325,0,86399,daily_bucket,,,,,,,,
2025-08-01,di_10,100ms,,,,,863991,daily_monotonicity,,1,,,,,,
2025-08-01,di_10,100ms,,,,,863991,daily_top_bottom,0.193577730979,,,,,,,
2025-08-01,di_5,100ms,1,-9.78906074621e-06,-0.0978865906516,0,86400,daily_bucket,,,,,,,,
2025-08-01,di_5,100ms,2,-1.68312177965e-06,-0.016830243325,0,86399,daily_bucket,,,,,,,,
2025-08-01,di_5,100ms,3,-8.83055092516e-07,-0.00883001713773,0,86399,daily_bucket,,,,,,,,
2025-08-01,di_5,100ms,4,-4.00323947051e-07,-0.00400280953262,0,86399,daily_bucket,,,,,,,,
2025-08-01,di_5,100ms,5,-1.26966826322e-07,-0.00126939697793,0,86398,daily_bucket,,,,,,,,
2025-08-01,di_5,100ms,6,7.18726452969e-08,0.000719018509894,0,86400,daily_bucket,,,,,,,,
2025-08-01,di_5,100ms,7,3.69824014222e-07,0.00369858964865,0,86399,daily_bucket,,,,,,,,
2025-08-01,di_5,100ms,8,7.80218044022e-07,0.00780260705608,0,86399,daily_bucket,,,,,,,,
2025-08-01,di_5,100ms,9,1.52712978673e-06,0.0152720534354,0,86399,daily_bucket,,,,,,,,
2025-08-01,di_5,100ms,10,9.88436249997e-06,0.0988473931987,0,86399,daily_bucket,,,,,,,,
2025-08-01,di_5,100ms,,,,,863991,daily_monotonicity,,1,,,,,,
2025-08-01,di_5,100ms,,,,,863991,daily_top_bottom,0.19673398385,,,,,,,
2025-08-01,microprice_deviation_bps,100ms,1,-9.81678536465e-06,-0.0981636975534,0,86400,daily_bucket,,,,,,,,
2025-08-01,microprice_deviation_bps,100ms,2,-1.61590089596e-06,-0.0161581798294,0,86399,daily_bucket,,,,,,,,
2025-08-01,microprice_deviation_bps,100ms,3,-8.78164480351e-07,-0.00878108495953,0,86399,daily_bucket,,,,,,,,
2025-08-01,microprice_deviation_bps,100ms,4,-3.75247819957e-07,-0.00375208916705,0,86399,daily_bucket,,,,,,,,
2025-08-01,microprice_deviation_bps,100ms,5,-1.38048259367e-07,-0.00138019358743,0,86398,daily_bucket,,,,,,,,
2025-08-01,microprice_deviation_bps,100ms,6,8.38896005878e-08,0.000839153927843,0,86400,daily_bucket,,,,,,,,
2025-08-01,microprice_deviation_bps,100ms,7,3.79223190515e-07,0.00379259637151,0,86399,daily_bucket,,,,,,,,
2025-08-01,microprice_deviation_bps,100ms,8,7.72079967553e-07,0.0077211963937,0,86399,daily_bucket,,,,,,,,
2025-08-01,microprice_deviation_bps,100ms,9,1.41294398756e-06,0.0141300746053,0,86399,daily_bucket,,,,,,,,
2025-08-01,microprice_deviation_bps,100ms,10,9.92688872611e-06,0.0992728285566,0,86399,daily_bucket,,,,,,,,
2025-08-01,microprice_deviation_bps,100ms,,,,,863991,daily_monotonicity,,1,,,,,,
2025-08-01,microprice_deviation_bps,100ms,,,,,863991,daily_top_bottom,0.19743652611,,,,,,,
2025-08-01,ofi_100ms,100ms,1,-6.44861090993e-06,-0.0644831851369,0,86400,daily_bucket,,,,,,,,
2025-08-01,ofi_100ms,100ms,2,-1.8652088247e-06,-0.0186508909771,0,86399,daily_bucket,,,,,,,,
2025-08-01,ofi_100ms,100ms,3,-1.06851665354e-06,-0.0106843446306,0,86399,daily_bucket,,,,,,,,
2025-08-01,ofi_100ms,100ms,4,-2.95473160775e-07,-0.00295427958119,0,86399,daily_bucket,,,,,,,,
2025-08-01,ofi_100ms,100ms,5,6.87569821336e-08,0.000688000124254,0,86399,daily_bucket,,,,,,,,
2025-08-01,ofi_100ms,100ms,6,-1.09793217435e-07,-0.00109709823375,0,86399,daily_bucket,,,,,,,,
2025-08-01,ofi_100ms,100ms,7,2.29762572184e-07,0.00229807846526,0,86399,daily_bucket,,,,,,,,
2025-08-01,ofi_100ms,100ms,8,1.11967313725e-06,0.0111975638723,0,86399,daily_bucket,,,,,,,,
2025-08-01,ofi_100ms,100ms,9,1.81369260441e-06,0.0181380774286,0,86399,daily_bucket,,,,,,,,
2025-08-01,ofi_100ms,100ms,10,6.30655970725e-06,0.0630683192893,0,86399,daily_bucket,,,,,,,,
2025-08-01,ofi_100ms,100ms,,,,,863991,daily_monotonicity,,0.987878787879,,,,,,
2025-08-01,ofi_100ms,100ms,,,,,863991,daily_top_bottom,0.127551504426,,,,,,,
2025-08-01,qi_1,100ms,1,-9.79022263856e-06,-0.0978981306456,0,86400,daily_bucket,,,,,,,,
2025-08-01,qi_1,100ms,2,-1.61542588174e-06,-0.0161534255819,0,86399,daily_bucket,,,,,,,,
2025-08-01,qi_1,100ms,3,-8.94987102915e-07,-0.00894929628168,0,86399,daily_bucket,,,,,,,,
2025-08-01,qi_1,100ms,4,-3.84151632358e-07,-0.00384109620415,0,86399,daily_bucket,,,,,,,,
2025-08-01,qi_1,100ms,5,-1.39803162658e-07,-0.00139773232381,0,86398,daily_bucket,,,,,,,,
2025-08-01,qi_1,100ms,6,8.20873384866e-08,0.000821153219587,0,86400,daily_bucket,,,,,,,,
2025-08-01,qi_1,100ms,7,3.76169998654e-07,0.00376208753443,0,86399,daily_bucket,,,,,,,,
2025-08-01,qi_1,100ms,8,7.8926557036e-07,0.00789306412328,0,86399,daily_bucket,,,,,,,,
2025-08-01,qi_1,100ms,9,1.40644236713e-06,0.0140650624685,0,86399,daily_bucket,,,,,,,,
2025-08-01,qi_1,100ms,10,9.92150348875e-06,0.0992189153812,0,86399,daily_bucket,,,,,,,,
2025-08-01,qi_1,100ms,,,,,863991,daily_monotonicity,,1,,,,,,
2025-08-01,qi_1,100ms,,,,,863991,daily_top_bottom,0.197117046027,,,,,,,
2025-08-01,trade_imbalance_100ms,100ms,1,-4.35166551328e-06,-0.0435147483278,0,34220,daily_bucket,,,,,,,,
2025-08-01,trade_imbalance_100ms,100ms,2,-5.20692844422e-06,-0.0520668129096,0,34220,daily_bucket,,,,,,,,
2025-08-01,trade_imbalance_100ms,100ms,3,-7.80162918302e-06,-0.0780127727481,0,34220,daily_bucket,,,,,,,,
2025-08-01,trade_imbalance_100ms,100ms,4,-1.02150227219e-05,-0.102144356879,0,34220,daily_bucket,,,,,,,,
2025-08-01,trade_imbalance_100ms,100ms,5,7.16973144638e-06,0.071701726818,0,34220,daily_bucket,,,,,,,,
2025-08-01,trade_imbalance_100ms,100ms,6,2.82626842921e-06,0.028263883508,0,34220,daily_bucket,,,,,,,,
2025-08-01,trade_imbalance_100ms,100ms,7,2.43056033519e-06,0.0243067490809,0,34220,daily_bucket,,,,,,,,
2025-08-01,trade_imbalance_100ms,100ms,8,4.19493015888e-06,0.0419514070867,0,34220,daily_bucket,,,,,,,,
2025-08-01,trade_imbalance_100ms,100ms,9,5.89472692284e-06,0.0589497120635,0,34220,daily_bucket,,,,,,,,
2025-08-01,trade_imbalance_100ms,100ms,10,4.6308358592e-06,0.0463104080277,0,34220,daily_bucket,,,,,,,,
2025-08-01,trade_imbalance_100ms,100ms,,,,,342200,daily_monotonicity,,0.672727272727,,,,,,
2025-08-01,trade_imbalance_100ms,100ms,,,,,342200,daily_top_bottom,0.0898251563555,,,,,,,
2025-08-01,di_10,1s,1,-4.6965567207e-05,-0.469616699167,-0.0588319105311,86400,daily_bucket,,,,,,,,
2025-08-01,di_10,1s,2,-2.19915989458e-05,-0.219895718964,0,86399,daily_bucket,,,,,,,,
2025-08-01,di_10,1s,3,-1.3373690233e-05,-0.133720635245,0,86399,daily_bucket,,,,,,,,
2025-08-01,di_10,1s,4,-6.81819768766e-06,-0.0681666982224,0,86396,daily_bucket,,,,,,,,
2025-08-01,di_10,1s,5,-2.19256937513e-06,-0.0219124354642,0,86392,daily_bucket,,,,,,,,
2025-08-01,di_10,1s,6,1.19495301209e-06,0.0119632610921,0,86400,daily_bucket,,,,,,,,
2025-08-01,di_10,1s,7,6.21814742645e-06,0.0621953875478,0,86399,daily_bucket,,,,,,,,
2025-08-01,di_10,1s,8,1.2800095856e-05,0.128016492385,0,86399,daily_bucket,,,,,,,,
2025-08-01,di_10,1s,9,2.06423348923e-05,0.206443217666,0,86399,daily_bucket,,,,,,,,
2025-08-01,di_10,1s,10,4.79992467456e-05,0.480031704843,0.122979625921,86399,daily_bucket,,,,,,,,
2025-08-01,di_10,1s,,,,,863982,daily_monotonicity,,1,,,,,,
2025-08-01,di_10,1s,,,,,863982,daily_top_bottom,0.94964840401,,,,,,,
2025-08-01,di_5,1s,1,-4.73586563078e-05,-0.473547190066,-0.0810569845864,86400,daily_bucket,,,,,,,,
2025-08-01,di_5,1s,2,-2.17980025155e-05,-0.217959960956,0,86399,daily_bucket,,,,,,,,
2025-08-01,di_5,1s,3,-1.3485543309e-05,-0.134839097027,0,86399,daily_bucket,,,,,,,,
2025-08-01,di_5,1s,4,-6.71901630737e-06,-0.0671744623111,0,86396,daily_bucket,,,,,,,,
2025-08-01,di_5,1s,5,-2.09789066198e-06,-0.0209658982361,0,86392,daily_bucket,,,,,,,,
2025-08-01,di_5,1s,6,1.31951355992e-06,0.013208880484,0,86400,daily_bucket,,,,,,,,
2025-08-01,di_5,1s,7,6.07807866152e-06,0.0607945921324,0,86399,daily_bucket,,,,,,,,
2025-08-01,di_5,1s,8,1.30862031541e-05,0.130877771735,0,86399,daily_bucket,,,,,,,,
2025-08-01,di_5,1s,9,2.0383190271e-05,0.203851423454,0,86399,daily_bucket,,,,,,,,
2025-08-01,di_5,1s,10,4.81052921616e-05,0.481091959478,0.145086290071,86399,daily_bucket,,,,,,,,
2025-08-01,di_5,1s,,,,,863982,daily_monotonicity,,1,,,,,,
2025-08-01,di_5,1s,,,,,863982,daily_top_bottom,0.954639149543,,,,,,,
2025-08-01,microprice_deviation_bps,1s,1,-4.74239455094e-05,-0.474199064038,-0.0884388489798,86400,daily_bucket,,,,,,,,
2025-08-01,microprice_deviation_bps,1s,2,-2.13865766737e-05,-0.21384639361,0,86399,daily_bucket,,,,,,,,
2025-08-01,microprice_deviation_bps,1s,3,-1.37814317084e-05,-0.13779765005,0,86399,daily_bucket,,,,,,,,
2025-08-01,microprice_deviation_bps,1s,4,-6.65606548376e-06,-0.0665453456887,0,86396,daily_bucket,,,,,,,,
2025-08-01,microprice_deviation_bps,1s,5,-1.87889200735e-06,-0.0187758581812,0,86392,daily_bucket,,,,,,,,
2025-08-01,microprice_deviation_bps,1s,6,1.23694585879e-06,0.0123829432605,0,86400,daily_bucket,,,,,,,,
2025-08-01,microprice_deviation_bps,1s,7,6.14267884797e-06,0.061440838909,0,86399,daily_bucket,,,,,,,,
2025-08-01,microprice_deviation_bps,1s,8,1.32935914624e-05,0.132952128102,0,86399,daily_bucket,,,,,,,,
2025-08-01,microprice_deviation_bps,1s,9,2.01978776847e-05,0.201997079817,0,86399,daily_bucket,,,,,,,,
2025-08-01,microprice_deviation_bps,1s,10,4.77690078756e-05,0.477729556553,0.127132113298,86399,daily_bucket,,,,,,,,
2025-08-01,microprice_deviation_bps,1s,,,,,863982,daily_monotonicity,,1,,,,,,
2025-08-01,microprice_deviation_bps,1s,,,,,863982,daily_top_bottom,0.951928620592,,,,,,,
2025-08-01,ofi_1s,1s,1,-3.43456353476e-05,-0.343418859841,0,86400,daily_bucket,,,,,,,,
2025-08-01,ofi_1s,1s,2,-1.9875508534e-05,-0.198728169669,0,86399,daily_bucket,,,,,,,,
2025-08-01,ofi_1s,1s,3,-8.8406236106e-06,-0.0883897105219,0,86399,daily_bucket,,,,,,,,
2025-08-01,ofi_1s,1s,4,-3.85103483032e-06,-0.0384969629746,0,86396,daily_bucket,,,,,,,,
2025-08-01,ofi_1s,1s,5,-1.87623948562e-06,-0.0187522214692,0,86399,daily_bucket,,,,,,,,
2025-08-01,ofi_1s,1s,6,1.70733229866e-06,0.0170824995845,0,86400,daily_bucket,,,,,,,,
2025-08-01,ofi_1s,1s,7,3.89548893776e-06,0.0389672287777,0,86396,daily_bucket,,,,,,,,
2025-08-01,ofi_1s,1s,8,7.32729694895e-06,0.0732898061671,0,86395,daily_bucket,,,,,,,,
2025-08-01,ofi_1s,1s,9,1.87771865229e-05,0.187797495442,0,86399,daily_bucket,,,,,,,,
2025-08-01,ofi_1s,1s,10,3.45954947483e-05,0.345992802759,0,86399,daily_bucket,,,,,,,,
2025-08-01,ofi_1s,1s,,,,,863982,daily_monotonicity,,1,,,,,,
2025-08-01,ofi_1s,1s,,,,,863982,daily_top_bottom,0.6894116626,,,,,,,
2025-08-01,qi_1,1s,1,-4.74289250216e-05,-0.474249754509,-0.0842004862187,86400,daily_bucket,,,,,,,,
2025-08-01,qi_1,1s,2,-2.13871990046e-05,-0.213852554974,0,86399,daily_bucket,,,,,,,,
2025-08-01,qi_1,1s,3,-1.37964950375e-05,-0.137947966992,0,86399,daily_bucket,,,,,,,,
2025-08-01,qi_1,1s,4,-6.62957741843e-06,-0.0662800706993,0,86396,daily_bucket,,,,,,,,
2025-08-01,qi_1,1s,5,-1.88155376109e-06,-0.0188023493146,0,86392,daily_bucket,,,,,,,,
2025-08-01,qi_1,1s,6,1.25024344695e-06,0.0125160812705,0,86400,daily_bucket,,,,,,,,
2025-08-01,qi_1,1s,7,6.17611860281e-06,0.0617753472635,0,86399,daily_bucket,,,,,,,,
2025-08-01,qi_1,1s,8,1.33363512326e-05,0.133379838207,0,86399,daily_bucket,,,,,,,,
2025-08-01,qi_1,1s,9,2.00485327747e-05,0.200503644327,0,86399,daily_bucket,,,,,,,,
2025-08-01,qi_1,1s,10,4.78256951408e-05,0.478296026605,0.125787751252,86399,daily_bucket,,,,,,,,
2025-08-01,qi_1,1s,,,,,863982,daily_monotonicity,,1,,,,,,
2025-08-01,qi_1,1s,,,,,863982,daily_top_bottom,0.952545781113,,,,,,,
2025-08-01,trade_imbalance_1s,1s,1,-1.47089085396e-05,-0.147069543326,0,84414,daily_bucket,,,,,,,,
2025-08-01,trade_imbalance_1s,1s,2,-1.74704192432e-05,-0.17467970486,0,84412,daily_bucket,,,,,,,,
2025-08-01,trade_imbalance_1s,1s,3,-1.13474276822e-05,-0.113450980335,0,84415,daily_bucket,,,,,,,,
2025-08-01,trade_imbalance_1s,1s,4,-5.94701327807e-06,-0.0594458923026,0,84415,daily_bucket,,,,,,,,
2025-08-01,trade_imbalance_1s,1s,5,2.68367383137e-07,0.00270624476724,0,84412,daily_bucket,,,,,,,,
2025-08-01,trade_imbalance_1s,1s,6,5.35762328565e-06,0.0535977896727,0,84416,daily_bucket,,,,,,,,
2025-08-01,trade_imbalance_1s,1s,7,1.14528868835e-05,0.114551597504,0,84416,daily_bucket,,,,,,,,
2025-08-01,trade_imbalance_1s,1s,8,1.8734217623e-05,0.187368137302,0,84415,daily_bucket,,,,,,,,
2025-08-01,trade_imbalance_1s,1s,9,3.82075747338e-06,0.0382138986552,0,84416,daily_bucket,,,,,,,,
2025-08-01,trade_imbalance_1s,1s,10,7.27716293878e-06,0.0727900632945,0,84415,daily_bucket,,,,,,,,
2025-08-01,trade_imbalance_1s,1s,,,,,844146,daily_monotonicity,,0.854545454545,,,,,,
2025-08-01,trade_imbalance_1s,1s,,,,,844146,daily_top_bottom,0.219859606621,,,,,,,
2025-08-01,di_10,30s,1,-0.0001259851684,-1.25860443372,-1.09526274657,86344,daily_bucket,,,,,,,,
2025-08-01,di_10,30s,2,-8.45780026029e-05,-0.844746131206,-0.717453280593,86300,daily_bucket,,,,,,,,
2025-08-01,di_10,30s,3,-6.18209037603e-05,-0.617187646586,-0.411442981413,86330,daily_bucket,,,,,,,,
2025-08-01,di_10,30s,4,-3.7121877594e-05,-0.370154501818,-0.116832977102,86342,daily_bucket,,,,,,,,
2025-08-01,di_10,30s,5,-1.47992749072e-05,-0.146939475072,0,86380,daily_bucket,,,,,,,,
2025-08-01,di_10,30s,6,1.70338492295e-06,0.0180360175798,0,86400,daily_bucket,,,,,,,,
2025-08-01,di_10,30s,7,1.68875545574e-05,0.169838959633,0.000863044019258,86399,daily_bucket,,,,,,,,
2025-08-01,di_10,30s,8,4.72522447289e-05,0.47350726959,0.386853640156,86399,daily_bucket,,,,,,,,
2025-08-01,di_10,30s,9,7.35057799257e-05,0.736013941408,0.631099096404,86399,daily_bucket,,,,,,,,
2025-08-01,di_10,30s,10,0.000111437018596,1.11550052637,0.972421915149,86399,daily_bucket,,,,,,,,
2025-08-01,di_10,30s,,,,,863692,daily_monotonicity,,1,,,,,,
2025-08-01,di_10,30s,,,,,863692,daily_top_bottom,2.37410496009,,,,,,,
2025-08-01,di_5,30s,1,-0.000124398711685,-1.24274207946,-1.09376731701,86360,daily_bucket,,,,,,,,
2025-08-01,di_5,30s,2,-8.63807264317e-05,-0.862761639366,-0.725886672979,86246,daily_bucket,,,,,,,,
2025-08-01,di_5,30s,3,-6.25190421817e-05,-0.62417809475,-0.416552507995,86368,daily_bucket,,,,,,,,
2025-08-01,di_5,30s,4,-3.37995992278e-05,-0.336937701872,-0.046119968393,86342,daily_bucket,,,,,,,,
2025-08-01,di_5,30s,5,-1.52182798916e-05,-0.151115418288,0,86380,daily_bucket,,,,,,,,
2025-08-01,di_5,30s,6,3.22843025691e-07,0.00422598958623,0,86400,daily_bucket,,,,,,,,
2025-08-01,di_5,30s,7,1.83930258454e-05,0.184900072512,0,86399,daily_bucket,,,,,,,,
2025-08-01,di_5,30s,8,4.64478497342e-05,0.46546445541,0.42705042882,86399,daily_bucket,,,,,,,,
2025-08-01,di_5,30s,9,7.02108482445e-05,0.70305277798,0.555047627806,86399,daily_bucket,,,,,,,,
2025-08-01,di_5,30s,10,0.000113419595998,1.13532662577,0.989708973221,86399,daily_bucket,,,,,,,,
2025-08-01,di_5,30s,,,,,863692,daily_monotonicity,,1,,,,,,
2025-08-01,di_5,30s,,,,,863692,daily_top_bottom,2.37806870523,,,,,,,
2025-08-01,microprice_deviation_bps,30s,1,-0.000125458086336,-1.25331624606,-1.1118063798,86344,daily_bucket,,,,,,,,
2025-08-01,microprice_deviation_bps,30s,2,-8.32021342643e-05,-0.830988858198,-0.666252447836,86264,daily_bucket,,,,,,,,
2025-08-01,microprice_deviation_bps,30s,3,-6.41907777383e-05,-0.640905232081,-0.436388868207,86364,daily_bucket,,,,,,,,
2025-08-01,microprice_deviation_bps,30s,4,-3.63786975912e-05,-0.362729205235,-0.0943804699273,86344,daily_bucket,,,,,,,,
2025-08-01,microprice_deviation_bps,30s,5,-1.43994323305e-05,-0.142927137394,0,86380,daily_bucket,,,,,,,,
2025-08-01,microprice_deviation_bps,30s,6,-2.01641144225e-07,-0.00101414646446,0,86400,daily_bucket,,,,,,,,
2025-08-01,microprice_deviation_bps,30s,7,1.98223626637e-05,0.199199101572,0,86399,daily_bucket,,,,,,,,
2025-08-01,microprice_deviation_bps,30s,8,4.6856632832e-05,0.469542437955,0.426353357188,86399,daily_bucket,,,,,,,,
2025-08-01,microprice_deviation_bps,30s,9,6.99129050741e-05,0.700058083526,0.595409272817,86399,daily_bucket,,,,,,,,
2025-08-01,microprice_deviation_bps,30s,10,0.000113711678717,1.13826627706,0.981838193497,86399,daily_bucket,,,,,,,,
2025-08-01,microprice_deviation_bps,30s,,,,,863692,daily_monotonicity,,1,,,,,,
2025-08-01,microprice_deviation_bps,30s,,,,,863692,daily_top_bottom,2.39158252312,,,,,,,
2025-08-01,ofi_30s,30s,1,-3.86745254274e-05,-0.385109300768,-0.0527481322946,86400,daily_bucket,,,,,,,,
2025-08-01,ofi_30s,30s,2,-4.18310121427e-05,-0.417172514555,-0.117104119224,86372,daily_bucket,,,,,,,,
2025-08-01,ofi_30s,30s,3,-5.29074906108e-05,-0.52810002683,-0.349488825571,86216,daily_bucket,,,,,,,,
2025-08-01,ofi_30s,30s,4,-2.21217088964e-05,-0.220390881838,0,86332,daily_bucket,,,,,,,,
2025-08-01,ofi_30s,30s,5,-3.01151459581e-05,-0.300441870098,0,86376,daily_bucket,,,,,,,,
2025-08-01,ofi_30s,30s,6,-1.75663120483e-06,-0.0167541876307,0,86400,daily_bucket,,,,,,,,
2025-08-01,ofi_30s,30s,7,-2.57502388661e-06,-0.0248543463166,0,86399,daily_bucket,,,,,,,,
2025-08-01,ofi_30s,30s,8,1.72097640211e-05,0.172993170904,0.037193131259,86399,daily_bucket,,,,,,,,
2025-08-01,ofi_30s,30s,9,3.256012688e-05,0.326581010058,0.140047662023,86399,daily_bucket,,,,,,,,
2025-08-01,ofi_30s,30s,10,6.67968136889e-05,0.669557088332,0.183941199266,86399,daily_bucket,,,,,,,,
2025-08-01,ofi_30s,30s,,,,,863692,daily_monotonicity,,0.927272727273,,,,,,
2025-08-01,ofi_30s,30s,,,,,863692,daily_top_bottom,1.0546663891,,,,,,,
2025-08-01,qi_1,30s,1,-0.000125907120792,-1.25781861651,-1.1118063798,86361,daily_bucket,,,,,,,,
2025-08-01,qi_1,30s,2,-8.33443525459e-05,-0.832406788658,-0.666252447836,86250,daily_bucket,,,,,,,,
2025-08-01,qi_1,30s,3,-6.4205497366e-05,-0.641049037188,-0.435544783719,86363,daily_bucket,,,,,,,,
2025-08-01,qi_1,30s,4,-3.57333472617e-05,-0.356274229656,-0.0856065286539,86342,daily_bucket,,,,,,,,
2025-08-01,qi_1,30s,5,-1.43882777846e-05,-0.142812799847,0,86380,daily_bucket,,,,,,,,
2025-08-01,qi_1,30s,6,5.01829420875e-09,0.00105575508979,0,86400,daily_bucket,,,,,,,,
2025-08-01,qi_1,30s,7,1.97721097756e-05,0.198700283033,0,86399,daily_bucket,,,,,,,,
2025-08-01,qi_1,30s,8,4.70577954145e-05,0.471557094892,0.426353357188,86399,daily_bucket,,,,,,,,
2025-08-01,qi_1,30s,9,6.93008269832e-05,0.693936965644,0.579537925762,86399,daily_bucket,,,,,,,,
2025-08-01,qi_1,30s,10,0.000113925250368,1.14039235948,0.989708973221,86399,daily_bucket,,,,,,,,
2025-08-01,qi_1,30s,,,,,863692,daily_monotonicity,,1,,,,,,
2025-08-01,qi_1,30s,,,,,863692,daily_top_bottom,2.398210976,,,,,,,
2025-08-01,trade_imbalance_30s,30s,1,-9.16536881677e-06,-0.090745258372,0,86328,daily_bucket,,,,,,,,
2025-08-01,trade_imbalance_30s,30s,2,-6.03793134428e-05,-0.602699148905,-0.11610041074,86370,daily_bucket,,,,,,,,
2025-08-01,trade_imbalance_30s,30s,3,-2.17513311048e-05,-0.216414614013,-0.000874370644405,86352,daily_bucket,,,,,,,,
2025-08-01,trade_imbalance_30s,30s,4,-1.86833000865e-05,-0.185753096154,0,86276,daily_bucket,,,,,,,,
2025-08-01,trade_imbalance_30s,30s,5,1.43054959541e-07,0.00263937258534,0,86386,daily_bucket,,,,,,,,
2025-08-01,trade_imbalance_30s,30s,6,6.472523285e-07,0.0075701756014,0,86384,daily_bucket,,,,,,,,
2025-08-01,trade_imbalance_30s,30s,7,-1.09853952584e-05,-0.108617263375,0,86399,daily_bucket,,,,,,,,
2025-08-01,trade_imbalance_30s,30s,8,1.41653072014e-05,0.142861025614,0.0962670458258,86399,daily_bucket,,,,,,,,
2025-08-01,trade_imbalance_30s,30s,9,5.65026320592e-06,0.0574244928888,0,86399,daily_bucket,,,,,,,,
2025-08-01,trade_imbalance_30s,30s,10,2.70277409065e-05,0.270880289269,0.0318993057892,86399,daily_bucket,,,,,,,,
2025-08-01,trade_imbalance_30s,30s,,,,,863692,daily_monotonicity,,0.806060606061,,,,,,
2025-08-01,trade_imbalance_30s,30s,,,,,863692,daily_top_bottom,0.361625547641,,,,,,,
2025-08-01,di_10,500ms,1,-3.10020441214e-05,-0.310000890758,0,86400,daily_bucket,,,,,,,,
2025-08-01,di_10,500ms,2,-1.19942885712e-05,-0.119934041667,0,86399,daily_bucket,,,,,,,,
2025-08-01,di_10,500ms,3,-7.05138605388e-06,-0.0705075946631,0,86399,daily_bucket,,,,,,,,
2025-08-01,di_10,500ms,4,-3.38848338e-06,-0.0338794347905,0,86399,daily_bucket,,,,,,,,
2025-08-01,di_10,500ms,5,-1.10902487018e-06,-0.0110862916527,0,86394,daily_bucket,,,,,,,,
2025-08-01,di_10,500ms,6,5.71060329854e-07,0.00571511750311,0,86400,daily_bucket,,,,,,,,
2025-08-01,di_10,500ms,7,3.32902770121e-06,0.0332950898129,0,86399,daily_bucket,,,,,,,,
2025-08-01,di_10,500ms,8,6.46487052247e-06,0.064654254076,0,86399,daily_bucket,,,,,,,,
2025-08-01,di_10,500ms,9,1.11797953585e-05,0.111805883887,0,86399,daily_bucket,,,,,,,,
2025-08-01,di_10,500ms,10,3.17569827235e-05,0.317589449053,0,86399,daily_bucket,,,,,,,,
2025-08-01,di_10,500ms,,,,,863987,daily_monotonicity,,1,,,,,,
2025-08-01,di_10,500ms,,,,,863987,daily_top_bottom,0.627590339811,,,,,,,
2025-08-01,di_5,500ms,1,-3.12959808635e-05,-0.31294016627,0,86400,daily_bucket,,,,,,,,
2025-08-01,di_5,500ms,2,-1.18836265456e-05,-0.118827410207,0,86399,daily_bucket,,,,,,,,
2025-08-01,di_5,500ms,3,-7.05002081689e-06,-0.0704940329691,0,86399,daily_bucket,,,,,,,,
2025-08-01,di_5,500ms,4,-3.30004901766e-06,-0.0329949766206,0,86399,daily_bucket,,,,,,,,
2025-08-01,di_5,500ms,5,-1.11992152153e-06,-0.0111951729455,0,86394,daily_bucket,,,,,,,,
2025-08-01,di_5,500ms,6,7.26718209604e-07,0.00727171900684,0,86400,daily_bucket,,,,,,,,
2025-08-01,di_5,500ms,7,3.22887780592e-06,0.0322935436136,0,86399,daily_bucket,,,,,,,,
2025-08-01,di_5,500ms,8,6.64479986257e-06,0.0664536347867,0,86399,daily_bucket,,,,,,,,
2025-08-01,di_5,500ms,9,1.09028436481e-05,0.109036144071,0,86399,daily_bucket,,,,,,,,
2025-08-01,di_5,500ms,10,3.19028698478e-05,0.319048268036,0,86399,daily_bucket,,,,,,,,
2025-08-01,di_5,500ms,,,,,863987,daily_monotonicity,,1,,,,,,
2025-08-01,di_5,500ms,,,,,863987,daily_top_bottom,0.631988434306,,,,,,,
2025-08-01,microprice_deviation_bps,500ms,1,-3.13366585513e-05,-0.31334608962,0,86400,daily_bucket,,,,,,,,
2025-08-01,microprice_deviation_bps,500ms,2,-1.16283891979e-05,-0.116275833241,0,86399,daily_bucket,,,,,,,,
2025-08-01,microprice_deviation_bps,500ms,3,-7.18087474562e-06,-0.0718021299902,0,86399,daily_bucket,,,,,,,,
2025-08-01,microprice_deviation_bps,500ms,4,-3.23650420812e-06,-0.0323600256354,0,86399,daily_bucket,,,,,,,,
2025-08-01,microprice_deviation_bps,500ms,5,-1.10885167076e-06,-0.0110842547121,0,86394,daily_bucket,,,,,,,,
2025-08-01,microprice_deviation_bps,500ms,6,7.79272533148e-07,0.00779710594946,0,86400,daily_bucket,,,,,,,,
2025-08-01,microprice_deviation_bps,500ms,7,3.22938331156e-06,0.0322986434861,0,86399,daily_bucket,,,,,,,,
2025-08-01,microprice_deviation_bps,500ms,8,6.77544582802e-06,0.0677600867072,0,86399,daily_bucket,,,,,,,,
2025-08-01,microprice_deviation_bps,500ms,9,1.06811765027e-05,0.106818870147,0,86399,daily_bucket,,,,,,,,
2025-08-01,microprice_deviation_bps,500ms,10,3.17825113102e-05,0.317845182449,0,86399,daily_bucket,,,,,,,,
2025-08-01,microprice_deviation_bps,500ms,,,,,863987,daily_monotonicity,,1,,,,,,
2025-08-01,microprice_deviation_bps,500ms,,,,,863987,daily_top_bottom,0.631191272069,,,,,,,
2025-08-01,ofi_500ms,500ms,1,-2.47546495439e-05,-0.247526402816,0,86400,daily_bucket,,,,,,,,
2025-08-01,ofi_500ms,500ms,2,-9.11741516311e-06,-0.0911645021626,0,86399,daily_bucket,,,,,,,,
2025-08-01,ofi_500ms,500ms,3,-4.16704159746e-06,-0.0416646085884,0,86399,daily_bucket,,,,,,,,
2025-08-01,ofi_500ms,500ms,4,-2.16468162775e-06,-0.0216414404457,0,86399,daily_bucket,,,,,,,,
2025-08-01,ofi_500ms,500ms,5,-1.11235100766e-06,-0.0111200167589,0,86399,daily_bucket,,,,,,,,
2025-08-01,ofi_500ms,500ms,6,8.04107532874e-07,0.00804468935732,0,86399,daily_bucket,,,,,,,,
2025-08-01,ofi_500ms,500ms,7,2.33230778159e-06,0.0233284265829,0,86399,daily_bucket,,,,,,,,
2025-08-01,ofi_500ms,500ms,8,3.91314492317e-06,0.0391376844107,0,86398,daily_bucket,,,,,,,,
2025-08-01,ofi_500ms,500ms,9,8.10953286897e-06,0.0811039856649,0,86396,daily_bucket,,,,,,,,
2025-08-01,ofi_500ms,500ms,10,2.49138808294e-05,0.249156979318,0,86399,daily_bucket,,,,,,,,
2025-08-01,ofi_500ms,500ms,,,,,863987,daily_monotonicity,,1,,,,,,
2025-08-01,ofi_500ms,500ms,,,,,863987,daily_top_bottom,0.496683382134,,,,,,,
2025-08-01,qi_1,500ms,1,-3.1291648014e-05,-0.312896602553,0,86400,daily_bucket,,,,,,,,
2025-08-01,qi_1,500ms,2,-1.16729841826e-05,-0.116721696603,0,86399,daily_bucket,,,,,,,,
2025-08-01,qi_1,500ms,3,-7.17686123224e-06,-0.0717617993741,0,86399,daily_bucket,,,,,,,,
2025-08-01,qi_1,500ms,4,-3.23365080831e-06,-0.032331268582,0,86399,daily_bucket,,,,,,,,
2025-08-01,qi_1,500ms,5,-1.11839599144e-06,-0.01117958361,0,86394,daily_bucket,,,,,,,,
2025-08-01,qi_1,500ms,6,7.91348126027e-07,0.00791795711629,0,86400,daily_bucket,,,,,,,,
2025-08-01,qi_1,500ms,7,3.23696207366e-06,0.0323745073648,0,86399,daily_bucket,,,,,,,,
2025-08-01,qi_1,500ms,8,6.82434163483e-06,0.0682491107966,0,86399,daily_bucket,,,,,,,,
2025-08-01,qi_1,500ms,9,1.06148349691e-05,0.106155543091,0,86399,daily_bucket,,,,,,,,
2025-08-01,qi_1,500ms,10,3.17825633239e-05,0.317845375774,0,86399,daily_bucket,,,,,,,,
2025-08-01,qi_1,500ms,,,,,863987,daily_monotonicity,,1,,,,,,
2025-08-01,qi_1,500ms,,,,,863987,daily_top_bottom,0.630741978326,,,,,,,
2025-08-01,trade_imbalance_500ms,500ms,1,-5.85627666692e-06,-0.0585559363691,0,75634,daily_bucket,,,,,,,,
2025-08-01,trade_imbalance_500ms,500ms,2,-1.38072416823e-05,-0.138059289579,0,75633,daily_bucket,,,,,,,,
2025-08-01,trade_imbalance_500ms,500ms,3,-1.16286584321e-05,-0.116273679276,0,75633,daily_bucket,,,,,,,,
2025-08-01,trade_imbalance_500ms,500ms,4,-4.52307861416e-06,-0.0452203146376,0,75633,daily_bucket,,,,,,,,
2025-08-01,trade_imbalance_500ms,500ms,5,1.48049032873e-06,0.0148141106485,0,75633,daily_bucket,,,,,,,,
2025-08-01,trade_imbalance_500ms,500ms,6,8.77525121079e-06,0.0877637146383,0,75633,daily_bucket,,,,,,,,
2025-08-01,trade_imbalance_500ms,500ms,7,1.14258301929e-05,0.114270013127,0,75634,daily_bucket,,,,,,,,
2025-08-01,trade_imbalance_500ms,500ms,8,2.48539382543e-06,0.0248567150374,0,75633,daily_bucket,,,,,,,,
2025-08-01,trade_imbalance_500ms,500ms,9,5.76920372373e-06,0.0577000202447,0,75633,daily_bucket,,,,,,,,
2025-08-01,trade_imbalance_500ms,500ms,10,4.75549909543e-06,0.047562585946,0,75629,daily_bucket,,,,,,,,
2025-08-01,trade_imbalance_500ms,500ms,,,,,756328,daily_monotonicity,,0.769696969697,,,,,,
2025-08-01,trade_imbalance_500ms,500ms,,,,,756328,daily_top_bottom,0.106118522315,,,,,,,
2025-08-01,di_10,5s,1,-8.95355244126e-05,-0.895170444841,-0.771102004722,86400,daily_bucket,,,,,,,,
2025-08-01,di_10,5s,2,-5.78561071019e-05,-0.57842447958,-0.181580421515,86399,daily_bucket,,,,,,,,
2025-08-01,di_10,5s,3,-3.67040848799e-05,-0.366914368862,0,86399,daily_bucket,,,,,,,,
2025-08-01,di_10,5s,4,-2.13283124465e-05,-0.213153154596,0,86361,daily_bucket,,,,,,,,
2025-08-01,di_10,5s,5,-4.73403255861e-06,-0.047211564677,0,86387,daily_bucket,,,,,,,,
2025-08-01,di_10,5s,6,4.9382695156e-06,0.0494994401815,0,86400,daily_bucket,,,,,,,,
2025-08-01,di_10,5s,7,1.92389620525e-05,0.192510975165,0,86399,daily_bucket,,,,,,,,
2025-08-01,di_10,5s,8,3.6202462923e-05,0.362155562826,0,86399,daily_bucket,,,,,,,,
2025-08-01,di_10,5s,9,5.02038898771e-05,0.502178352894,0.0400836545871,86399,daily_bucket,,,,,,,,
2025-08-01,di_10,5s,10,8.72393471278e-05,0.87258537423,0.729219870599,86399,daily_bucket,,,,,,,,
2025-08-01,di_10,5s,,,,,863942,daily_monotonicity,,1,,,,,,
2025-08-01,di_10,5s,,,,,863942,daily_top_bottom,1.76775581907,,,,,,,
2025-08-01,di_5,5s,1,-8.98339388906e-05,-0.898153984885,-0.776072515867,86400,daily_bucket,,,,,,,,
2025-08-01,di_5,5s,2,-5.83001848967e-05,-0.582863669243,-0.198301525783,86399,daily_bucket,,,,,,,,
2025-08-01,di_5,5s,3,-3.68824658885e-05,-0.368700240227,0,86399,daily_bucket,,,,,,,,
2025-08-01,di_5,5s,4,-2.00497085738e-05,-0.200366787115,0,86361,daily_bucket,,,,,,,,
2025-08-01,di_5,5s,5,-5.27608512138e-06,-0.0526332393421,0,86387,daily_bucket,,,,,,,,
2025-08-01,di_5,5s,6,4.79655665537e-06,0.0480843168639,0,86400,daily_bucket,,,,,,,,
2025-08-01,di_5,5s,7,1.88122889869e-05,0.188244734628,0,86399,daily_bucket,,,,,,,,
2025-08-01,di_5,5s,8,3.60776077799e-05,0.360908203207,0,86399,daily_bucket,,,,,,,,
2025-08-01,di_5,5s,9,5.0557642693e-05,0.505713246422,0.0267666657788,86399,daily_bucket,,,,,,,,
2025-08-01,di_5,5s,10,8.77636495159e-05,0.87782803402,0.72712354551,86399,daily_bucket,,,,,,,,
2025-08-01,di_5,5s,,,,,863942,daily_monotonicity,,1,,,,,,
2025-08-01,di_5,5s,,,,,863942,daily_top_bottom,1.77598201891,,,,,,,
2025-08-01,microprice_deviation_bps,5s,1,-9.06692359314e-05,-0.906503238214,-0.786486691565,86400,daily_bucket,,,,,,,,
2025-08-01,microprice_deviation_bps,5s,2,-5.68879839867e-05,-0.568743682127,-0.175351405729,86399,daily_bucket,,,,,,,,
2025-08-01,microprice_deviation_bps,5s,3,-3.72964857381e-05,-0.372841598857,0,86399,daily_bucket,,,,,,,,
2025-08-01,microprice_deviation_bps,5s,4,-1.99651342566e-05,-0.199521344198,0,86361,daily_bucket,,,,,,,,
2025-08-01,microprice_deviation_bps,5s,5,-5.21996846239e-06,-0.052073319355,0,86387,daily_bucket,,,,,,,,
2025-08-01,microprice_deviation_bps,5s,6,3.84282005095e-06,0.0385480193445,0,86400,daily_bucket,,,,,,,,
2025-08-01,microprice_deviation_bps,5s,7,1.94075329317e-05,0.194199265248,0,86399,daily_bucket,,,,,,,,
2025-08-01,microprice_deviation_bps,5s,8,3.66347094912e-05,0.366477909029,0,86399,daily_bucket,,,,,,,,
2025-08-01,microprice_deviation_bps,5s,9,5.04689448728e-05,0.504824756701,0.0267666657788,86399,daily_bucket,,,,,,,,
2025-08-01,microprice_deviation_bps,5s,10,8.73502289869e-05,0.873694503379,0.71933734851,86399,daily_bucket,,,,,,,,
2025-08-01,microprice_deviation_bps,5s,,,,,863942,daily_monotonicity,,1,,,,,,
2025-08-01,microprice_deviation_bps,5s,,,,,863942,daily_top_bottom,1.78019774159,,,,,,,
2025-08-01,ofi_5s,5s,1,-4.67222096555e-05,-0.467026691999,-0.199207375247,86400,daily_bucket,,,,,,,,
2025-08-01,ofi_5s,5s,2,-3.50791271183e-05,-0.350628238091,0,86399,daily_bucket,,,,,,,,
2025-08-01,ofi_5s,5s,3,-3.21730490751e-05,-0.321582080766,0,86399,daily_bucket,,,,,,,,
2025-08-01,ofi_5s,5s,4,-1.68458244229e-05,-0.168344911276,0,86399,daily_bucket,,,,,,,,
2025-08-01,ofi_5s,5s,5,-6.65025106234e-06,-0.0664230245677,0,86386,daily_bucket,,,,,,,,
2025-08-01,ofi_5s,5s,6,6.24254563419e-06,0.0624994312803,0,86381,daily_bucket,,,,,,,,
2025-08-01,ofi_5s,5s,7,1.77004220953e-05,0.177114755745,0,86381,daily_bucket,,,,,,,,
2025-08-01,ofi_5s,5s,8,2.51457845196e-05,0.251598756166,0,86399,daily_bucket,,,,,,,,
2025-08-01,ofi_5s,5s,9,3.48354544255e-05,0.348528697701,0,86399,daily_bucket,,,,,,,,
2025-08-01,ofi_5s,5s,10,4.12247120589e-05,0.412454848155,0.102431618106,86399,daily_bucket,,,,,,,,
2025-08-01,ofi_5s,5s,,,,,863942,daily_monotonicity,,1,,,,,,
2025-08-01,ofi_5s,5s,,,,,863942,daily_top_bottom,0.879481540154,,,,,,,
2025-08-01,qi_1,5s,1,-9.07683941748e-05,-0.907496739642,-0.785545763093,86400,daily_bucket,,,,,,,,
2025-08-01,qi_1,5s,2,-5.66442516981e-05,-0.566305832441,-0.173674422373,86399,daily_bucket,,,,,,,,
2025-08-01,qi_1,5s,3,-3.74082754795e-05,-0.373958936845,0,86399,daily_bucket,,,,,,,,
2025-08-01,qi_1,5s,4,-1.9993701683e-05,-0.199806872446,0,86361,daily_bucket,,,,,,,,
2025-08-01,qi_1,5s,5,-5.20828348883e-06,-0.0519557500581,0,86387,daily_bucket,,,,,,,,
2025-08-01,qi_1,5s,6,3.91792987372e-06,0.0392998947841,0,86400,daily_bucket,,,,,,,,
2025-08-01,qi_1,5s,7,1.93139761546e-05,0.193263660108,0,86399,daily_bucket,,,,,,,,
2025-08-01,qi_1,5s,8,3.66608080002e-05,0.366740008405,0,86399,daily_bucket,,,,,,,,
2025-08-01,qi_1,5s,9,4.99048596976e-05,0.499183148826,0.00865388663573,86399,daily_bucket,,,,,,,,
2025-08-01,qi_1,5s,10,8.78907500932e-05,0.879098583805,0.72209371725,86399,daily_bucket,,,,,,,,
2025-08-01,qi_1,5s,,,,,863942,daily_monotonicity,,1,,,,,,
2025-08-01,qi_1,5s,,,,,863942,daily_top_bottom,1.78659532345,,,,,,,
2025-08-01,trade_imbalance_5s,5s,1,-3.45750945336e-05,-0.345631288199,0,86400,daily_bucket,,,,,,,,
2025-08-01,trade_imbalance_5s,5s,2,-2.48250406327e-05,-0.248111513711,0,86383,daily_bucket,,,,,,,,
2025-08-01,trade_imbalance_5s,5s,3,-1.46947659171e-05,-0.146793931923,0,86390,daily_bucket,,,,,,,,
2025-08-01,trade_imbalance_5s,5s,4,-1.00545121268e-05,-0.100380534397,0,86399,daily_bucket,,,,,,,,
2025-08-01,trade_imbalance_5s,5s,5,-2.94347886051e-06,-0.0292731291688,0,86399,daily_bucket,,,,,,,,
2025-08-01,trade_imbalance_5s,5s,6,2.68344529828e-06,0.0270023165505,0,86383,daily_bucket,,,,,,,,
2025-08-01,trade_imbalance_5s,5s,7,1.02402073971e-05,0.102545570201,0,86399,daily_bucket,,,,,,,,
2025-08-01,trade_imbalance_5s,5s,8,1.50823299348e-05,0.150951046796,0,86399,daily_bucket,,,,,,,,
2025-08-01,trade_imbalance_5s,5s,9,2.18281264826e-05,0.218405475413,0,86398,daily_bucket,,,,,,,,
2025-08-01,trade_imbalance_5s,5s,10,2.4929753589e-05,0.249402696359,0,86392,daily_bucket,,,,,,,,
2025-08-01,trade_imbalance_5s,5s,,,,,863942,daily_monotonicity,,1,,,,,,
2025-08-01,trade_imbalance_5s,5s,,,,,863942,daily_top_bottom,0.595033984557,,,,,,,
2025-09-01,di_10,100ms,1,-6.06035012559e-06,-0.0606015452309,0,86397,daily_bucket,,,,,,,,
2025-09-01,di_10,100ms,2,-1.41316941729e-06,-0.0141311352196,0,86397,daily_bucket,,,,,,,,
2025-09-01,di_10,100ms,3,-7.14118316212e-07,-0.00714084589691,0,86397,daily_bucket,,,,,,,,
2025-09-01,di_10,100ms,4,-2.4297595132e-07,-0.00242959387771,0,86397,daily_bucket,,,,,,,,
2025-09-01,di_10,100ms,5,-4.33334972417e-08,-0.000433153814994,0,86397,daily_bucket,,,,,,,,
2025-09-01,di_10,100ms,6,4.93193938251e-08,0.000493365329648,0,86397,daily_bucket,,,,,,,,
2025-09-01,di_10,100ms,7,2.69342142485e-07,0.00269366372196,0,86397,daily_bucket,,,,,,,,
2025-09-01,di_10,100ms,8,5.90830083667e-07,0.00590863092887,0,86394,daily_bucket,,,,,,,,
2025-09-01,di_10,100ms,9,1.41208460382e-06,0.014121430892,0,86397,daily_bucket,,,,,,,,
2025-09-01,di_10,100ms,10,6.25857970262e-06,0.0625879394844,0,86396,daily_bucket,,,,,,,,
2025-09-01,di_10,100ms,,,,,863966,daily_monotonicity,,1,,,,,,
2025-09-01,di_10,100ms,,,,,863966,daily_top_bottom,0.123189484715,,,,,,,
2025-09-01,di_5,100ms,1,-5.98825629508e-06,-0.0598806131611,0,86397,daily_bucket,,,,,,,,
2025-09-01,di_5,100ms,2,-1.45633374411e-06,-0.0145627853635,0,86397,daily_bucket,,,,,,,,
2025-09-01,di_5,100ms,3,-7.26936447536e-07,-0.00726901855774,0,86397,daily_bucket,,,,,,,,
2025-09-01,di_5,100ms,4,-2.46772384567e-07,-0.00246753911129,0,86397,daily_bucket,,,,,,,,
2025-09-01,di_5,100ms,5,-5.80275028242e-08,-0.000580125007824,0,86397,daily_bucket,,,,,,,,
2025-09-01,di_5,100ms,6,6.57771933834e-08,0.00065796712199,0,86397,daily_bucket,,,,,,,,
2025-09-01,di_5,100ms,7,2.6985806912e-07,0.00269881376153,0,86397,daily_bucket,,,,,,,,
2025-09-01,di_5,100ms,8,6.35684271832e-07,0.00635719736423,0,86395,daily_bucket,,,,,,,,
2025-09-01,di_5,100ms,9,1.36346571963e-06,0.0136352178033,0,86396,daily_bucket,,,,,,,,
2025-09-01,di_5,100ms,10,6.24775959488e-06,0.0624797400297,0,86396,daily_bucket,,,,,,,,
2025-09-01,di_5,100ms,,,,,863966,daily_monotonicity,,1,,,,,,
2025-09-01,di_5,100ms,,,,,863966,daily_top_bottom,0.122360353191,,,,,,,
2025-09-01,microprice_deviation_bps,100ms,1,-5.83940690156e-06,-0.058392152847,0,86397,daily_bucket,,,,,,,,
2025-09-01,microprice_deviation_bps,100ms,2,-1.54846506347e-06,-0.0154840521349,0,86397,daily_bucket,,,,,,,,
2025-09-01,microprice_deviation_bps,100ms,3,-7.3693626079e-07,-0.00736902860803,0,86397,daily_bucket,,,,,,,,
2025-09-01,microprice_deviation_bps,100ms,4,-2.5106009188e-07,-0.0025104192767,0,86397,daily_bucket,,,,,,,,
2025-09-01,microprice_deviation_bps,100ms,5,-5.76956694134e-08,-0.000576792373492,0,86397,daily_bucket,,,,,,,,
2025-09-01,microprice_deviation_bps,100ms,6,7.11182107797e-08,0.000711379715442,0,86397,daily_bucket,,,,,,,,
2025-09-01,microprice_deviation_bps,100ms,7,2.66055992169e-07,0.00266079268279,0,86396,daily_bucket,,,,,,,,
2025-09-01,microprice_deviation_bps,100ms,8,6.37422379963e-07,0.00637455183467,0,86396,daily_bucket,,,,,,,,
2025-09-01,microprice_deviation_bps,100ms,9,1.35422831294e-06,0.0135428364936,0,86396,daily_bucket,,,,,,,,
2025-09-01,microprice_deviation_bps,100ms,10,6.21095277491e-06,0.0621116914807,0,86396,daily_bucket,,,,,,,,
2025-09-01,microprice_deviation_bps,100ms,,,,,863966,daily_monotonicity,,1,,,,,,
2025-09-01,microprice_deviation_bps,100ms,,,,,863966,daily_top_bottom,0.120503844328,,,,,,,
2025-09-01,ofi_100ms,100ms,1,-4.58443054036e-06,-0.0458427332427,0,86398,daily_bucket,,,,,,,,
2025-09-01,ofi_100ms,100ms,2,-1.11652802988e-06,-0.0111645683822,0,86398,daily_bucket,,,,,,,,
2025-09-01,ofi_100ms,100ms,3,-3.90741022724e-07,-0.00390701985599,0,86397,daily_bucket,,,,,,,,
2025-09-01,ofi_100ms,100ms,4,-1.6674329344e-08,-0.00016642125238,0,86398,daily_bucket,,,,,,,,
2025-09-01,ofi_100ms,100ms,5,-1.53666617564e-08,-0.000153388480177,0,86392,daily_bucket,,,,,,,,
2025-09-01,ofi_100ms,100ms,6,-3.8549688555e-08,-0.00038520882715,0,86392,daily_bucket,,,,,,,,
2025-09-01,ofi_100ms,100ms,7,-1.53597943471e-08,-0.000153342204066,0,86398,daily_bucket,,,,,,,,
2025-09-01,ofi_100ms,100ms,8,3.80547974368e-07,0.00380585236803,0,86398,daily_bucket,,,,,,,,
2025-09-01,ofi_100ms,100ms,9,1.15000330798e-06,0.0115007083857,0,86398,daily_bucket,,,,,,,,
2025-09-01,ofi_100ms,100ms,10,4.75325996875e-06,0.0475344034124,0,86397,daily_bucket,,,,,,,,
2025-09-01,ofi_100ms,100ms,,,,,863966,daily_monotonicity,,0.963636363636,,,,,,
2025-09-01,ofi_100ms,100ms,,,,,863966,daily_top_bottom,0.0933771366551,,,,,,,
2025-09-01,qi_1,100ms,1,-5.80097592567e-06,-0.058007884412,0,86397,daily_bucket,,,,,,,,
2025-09-01,qi_1,100ms,2,-1.5508054212e-06,-0.0155074650202,0,86397,daily_bucket,,,,,,,,
2025-09-01,qi_1,100ms,3,-7.58611347947e-07,-0.00758574741182,0,86397,daily_bucket,,,,,,,,
2025-09-01,qi_1,100ms,4,-2.56065130412e-07,-0.00256046067775,0,86397,daily_bucket,,,,,,,,
2025-09-01,qi_1,100ms,5,-6.34272010081e-08,-0.000634100999726,0,86397,daily_bucket,,,,,,,,
2025-09-01,qi_1,100ms,6,7.18486426521e-08,0.000718690007837,0,86397,daily_bucket,,,,,,,,
2025-09-01,qi_1,100ms,7,2.65619970799e-07,0.00265644065288,0,86396,daily_bucket,,,,,,,,
2025-09-01,qi_1,100ms,8,6.43781410739e-07,0.00643814661553,0,86396,daily_bucket,,,,,,,,
2025-09-01,qi_1,100ms,9,1.40643318626e-06,0.0140649120033,0,86396,daily_bucket,,,,,,,,
2025-09-01,qi_1,100ms,10,6.14841544839e-06,0.0614862756985,0,86396,daily_bucket,,,,,,,,
2025-09-01,qi_1,100ms,,,,,863966,daily_monotonicity,,1,,,,,,
2025-09-01,qi_1,100ms,,,,,863966,daily_top_bottom,0.11949416011,,,,,,,
2025-09-01,trade_imbalance_100ms,100ms,1,-6.13531500065e-06,-0.0613511967172,0,26353,daily_bucket,,,,,,,,
2025-09-01,trade_imbalance_100ms,100ms,2,-4.68504246562e-06,-0.0468486870361,0,26352,daily_bucket,,,,,,,,
2025-09-01,trade_imbalance_100ms,100ms,3,-4.88498887282e-06,-0.048848214499,0,26352,daily_bucket,,,,,,,,
2025-09-01,trade_imbalance_100ms,100ms,4,-5.06429821206e-06,-0.0506410889725,0,26352,daily_bucket,,,,,,,,
2025-09-01,trade_imbalance_100ms,100ms,5,-3.5972420084e-06,-0.0359683890073,0,26353,daily_bucket,,,,,,,,
2025-09-01,trade_imbalance_100ms,100ms,6,7.66605851396e-06,0.0766640258053,0,26352,daily_bucket,,,,,,,,
2025-09-01,trade_imbalance_100ms,100ms,7,4.01801860049e-06,0.040181689087,0,26353,daily_bucket,,,,,,,,
2025-09-01,trade_imbalance_100ms,100ms,8,3.95120889524e-06,0.0395135521124,0,26350,daily_bucket,,,,,,,,
2025-09-01,trade_imbalance_100ms,100ms,9,4.67580866345e-06,0.0467596735081,0,26353,daily_bucket,,,,,,,,
2025-09-01,trade_imbalance_100ms,100ms,10,4.42864497417e-06,0.0442883061613,0,26352,daily_bucket,,,,,,,,
2025-09-01,trade_imbalance_100ms,100ms,,,,,263522,daily_monotonicity,,0.806060606061,,,,,,
2025-09-01,trade_imbalance_100ms,100ms,,,,,263522,daily_top_bottom,0.105639502878,,,,,,,
2025-09-01,di_10,1s,1,-3.0936927413e-05,-0.309349280651,0,86397,daily_bucket,,,,,,,,
2025-09-01,di_10,1s,2,-1.69847624965e-05,-0.169834971935,0,86397,daily_bucket,,,,,,,,
2025-09-01,di_10,1s,3,-1.07949299396e-05,-0.107939254899,0,86397,daily_bucket,,,,,,,,
2025-09-01,di_10,1s,4,-4.19993382189e-06,-0.0419920214635,0,86397,daily_bucket,,,,,,,,
2025-09-01,di_10,1s,5,-8.48173783241e-07,-0.00847476473546,0,86397,daily_bucket,,,,,,,,
2025-09-01,di_10,1s,6,1.10424700926e-06,0.0110495307702,0,86397,daily_bucket,,,,,,,,
2025-09-01,di_10,1s,7,4.84195703571e-06,0.0484277593766,0,86397,daily_bucket,,,,,,,,
2025-09-01,di_10,1s,8,1.01979159517e-05,0.101988805437,0,86379,daily_bucket,,,,,,,,
2025-09-01,di_10,1s,9,1.66676544029e-05,0.166689310866,0,86397,daily_bucket,,,,,,,,
2025-09-01,di_10,1s,10,3.2008248636e-05,0.32010396599,0,86396,daily_bucket,,,,,,,,
2025-09-01,di_10,1s,,,,,863951,daily_monotonicity,,1,,,,,,
2025-09-01,di_10,1s,,,,,863951,daily_top_bottom,0.629453246642,,,,,,,
2025-09-01,di_5,1s,1,-3.03636536962e-05,-0.303616715244,0,86397,daily_bucket,,,,,,,,
2025-09-01,di_5,1s,2,-1.72287921484e-05,-0.172275142383,0,86397,daily_bucket,,,,,,,,
2025-09-01,di_5,1s,3,-1.09790874704e-05,-0.109780997084,0,86397,daily_bucket,,,,,,,,
2025-09-01,di_5,1s,4,-4.32141360043e-06,-0.0432066083749,0,86397,daily_bucket,,,,,,,,
2025-09-01,di_5,1s,5,-1.03616812077e-06,-0.0103548650371,0,86397,daily_bucket,,,,,,,,
2025-09-01,di_5,1s,6,1.31221589868e-06,0.0131293952359,0,86397,daily_bucket,,,,,,,,
2025-09-01,di_5,1s,7,4.78439824885e-06,0.0478519670928,0,86397,daily_bucket,,,,,,,,
2025-09-01,di_5,1s,8,1.05531276601e-05,0.105541419923,0,86383,daily_bucket,,,,,,,,
2025-09-01,di_5,1s,9,1.66420275898e-05,0.166432795611,0,86393,daily_bucket,,,,,,,,
2025-09-01,di_5,1s,10,3.16929934796e-05,0.316951351823,0,86396,daily_bucket,,,,,,,,
2025-09-01,di_5,1s,,,,,863951,daily_monotonicity,,1,,,,,,
2025-09-01,di_5,1s,,,,,863951,daily_top_bottom,0.620568067067,,,,,,,
2025-09-01,microprice_deviation_bps,1s,1,-2.96287919855e-05,-0.29626816261,0,86397,daily_bucket,,,,,,,,
2025-09-01,microprice_deviation_bps,1s,2,-1.75617765921e-05,-0.175604670931,0,86397,daily_bucket,,,,,,,,
2025-09-01,microprice_deviation_bps,1s,3,-1.11298675932e-05,-0.111288932928,0,86397,daily_bucket,,,,,,,,
2025-09-01,microprice_deviation_bps,1s,4,-4.41995981976e-06,-0.044192180035,0,86397,daily_bucket,,,,,,,,
2025-09-01,microprice_deviation_bps,1s,5,-9.72051006003e-07,-0.00971349587901,0,86397,daily_bucket,,,,,,,,
2025-09-01,microprice_deviation_bps,1s,6,1.28858370721e-06,0.0128929691227,0,86397,daily_bucket,,,,,,,,
2025-09-01,microprice_deviation_bps,1s,7,4.87829241576e-06,0.0487912066183,0,86387,daily_bucket,,,,,,,,
2025-09-01,microprice_deviation_bps,1s,8,1.05933753413e-05,0.105943561243,0,86393,daily_bucket,,,,,,,,
2025-09-01,microprice_deviation_bps,1s,9,1.6493952466e-05,0.164951855074,0,86393,daily_bucket,,,,,,,,
2025-09-01,microprice_deviation_bps,1s,10,3.15132270018e-05,0.315153812595,0,86396,daily_bucket,,,,,,,,
2025-09-01,microprice_deviation_bps,1s,,,,,863951,daily_monotonicity,,1,,,,,,
2025-09-01,microprice_deviation_bps,1s,,,,,863951,daily_top_bottom,0.611421975205,,,,,,,
2025-09-01,ofi_1s,1s,1,-2.36283983042e-05,-0.236265241317,0,86398,daily_bucket,,,,,,,,
2025-09-01,ofi_1s,1s,2,-1.18334631599e-05,-0.118321325495,0,86397,daily_bucket,,,,,,,,
2025-09-01,ofi_1s,1s,3,-5.98546109093e-06,-0.0598455545217,0,86398,daily_bucket,,,,,,,,
2025-09-01,ofi_1s,1s,4,-2.98772599828e-06,-0.0298687246711,0,86398,daily_bucket,,,,,,,,
2025-09-01,ofi_1s,1s,5,-1.80438338427e-06,-0.0180361787123,0,86389,daily_bucket,,,,,,,,
2025-09-01,ofi_1s,1s,6,1.47352687275e-06,0.0147422783157,0,86387,daily_bucket,,,,,,,,
2025-09-01,ofi_1s,1s,7,2.8469695881e-06,0.0284782927025,0,86397,daily_bucket,,,,,,,,
2025-09-01,ofi_1s,1s,8,5.15073506403e-06,0.0515160036386,0,86393,daily_bucket,,,,,,,,
2025-09-01,ofi_1s,1s,9,1.19850360462e-05,0.119864083773,0,86397,daily_bucket,,,,,,,,
2025-09-01,ofi_1s,1s,10,2.58365841188e-05,0.258386685994,0,86397,daily_bucket,,,,,,,,
2025-09-01,ofi_1s,1s,,,,,863951,daily_monotonicity,,1,,,,,,
2025-09-01,ofi_1s,1s,,,,,863951,daily_top_bottom,0.494651927311,,,,,,,
2025-09-01,qi_1,1s,1,-2.95346020941e-05,-0.295326664431,0,86397,daily_bucket,,,,,,,,
2025-09-01,qi_1,1s,2,-1.75655165474e-05,-0.17564202079,0,86397,daily_bucket,,,,,,,,
2025-09-01,qi_1,1s,3,-1.11908058642e-05,-0.111898164638,0,86397,daily_bucket,,,,,,,,
2025-09-01,qi_1,1s,4,-4.44461701095e-06,-0.0444386132363,0,86397,daily_bucket,,,,,,,,
2025-09-01,qi_1,1s,5,-9.83609028925e-07,-0.00982907816877,0,86397,daily_bucket,,,,,,,,
2025-09-01,qi_1,1s,6,1.31319696262e-06,0.0131391898874,0,86397,daily_bucket,,,,,,,,
2025-09-01,qi_1,1s,7,4.91026682509e-06,0.0491110041152,0,86387,daily_bucket,,,,,,,,
2025-09-01,qi_1,1s,8,1.05085117155e-05,0.105095001746,0,86393,daily_bucket,,,,,,,,
2025-09-01,qi_1,1s,9,1.67742110047e-05,0.167754749771,0,86393,daily_bucket,,,,,,,,
2025-09-01,qi_1,1s,10,3.12679578815e-05,0.312700657119,0,86396,daily_bucket,,,,,,,,
2025-09-01,qi_1,1s,,,,,863951,daily_monotonicity,,1,,,,,,
2025-09-01,qi_1,1s,,,,,863951,daily_top_bottom,0.60802732155,,,,,,,
2025-09-01,trade_imbalance_1s,1s,1,-5.74782283354e-06,-0.0574693241103,0,81721,daily_bucket,,,,,,,,
2025-09-01,trade_imbalance_1s,1s,2,-1.17758813709e-05,-0.117745803603,0,81713,daily_bucket,,,,,,,,
2025-09-01,trade_imbalance_1s,1s,3,-1.12854882781e-05,-0.112840624992,0,81714,daily_bucket,,,,,,,,
2025-09-01,trade_imbalance_1s,1s,4,-6.07440830527e-06,-0.0607322526504,0,81720,daily_bucket,,,,,,,,
2025-09-01,trade_imbalance_1s,1s,5,-2.05873469546e-06,-0.0205771246066,0,81720,daily_bucket,,,,,,,,
2025-09-01,trade_imbalance_1s,1s,6,2.33125161788e-06,0.0233237175978,0,81715,daily_bucket,,,,,,,,
2025-09-01,trade_imbalance_1s,1s,7,7.81970882827e-06,0.0782110445714,0,81717,daily_bucket,,,,,,,,
2025-09-01,trade_imbalance_1s,1s,8,1.84367965714e-05,0.184386890512,0,81720,daily_bucket,,,,,,,,
2025-09-01,trade_imbalance_1s,1s,9,5.07444953676e-06,0.0507535518794,0,81720,daily_bucket,,,,,,,,
2025-09-01,trade_imbalance_1s,1s,10,4.28751724127e-06,0.0428828182403,0,81720,daily_bucket,,,,,,,,
2025-09-01,trade_imbalance_1s,1s,,,,,817180,daily_monotonicity,,0.818181818182,,,,,,
2025-09-01,trade_imbalance_1s,1s,,,,,817180,daily_top_bottom,0.100352142351,,,,,,,
2025-09-01,di_10,30s,1,-7.91916292569e-05,-0.791256216522,-0.820477540873,86396,daily_bucket,,,,,,,,
2025-09-01,di_10,30s,2,-6.56325977296e-05,-0.655704409291,-0.599974293409,86367,daily_bucket,,,,,,,,
2025-09-01,di_10,30s,3,-4.23480214534e-05,-0.42284942496,-0.294155842559,86324,daily_bucket,,,,,,,,
2025-09-01,di_10,30s,4,-2.40146482126e-05,-0.239561611423,-0.00183540096605,86250,daily_bucket,,,,,,,,
2025-09-01,di_10,30s,5,-4.17457998581e-06,-0.0411798176021,0,86385,daily_bucket,,,,,,,,
2025-09-01,di_10,30s,6,4.2552049222e-06,0.0431074752276,0,86394,daily_bucket,,,,,,,,
2025-09-01,di_10,30s,7,3.07667494902e-05,0.308293429235,0,86386,daily_bucket,,,,,,,,
2025-09-01,di_10,30s,8,5.32308173671e-05,0.532955889567,0.314640029365,86366,daily_bucket,,,,,,,,
2025-09-01,di_10,30s,9,6.95780555953e-05,0.696400170173,0.556377105193,86397,daily_bucket,,,,,,,,
2025-09-01,di_10,30s,10,9.01250246632e-05,0.901912758122,0.875990380582,86396,daily_bucket,,,,,,,,
2025-09-01,di_10,30s,,,,,863661,daily_monotonicity,,1,,,,,,
2025-09-01,di_10,30s,,,,,863661,daily_top_bottom,1.69316897464,,,,,,,
2025-09-01,di_5,30s,1,-7.99352904598e-05,-0.798691460099,-0.823483512242,86396,daily_bucket,,,,,,,,
2025-09-01,di_5,30s,2,-6.5072486745e-05,-0.650114826077,-0.606088363924,86383,daily_bucket,,,,,,,,
2025-09-01,di_5,30s,3,-4.22681406475e-05,-0.422052076913,-0.28361499886,86302,daily_bucket,,,,,,,,
2025-09-01,di_5,30s,4,-2.53251242633e-05,-0.252657863552,-0.017467464893,86256,daily_bucket,,,,,,,,
2025-09-01,di_5,30s,5,-2.12071309813e-06,-0.0206410084393,0,86387,daily_bucket,,,,,,,,
2025-09-01,di_5,30s,6,5.71753009049e-06,0.0577330265319,0,86392,daily_bucket,,,,,,,,
2025-09-01,di_5,30s,7,2.73595475857e-05,0.274219186892,0,86386,daily_bucket,,,,,,,,
2025-09-01,di_5,30s,8,5.35358628167e-05,0.536014105139,0.303210670821,86366,daily_bucket,,,,,,,,
2025-09-01,di_5,30s,9,7.18899663371e-05,0.719520041638,0.582139229364,86397,daily_bucket,,,,,,,,
2025-09-01,di_5,30s,10,8.88144719625e-05,0.888801616863,0.869895496217,86396,daily_bucket,,,,,,,,
2025-09-01,di_5,30s,,,,,863661,daily_monotonicity,,1,,,,,,
2025-09-01,di_5,30s,,,,,863661,daily_top_bottom,1.68749307696,,,,,,,
2025-09-01,microprice_deviation_bps,30s,1,-7.86327099904e-05,-0.785672128,-0.850103037165,86396,daily_bucket,,,,,,,,
2025-09-01,microprice_deviation_bps,30s,2,-6.35360664068e-05,-0.634749844114,-0.56602099975,86364,daily_bucket,,,,,,,,
2025-09-01,microprice_deviation_bps,30s,3,-4.56306037888e-05,-0.455666488912,-0.305735614016,86336,daily_bucket,,,,,,,,
2025-09-01,microprice_deviation_bps,30s,4,-2.68504573077e-05,-0.267921053319,-0.0339863317078,86241,daily_bucket,,,,,,,,
2025-09-01,microprice_deviation_bps,30s,5,-1.99942397044e-07,-0.00142894219305,0,86387,daily_bucket,,,,,,,,
2025-09-01,microprice_deviation_bps,30s,6,7.47681353977e-06,0.0753246427019,0,86392,daily_bucket,,,,,,,,
2025-09-01,microprice_deviation_bps,30s,7,2.64773843504e-05,0.265400667909,0,86362,daily_bucket,,,,,,,,
2025-09-01,microprice_deviation_bps,30s,8,5.14297559985e-05,0.514955014966,0.26886623435,86390,daily_bucket,,,,,,,,
2025-09-01,microprice_deviation_bps,30s,9,7.29988057646e-05,0.730607497527,0.593230727591,86397,daily_bucket,,,,,,,,
2025-09-01,microprice_deviation_bps,30s,10,8.90485714887e-05,0.891140624304,0.875990380582,86396,daily_bucket,,,,,,,,
2025-09-01,microprice_deviation_bps,30s,,,,,863661,daily_monotonicity,,1,,,,,,
2025-09-01,microprice_deviation_bps,30s,,,,,863661,daily_top_bottom,1.6768127523,,,,,,,
2025-09-01,ofi_30s,30s,1,-3.65116721349e-05,-0.36421286795,-0.478577886557,86394,daily_bucket,,,,,,,,
2025-09-01,ofi_30s,30s,2,-2.72101591888e-06,-0.0265765595413,-0.0641629806662,86300,daily_bucket,,,,,,,,
2025-09-01,ofi_30s,30s,3,-1.47391995915e-06,-0.0141729799141,-0.0692718250569,86304,daily_bucket,,,,,,,,
2025-09-01,ofi_30s,30s,4,-1.606839852e-05,-0.160107498026,-0.178861415011,86303,daily_bucket,,,,,,,,
2025-09-01,ofi_30s,30s,5,-8.73796320345e-06,-0.0868523344743,0,86380,daily_bucket,,,,,,,,
2025-09-01,ofi_30s,30s,6,4.47362476771e-06,0.0452199524951,0,86398,daily_bucket,,,,,,,,
2025-09-01,ofi_30s,30s,7,1.31296861997e-05,0.131817370722,0,86393,daily_bucket,,,,,,,,
2025-09-01,ofi_30s,30s,8,1.84271328668e-05,0.184853824417,0,86398,daily_bucket,,,,,,,,
2025-09-01,ofi_30s,30s,9,4.2695171293e-05,0.427551837856,0.359389055109,86398,daily_bucket,,,,,,,,
2025-09-01,ofi_30s,30s,10,1.9434086912e-05,0.195121020873,0.152323887852,86393,daily_bucket,,,,,,,,
2025-09-01,ofi_30s,30s,,,,,863661,daily_monotonicity,,0.890909090909,,,,,,
2025-09-01,ofi_30s,30s,,,,,863661,daily_top_bottom,0.559333888823,,,,,,,
2025-09-01,qi_1,30s,1,-8.02335753247e-05,-0.801692409025,-0.856893120912,86396,daily_bucket,,,,,,,,
2025-09-01,qi_1,30s,2,-6.244319733e-05,-0.62381544137,-0.56602099975,86364,daily_bucket,,,,,,,,
2025-09-01,qi_1,30s,3,-4.54341827368e-05,-0.453699414305,-0.305735614016,86334,daily_bucket,,,,,,,,
2025-09-01,qi_1,30s,4,-2.69224381093e-05,-0.268639101726,-0.0339863317078,86243,daily_bucket,,,,,,,,
2025-09-01,qi_1,30s,5,1.23820295637e-07,0.00180980831285,0,86387,daily_bucket,,,,,,,,
2025-09-01,qi_1,30s,6,7.55450761331e-06,0.0761020744691,0,86392,daily_bucket,,,,,,,,
2025-09-01,qi_1,30s,7,2.64954302121e-05,0.265580702393,0,86365,daily_bucket,,,,,,,,
2025-09-01,qi_1,30s,8,5.15994846622e-05,0.516652855705,0.274098589307,86389,daily_bucket,,,,,,,,
2025-09-01,qi_1,30s,9,7.3425259095e-05,0.734874195495,0.593230727591,86395,daily_bucket,,,,,,,,
2025-09-01,qi_1,30s,10,8.84178546334e-05,0.884830847343,0.875990380582,86396,daily_bucket,,,,,,,,
2025-09-01,qi_1,30s,,,,,863661,daily_monotonicity,,1,,,,,,
2025-09-01,qi_1,30s,,,,,863661,daily_top_bottom,1.68652325637,,,,,,,
2025-09-01,trade_imbalance_30s,30s,1,-2.29155190695e-05,-0.228677757906,-0.0825125511904,86398,daily_bucket,,,,,,,,
2025-09-01,trade_imbalance_30s,30s,2,-2.99218587785e-05,-0.2986657977,-0.225283771697,86290,daily_bucket,,,,,,,,
2025-09-01,trade_imbalance_30s,30s,3,-4.67750415279e-06,-0.0460870665178,-0.000929472249839,86354,daily_bucket,,,,,,,,
2025-09-01,trade_imbalance_30s,30s,4,-1.87002757483e-05,-0.186341423204,-0.000920971991998,86398,daily_bucket,,,,,,,,
2025-09-01,trade_imbalance_30s,30s,5,1.31790110603e-05,0.132442668791,0,86393,daily_bucket,,,,,,,,
2025-09-01,trade_imbalance_30s,30s,6,1.48034525313e-05,0.14871691774,0,86393,daily_bucket,,,,,,,,
2025-09-01,trade_imbalance_30s,30s,7,7.62851984747e-06,0.0769706389135,0,86305,daily_bucket,,,,,,,,
2025-09-01,trade_imbalance_30s,30s,8,1.87241710634e-05,0.187856691787,0,86339,daily_bucket,,,,,,,,
2025-09-01,trade_imbalance_30s,30s,9,2.43542527051e-05,0.244156981697,0,86394,daily_bucket,,,,,,,,
2025-09-01,trade_imbalance_30s,30s,10,3.01807762618e-05,0.302352962614,0.0138045475769,86397,daily_bucket,,,,,,,,
2025-09-01,trade_imbalance_30s,30s,,,,,863661,daily_monotonicity,,0.939393939394,,,,,,
2025-09-01,trade_imbalance_30s,30s,,,,,863661,daily_top_bottom,0.531030720519,,,,,,,
2025-09-01,di_10,500ms,1,-1.96825283094e-05,-0.196815296152,0,86397,daily_bucket,,,,,,,,
2025-09-01,di_10,500ms,2,-8.93081747882e-06,-0.0893029038866,0,86397,daily_bucket,,,,,,,,
2025-09-01,di_10,500ms,3,-5.50557450967e-06,-0.0550518041956,0,86397,daily_bucket,,,,,,,,
2025-09-01,di_10,500ms,4,-2.11806819945e-06,-0.0211781870322,0,86397,daily_bucket,,,,,,,,
2025-09-01,di_10,500ms,5,-4.20493102967e-07,-0.00420246236845,0,86397,daily_bucket,,,,,,,,
2025-09-01,di_10,500ms,6,6.50484394319e-07,0.00650733592781,0,86397,daily_bucket,,,,,,,,
2025-09-01,di_10,500ms,7,2.36039869951e-06,0.0236069002044,0,86397,daily_bucket,,,,,,,,
2025-09-01,di_10,500ms,8,5.07282771169e-06,0.0507320519279,0,86384,daily_bucket,,,,,,,,
2025-09-01,di_10,500ms,9,8.88099814737e-06,0.0888154564299,0,86397,daily_bucket,,,,,,,,
2025-09-01,di_10,500ms,10,2.02176633358e-05,0.20218720883,0,86396,daily_bucket,,,,,,,,
2025-09-01,di_10,500ms,,,,,863956,daily_monotonicity,,1,,,,,,
2025-09-01,di_10,500ms,,,,,863956,daily_top_bottom,0.399002504982,,,,,,,
2025-09-01,di_5,500ms,1,-1.92956835018e-05,-0.192946992026,0,86397,daily_bucket,,,,,,,,
2025-09-01,di_5,500ms,2,-9.14749668475e-06,-0.0914695791998,0,86397,daily_bucket,,,,,,,,
2025-09-01,di_5,500ms,3,-5.58374191816e-06,-0.0558335435669,0,86397,daily_bucket,,,,,,,,
2025-09-01,di_5,500ms,4,-2.16649677034e-06,-0.0216623363138,0,86397,daily_bucket,,,,,,,,
2025-09-01,di_5,500ms,5,-4.96091422645e-07,-0.0049585810843,0,86397,daily_bucket,,,,,,,,
2025-09-01,di_5,500ms,6,7.18032049879e-07,0.00718290278016,0,86397,daily_bucket,,,,,,,,
2025-09-01,di_5,500ms,7,2.3300802757e-06,0.0233036288615,0,86397,daily_bucket,,,,,,,,
2025-09-01,di_5,500ms,8,5.30461408997e-06,0.0530502440697,0,86388,daily_bucket,,,,,,,,
2025-09-01,di_5,500ms,9,8.84585162441e-06,0.0884637907147,0,86393,daily_bucket,,,,,,,,
2025-09-01,di_5,500ms,10,2.00160194406e-05,0.200170730498,0,86396,daily_bucket,,,,,,,,
2025-09-01,di_5,500ms,,,,,863956,daily_monotonicity,,1,,,,,,
2025-09-01,di_5,500ms,,,,,863956,daily_top_bottom,0.393117722524,,,,,,,
2025-09-01,microprice_deviation_bps,500ms,1,-1.88482013463e-05,-0.188472216038,0,86397,daily_bucket,,,,,,,,
2025-09-01,microprice_deviation_bps,500ms,2,-9.42284022001e-06,-0.0942228078659,0,86397,daily_bucket,,,,,,,,
2025-09-01,microprice_deviation_bps,500ms,3,-5.60035799712e-06,-0.0559997835468,0,86397,daily_bucket,,,,,,,,
2025-09-01,microprice_deviation_bps,500ms,4,-2.2098698724e-06,-0.0220961401578,0,86397,daily_bucket,,,,,,,,
2025-09-01,microprice_deviation_bps,500ms,5,-4.29803992186e-07,-0.00429557820498,0,86397,daily_bucket,,,,,,,,
2025-09-01,microprice_deviation_bps,500ms,6,6.66867216012e-07,0.00667119201114,0,86397,daily_bucket,,,,,,,,
2025-09-01,microprice_deviation_bps,500ms,7,2.37087554995e-06,0.0237116763591,0,86392,daily_bucket,,,,,,,,
2025-09-01,microprice_deviation_bps,500ms,8,5.34032906635e-06,0.0534071995688,0,86393,daily_bucket,,,,,,,,
2025-09-01,microprice_deviation_bps,500ms,9,8.7547795607e-06,0.087552932276,0,86393,daily_bucket,,,,,,,,
2025-09-01,microprice_deviation_bps,500ms,10,1.9903135566e-05,0.19904205373,0,86396,daily_bucket,,,,,,,,
2025-09-01,microprice_deviation_bps,500ms,,,,,863956,daily_monotonicity,,1,,,,,,
2025-09-01,microprice_deviation_bps,500ms,,,,,863956,daily_top_bottom,0.387514269768,,,,,,,
2025-09-01,ofi_500ms,500ms,1,-1.57197693107e-05,-0.15718837883,0,86398,daily_bucket,,,,,,,,
2025-09-01,ofi_500ms,500ms,2,-4.99027861428e-06,-0.0498980203803,0,86398,daily_bucket,,,,,,,,
2025-09-01,ofi_500ms,500ms,3,-2.65644796821e-06,-0.0265607114023,0,86398,daily_bucket,,,,,,,,
2025-09-01,ofi_500ms,500ms,4,-1.50702885663e-06,-0.0150668258839,0,86395,daily_bucket,,,,,,,,
2025-09-01,ofi_500ms,500ms,5,-8.47570399174e-07,-0.00847294326405,0,86378,daily_bucket,,,,,,,,
2025-09-01,ofi_500ms,500ms,6,6.37518177339e-07,0.006378139954,0,86398,daily_bucket,,,,,,,,
2025-09-01,ofi_500ms,500ms,7,1.83772583102e-06,0.0183807910182,0,86398,daily_bucket,,,,,,,,
2025-09-01,ofi_500ms,500ms,8,2.47370926948e-06,0.0247408436732,0,86398,daily_bucket,,,,,,,,
2025-09-01,ofi_500ms,500ms,9,5.04091856831e-06,0.0504139766579,0,86398,daily_bucket,,,,,,,,
2025-09-01,ofi_500ms,500ms,10,1.62550502311e-05,0.162560790157,0,86397,daily_bucket,,,,,,,,
2025-09-01,ofi_500ms,500ms,,,,,863956,daily_monotonicity,,1,,,,,,
2025-09-01,ofi_500ms,500ms,,,,,863956,daily_top_bottom,0.319749168987,,,,,,,
2025-09-01,qi_1,500ms,1,-1.8774771039e-05,-0.18773812342,0,86397,daily_bucket,,,,,,,,
2025-09-01,qi_1,500ms,2,-9.40798826448e-06,-0.0940742880847,0,86397,daily_bucket,,,,,,,,
2025-09-01,qi_1,500ms,3,-5.66268987808e-06,-0.0566229951668,0,86397,daily_bucket,,,,,,,,
2025-09-01,qi_1,500ms,4,-2.21862243918e-06,-0.0221836066741,0,86397,daily_bucket,,,,,,,,
2025-09-01,qi_1,500ms,5,-4.47010339182e-07,-0.0044676444101,0,86397,daily_bucket,,,,,,,,
2025-09-01,qi_1,500ms,6,6.76790168369e-07,0.0067704817153,0,86397,daily_bucket,,,,,,,,
2025-09-01,qi_1,500ms,7,2.39192136617e-06,0.023922157542,0,86392,daily_bucket,,,,,,,,
2025-09-01,qi_1,500ms,8,5.30113006869e-06,0.0530152573395,0,86393,daily_bucket,,,,,,,,
2025-09-01,qi_1,500ms,9,8.92980897442e-06,0.0893034018041,0,86393,daily_bucket,,,,,,,,
2025-09-01,qi_1,500ms,10,1.97363504894e-05,0.197373943257,0,86396,daily_bucket,,,,,,,,
2025-09-01,qi_1,500ms,,,,,863956,daily_monotonicity,,1,,,,,,
2025-09-01,qi_1,500ms,,,,,863956,daily_top_bottom,0.385112066676,,,,,,,
2025-09-01,trade_imbalance_500ms,500ms,1,-4.72953433372e-06,-0.0472909740228,0,68451,daily_bucket,,,,,,,,
2025-09-01,trade_imbalance_500ms,500ms,2,-3.86396347844e-06,-0.038635414277,0,68450,daily_bucket,,,,,,,,
2025-09-01,trade_imbalance_500ms,500ms,3,-9.24291762706e-06,-0.0924213253804,0,68449,daily_bucket,,,,,,,,
2025-09-01,trade_imbalance_500ms,500ms,4,-7.32402727484e-06,-0.0732332007606,0,68447,daily_bucket,,,,,,,,
2025-09-01,trade_imbalance_500ms,500ms,5,-1.2294029246e-06,-0.0122894552606,0,68449,daily_bucket,,,,,,,,
2025-09-01,trade_imbalance_500ms,500ms,6,3.97113243816e-06,0.0397170596064,0,68446,daily_bucket,,,,,,,,
2025-09-01,trade_imbalance_500ms,500ms,7,1.25057022031e-05,0.125067315348,0,68450,daily_bucket,,,,,,,,
2025-09-01,trade_imbalance_500ms,500ms,8,3.46405370656e-06,0.0346444542645,0,68450,daily_bucket,,,,,,,,
2025-09-01,trade_imbalance_500ms,500ms,9,3.43838579241e-06,0.0343878999895,0,68450,daily_bucket,,,,,,,,
2025-09-01,trade_imbalance_500ms,500ms,10,3.29408202467e-06,0.0329448200604,0,68450,daily_bucket,,,,,,,,
2025-09-01,trade_imbalance_500ms,500ms,,,,,684492,daily_monotonicity,,0.672727272727,,,,,,
2025-09-01,trade_imbalance_500ms,500ms,,,,,684492,daily_top_bottom,0.0802357940832,,,,,,,
2025-09-01,di_10,5s,1,-6.94865121853e-05,-0.694752345614,-0.514355983752,86397,daily_bucket,,,,,,,,
2025-09-01,di_10,5s,2,-4.92199944151e-05,-0.492111324349,-0.0842221478158,86397,daily_bucket,,,,,,,,
2025-09-01,di_10,5s,3,-3.38538355484e-05,-0.338454757478,0,86397,daily_bucket,,,,,,,,
2025-09-01,di_10,5s,4,-1.56180344483e-05,-0.156105446261,0,86386,daily_bucket,,,,,,,,
2025-09-01,di_10,5s,5,-4.31753871104e-06,-0.0431043622012,0,86393,daily_bucket,,,,,,,,
2025-09-01,di_10,5s,6,6.08990700812e-06,0.0609644707435,0,86392,daily_bucket,,,,,,,,
2025-09-01,di_10,5s,7,1.79589894895e-05,0.179664536765,0,86386,daily_bucket,,,,,,,,
2025-09-01,di_10,5s,8,3.59347335377e-05,0.359422300572,0,86370,daily_bucket,,,,,,,,
2025-09-01,di_10,5s,9,4.77253671544e-05,0.477338805956,0.000921783235759,86397,daily_bucket,,,,,,,,
2025-09-01,di_10,5s,10,7.01004481782e-05,0.70111241742,0.492529458732,86396,daily_bucket,,,,,,,,
2025-09-01,di_10,5s,,,,,863911,daily_monotonicity,,1,,,,,,
2025-09-01,di_10,5s,,,,,863911,daily_top_bottom,1.39586476303,,,,,,,
2025-09-01,di_5,5s,1,-6.82497731748e-05,-0.682385965447,-0.496588487299,86397,daily_bucket,,,,,,,,
2025-09-01,di_5,5s,2,-5.02877422427e-05,-0.502787503694,-0.100709954827,86397,daily_bucket,,,,,,,,
2025-09-01,di_5,5s,3,-3.33947592908e-05,-0.333865540856,0,86397,daily_bucket,,,,,,,,
2025-09-01,di_5,5s,4,-1.64028250844e-05,-0.163951802719,0,86386,daily_bucket,,,,,,,,
2025-09-01,di_5,5s,5,-3.83188313777e-06,-0.0382489247763,0,86393,daily_bucket,,,,,,,,
2025-09-01,di_5,5s,6,6.26642288298e-06,0.0627304716298,0,86392,daily_bucket,,,,,,,,
2025-09-01,di_5,5s,7,1.80080595515e-05,0.180154867778,0,86386,daily_bucket,,,,,,,,
2025-09-01,di_5,5s,8,3.60182996533e-05,0.360259468168,0,86370,daily_bucket,,,,,,,,
2025-09-01,di_5,5s,9,4.79071862517e-05,0.4791565766,0.00182439229835,86397,daily_bucket,,,,,,,,
2025-09-01,di_5,5s,10,6.92805003045e-05,0.692912206017,0.473214562604,86396,daily_bucket,,,,,,,,
2025-09-01,di_5,5s,,,,,863911,daily_monotonicity,,1,,,,,,
2025-09-01,di_5,5s,,,,,863911,daily_top_bottom,1.37529817146,,,,,,,
2025-09-01,microprice_deviation_bps,5s,1,-6.68309938482e-05,-0.668199064802,-0.489481319914,86397,daily_bucket,,,,,,,,
2025-09-01,microprice_deviation_bps,5s,2,-5.091363657e-05,-0.509044222108,-0.118405282504,86397,daily_bucket,,,,,,,,
2025-09-01,microprice_deviation_bps,5s,3,-3.36884225897e-05,-0.33680250383,0,86397,daily_bucket,,,,,,,,
2025-09-01,microprice_deviation_bps,5s,4,-1.68066158171e-05,-0.167990649228,0,86386,daily_bucket,,,,,,,,
2025-09-01,microprice_deviation_bps,5s,5,-4.15018924022e-06,-0.0414315271828,0,86393,daily_bucket,,,,,,,,
2025-09-01,microprice_deviation_bps,5s,6,7.08343335642e-06,0.0709000275013,0,86392,daily_bucket,,,,,,,,
2025-09-01,microprice_deviation_bps,5s,7,1.76569204789e-05,0.176645138001,0,86362,daily_bucket,,,,,,,,
2025-09-01,microprice_deviation_bps,5s,8,3.57489179368e-05,0.357564510291,0,86394,daily_bucket,,,,,,,,
2025-09-01,microprice_deviation_bps,5s,9,4.80239461191e-05,0.480323953253,0.000928641040167,86397,daily_bucket,,,,,,,,
2025-09-01,microprice_deviation_bps,5s,10,6.91849512959e-05,0.691956444778,0.474875015534,86396,daily_bucket,,,,,,,,
2025-09-01,microprice_deviation_bps,5s,,,,,863911,daily_monotonicity,,1,,,,,,
2025-09-01,microprice_deviation_bps,5s,,,,,863911,daily_top_bottom,1.36015550958,,,,,,,
2025-09-01,ofi_5s,5s,1,-3.93160273127e-05,-0.393051729715,-0.161678585438,86394,daily_bucket,,,,,,,,
2025-09-01,ofi_5s,5s,2,-3.19206516414e-05,-0.319106934211,0,86398,daily_bucket,,,,,,,,
2025-09-01,ofi_5s,5s,3,-2.8317907921e-05,-0.283088405505,0,86395,daily_bucket,,,,,,,,
2025-09-01,ofi_5s,5s,4,-1.35679761815e-05,-0.135607200108,0,86397,daily_bucket,,,,,,,,
2025-09-01,ofi_5s,5s,5,-5.11592102114e-06,-0.0511043864482,0,86398,daily_bucket,,,,,,,,
2025-09-01,ofi_5s,5s,6,4.81848989356e-06,0.0482421464624,0,86390,daily_bucket,,,,,,,,
2025-09-01,ofi_5s,5s,7,1.59667074818e-05,0.159738059908,0,86388,daily_bucket,,,,,,,,
2025-09-01,ofi_5s,5s,8,2.97987912479e-05,0.298074265479,0,86366,daily_bucket,,,,,,,,
2025-09-01,ofi_5s,5s,9,3.38653053118e-05,0.338746945649,0,86398,daily_bucket,,,,,,,,
2025-09-01,ofi_5s,5s,10,3.91055162107e-05,0.391159501423,0.0247370282116,86387,daily_bucket,,,,,,,,
2025-09-01,ofi_5s,5s,,,,,863911,daily_monotonicity,,1,,,,,,
2025-09-01,ofi_5s,5s,,,,,863911,daily_top_bottom,0.784211231138,,,,,,,
2025-09-01,qi_1,5s,1,-6.66809230233e-05,-0.6667004152,-0.483584058235,86397,daily_bucket,,,,,,,,
2025-09-01,qi_1,5s,2,-5.10990116827e-05,-0.510897091051,-0.127755722172,86397,daily_bucket,,,,,,,,
2025-09-01,qi_1,5s,3,-3.36791594891e-05,-0.336709492385,0,86397,daily_bucket,,,,,,,,
2025-09-01,qi_1,5s,4,-1.68855715423e-05,-0.168779401455,0,86386,daily_bucket,,,,,,,,
2025-09-01,qi_1,5s,5,-4.07606237902e-06,-0.0406903766846,0,86393,daily_bucket,,,,,,,,
2025-09-01,qi_1,5s,6,7.14819305564e-06,0.07154774339,0,86392,daily_bucket,,,,,,,,
2025-09-01,qi_1,5s,7,1.76454142314e-05,0.176530203182,0,86365,daily_bucket,,,,,,,,
2025-09-01,qi_1,5s,8,3.57043123151e-05,0.357118831783,0,86391,daily_bucket,,,,,,,,
2025-09-01,qi_1,5s,9,4.86350055908e-05,0.486435934323,0.00185243030752,86397,daily_bucket,,,,,,,,
2025-09-01,qi_1,5s,10,6.85967252209e-05,0.68607228266,0.467751320836,86396,daily_bucket,,,,,,,,
2025-09-01,qi_1,5s,,,,,863911,daily_monotonicity,,1,,,,,,
2025-09-01,qi_1,5s,,,,,863911,daily_top_bottom,1.35277269786,,,,,,,
2025-09-01,trade_imbalance_5s,5s,1,-2.92797701637e-05,-0.292715821183,0,86398,daily_bucket,,,,,,,,
2025-09-01,trade_imbalance_5s,5s,2,-2.17836676692e-05,-0.217752788278,0,86388,daily_bucket,,,,,,,,
2025-09-01,trade_imbalance_5s,5s,3,-1.71138532381e-05,-0.171055561341,0,86389,daily_bucket,,,,,,,,
2025-09-01,trade_imbalance_5s,5s,4,-9.31977820793e-06,-0.0931153657711,0,86380,daily_bucket,,,,,,,,
2025-09-01,trade_imbalance_5s,5s,5,-2.78031913273e-06,-0.0277202132451,0,86385,daily_bucket,,,,,,,,
2025-09-01,trade_imbalance_5s,5s,6,1.13664452206e-06,0.0114502881964,0,86385,daily_bucket,,,,,,,,
2025-09-01,trade_imbalance_5s,5s,7,1.35202183203e-05,0.135303203195,0,86398,daily_bucket,,,,,,,,
2025-09-01,trade_imbalance_5s,5s,8,1.51745079885e-05,0.15182386835,0,86398,daily_bucket,,,,,,,,
2025-09-01,trade_imbalance_5s,5s,9,2.56856997925e-05,0.256937402306,0,86393,daily_bucket,,,,,,,,
2025-09-01,trade_imbalance_5s,5s,10,3.00566358564e-05,0.30064716912,0,86397,daily_bucket,,,,,,,,
2025-09-01,trade_imbalance_5s,5s,,,,,863911,daily_monotonicity,,1,,,,,,
2025-09-01,trade_imbalance_5s,5s,,,,,863911,daily_top_bottom,0.593362990303,,,,,,,
2025-10-01,di_10,100ms,1,-4.30600928847e-06,-0.0430586087748,0,86398,daily_bucket,,,,,,,,
2025-10-01,di_10,100ms,2,-8.24622243431e-07,-0.00824587924547,0,86398,daily_bucket,,,,,,,,
2025-10-01,di_10,100ms,3,-4.77243624022e-07,-0.00477211861486,0,86399,daily_bucket,,,,,,,,
2025-10-01,di_10,100ms,4,-1.87602957549e-07,-0.00187582994696,0,86398,daily_bucket,,,,,,,,
2025-10-01,di_10,100ms,5,-3.4758379179e-08,-0.000347431525585,0,86398,daily_bucket,,,,,,,,
2025-10-01,di_10,100ms,6,2.41785777179e-09,2.43526780222e-05,0,86399,daily_bucket,,,,,,,,
2025-10-01,di_10,100ms,7,1.56375589798e-07,0.00156395784314,0,86398,daily_bucket,,,,,,,,
2025-10-01,di_10,100ms,8,4.40214534395e-07,0.00440246321686,0,86398,daily_bucket,,,,,,,,
2025-10-01,di_10,100ms,9,9.81001431918e-07,0.00981048174749,0,86398,daily_bucket,,,,,,,,
2025-10-01,di_10,100ms,10,4.70317635385e-06,0.0470335456255,0,86398,daily_bucket,,,,,,,,
2025-10-01,di_10,100ms,,,,,863982,daily_monotonicity,,1,,,,,,
2025-10-01,di_10,100ms,,,,,863982,daily_top_bottom,0.0900921544003,,,,,,,
2025-10-01,di_5,100ms,1,-4.23912048607e-06,-0.0423897555457,0,86398,daily_bucket,,,,,,,,
2025-10-01,di_5,100ms,2,-8.53000626645e-07,-0.00852965970042,0,86398,daily_bucket,,,,,,,,
2025-10-01,di_5,100ms,3,-4.89310628928e-07,-0.00489277575058,0,86399,daily_bucket,,,,,,,,
2025-10-01,di_5,100ms,4,-1.92024658742e-07,-0.0019200312198,0,86398,daily_bucket,,,,,,,,
2025-10-01,di_5,100ms,5,-4.2733003784e-08,-0.000427160969628,0,86398,daily_bucket,,,,,,,,
2025-10-01,di_5,100ms,6,-1.33655873445e-08,-0.000133486486705,0,86399,daily_bucket,,,,,,,,
2025-10-01,di_5,100ms,7,1.47226058995e-07,0.00147248573565,0,86398,daily_bucket,,,,,,,,
2025-10-01,di_5,100ms,8,4.30236448506e-07,0.0043026300153,0,86398,daily_bucket,,,,,,,,
2025-10-01,di_5,100ms,9,9.86203827332e-07,0.0098625267124,0,86398,daily_bucket,,,,,,,,
2025-10-01,di_5,100ms,10,4.71883825411e-06,0.0471901634361,0,86398,daily_bucket,,,,,,,,
2025-10-01,di_5,100ms,,,,,863982,daily_monotonicity,,1,,,,,,
2025-10-01,di_5,100ms,,,,,863982,daily_top_bottom,0.0895799189818,,,,,,,
2025-10-01,microprice_deviation_bps,100ms,1,-4.16309375313e-06,-0.0416294791435,0,86398,daily_bucket,,,,,,,,
2025-10-01,microprice_deviation_bps,100ms,2,-8.93474313342e-07,-0.00893437921387,0,86398,daily_bucket,,,,,,,,
2025-10-01,microprice_deviation_bps,100ms,3,-4.7809245176e-07,-0.00478060983096,0,86399,daily_bucket,,,,,,,,
2025-10-01,microprice_deviation_bps,100ms,4,-2.12985395951e-07,-0.00212963916648,0,86398,daily_bucket,,,,,,,,
2025-10-01,microprice_deviation_bps,100ms,5,-5.09957271692e-08,-0.000509781590183,0,86398,daily_bucket,,,,,,,,
2025-10-01,microprice_deviation_bps,100ms,6,1.91369008969e-09,1.92972482842e-05,0,86399,daily_bucket,,,,,,,,
2025-10-01,microprice_deviation_bps,100ms,7,1.65026359003e-07,0.00165048190257,0,86398,daily_bucket,,,,,,,,
2025-10-01,microprice_deviation_bps,100ms,8,4.32610652018e-07,0.00432637826916,0,86398,daily_bucket,,,,,,,,
2025-10-01,microprice_deviation_bps,100ms,9,1.00438190357e-06,0.0100443021848,0,86398,daily_bucket,,,,,,,,
2025-10-01,microprice_deviation_bps,100ms,10,4.64765832743e-06,0.0464783625002,0,86398,daily_bucket,,,,,,,,
2025-10-01,microprice_deviation_bps,100ms,,,,,863982,daily_monotonicity,,1,,,,,,
2025-10-01,microprice_deviation_bps,100ms,,,,,863982,daily_top_bottom,0.0881078416438,,,,,,,
2025-10-01,ofi_100ms,100ms,1,-3.48802442764e-06,-0.0348788317988,0,86398,daily_bucket,,,,,,,,
2025-10-01,ofi_100ms,100ms,2,-4.67696403586e-07,-0.00467655110982,0,86399,daily_bucket,,,,,,,,
2025-10-01,ofi_100ms,100ms,3,-1.45268561735e-07,-0.00145234115133,0,86399,daily_bucket,,,,,,,,
2025-10-01,ofi_100ms,100ms,4,1.91487983584e-08,0.000191705122616,0,86399,daily_bucket,,,,,,,,
2025-10-01,ofi_100ms,100ms,5,1.26395060228e-09,1.28587146034e-05,0,86392,daily_bucket,,,,,,,,
2025-10-01,ofi_100ms,100ms,6,5.91297407301e-09,5.93698420067e-05,0,86399,daily_bucket,,,,,,,,
2025-10-01,ofi_100ms,100ms,7,-1.17484406397e-08,-0.000117302382162,0,86399,daily_bucket,,,,,,,,
2025-10-01,ofi_100ms,100ms,8,2.25513239692e-07,0.00225542078913,0,86399,daily_bucket,,,,,,,,
2025-10-01,ofi_100ms,100ms,9,5.69607245021e-07,0.00569653420151,0,86399,daily_bucket,,,,,,,,
2025-10-01,ofi_100ms,100ms,10,3.74418989397e-06,0.0374435606826,0,86399,daily_bucket,,,,,,,,
2025-10-01,ofi_100ms,100ms,,,,,863982,daily_monotonicity,,0.890909090909,,,,,,
2025-10-01,ofi_100ms,100ms,,,,,863982,daily_top_bottom,0.0723223924815,,,,,,,
2025-10-01,qi_1,100ms,1,-4.20604306525e-06,-0.042058984722,0,86398,daily_bucket,,,,,,,,
2025-10-01,qi_1,100ms,2,-8.59964061869e-07,-0.00859928124104,0,86398,daily_bucket,,,,,,,,
2025-10-01,qi_1,100ms,3,-4.80049233011e-07,-0.00480018301093,0,86399,daily_bucket,,,,,,,,
2025-10-01,qi_1,100ms,4,-2.01060026677e-07,-0.0020103691584,0,86398,daily_bucket,,,,,,,,
2025-10-01,qi_1,100ms,5,-5.23841100875e-08,-0.000523659848976,0,86398,daily_bucket,,,,,,,,
2025-10-01,qi_1,100ms,6,1.77116486779e-09,1.78786420225e-05,0,86399,daily_bucket,,,,,,,,
2025-10-01,qi_1,100ms,7,1.72130552586e-07,0.00172152849688,0,86398,daily_bucket,,,,,,,,
2025-10-01,qi_1,100ms,8,4.24678026141e-07,0.00424705249345,0,86398,daily_bucket,,,,,,,,
2025-10-01,qi_1,100ms,9,9.85376829772e-07,0.00985424105422,0,86398,daily_bucket,,,,,,,,
2025-10-01,qi_1,100ms,10,4.66849323858e-06,0.0466867106978,0,86398,daily_bucket,,,,,,,,
2025-10-01,qi_1,100ms,,,,,863982,daily_monotonicity,,1,,,,,,
2025-10-01,qi_1,100ms,,,,,863982,daily_top_bottom,0.0887456954199,,,,,,,
2025-10-01,trade_imbalance_100ms,100ms,1,-3.31560994989e-06,-0.0331549636167,0,26381,daily_bucket,,,,,,,,
2025-10-01,trade_imbalance_100ms,100ms,2,-3.27012369944e-06,-0.0326998011973,0,26380,daily_bucket,,,,,,,,
2025-10-01,trade_imbalance_100ms,100ms,3,-3.50374332917e-06,-0.0350361651197,0,26381,daily_bucket,,,,,,,,
2025-10-01,trade_imbalance_100ms,100ms,4,-2.68841333331e-06,-0.0268830684316,0,26381,daily_bucket,,,,,,,,
2025-10-01,trade_imbalance_100ms,100ms,5,-5.13386703291e-06,-0.0513363970532,0,26381,daily_bucket,,,,,,,,
2025-10-01,trade_imbalance_100ms,100ms,6,3.40920904225e-06,0.0340960958292,0,26379,daily_bucket,,,,,,,,
2025-10-01,trade_imbalance_100ms,100ms,7,5.30249898258e-06,0.0530273919525,0,26381,daily_bucket,,,,,,,,
2025-10-01,trade_imbalance_100ms,100ms,8,3.69706639351e-06,0.0369722012604,0,26379,daily_bucket,,,,,,,,
2025-10-01,trade_imbalance_100ms,100ms,9,4.07763214918e-06,0.0407777132376,0,26381,daily_bucket,,,,,,,,
2025-10-01,trade_imbalance_100ms,100ms,10,2.86388433495e-06,0.0286399488918,0,26380,daily_bucket,,,,,,,,
2025-10-01,trade_imbalance_100ms,100ms,,,,,263804,daily_monotonicity,,0.684848484848,,,,,,
2025-10-01,trade_imbalance_100ms,100ms,,,,,263804,daily_top_bottom,0.0617949125085,,,,,,,
2025-10-01,di_10,1s,1,-2.18626765392e-05,-0.218612097356,0,86394,daily_bucket,,,,,,,,
2025-10-01,di_10,1s,2,-1.05436529664e-05,-0.105427749487,0,86398,daily_bucket,,,,,,,,
2025-10-01,di_10,1s,3,-6.78394441675e-06,-0.0678323535224,0,86399,daily_bucket,,,,,,,,
2025-10-01,di_10,1s,4,-3.59258479316e-06,-0.03591919152,0,86398,daily_bucket,,,,,,,,
2025-10-01,di_10,1s,5,-9.42436010743e-07,-0.00941900169715,0,86398,daily_bucket,,,,,,,,
2025-10-01,di_10,1s,6,7.6506073438e-07,0.00765592693412,0,86399,daily_bucket,,,,,,,,
2025-10-01,di_10,1s,7,3.38655443012e-06,0.0338716727584,0,86398,daily_bucket,,,,,,,,
2025-10-01,di_10,1s,8,7.28005956509e-06,0.0728084363201,0,86389,daily_bucket,,,,,,,,
2025-10-01,di_10,1s,9,1.23669203571e-05,0.123679416675,0,86398,daily_bucket,,,,,,,,
2025-10-01,di_10,1s,10,2.44456089069e-05,0.244473145731,0,86398,daily_bucket,,,,,,,,
2025-10-01,di_10,1s,,,,,863969,daily_monotonicity,,1,,,,,,
2025-10-01,di_10,1s,,,,,863969,daily_top_bottom,0.463085243087,,,,,,,
2025-10-01,di_5,1s,1,-2.13229759315e-05,-0.213215397752,0,86394,daily_bucket,,,,,,,,
2025-10-01,di_5,1s,2,-1.07986094291e-05,-0.107977513486,0,86398,daily_bucket,,,,,,,,
2025-10-01,di_5,1s,3,-7.0963001772e-06,-0.070955513741,0,86399,daily_bucket,,,,,,,,
2025-10-01,di_5,1s,4,-3.3880189904e-06,-0.0338735673517,0,86398,daily_bucket,,,,,,,,
2025-10-01,di_5,1s,5,-1.04163837228e-06,-0.0104109465247,0,86398,daily_bucket,,,,,,,,
2025-10-01,di_5,1s,6,6.10696765434e-07,0.00611227023666,0,86399,daily_bucket,,,,,,,,
2025-10-01,di_5,1s,7,3.34921927238e-06,0.0334983601082,0,86398,daily_bucket,,,,,,,,
2025-10-01,di_5,1s,8,7.12634905889e-06,0.0712710501212,0,86389,daily_bucket,,,,,,,,
2025-10-01,di_5,1s,9,1.21852460004e-05,0.1218624733,0,86398,daily_bucket,,,,,,,,
2025-10-01,di_5,1s,10,2.48949554475e-05,0.248967133646,0,86398,daily_bucket,,,,,,,,
2025-10-01,di_5,1s,,,,,863969,daily_monotonicity,,1,,,,,,
2025-10-01,di_5,1s,,,,,863969,daily_top_bottom,0.462182531398,,,,,,,
2025-10-01,microprice_deviation_bps,1s,1,-2.08801044242e-05,-0.208786670672,0,86394,daily_bucket,,,,,,,,
2025-10-01,microprice_deviation_bps,1s,2,-1.10256229771e-05,-0.110247881345,0,86398,daily_bucket,,,,,,,,
2025-10-01,microprice_deviation_bps,1s,3,-7.16367721235e-06,-0.0716290117542,0,86399,daily_bucket,,,,,,,,
2025-10-01,microprice_deviation_bps,1s,4,-3.51992178178e-06,-0.0351924796184,0,86398,daily_bucket,,,,,,,,
2025-10-01,microprice_deviation_bps,1s,5,-1.03350131946e-06,-0.0103296669417,0,86398,daily_bucket,,,,,,,,
2025-10-01,microprice_deviation_bps,1s,6,6.78239595601e-07,0.00678766083892,0,86399,daily_bucket,,,,,,,,
2025-10-01,microprice_deviation_bps,1s,7,3.33912207244e-06,0.0333971598739,0,86398,daily_bucket,,,,,,,,
2025-10-01,microprice_deviation_bps,1s,8,7.10200304641e-06,0.0710275730541,0,86389,daily_bucket,,,,,,,,
2025-10-01,microprice_deviation_bps,1s,9,1.23272868363e-05,0.123282884454,0,86398,daily_bucket,,,,,,,,
2025-10-01,microprice_deviation_bps,1s,10,2.4695117774e-05,0.246968960321,0,86398,daily_bucket,,,,,,,,
2025-10-01,microprice_deviation_bps,1s,,,,,863969,daily_monotonicity,,1,,,,,,
2025-10-01,microprice_deviation_bps,1s,,,,,863969,daily_top_bottom,0.455755630993,,,,,,,
2025-10-01,ofi_1s,1s,1,-1.87421226699e-05,-0.187402823667,0,86394,daily_bucket,,,,,,,,
2025-10-01,ofi_1s,1s,2,-6.06591416353e-06,-0.0606500336822,0,86397,daily_bucket,,,,,,,,
2025-10-01,ofi_1s,1s,3,-1.99600315969e-06,-0.019954490818,0,86394,daily_bucket,,,,,,,,
2025-10-01,ofi_1s,1s,4,-7.59190945109e-07,-0.00758704317443,0,86399,daily_bucket,,,,,,,,
2025-10-01,ofi_1s,1s,5,-8.41750109462e-07,-0.00841339645413,0,86399,daily_bucket,,,,,,,,
2025-10-01,ofi_1s,1s,6,5.09598476987e-07,0.00509990379448,0,86390,daily_bucket,,,,,,,,
2025-10-01,ofi_1s,1s,7,1.23704376937e-06,0.0123756880123,0,86399,daily_bucket,,,,,,,,
2025-10-01,ofi_1s,1s,8,2.98261865436e-06,0.0298321787144,0,86399,daily_bucket,,,,,,,,
2025-10-01,ofi_1s,1s,9,7.27511197943e-06,0.0727613964977,0,86399,daily_bucket,,,,,,,,
2025-10-01,ofi_1s,1s,10,2.09183618231e-05,0.209205269117,0,86399,daily_bucket,,,,,,,,
2025-10-01,ofi_1s,1s,,,,,863969,daily_monotonicity,,0.987878787879,,,,,,
2025-10-01,ofi_1s,1s,,,,,863969,daily_top_bottom,0.396608092784,,,,,,,
2025-10-01,qi_1,1s,1,-2.10572774579e-05,-0.210558451803,0,86394,daily_bucket,,,,,,,,
2025-10-01,qi_1,1s,2,-1.08694329631e-05,-0.108686020669,0,86398,daily_bucket,,,,,,,,
2025-10-01,qi_1,1s,3,-7.16053311336e-06,-0.0715975678525,0,86399,daily_bucket,,,,,,,,
2025-10-01,qi_1,1s,4,-3.53432058737e-06,-0.0353363968934,0,86398,daily_bucket,,,,,,,,
2025-10-01,qi_1,1s,5,-9.97841869924e-07,-0.00997305853662,0,86398,daily_bucket,,,,,,,,
2025-10-01,qi_1,1s,6,6.59463379766e-07,0.00659991402078,0,86399,daily_bucket,,,,,,,,
2025-10-01,qi_1,1s,7,3.40897153232e-06,0.0340958683807,0,86398,daily_bucket,,,,,,,,
2025-10-01,qi_1,1s,8,7.06559262933e-06,0.070663494265,0,86389,daily_bucket,,,,,,,,
2025-10-01,qi_1,1s,9,1.22140571027e-05,0.122150576945,0,86398,daily_bucket,,,,,,,,
2025-10-01,qi_1,1s,10,2.47902511428e-05,0.247920052208,0,86398,daily_bucket,,,,,,,,
2025-10-01,qi_1,1s,,,,,863969,daily_monotonicity,,1,,,,,,
2025-10-01,qi_1,1s,,,,,863969,daily_top_bottom,0.458478504011,,,,,,,
2025-10-01,trade_imbalance_1s,1s,1,-2.56312244813e-06,-0.0256265148756,0,80466,daily_bucket,,,,,,,,
2025-10-01,trade_imbalance_1s,1s,2,-2.69403129733e-06,-0.0269351154248,0,80466,daily_bucket,,,,,,,,
2025-10-01,trade_imbalance_1s,1s,3,-1.03066509519e-05,-0.103054532513,0,80457,daily_bucket,,,,,,,,
2025-10-01,trade_imbalance_1s,1s,4,-5.09751311991e-06,-0.0509658845511,0,80459,daily_bucket,,,,,,,,
2025-10-01,trade_imbalance_1s,1s,5,-1.85668731698e-06,-0.0185573596286,0,80459,daily_bucket,,,,,,,,
2025-10-01,trade_imbalance_1s,1s,6,1.5640649377e-07,0.00157513980311,0,80466,daily_bucket,,,,,,,,
2025-10-01,trade_imbalance_1s,1s,7,3.65840280473e-06,0.0365959948678,0,80466,daily_bucket,,,,,,,,
2025-10-01,trade_imbalance_1s,1s,8,1.01970960606e-05,0.101984987977,0,80465,daily_bucket,,,,,,,,
2025-10-01,trade_imbalance_1s,1s,9,9.88594687388e-06,0.0988699146272,0,80466,daily_bucket,,,,,,,,
2025-10-01,trade_imbalance_1s,1s,10,2.85942779333e-06,0.0285994761829,0,80465,daily_bucket,,,,,,,,
2025-10-01,trade_imbalance_1s,1s,,,,,804635,daily_monotonicity,,0.806060606061,,,,,,
2025-10-01,trade_imbalance_1s,1s,,,,,804635,daily_top_bottom,0.0542259910586,,,,,,,
2025-10-01,di_10,30s,1,-7.44586756069e-05,-0.744181887513,-0.584821735332,86374,daily_bucket,,,,,,,,
2025-10-01,di_10,30s,2,-5.01826634377e-05,-0.501413917964,-0.224698720397,86364,daily_bucket,,,,,,,,
2025-10-01,di_10,30s,3,-3.78792521009e-05,-0.378387229842,-0.00261857690907,86393,daily_bucket,,,,,,,,
2025-10-01,di_10,30s,4,-1.51195959647e-05,-0.150802856585,0,86362,daily_bucket,,,,,,,,
2025-10-01,di_10,30s,5,3.80151988781e-07,0.00421620880575,0,86381,daily_bucket,,,,,,,,
2025-10-01,di_10,30s,6,2.1852862476e-05,0.218966750612,0,86392,daily_bucket,,,,,,,,
2025-10-01,di_10,30s,7,3.98427214752e-05,0.398873555239,0,86391,daily_bucket,,,,,,,,
2025-10-01,di_10,30s,8,6.0606562595e-05,0.606515579744,0.0392877377601,86357,daily_bucket,,,,,,,,
2025-10-01,di_10,30s,9,8.58576851676e-05,0.859054978229,0.508034696806,86351,daily_bucket,,,,,,,,
2025-10-01,di_10,30s,10,0.00010249169746,1.02541392774,0.846121260424,86314,daily_bucket,,,,,,,,
2025-10-01,di_10,30s,,,,,863679,daily_monotonicity,,1,,,,,,
2025-10-01,di_10,30s,,,,,863679,daily_top_bottom,1.76959581526,,,,,,,
2025-10-01,di_5,30s,1,-7.62850856267e-05,-0.762450743049,-0.584821735332,86371,daily_bucket,,,,,,,,
2025-10-01,di_5,30s,2,-4.76698624907e-05,-0.47628597426,-0.224594250169,86367,daily_bucket,,,,,,,,
2025-10-01,di_5,30s,3,-3.46585034838e-05,-0.346177513657,-0.00601278464039,86393,daily_bucket,,,,,,,,
2025-10-01,di_5,30s,4,-1.57618384396e-05,-0.157218098987,0,86362,daily_bucket,,,,,,,,
2025-10-01,di_5,30s,5,-1.94214839419e-06,-0.0190185246074,0,86379,daily_bucket,,,,,,,,
2025-10-01,di_5,30s,6,2.1386215419e-05,0.214295538096,0,86394,daily_bucket,,,,,,,,
2025-10-01,di_5,30s,7,3.99656531758e-05,0.400100527875,0,86392,daily_bucket,,,,,,,,
2025-10-01,di_5,30s,8,5.95231570028e-05,0.595686736756,0.00764542587549,86360,daily_bucket,,,,,,,,
2025-10-01,di_5,30s,9,8.64165933812e-05,0.864649181451,0.509437885983,86352,daily_bucket,,,,,,,,
2025-10-01,di_5,30s,10,0.000102417816343,1.02467901651,0.862411325682,86309,daily_bucket,,,,,,,,
2025-10-01,di_5,30s,,,,,863679,daily_monotonicity,,1,,,,,,
2025-10-01,di_5,30s,,,,,863679,daily_top_bottom,1.78712975956,,,,,,,
2025-10-01,microprice_deviation_bps,30s,1,-7.56253296759e-05,-0.755855534928,-0.597851304954,86371,daily_bucket,,,,,,,,
2025-10-01,microprice_deviation_bps,30s,2,-4.8260424132e-05,-0.482195293988,-0.224698720397,86370,daily_bucket,,,,,,,,
2025-10-01,microprice_deviation_bps,30s,3,-3.48095761061e-05,-0.347679386981,-0.00257690703898,86390,daily_bucket,,,,,,,,
2025-10-01,microprice_deviation_bps,30s,4,-1.71426564525e-05,-0.171019958531,0,86374,daily_bucket,,,,,,,,
2025-10-01,microprice_deviation_bps,30s,5,-1.07669197445e-06,-0.0103740361297,0,86367,daily_bucket,,,,,,,,
2025-10-01,microprice_deviation_bps,30s,6,2.16257128728e-05,0.216681669671,0,86394,daily_bucket,,,,,,,,
2025-10-01,microprice_deviation_bps,30s,7,3.96105802566e-05,0.396553221033,0,86390,daily_bucket,,,,,,,,
2025-10-01,microprice_deviation_bps,30s,8,5.96969248727e-05,0.597426767377,0.0186855076604,86357,daily_bucket,,,,,,,,
2025-10-01,microprice_deviation_bps,30s,9,8.75968887405e-05,0.876460722351,0.52520735313,86355,daily_bucket,,,,,,,,
2025-10-01,microprice_deviation_bps,30s,10,0.000101776490284,1.01826118987,0.851281214407,86311,daily_bucket,,,,,,,,
2025-10-01,microprice_deviation_bps,30s,,,,,863679,daily_monotonicity,,1,,,,,,
2025-10-01,microprice_deviation_bps,30s,,,,,863679,daily_top_bottom,1.77411672479,,,,,,,
2025-10-01,ofi_30s,30s,1,1.1882317958e-05,0.119333816664,0,86335,daily_bucket,,,,,,,,
2025-10-01,ofi_30s,30s,2,-1.80277319822e-05,-0.17987777342,-0.000874522122852,86364,daily_bucket,,,,,,,,
2025-10-01,ofi_30s,30s,3,-1.46320107194e-05,-0.145927054382,0,86395,daily_bucket,,,,,,,,
2025-10-01,ofi_30s,30s,4,-1.12060466665e-05,-0.111639663244,0,86380,daily_bucket,,,,,,,,
2025-10-01,ofi_30s,30s,5,-2.03363007686e-06,-0.0200009902942,0,86395,daily_bucket,,,,,,,,
2025-10-01,ofi_30s,30s,6,2.16295119113e-05,0.216516187939,0,86399,daily_bucket,,,,,,,,
2025-10-01,ofi_30s,30s,7,3.07371451651e-05,0.307718631128,0,86365,daily_bucket,,,,,,,,
2025-10-01,ofi_30s,30s,8,5.11942247178e-05,0.512389511919,0.0209389742756,86295,daily_bucket,,,,,,,,
2025-10-01,ofi_30s,30s,9,3.77678400935e-05,0.378211404463,0,86383,daily_bucket,,,,,,,,
2025-10-01,ofi_30s,30s,10,2.603563865e-05,0.261088773228,0,86368,daily_bucket,,,,,,,,
2025-10-01,ofi_30s,30s,,,,,863679,daily_monotonicity,,0.793939393939,,,,,,
2025-10-01,ofi_30s,30s,,,,,863679,daily_top_bottom,0.141754956564,,,,,,,
2025-10-01,qi_1,30s,1,-7.67733950659e-05,-0.767335726701,-0.61001997858,86371,daily_bucket,,,,,,,,
2025-10-01,qi_1,30s,2,-4.65268461684e-05,-0.464859993944,-0.211183442657,86367,daily_bucket,,,,,,,,
2025-10-01,qi_1,30s,3,-3.578387044e-05,-0.357421391837,-0.00961924618777,86393,daily_bucket,,,,,,,,
2025-10-01,qi_1,30s,4,-1.67253335261e-05,-0.166847826696,0,86368,daily_bucket,,,,,,,,
2025-10-01,qi_1,30s,5,-1.14849058843e-06,-0.0110914857971,0,86373,daily_bucket,,,,,,,,
2025-10-01,qi_1,30s,6,2.16957905648e-05,0.217381516437,0,86394,daily_bucket,,,,,,,,
2025-10-01,qi_1,30s,7,3.98218830308e-05,0.398668383065,0,86391,daily_bucket,,,,,,,,
2025-10-01,qi_1,30s,8,5.99919234539e-05,0.600375912876,0.0192275346687,86361,daily_bucket,,,,,,,,
2025-10-01,qi_1,30s,9,8.6702912074e-05,0.867517879524,0.52520735313,86351,daily_bucket,,,,,,,,
2025-10-01,qi_1,30s,10,0.000102138133516,1.02187997761,0.853496273743,86310,daily_bucket,,,,,,,,
2025-10-01,qi_1,30s,,,,,863679,daily_monotonicity,,1,,,,,,
2025-10-01,qi_1,30s,,,,,863679,daily_top_bottom,1.78921570431,,,,,,,
2025-10-01,trade_imbalance_30s,30s,1,-1.42977613788e-05,-0.142704147729,0,86393,daily_bucket,,,,,,,,
2025-10-01,trade_imbalance_30s,30s,2,-3.9240882106e-06,-0.0389485107103,0,86399,daily_bucket,,,,,,,,
2025-10-01,trade_imbalance_30s,30s,3,1.47292317246e-06,0.0150440033452,0,86399,daily_bucket,,,,,,,,
2025-10-01,trade_imbalance_30s,30s,4,1.14681326672e-05,0.115047199172,0,86394,daily_bucket,,,,,,,,
2025-10-01,trade_imbalance_30s,30s,5,1.08631817232e-05,0.109087727485,0,86399,daily_bucket,,,,,,,,
2025-10-01,trade_imbalance_30s,30s,6,1.44448039784e-05,0.144958270465,0,86399,daily_bucket,,,,,,,,
2025-10-01,trade_imbalance_30s,30s,7,9.66013081787e-06,0.0971627735777,0,86339,daily_bucket,,,,,,,,
2025-10-01,trade_imbalance_30s,30s,8,2.75179265207e-05,0.275747133899,0,86279,daily_bucket,,,,,,,,
2025-10-01,trade_imbalance_30s,30s,9,3.84530121156e-05,0.385086681417,0,86279,daily_bucket,,,,,,,,
2025-10-01,trade_imbalance_30s,30s,10,3.76986864348e-05,0.377428889918,0,86399,daily_bucket,,,,,,,,
2025-10-01,trade_imbalance_30s,30s,,,,,863679,daily_monotonicity,,0.90303030303,,,,,,
2025-10-01,trade_imbalance_30s,30s,,,,,863679,daily_top_bottom,0.520133037648,,,,,,,
2025-10-01,di_10,500ms,1,-1.38394245074e-05,-0.138386865212,0,86394,daily_bucket,,,,,,,,
2025-10-01,di_10,500ms,2,-5.50824692506e-06,-0.0550788040468,0,86398,daily_bucket,,,,,,,,
2025-10-01,di_10,500ms,3,-3.49375653455e-06,-0.0349345879079,0,86399,daily_bucket,,,,,,,,
2025-10-01,di_10,500ms,4,-1.71404821053e-06,-0.0171380836497,0,86398,daily_bucket,,,,,,,,
2025-10-01,di_10,500ms,5,-3.55784968856e-07,-0.00355592385157,0,86398,daily_bucket,,,,,,,,
2025-10-01,di_10,500ms,6,3.07337997095e-07,0.00307529391723,0,86399,daily_bucket,,,,,,,,
2025-10-01,di_10,500ms,7,1.54569400321e-06,0.0154591229431,0,86398,daily_bucket,,,,,,,,
2025-10-01,di_10,500ms,8,3.5412705255e-06,0.0354157835951,0,86394,daily_bucket,,,,,,,,
2025-10-01,di_10,500ms,9,6.2361427284e-06,0.0623657141699,0,86398,daily_bucket,,,,,,,,
2025-10-01,di_10,500ms,10,1.5544347023e-05,0.15545222451,0,86398,daily_bucket,,,,,,,,
2025-10-01,di_10,500ms,,,,,863974,daily_monotonicity,,1,,,,,,
2025-10-01,di_10,500ms,,,,,863974,daily_top_bottom,0.293839089722,,,,,,,
2025-10-01,di_5,500ms,1,-1.35421408237e-05,-0.135414206607,0,86394,daily_bucket,,,,,,,,
2025-10-01,di_5,500ms,2,-5.60676101892e-06,-0.0560640222612,0,86398,daily_bucket,,,,,,,,
2025-10-01,di_5,500ms,3,-3.67806860846e-06,-0.0367775356401,0,86399,daily_bucket,,,,,,,,
2025-10-01,di_5,500ms,4,-1.64714261027e-06,-0.0164689901939,0,86398,daily_bucket,,,,,,,,
2025-10-01,di_5,500ms,5,-4.03249413182e-07,-0.00403048571762,0,86398,daily_bucket,,,,,,,,
2025-10-01,di_5,500ms,6,2.7286659353e-07,0.00273058196033,0,86399,daily_bucket,,,,,,,,
2025-10-01,di_5,500ms,7,1.48302036942e-06,0.014832377719,0,86398,daily_bucket,,,,,,,,
2025-10-01,di_5,500ms,8,3.45563094042e-06,0.0345592985921,0,86394,daily_bucket,,,,,,,,
2025-10-01,di_5,500ms,9,6.15563859775e-06,0.0615605692264,0,86398,daily_bucket,,,,,,,,
2025-10-01,di_5,500ms,10,1.5773749435e-05,0.157746410684,0,86398,daily_bucket,,,,,,,,
2025-10-01,di_5,500ms,,,,,863974,daily_monotonicity,,1,,,,,,
2025-10-01,di_5,500ms,,,,,863974,daily_top_bottom,0.293160617292,,,,,,,
2025-10-01,microprice_deviation_bps,500ms,1,-1.32685893025e-05,-0.132678679321,0,86394,daily_bucket,,,,,,,,
2025-10-01,microprice_deviation_bps,500ms,2,-5.74799997837e-06,-0.0574763934036,0,86398,daily_bucket,,,,,,,,
2025-10-01,microprice_deviation_bps,500ms,3,-3.70301610022e-06,-0.0370269427908,0,86399,daily_bucket,,,,,,,,
2025-10-01,microprice_deviation_bps,500ms,4,-1.71525685506e-06,-0.017150088894,0,86398,daily_bucket,,,,,,,,
2025-10-01,microprice_deviation_bps,500ms,5,-4.14954647457e-07,-0.00414764071846,0,86398,daily_bucket,,,,,,,,
2025-10-01,microprice_deviation_bps,500ms,6,3.04427101015e-07,0.00304615360706,0,86399,daily_bucket,,,,,,,,
2025-10-01,microprice_deviation_bps,500ms,7,1.52836068121e-06,0.0152857189072,0,86398,daily_bucket,,,,,,,,
2025-10-01,microprice_deviation_bps,500ms,8,3.43188362692e-06,0.0343218385785,0,86394,daily_bucket,,,,,,,,
2025-10-01,microprice_deviation_bps,500ms,9,6.23233255987e-06,0.0623274546786,0,86398,daily_bucket,,,,,,,,
2025-10-01,microprice_deviation_bps,500ms,10,1.56163678649e-05,0.156172692007,0,86398,daily_bucket,,,,,,,,
2025-10-01,microprice_deviation_bps,500ms,,,,,863974,daily_monotonicity,,1,,,,,,
2025-10-01,microprice_deviation_bps,500ms,,,,,863974,daily_top_bottom,0.288851371329,,,,,,,
2025-10-01,ofi_500ms,500ms,1,-1.21691067778e-05,-0.121681770298,0,86399,daily_bucket,,,,,,,,
2025-10-01,ofi_500ms,500ms,2,-2.59483583164e-06,-0.025944834296,0,86398,daily_bucket,,,,,,,,
2025-10-01,ofi_500ms,500ms,3,-7.29593782118e-07,-0.00729367889105,0,86398,daily_bucket,,,,,,,,
2025-10-01,ofi_500ms,500ms,4,-5.12665622663e-07,-0.00512450731243,0,86398,daily_bucket,,,,,,,,
2025-10-01,ofi_500ms,500ms,5,-3.22904222208e-07,-0.00322721382563,0,86398,daily_bucket,,,,,,,,
2025-10-01,ofi_500ms,500ms,6,1.04931200355e-07,0.00105081956683,0,86388,daily_bucket,,,,,,,,
2025-10-01,ofi_500ms,500ms,7,1.03579617499e-06,0.0103601127957,0,86399,daily_bucket,,,,,,,,
2025-10-01,ofi_500ms,500ms,8,1.05590403188e-06,0.0105613787074,0,86398,daily_bucket,,,,,,,,
2025-10-01,ofi_500ms,500ms,9,3.13055582963e-06,0.0313088820366,0,86399,daily_bucket,,,,,,,,
2025-10-01,ofi_500ms,500ms,10,1.32658412554e-05,0.132668596693,0,86399,daily_bucket,,,,,,,,
2025-10-01,ofi_500ms,500ms,,,,,863974,daily_monotonicity,,1,,,,,,
2025-10-01,ofi_500ms,500ms,,,,,863974,daily_top_bottom,0.254350366992,,,,,,,
2025-10-01,qi_1,500ms,1,-1.33968799583e-05,-0.133961612184,0,86394,daily_bucket,,,,,,,,
2025-10-01,qi_1,500ms,2,-5.63702365869e-06,-0.0563666706923,0,86398,daily_bucket,,,,,,,,
2025-10-01,qi_1,500ms,3,-3.70636874883e-06,-0.0370604505365,0,86399,daily_bucket,,,,,,,,
2025-10-01,qi_1,500ms,4,-1.71421891916e-06,-0.0171396726201,0,86398,daily_bucket,,,,,,,,
2025-10-01,qi_1,500ms,5,-3.91867166702e-07,-0.00391675488098,0,86398,daily_bucket,,,,,,,,
2025-10-01,qi_1,500ms,6,2.92462128072e-07,0.00292651344295,0,86399,daily_bucket,,,,,,,,
2025-10-01,qi_1,500ms,7,1.56800679421e-06,0.0156822693265,0,86398,daily_bucket,,,,,,,,
2025-10-01,qi_1,500ms,8,3.42426067473e-06,0.0342456112939,0,86394,daily_bucket,,,,,,,,
2025-10-01,qi_1,500ms,9,6.15431957785e-06,0.0615472972045,0,86398,daily_bucket,,,,,,,,
2025-10-01,qi_1,500ms,10,1.5670858112e-05,0.156717521144,0,86398,daily_bucket,,,,,,,,
2025-10-01,qi_1,500ms,,,,,863974,daily_monotonicity,,1,,,,,,
2025-10-01,qi_1,500ms,,,,,863974,daily_top_bottom,0.290679133328,,,,,,,
2025-10-01,trade_imbalance_500ms,500ms,1,-2.45341912684e-06,-0.0245319053858,0,66955,daily_bucket,,,,,,,,
2025-10-01,trade_imbalance_500ms,500ms,2,-2.39851437514e-06,-0.023982115557,0,66955,daily_bucket,,,,,,,,
2025-10-01,trade_imbalance_500ms,500ms,3,-2.23844768891e-06,-0.0223816090533,0,66955,daily_bucket,,,,,,,,
2025-10-01,trade_imbalance_500ms,500ms,4,-7.92012924414e-06,-0.0791940304073,0,66948,daily_bucket,,,,,,,,
2025-10-01,trade_imbalance_500ms,500ms,5,-3.39867311573e-06,-0.0339816858657,0,66954,daily_bucket,,,,,,,,
2025-10-01,trade_imbalance_500ms,500ms,6,2.13292554503e-07,0.00213774862484,0,66951,daily_bucket,,,,,,,,
2025-10-01,trade_imbalance_500ms,500ms,7,6.03472584145e-06,0.0603545051793,0,66952,daily_bucket,,,,,,,,
2025-10-01,trade_imbalance_500ms,500ms,8,9.10779403725e-06,0.0910854227959,0,66955,daily_bucket,,,,,,,,
2025-10-01,trade_imbalance_500ms,500ms,9,3.28745955779e-06,0.0328779597358,0,66955,daily_bucket,,,,,,,,
2025-10-01,trade_imbalance_500ms,500ms,10,2.07673488072e-06,0.0207696970306,0,66952,daily_bucket,,,,,,,,
2025-10-01,trade_imbalance_500ms,500ms,,,,,669532,daily_monotonicity,,0.709090909091,,,,,,
2025-10-01,trade_imbalance_500ms,500ms,,,,,669532,daily_top_bottom,0.0453016024163,,,,,,,
2025-10-01,di_10,5s,1,-5.14594181593e-05,-0.514523620071,-0.153647211598,86394,daily_bucket,,,,,,,,
2025-10-01,di_10,5s,2,-3.28464952932e-05,-0.328408208017,0,86398,daily_bucket,,,,,,,,
2025-10-01,di_10,5s,3,-2.24619264188e-05,-0.224565334652,0,86399,daily_bucket,,,,,,,,
2025-10-01,di_10,5s,4,-1.35261719612e-05,-0.135207968638,0,86398,daily_bucket,,,,,,,,
2025-10-01,di_10,5s,5,-2.6840552314e-06,-0.0267896409113,0,86398,daily_bucket,,,,,,,,
2025-10-01,di_10,5s,6,5.82827441464e-06,0.0583311653626,0,86399,daily_bucket,,,,,,,,
2025-10-01,di_10,5s,7,1.33447110332e-05,0.133502128925,0,86397,daily_bucket,,,,,,,,
2025-10-01,di_10,5s,8,2.65306417584e-05,0.26536515025,0,86379,daily_bucket,,,,,,,,
2025-10-01,di_10,5s,9,4.03448659432e-05,0.403513419921,0,86387,daily_bucket,,,,,,,,
2025-10-01,di_10,5s,10,5.94776938795e-05,0.594859307867,0.187521317232,86380,daily_bucket,,,,,,,,
2025-10-01,di_10,5s,,,,,863929,daily_monotonicity,,1,,,,,,
2025-10-01,di_10,5s,,,,,863929,daily_top_bottom,1.10938292794,,,,,,,
2025-10-01,di_5,5s,1,-5.07613153696e-05,-0.507543394976,-0.125649708246,86394,daily_bucket,,,,,,,,
2025-10-01,di_5,5s,2,-3.29225933738e-05,-0.329169690132,0,86398,daily_bucket,,,,,,,,
2025-10-01,di_5,5s,3,-2.32516168981e-05,-0.232461112516,0,86399,daily_bucket,,,,,,,,
2025-10-01,di_5,5s,4,-1.30270410457e-05,-0.130217456154,0,86398,daily_bucket,,,,,,,,
2025-10-01,di_5,5s,5,-2.91311713413e-06,-0.0290800597993,0,86398,daily_bucket,,,,,,,,
2025-10-01,di_5,5s,6,5.47605880906e-06,0.0548096137253,0,86399,daily_bucket,,,,,,,,
2025-10-01,di_5,5s,7,1.30757846052e-05,0.13081261187,0,86397,daily_bucket,,,,,,,,
2025-10-01,di_5,5s,8,2.63226614461e-05,0.263283888821,0,86380,daily_bucket,,,,,,,,
2025-10-01,di_5,5s,9,3.95988552526e-05,0.396052445059,0,86387,daily_bucket,,,,,,,,
2025-10-01,di_5,5s,10,6.09510531379e-05,0.609595649187,0.254632989765,86379,daily_bucket,,,,,,,,
2025-10-01,di_5,5s,,,,,863929,daily_monotonicity,,1,,,,,,
2025-10-01,di_5,5s,,,,,863929,daily_top_bottom,1.11713904416,,,,,,,
2025-10-01,microprice_deviation_bps,5s,1,-5.04964458025e-05,-0.504895840616,-0.101355202058,86394,daily_bucket,,,,,,,,
2025-10-01,microprice_deviation_bps,5s,2,-3.28149139798e-05,-0.328094259579,0,86398,daily_bucket,,,,,,,,
2025-10-01,microprice_deviation_bps,5s,3,-2.30182011569e-05,-0.230124582828,0,86399,daily_bucket,,,,,,,,
2025-10-01,microprice_deviation_bps,5s,4,-1.42817815612e-05,-0.142764110436,0,86398,daily_bucket,,,,,,,,
2025-10-01,microprice_deviation_bps,5s,5,-2.05730741774e-06,-0.0205226805379,0,86398,daily_bucket,,,,,,,,
2025-10-01,microprice_deviation_bps,5s,6,5.58261257812e-06,0.0558755424256,0,86399,daily_bucket,,,,,,,,
2025-10-01,microprice_deviation_bps,5s,7,1.25966961378e-05,0.126021151765,0,86397,daily_bucket,,,,,,,,
2025-10-01,microprice_deviation_bps,5s,8,2.64407735258e-05,0.26446532942,0,86377,daily_bucket,,,,,,,,
2025-10-01,microprice_deviation_bps,5s,9,4.03070581799e-05,0.403135934117,0,86389,daily_bucket,,,,,,,,
2025-10-01,microprice_deviation_bps,5s,10,6.02894982357e-05,0.602978603801,0.236664676849,86380,daily_bucket,,,,,,,,
2025-10-01,microprice_deviation_bps,5s,,,,,863929,daily_monotonicity,,1,,,,,,
2025-10-01,microprice_deviation_bps,5s,,,,,863929,daily_top_bottom,1.10787444442,,,,,,,
2025-10-01,ofi_5s,5s,1,-3.13839283015e-05,-0.31374785575,0,86388,daily_bucket,,,,,,,,
2025-10-01,ofi_5s,5s,2,-2.2604592996e-05,-0.225970339232,0,86399,daily_bucket,,,,,,,,
2025-10-01,ofi_5s,5s,3,-1.41189911279e-05,-0.141133300891,0,86399,daily_bucket,,,,,,,,
2025-10-01,ofi_5s,5s,4,-5.19553260497e-06,-0.0519189414472,0,86399,daily_bucket,,,,,,,,
2025-10-01,ofi_5s,5s,5,-1.20236170037e-06,-0.0119958946171,0,86399,daily_bucket,,,,,,,,
2025-10-01,ofi_5s,5s,6,2.52691439879e-06,0.0252937174038,0,86399,daily_bucket,,,,,,,,
2025-10-01,ofi_5s,5s,7,9.46837160326e-06,0.0947184390604,0,86399,daily_bucket,,,,,,,,
2025-10-01,ofi_5s,5s,8,2.14059748576e-05,0.214116659916,0,86399,daily_bucket,,,,,,,,
2025-10-01,ofi_5s,5s,9,3.15884416479e-05,0.315966143591,0,86368,daily_bucket,,,,,,,,
2025-10-01,ofi_5s,5s,10,3.20566242361e-05,0.320675789605,0,86380,daily_bucket,,,,,,,,
2025-10-01,ofi_5s,5s,,,,,863929,daily_monotonicity,,1,,,,,,
2025-10-01,ofi_5s,5s,,,,,863929,daily_top_bottom,0.634423645355,,,,,,,
2025-10-01,qi_1,5s,1,-5.0636838156e-05,-0.506299735171,-0.112790662215,86394,daily_bucket,,,,,,,,
2025-10-01,qi_1,5s,2,-3.25295739004e-05,-0.32524065268,0,86398,daily_bucket,,,,,,,,
2025-10-01,qi_1,5s,3,-2.32921630977e-05,-0.232864426957,0,86399,daily_bucket,,,,,,,,
2025-10-01,qi_1,5s,4,-1.41101528585e-05,-0.141047728214,0,86398,daily_bucket,,,,,,,,
2025-10-01,qi_1,5s,5,-2.10365468589e-06,-0.0209863493153,0,86398,daily_bucket,,,,,,,,
2025-10-01,qi_1,5s,6,5.64617789364e-06,0.0565111510222,0,86399,daily_bucket,,,,,,,,
2025-10-01,qi_1,5s,7,1.27217302529e-05,0.127271745646,0,86397,daily_bucket,,,,,,,,
2025-10-01,qi_1,5s,8,2.64464374642e-05,0.264521643805,0,86379,daily_bucket,,,,,,,,
2025-10-01,qi_1,5s,9,3.98124329622e-05,0.398188877856,0,86388,daily_bucket,,,,,,,,
2025-10-01,qi_1,5s,10,6.05941535105e-05,0.606026168456,0.25029702689,86379,daily_bucket,,,,,,,,
2025-10-01,qi_1,5s,,,,,863929,daily_monotonicity,,1,,,,,,
2025-10-01,qi_1,5s,,,,,863929,daily_top_bottom,1.11232590363,,,,,,,
2025-10-01,trade_imbalance_5s,5s,1,-1.96909259673e-05,-0.196861339975,0,86396,daily_bucket,,,,,,,,
2025-10-01,trade_imbalance_5s,5s,2,-1.27370637529e-05,-0.127324090296,0,86389,daily_bucket,,,,,,,,
2025-10-01,trade_imbalance_5s,5s,3,-6.16592373063e-06,-0.0616091542504,0,86396,daily_bucket,,,,,,,,
2025-10-01,trade_imbalance_5s,5s,4,-5.97800322354e-06,-0.0597283305011,0,86394,daily_bucket,,,,,,,,
2025-10-01,trade_imbalance_5s,5s,5,-1.42780609287e-06,-0.0142167936968,0,86391,daily_bucket,,,,,,,,
2025-10-01,trade_imbalance_5s,5s,6,5.10999557661e-06,0.0511693352183,0,86396,daily_bucket,,,,,,,,
2025-10-01,trade_imbalance_5s,5s,7,6.06003104616e-06,0.0606786881693,0,86395,daily_bucket,,,,,,,,
2025-10-01,trade_imbalance_5s,5s,8,1.39813126452e-05,0.139881012882,0,86396,daily_bucket,,,,,,,,
2025-10-01,trade_imbalance_5s,5s,9,2.04397548809e-05,0.204465291501,0,86395,daily_bucket,,,,,,,,
2025-10-01,trade_imbalance_5s,5s,10,2.29677580182e-05,0.22973188096,0,86345,daily_bucket,,,,,,,,
2025-10-01,trade_imbalance_5s,5s,,,,,863893,daily_monotonicity,,1,,,,,,
2025-10-01,trade_imbalance_5s,5s,,,,,863893,daily_top_bottom,0.426593220935,,,,,,,
2025-11-01,di_10,100ms,1,-1.58659306995e-06,-0.0158654260835,0,86399,daily_bucket,,,,,,,,
2025-11-01,di_10,100ms,2,-2.91584173197e-07,-0.00291570366398,0,86399,daily_bucket,,,,,,,,
2025-11-01,di_10,100ms,3,-1.48953762548e-07,-0.00148945197354,0,86399,daily_bucket,,,,,,,,
2025-11-01,di_10,100ms,4,-5.36917755551e-08,-0.000536850890148,0,86398,daily_bucket,,,,,,,,
2025-11-01,di_10,100ms,5,1.34980054405e-08,0.000135025028885,0,86399,daily_bucket,,,,,,,,
2025-11-01,di_10,100ms,6,4.33855343037e-09,4.34245302262e-05,0,86399,daily_bucket,,,,,,,,
2025-11-01,di_10,100ms,7,4.77391704878e-08,0.000477442948898,0,86399,daily_bucket,,,,,,,,
2025-11-01,di_10,100ms,8,1.32401567592e-07,0.00132411279849,0,86399,daily_bucket,,,,,,,,
2025-11-01,di_10,100ms,9,2.74036506418e-07,0.00274050854699,0,86399,daily_bucket,,,,,,,,
2025-11-01,di_10,100ms,10,1.66044472907e-06,0.0166050668679,0,86399,daily_bucket,,,,,,,,
2025-11-01,di_10,100ms,,,,,863989,daily_monotonicity,,0.987878787879,,,,,,
2025-11-01,di_10,100ms,,,,,863989,daily_top_bottom,0.0324704929514,,,,,,,
2025-11-01,di_5,100ms,1,-1.63815817242e-06,-0.0163810729515,0,86399,daily_bucket,,,,,,,,
2025-11-01,di_5,100ms,2,-2.63207171933e-07,-0.0026319298282,0,86399,daily_bucket,,,,,,,,
2025-11-01,di_5,100ms,3,-1.21273032918e-07,-0.00121265686541,0,86399,daily_bucket,,,,,,,,
2025-11-01,di_5,100ms,4,-5.33528907533e-08,-0.000533460756528,0,86398,daily_bucket,,,,,,,,
2025-11-01,di_5,100ms,5,9.9181220004e-09,9.92286384643e-05,0,86399,daily_bucket,,,,,,,,
2025-11-01,di_5,100ms,6,6.89818644664e-09,6.90237287442e-05,0,86399,daily_bucket,,,,,,,,
2025-11-01,di_5,100ms,7,5.17874160873e-08,0.000517925888842,0,86399,daily_bucket,,,,,,,,
2025-11-01,di_5,100ms,8,1.29688424586e-07,0.00129697870357,0,86399,daily_bucket,,,,,,,,
2025-11-01,di_5,100ms,9,2.52962385825e-07,0.00252975413299,0,86399,daily_bucket,,,,,,,,
2025-11-01,di_5,100ms,10,1.67637248819e-06,0.0167643574585,0,86399,daily_bucket,,,,,,,,
2025-11-01,di_5,100ms,,,,,863989,daily_monotonicity,,0.987878787879,,,,,,
2025-11-01,di_5,100ms,,,,,863989,daily_top_bottom,0.03314543041,,,,,,,
2025-11-01,microprice_deviation_bps,100ms,1,-1.64070330221e-06,-0.0164065136768,0,86399,daily_bucket,,,,,,,,
2025-11-01,microprice_deviation_bps,100ms,2,-2.60207112608e-07,-0.00260193683934,0,86399,daily_bucket,,,,,,,,
2025-11-01,microprice_deviation_bps,100ms,3,-1.20024138618e-07,-0.00120016945883,0,86399,daily_bucket,,,,,,,,
2025-11-01,microprice_deviation_bps,100ms,4,-4.16449836628e-08,-0.000416391645779,0,86398,daily_bucket,,,,,,,,
2025-11-01,microprice_deviation_bps,100ms,5,1.27615748923e-09,1.28141967036e-05,0,86399,daily_bucket,,,,,,,,
2025-11-01,microprice_deviation_bps,100ms,6,1.24862332314e-08,0.000124904298814,0,86399,daily_bucket,,,,,,,,
2025-11-01,microprice_deviation_bps,100ms,7,5.0027724943e-08,0.000500330453397,0,86399,daily_bucket,,,,,,,,
2025-11-01,microprice_deviation_bps,100ms,8,1.32341621819e-07,0.00132351189555,0,86399,daily_bucket,,,,,,,,
2025-11-01,microprice_deviation_bps,100ms,9,2.41072355344e-07,0.00241086085932,0,86399,daily_bucket,,,,,,,,
2025-11-01,microprice_deviation_bps,100ms,10,1.6770113349e-06,0.0167707394214,0,86399,daily_bucket,,,,,,,,
2025-11-01,microprice_deviation_bps,100ms,,,,,863989,daily_monotonicity,,1,,,,,,
2025-11-01,microprice_deviation_bps,100ms,,,,,863989,daily_top_bottom,0.0331772530983,,,,,,,
2025-11-01,ofi_100ms,100ms,1,-9.80659900594e-07,-0.00980618444651,0,86399,daily_bucket,,,,,,,,
2025-11-01,ofi_100ms,100ms,2,-6.85575484571e-08,-0.000685471517081,0,86399,daily_bucket,,,,,,,,
2025-11-01,ofi_100ms,100ms,3,-3.13300336216e-09,-3.11959731531e-05,0,86399,daily_bucket,,,,,,,,
2025-11-01,ofi_100ms,100ms,4,-3.05004101049e-08,-0.000304871385824,0,86399,daily_bucket,,,,,,,,
2025-11-01,ofi_100ms,100ms,5,-3.49984454235e-08,-0.000349830008679,0,86399,daily_bucket,,,,,,,,
2025-11-01,ofi_100ms,100ms,6,-1.63771622197e-08,-0.000163711717376,0,86399,daily_bucket,,,,,,,,
2025-11-01,ofi_100ms,100ms,7,-6.46836611675e-08,-0.000646760824897,0,86398,daily_bucket,,,,,,,,
2025-11-01,ofi_100ms,100ms,8,6.01528084651e-08,0.000601639497526,0,86399,daily_bucket,,,,,,,,
2025-11-01,ofi_100ms,100ms,9,1.2824232143e-07,0.00128254096416,0,86399,daily_bucket,,,,,,,,
2025-11-01,ofi_100ms,100ms,10,1.0621506254e-06,0.0106219922499,0,86399,daily_bucket,,,,,,,,
2025-11-01,ofi_100ms,100ms,,,,,863989,daily_monotonicity,,0.793939393939,,,,,,
2025-11-01,ofi_100ms,100ms,,,,,863989,daily_top_bottom,0.0204281766964,,,,,,,
2025-11-01,qi_1,100ms,1,-1.6253880265e-06,-0.0162533732768,0,86399,daily_bucket,,,,,,,,
2025-11-01,qi_1,100ms,2,-2.68464841984e-07,-0.00268451089249,0,86399,daily_bucket,,,,,,,,
2025-11-01,qi_1,100ms,3,-1.21504997307e-07,-0.00121497685705,0,86399,daily_bucket,,,,,,,,
2025-11-01,qi_1,100ms,4,-4.76154039438e-08,-0.000476088658409,0,86398,daily_bucket,,,,,,,,
2025-11-01,qi_1,100ms,5,1.66982101488e-09,1.67515697154e-05,0,86399,daily_bucket,,,,,,,,
2025-11-01,qi_1,100ms,6,1.82637200125e-08,0.000182683575985,0,86399,daily_bucket,,,,,,,,
2025-11-01,qi_1,100ms,7,4.99031758229e-08,0.000499090701592,0,86399,daily_bucket,,,,,,,,
2025-11-01,qi_1,100ms,8,1.36141942683e-07,0.00136151677185,0,86399,daily_bucket,,,,,,,,
2025-11-01,qi_1,100ms,9,2.53968089645e-07,0.00253982208327,0,86399,daily_bucket,,,,,,,,
2025-11-01,qi_1,100ms,10,1.65466234207e-06,0.0165472337958,0,86399,daily_bucket,,,,,,,,
2025-11-01,qi_1,100ms,,,,,863989,daily_monotonicity,,1,,,,,,
2025-11-01,qi_1,100ms,,,,,863989,daily_top_bottom,0.0328006070726,,,,,,,
2025-11-01,trade_imbalance_100ms,100ms,1,-2.04331244731e-06,-0.0204325217484,0,21636,daily_bucket,,,,,,,,
2025-11-01,trade_imbalance_100ms,100ms,2,-1.3972799331e-06,-0.0139723642259,0,21636,daily_bucket,,,,,,,,
2025-11-01,trade_imbalance_100ms,100ms,3,-1.50974043377e-06,-0.0150968524318,0,21636,daily_bucket,,,,,,,,
2025-11-01,trade_imbalance_100ms,100ms,4,-1.40518103916e-06,-0.0140513248064,0,21636,daily_bucket,,,,,,,,
2025-11-01,trade_imbalance_100ms,100ms,5,-7.71816540909e-07,-0.00771663710562,0,21636,daily_bucket,,,,,,,,
2025-11-01,trade_imbalance_100ms,100ms,6,2.91377541793e-06,0.0291393299781,0,21636,daily_bucket,,,,,,,,
2025-11-01,trade_imbalance_100ms,100ms,7,1.23738534635e-06,0.0123742488898,0,21636,daily_bucket,,,,,,,,
2025-11-01,trade_imbalance_100ms,100ms,8,8.35278032674e-07,0.00835306496391,0,21636,daily_bucket,,,,,,,,
2025-11-01,trade_imbalance_100ms,100ms,9,1.54724151873e-06,0.0154729082975,0,21636,daily_bucket,,,,,,,,
2025-11-01,trade_imbalance_100ms,100ms,10,9.36140024529e-07,0.00936178586597,0,21635,daily_bucket,,,,,,,,
2025-11-01,trade_imbalance_100ms,100ms,,,,,216359,daily_monotonicity,,0.781818181818,,,,,,
2025-11-01,trade_imbalance_100ms,100ms,,,,,216359,daily_top_bottom,0.0297943076144,,,,,,,
2025-11-01,di_10,1s,1,-1.15629012985e-05,-0.115623381488,0,86399,daily_bucket,,,,,,,,
2025-11-01,di_10,1s,2,-3.66596934358e-06,-0.0366569796411,0,86399,daily_bucket,,,,,,,,
2025-11-01,di_10,1s,3,-1.95273228311e-06,-0.0195253744148,0,86399,daily_bucket,,,,,,,,
2025-11-01,di_10,1s,4,-6.87968578978e-07,-0.00687827240666,0,86389,daily_bucket,,,,,,,,
2025-11-01,di_10,1s,5,1.09327867661e-08,0.000110742764526,0,86399,daily_bucket,,,,,,,,
2025-11-01,di_10,1s,6,3.24973972562e-07,0.00325075671109,0,86399,daily_bucket,,,,,,,,
2025-11-01,di_10,1s,7,7.11909180584e-07,0.00712065027793,0,86399,daily_bucket,,,,,,,,
2025-11-01,di_10,1s,8,2.0619997585e-06,0.0206219826735,0,86399,daily_bucket,,,,,,,,
2025-11-01,di_10,1s,9,4.06148204584e-06,0.0406179403381,0,86399,daily_bucket,,,,,,,,
2025-11-01,di_10,1s,10,1.12145578593e-05,0.112151868159,0,86399,daily_bucket,,,,,,,,
2025-11-01,di_10,1s,,,,,863980,daily_monotonicity,,1,,,,,,
2025-11-01,di_10,1s,,,,,863980,daily_top_bottom,0.227775249647,,,,,,,
2025-11-01,di_5,1s,1,-1.16315640427e-05,-0.116309984667,0,86399,daily_bucket,,,,,,,,
2025-11-01,di_5,1s,2,-3.54069769737e-06,-0.0354042899663,0,86399,daily_bucket,,,,,,,,
2025-11-01,di_5,1s,3,-1.95990511981e-06,-0.0195971747455,0,86399,daily_bucket,,,,,,,,
2025-11-01,di_5,1s,4,-6.43776520055e-07,-0.00643632145351,0,86389,daily_bucket,,,,,,,,
2025-11-01,di_5,1s,5,-3.39460328974e-08,-0.000338015463144,0,86399,daily_bucket,,,,,,,,
2025-11-01,di_5,1s,6,3.04320248647e-07,0.00304429805445,0,86399,daily_bucket,,,,,,,,
2025-11-01,di_5,1s,7,7.12755566625e-07,0.00712903024024,0,86399,daily_bucket,,,,,,,,
2025-11-01,di_5,1s,8,2.08184960416e-06,0.0208204947086,0,86399,daily_bucket,,,,,,,,
2025-11-01,di_5,1s,9,3.98568805881e-06,0.0398599719081,0,86399,daily_bucket,,,,,,,,
2025-11-01,di_5,1s,10,1.12415651488e-05,0.112421975509,0,86399,daily_bucket,,,,,,,,
2025-11-01,di_5,1s,,,,,863980,daily_monotonicity,,1,,,,,,
2025-11-01,di_5,1s,,,,,863980,daily_top_bottom,0.228731960176,,,,,,,
2025-11-01,microprice_deviation_bps,1s,1,-1.15895171231e-05,-0.115889403617,0,86399,daily_bucket,,,,,,,,
2025-11-01,microprice_deviation_bps,1s,2,-3.61937411965e-06,-0.0361910219253,0,86399,daily_bucket,,,,,,,,
2025-11-01,microprice_deviation_bps,1s,3,-1.9087196715e-06,-0.0190854270722,0,86399,daily_bucket,,,,,,,,
2025-11-01,microprice_deviation_bps,1s,4,-5.95312215513e-07,-0.00595184140062,0,86389,daily_bucket,,,,,,,,
2025-11-01,microprice_deviation_bps,1s,5,-1.3256703664e-07,-0.00132412021413,0,86399,daily_bucket,,,,,,,,
2025-11-01,microprice_deviation_bps,1s,6,3.26695123368e-07,0.0032680416341,0,86399,daily_bucket,,,,,,,,
2025-11-01,microprice_deviation_bps,1s,7,7.71596170265e-07,0.00771748023576,0,86399,daily_bucket,,,,,,,,
2025-11-01,microprice_deviation_bps,1s,8,2.09760330889e-06,0.0209779899173,0,86399,daily_bucket,,,,,,,,
2025-11-01,microprice_deviation_bps,1s,9,3.90799084108e-06,0.0390831520635,0,86399,daily_bucket,,,,,,,,
2025-11-01,microprice_deviation_bps,1s,10,1.12578995464e-05,0.112585190578,0,86399,daily_bucket,,,,,,,,
2025-11-01,microprice_deviation_bps,1s,,,,,863980,daily_monotonicity,,1,,,,,,
2025-11-01,microprice_deviation_bps,1s,,,,,863980,daily_top_bottom,0.228474594195,,,,,,,
2025-11-01,ofi_1s,1s,1,-8.76921258606e-06,-0.0876862967312,0,86399,daily_bucket,,,,,,,,
2025-11-01,ofi_1s,1s,2,-9.86015594664e-07,-0.00985751500669,0,86399,daily_bucket,,,,,,,,
2025-11-01,ofi_1s,1s,3,-2.33253352797e-07,-0.00233044333434,0,86398,daily_bucket,,,,,,,,
2025-11-01,ofi_1s,1s,4,-7.04116436332e-08,-0.000702386745167,0,86399,daily_bucket,,,,,,,,
2025-11-01,ofi_1s,1s,5,-3.09396564395e-07,-0.00309237992581,0,86397,daily_bucket,,,,,,,,
2025-11-01,ofi_1s,1s,6,2.25048914699e-07,0.00225190663093,0,86399,daily_bucket,,,,,,,,
2025-11-01,ofi_1s,1s,7,6.99732263958e-07,0.00699895928992,0,86399,daily_bucket,,,,,,,,
2025-11-01,ofi_1s,1s,8,5.92982038478e-07,0.00593202470133,0,86392,daily_bucket,,,,,,,,
2025-11-01,ofi_1s,1s,9,1.57394186019e-06,0.015741814307,0,86399,daily_bucket,,,,,,,,
2025-11-01,ofi_1s,1s,10,7.79298657183e-06,0.0779354279452,0,86399,daily_bucket,,,,,,,,
2025-11-01,ofi_1s,1s,,,,,863980,daily_monotonicity,,0.951515151515,,,,,,
2025-11-01,ofi_1s,1s,,,,,863980,daily_top_bottom,0.165621724676,,,,,,,
2025-11-01,qi_1,1s,1,-1.15550778862e-05,-0.115545091753,0,86399,daily_bucket,,,,,,,,
2025-11-01,qi_1,1s,2,-3.64369067094e-06,-0.0364341294957,0,86399,daily_bucket,,,,,,,,
2025-11-01,qi_1,1s,3,-1.90610481965e-06,-0.0190592769553,0,86399,daily_bucket,,,,,,,,
2025-11-01,qi_1,1s,4,-6.06930548786e-07,-0.00606800611105,0,86389,daily_bucket,,,,,,,,
2025-11-01,qi_1,1s,5,-1.33687585468e-07,-0.00133532335893,0,86399,daily_bucket,,,,,,,,
2025-11-01,qi_1,1s,6,3.36192036161e-07,0.00336301753848,0,86399,daily_bucket,,,,,,,,
2025-11-01,qi_1,1s,7,7.71293372765e-07,0.00771446360277,0,86399,daily_bucket,,,,,,,,
2025-11-01,qi_1,1s,8,2.11189099439e-06,0.0211208739765,0,86399,daily_bucket,,,,,,,,
2025-11-01,qi_1,1s,9,3.9389980665e-06,0.0393932632796,0,86399,daily_bucket,,,,,,,,
2025-11-01,qi_1,1s,10,1.12034105201e-05,0.112040236032,0,86399,daily_bucket,,,,,,,,
2025-11-01,qi_1,1s,,,,,863980,daily_monotonicity,,1,,,,,,
2025-11-01,qi_1,1s,,,,,863980,daily_top_bottom,0.227585327785,,,,,,,
2025-11-01,trade_imbalance_1s,1s,1,-1.75417410656e-06,-0.0175391035327,0,77951,daily_bucket,,,,,,,,
2025-11-01,trade_imbalance_1s,1s,2,-1.42187188657e-06,-0.0142168129403,0,77950,daily_bucket,,,,,,,,
2025-11-01,trade_imbalance_1s,1s,3,-6.11376590144e-06,-0.0611322809966,0,77951,daily_bucket,,,,,,,,
2025-11-01,trade_imbalance_1s,1s,4,-1.723258401e-06,-0.0172302082609,0,77950,daily_bucket,,,,,,,,
2025-11-01,trade_imbalance_1s,1s,5,2.61593000974e-08,0.000263642336619,0,77950,daily_bucket,,,,,,,,
2025-11-01,trade_imbalance_1s,1s,6,9.03096851794e-07,0.00903323768322,0,77951,daily_bucket,,,,,,,,
2025-11-01,trade_imbalance_1s,1s,7,2.67113865275e-06,0.0267146991358,0,77950,daily_bucket,,,,,,,,
2025-11-01,trade_imbalance_1s,1s,8,5.71526412823e-06,0.0571579029739,0,77951,daily_bucket,,,,,,,,
2025-11-01,trade_imbalance_1s,1s,9,1.10345321722e-06,0.0110361224043,0,77950,daily_bucket,,,,,,,,
2025-11-01,trade_imbalance_1s,1s,10,1.17013804649e-06,0.0117031795475,0,77944,daily_bucket,,,,,,,,
2025-11-01,trade_imbalance_1s,1s,,,,,779498,daily_monotonicity,,0.842424242424,,,,,,
2025-11-01,trade_imbalance_1s,1s,,,,,779498,daily_top_bottom,0.0292422830802,,,,,,,
2025-11-01,di_10,30s,1,-8.57695326024e-05,-0.857481484564,-0.673095609002,86387,daily_bucket,,,,,,,,
2025-11-01,di_10,30s,2,-4.62807025963e-05,-0.462646650784,-0.134392644,86369,daily_bucket,,,,,,,,
2025-11-01,di_10,30s,3,-3.42954908531e-05,-0.342818179615,0,86342,daily_bucket,,,,,,,,
2025-11-01,di_10,30s,4,-1.79899623378e-05,-0.179772261791,0,86198,daily_bucket,,,,,,,,
2025-11-01,di_10,30s,5,-3.70425535312e-06,-0.036922554087,0,86399,daily_bucket,,,,,,,,
2025-11-01,di_10,30s,6,1.4078724715e-05,0.14088980437,0,86399,daily_bucket,,,,,,,,
2025-11-01,di_10,30s,7,1.33878896007e-05,0.134008489214,0,86399,daily_bucket,,,,,,,,
2025-11-01,di_10,30s,8,3.46314278856e-05,0.346447733075,0,86399,daily_bucket,,,,,,,,
2025-11-01,di_10,30s,9,5.61916818521e-05,0.562106356285,0.08535758312,86399,daily_bucket,,,,,,,,
2025-11-01,di_10,30s,10,8.50866055693e-05,0.851068232502,0.593272695844,86399,daily_bucket,,,,,,,,
2025-11-01,di_10,30s,,,,,863690,daily_monotonicity,,0.987878787879,,,,,,
2025-11-01,di_10,30s,,,,,863690,daily_top_bottom,1.70854971707,,,,,,,
2025-11-01,di_5,30s,1,-8.52925474915e-05,-0.852710244459,-0.660987650835,86387,daily_bucket,,,,,,,,
2025-11-01,di_5,30s,2,-4.69727732958e-05,-0.469570393206,-0.145793629661,86375,daily_bucket,,,,,,,,
2025-11-01,di_5,30s,3,-3.35786869999e-05,-0.335643567831,0,86324,daily_bucket,,,,,,,,
2025-11-01,di_5,30s,4,-1.76772644715e-05,-0.17664813637,0,86210,daily_bucket,,,,,,,,
2025-11-01,di_5,30s,5,-2.40319779762e-06,-0.0239126356639,0,86399,daily_bucket,,,,,,,,
2025-11-01,di_5,30s,6,1.25759671686e-05,0.125862458468,0,86399,daily_bucket,,,,,,,,
2025-11-01,di_5,30s,7,1.43151582176e-05,0.14327874139,0,86399,daily_bucket,,,,,,,,
2025-11-01,di_5,30s,8,3.54005003761e-05,0.354142338781,0,86399,daily_bucket,,,,,,,,
2025-11-01,di_5,30s,9,5.37955057593e-05,0.538138912999,0.059092335365,86399,daily_bucket,,,,,,,,
2025-11-01,di_5,30s,10,8.51734723196e-05,0.851939488018,0.591530509776,86399,daily_bucket,,,,,,,,
2025-11-01,di_5,30s,,,,,863690,daily_monotonicity,,1,,,,,,
2025-11-01,di_5,30s,,,,,863690,daily_top_bottom,1.70464973248,,,,,,,
2025-11-01,microprice_deviation_bps,30s,1,-8.5360265094e-05,-0.85338665945,-0.649919171992,86388,daily_bucket,,,,,,,,
2025-11-01,microprice_deviation_bps,30s,2,-4.78479655887e-05,-0.478322703053,-0.150509440455,86375,daily_bucket,,,,,,,,
2025-11-01,microprice_deviation_bps,30s,3,-3.21862765548e-05,-0.321719131331,0,86321,daily_bucket,,,,,,,,
2025-11-01,microprice_deviation_bps,30s,4,-1.83880738438e-05,-0.183758709645,0,86212,daily_bucket,,,,,,,,
2025-11-01,microprice_deviation_bps,30s,5,-3.60360174453e-06,-0.0359175822257,0,86399,daily_bucket,,,,,,,,
2025-11-01,microprice_deviation_bps,30s,6,1.29183541412e-05,0.129284796775,0,86399,daily_bucket,,,,,,,,
2025-11-01,microprice_deviation_bps,30s,7,1.55711708349e-05,0.155841662134,0,86399,daily_bucket,,,,,,,,
2025-11-01,microprice_deviation_bps,30s,8,3.58603262831e-05,0.358742616529,0,86399,daily_bucket,,,,,,,,
2025-11-01,microprice_deviation_bps,30s,9,5.40329187963e-05,0.540511374965,0.0464602758492,86399,daily_bucket,,,,,,,,
2025-11-01,microprice_deviation_bps,30s,10,8.43392438686e-05,0.843598265084,0.576444364777,86399,daily_bucket,,,,,,,,
2025-11-01,microprice_deviation_bps,30s,,,,,863690,daily_monotonicity,,1,,,,,,
2025-11-01,microprice_deviation_bps,30s,,,,,863690,daily_top_bottom,1.69698492453,,,,,,,
2025-11-01,ofi_30s,30s,1,-4.79470091237e-05,-0.479244304609,-0.176280391955,86249,daily_bucket,,,,,,,,
2025-11-01,ofi_30s,30s,2,-3.0210605606e-05,-0.301933147139,0,86394,daily_bucket,,,,,,,,
2025-11-01,ofi_30s,30s,3,-2.88887765465e-05,-0.288724231313,0,86260,daily_bucket,,,,,,,,
2025-11-01,ofi_30s,30s,4,-1.68121444194e-05,-0.167987067241,0,86393,daily_bucket,,,,,,,,
2025-11-01,ofi_30s,30s,5,-7.48874824886e-06,-0.0747852816938,0,86399,daily_bucket,,,,,,,,
2025-11-01,ofi_30s,30s,6,1.40670283485e-05,0.140769112603,0,86399,daily_bucket,,,,,,,,
2025-11-01,ofi_30s,30s,7,2.75480618361e-05,0.27560366999,0,86399,daily_bucket,,,,,,,,
2025-11-01,ofi_30s,30s,8,2.45693351193e-05,0.245834320467,0,86399,daily_bucket,,,,,,,,
2025-11-01,ofi_30s,30s,9,2.91350032083e-05,0.291509638109,0,86399,daily_bucket,,,,,,,,
2025-11-01,ofi_30s,30s,10,5.13240668157e-05,0.513435233009,0.155325392391,86399,daily_bucket,,,,,,,,
2025-11-01,ofi_30s,30s,,,,,863690,daily_monotonicity,,0.987878787879,,,,,,
2025-11-01,ofi_30s,30s,,,,,863690,daily_top_bottom,0.992679537618,,,,,,,
2025-11-01,qi_1,30s,1,-8.51604450866e-05,-0.851389512346,-0.64561885632,86388,daily_bucket,,,,,,,,
2025-11-01,qi_1,30s,2,-4.82008013437e-05,-0.4818504027,-0.158761846299,86375,daily_bucket,,,,,,,,
2025-11-01,qi_1,30s,3,-3.20377093225e-05,-0.320233104126,0,86321,daily_bucket,,,,,,,,
2025-11-01,qi_1,30s,4,-1.840389232e-05,-0.183916757795,0,86212,daily_bucket,,,,,,,,
2025-11-01,qi_1,30s,5,-3.59184186638e-06,-0.0358001121055,0,86399,daily_bucket,,,,,,,,
2025-11-01,qi_1,30s,6,1.29881645301e-05,0.129982977061,0,86399,daily_bucket,,,,,,,,
2025-11-01,qi_1,30s,7,1.55278125404e-05,0.155408067648,0,86399,daily_bucket,,,,,,,,
2025-11-01,qi_1,30s,8,3.5818937466e-05,0.358328598533,0,86399,daily_bucket,,,,,,,,
2025-11-01,qi_1,30s,9,5.42596596001e-05,0.542779065519,0.059092335365,86399,daily_bucket,,,,,,,,
2025-11-01,qi_1,30s,10,8.41359742177e-05,0.84156538393,0.572054213432,86399,daily_bucket,,,,,,,,
2025-11-01,qi_1,30s,,,,,863690,daily_monotonicity,,1,,,,,,
2025-11-01,qi_1,30s,,,,,863690,daily_top_bottom,1.69295489628,,,,,,,
2025-11-01,trade_imbalance_30s,30s,1,-3.90317451582e-05,-0.390168623321,0,86231,daily_bucket,,,,,,,,
2025-11-01,trade_imbalance_30s,30s,2,-2.27944965055e-05,-0.227818778939,0,86267,daily_bucket,,,,,,,,
2025-11-01,trade_imbalance_30s,30s,3,-1.08571747464e-05,-0.108432195178,0,86399,daily_bucket,,,,,,,,
2025-11-01,trade_imbalance_30s,30s,4,-1.3088093987e-05,-0.130736634647,0,86399,daily_bucket,,,,,,,,
2025-11-01,trade_imbalance_30s,30s,5,-2.32331078594e-06,-0.0231065453149,0,86399,daily_bucket,,,,,,,,
2025-11-01,trade_imbalance_30s,30s,6,-1.85751789628e-06,-0.0184226629276,0,86399,daily_bucket,,,,,,,,
2025-11-01,trade_imbalance_30s,30s,7,6.76648656116e-06,0.0678195942113,0,86399,daily_bucket,,,,,,,,
2025-11-01,trade_imbalance_30s,30s,8,1.79473673009e-05,0.179626096211,0,86399,daily_bucket,,,,,,,,
2025-11-01,trade_imbalance_30s,30s,9,3.41571771932e-05,0.341744476785,0,86399,daily_bucket,,,,,,,,
2025-11-01,trade_imbalance_30s,30s,10,4.6399432977e-05,0.464192158743,0,86399,daily_bucket,,,,,,,,
2025-11-01,trade_imbalance_30s,30s,,,,,863690,daily_monotonicity,,0.987878787879,,,,,,
2025-11-01,trade_imbalance_30s,30s,,,,,863690,daily_top_bottom,0.854360782064,,,,,,,
2025-11-01,di_10,500ms,1,-6.58032376798e-06,-0.0658004607658,0,86399,daily_bucket,,,,,,,,
2025-11-01,di_10,500ms,2,-1.71001114882e-06,-0.0170989651381,0,86399,daily_bucket,,,,,,,,
2025-11-01,di_10,500ms,3,-9.04181644298e-07,-0.00904106662593,0,86399,daily_bucket,,,,,,,,
2025-11-01,di_10,500ms,4,-3.5615711837e-07,-0.00356094626137,0,86394,daily_bucket,,,,,,,,
2025-11-01,di_10,500ms,5,4.51326150345e-08,0.000451824458753,0,86399,daily_bucket,,,,,,,,
2025-11-01,di_10,500ms,6,1.3818100173e-07,0.00138219460754,0,86399,daily_bucket,,,,,,,,
2025-11-01,di_10,500ms,7,3.33356066863e-07,0.00333412988818,0,86399,daily_bucket,,,,,,,,
2025-11-01,di_10,500ms,8,9.41123750657e-07,0.00941206557915,0,86399,daily_bucket,,,,,,,,
2025-11-01,di_10,500ms,9,1.89401397924e-06,0.0189414821041,0,86399,daily_bucket,,,,,,,,
2025-11-01,di_10,500ms,10,6.4570275179e-06,0.064573458072,0,86399,daily_bucket,,,,,,,,
2025-11-01,di_10,500ms,,,,,863985,daily_monotonicity,,1,,,,,,
2025-11-01,di_10,500ms,,,,,863985,daily_top_bottom,0.130373918838,,,,,,,
2025-11-01,di_5,500ms,1,-6.63586793737e-06,-0.0663558888831,0,86399,daily_bucket,,,,,,,,
2025-11-01,di_5,500ms,2,-1.66916443601e-06,-0.0166905150291,0,86399,daily_bucket,,,,,,,,
2025-11-01,di_5,500ms,3,-8.61523158047e-07,-0.00861449647497,0,86399,daily_bucket,,,,,,,,
2025-11-01,di_5,500ms,4,-3.50747986969e-07,-0.00350684179992,0,86394,daily_bucket,,,,,,,,
2025-11-01,di_5,500ms,5,2.26693778857e-08,0.00022718842741,0,86399,daily_bucket,,,,,,,,
2025-11-01,di_5,500ms,6,1.37895992338e-07,0.00137936236208,0,86399,daily_bucket,,,,,,,,
2025-11-01,di_5,500ms,7,3.42165858337e-07,0.00342221097157,0,86399,daily_bucket,,,,,,,,
2025-11-01,di_5,500ms,8,9.50363261236e-07,0.00950446920572,0,86399,daily_bucket,,,,,,,,
2025-11-01,di_5,500ms,9,1.85623732935e-06,0.0185636755712,0,86399,daily_bucket,,,,,,,,
2025-11-01,di_5,500ms,10,6.46613326424e-06,0.0646645546987,0,86399,daily_bucket,,,,,,,,
2025-11-01,di_5,500ms,,,,,863985,daily_monotonicity,,1,,,,,,
2025-11-01,di_5,500ms,,,,,863985,daily_top_bottom,0.131020443582,,,,,,,
2025-11-01,microprice_deviation_bps,500ms,1,-6.61409990334e-06,-0.0661381906966,0,86399,daily_bucket,,,,,,,,
2025-11-01,microprice_deviation_bps,500ms,2,-1.71146749173e-06,-0.0171135198774,0,86399,daily_bucket,,,,,,,,
2025-11-01,microprice_deviation_bps,500ms,3,-8.3849549593e-07,-0.00838425056922,0,86399,daily_bucket,,,,,,,,
2025-11-01,microprice_deviation_bps,500ms,4,-3.0504473587e-07,-0.00304991174264,0,86394,daily_bucket,,,,,,,,
2025-11-01,microprice_deviation_bps,500ms,5,-3.45315109317e-08,-0.000344731066258,0,86399,daily_bucket,,,,,,,,
2025-11-01,microprice_deviation_bps,500ms,6,1.45002073202e-07,0.00145044076333,0,86399,daily_bucket,,,,,,,,
2025-11-01,microprice_deviation_bps,500ms,7,3.6645573779e-07,0.00366509928285,0,86399,daily_bucket,,,,,,,,
2025-11-01,microprice_deviation_bps,500ms,8,9.50756034772e-07,0.00950838787713,0,86399,daily_bucket,,,,,,,,
2025-11-01,microprice_deviation_bps,500ms,9,1.85712174049e-06,0.0185725894201,0,86399,daily_bucket,,,,,,,,
2025-11-01,microprice_deviation_bps,500ms,10,6.44246776143e-06,0.0644278321014,0,86399,daily_bucket,,,,,,,,
2025-11-01,microprice_deviation_bps,500ms,,,,,863985,daily_monotonicity,,1,,,,,,
2025-11-01,microprice_deviation_bps,500ms,,,,,863985,daily_top_bottom,0.130566022798,,,,,,,
2025-11-01,ofi_500ms,500ms,1,-4.49582492685e-06,-0.0449556568041,0,86399,daily_bucket,,,,,,,,
2025-11-01,ofi_500ms,500ms,2,-4.5161215861e-07,-0.00451505593259,0,86399,daily_bucket,,,,,,,,
2025-11-01,ofi_500ms,500ms,3,-1.88565065436e-07,-0.0018847896834,0,86399,daily_bucket,,,,,,,,
2025-11-01,ofi_500ms,500ms,4,-7.38725425163e-08,-0.000737881094569,0,86399,daily_bucket,,,,,,,,
2025-11-01,ofi_500ms,500ms,5,-1.01559222885e-07,-0.00101488013095,0,86395,daily_bucket,,,,,,,,
2025-11-01,ofi_500ms,500ms,6,-1.24412676001e-07,-0.00124342040144,0,86399,daily_bucket,,,,,,,,
2025-11-01,ofi_500ms,500ms,7,5.11629128293e-07,0.00511716150439,0,86399,daily_bucket,,,,,,,,
2025-11-01,ofi_500ms,500ms,8,4.55561944241e-07,0.00455634656673,0,86399,daily_bucket,,,,,,,,
2025-11-01,ofi_500ms,500ms,9,5.71297851071e-07,0.0057141224681,0,86398,daily_bucket,,,,,,,,
2025-11-01,ofi_500ms,500ms,10,4.15554144229e-06,0.0415579946528,0,86399,daily_bucket,,,,,,,,
2025-11-01,ofi_500ms,500ms,,,,,863985,daily_monotonicity,,0.939393939394,,,,,,
2025-11-01,ofi_500ms,500ms,,,,,863985,daily_top_bottom,0.086513651457,,,,,,,
2025-11-01,qi_1,500ms,1,-6.56424155437e-06,-0.0656396507892,0,86399,daily_bucket,,,,,,,,
2025-11-01,qi_1,500ms,2,-1.75077401273e-06,-0.0175065633562,0,86399,daily_bucket,,,,,,,,
2025-11-01,qi_1,500ms,3,-8.37388240957e-07,-0.00837317584062,0,86399,daily_bucket,,,,,,,,
2025-11-01,qi_1,500ms,4,-3.16956739857e-07,-0.00316901363856,0,86394,daily_bucket,,,,,,,,
2025-11-01,qi_1,500ms,5,-3.42792792527e-08,-0.000342207220064,0,86399,daily_bucket,,,,,,,,
2025-11-01,qi_1,500ms,6,1.53896855034e-07,0.00153939551471,0,86399,daily_bucket,,,,,,,,
2025-11-01,qi_1,500ms,7,3.66353400724e-07,0.00366408479344,0,86399,daily_bucket,,,,,,,,
2025-11-01,qi_1,500ms,8,9.58702829032e-07,0.00958785899505,0,86399,daily_bucket,,,,,,,,
2025-11-01,qi_1,500ms,9,1.87319824609e-06,0.0187333623914,0,86399,daily_bucket,,,,,,,,
2025-11-01,qi_1,500ms,10,6.4096520168e-06,0.0640996477502,0,86399,daily_bucket,,,,,,,,
2025-11-01,qi_1,500ms,,,,,863985,daily_monotonicity,,1,,,,,,
2025-11-01,qi_1,500ms,,,,,863985,daily_top_bottom,0.129739298539,,,,,,,
2025-11-01,trade_imbalance_500ms,500ms,1,-1.64712133275e-06,-0.0164697400694,0,61818,daily_bucket,,,,,,,,
2025-11-01,trade_imbalance_500ms,500ms,2,-1.18293267068e-06,-0.0118284612777,0,61817,daily_bucket,,,,,,,,
2025-11-01,trade_imbalance_500ms,500ms,3,-1.14799957232e-06,-0.0114789837626,0,61817,daily_bucket,,,,,,,,
2025-11-01,trade_imbalance_500ms,500ms,4,-3.6212959057e-06,-0.0362103540938,0,61817,daily_bucket,,,,,,,,
2025-11-01,trade_imbalance_500ms,500ms,5,-1.62595297816e-07,-0.00162482000147,0,61817,daily_bucket,,,,,,,,
2025-11-01,trade_imbalance_500ms,500ms,6,1.3658534945e-06,0.0136601428164,0,61817,daily_bucket,,,,,,,,
2025-11-01,trade_imbalance_500ms,500ms,7,3.85531248522e-06,0.0385562324527,0,61817,daily_bucket,,,,,,,,
2025-11-01,trade_imbalance_500ms,500ms,8,9.66733895067e-07,0.00966826181343,0,61817,daily_bucket,,,,,,,,
2025-11-01,trade_imbalance_500ms,500ms,9,1.05801993681e-06,0.0105812094939,0,61817,daily_bucket,,,,,,,,
2025-11-01,trade_imbalance_500ms,500ms,10,8.99392572221e-07,0.00899471384096,0,61817,daily_bucket,,,,,,,,
2025-11-01,trade_imbalance_500ms,500ms,,,,,618171,daily_monotonicity,,0.709090909091,,,,,,
2025-11-01,trade_imbalance_500ms,500ms,,,,,618171,daily_top_bottom,0.0254644539103,,,,,,,
2025-11-01,di_10,5s,1,-3.71498500594e-05,-0.371466198404,-0.107364274838,86399,daily_bucket,,,,,,,,
2025-11-01,di_10,5s,2,-1.69797890521e-05,-0.169778902714,0,86399,daily_bucket,,,,,,,,
2025-11-01,di_10,5s,3,-1.05007717117e-05,-0.104993644425,0,86399,daily_bucket,,,,,,,,
2025-11-01,di_10,5s,4,-4.20217742869e-06,-0.0420112888837,0,86349,daily_bucket,,,,,,,,
2025-11-01,di_10,5s,5,-7.19007246505e-07,-0.00717756388977,0,86399,daily_bucket,,,,,,,,
2025-11-01,di_10,5s,6,2.31638623828e-06,0.0231742542784,0,86399,daily_bucket,,,,,,,,
2025-11-01,di_10,5s,7,3.67762507859e-06,0.0367882395068,0,86399,daily_bucket,,,,,,,,
2025-11-01,di_10,5s,8,9.92231410365e-06,0.0992370547353,0,86399,daily_bucket,,,,,,,,
2025-11-01,di_10,5s,9,1.91524488399e-05,0.191547218479,0,86399,daily_bucket,,,,,,,,
2025-11-01,di_10,5s,10,3.70622080256e-05,0.370653814673,0.000908358400619,86399,daily_bucket,,,,,,,,
2025-11-01,di_10,5s,,,,,863940,daily_monotonicity,,1,,,,,,
2025-11-01,di_10,5s,,,,,863940,daily_top_bottom,0.742120013077,,,,,,,
2025-11-01,di_5,5s,1,-3.69739254841e-05,-0.369707030076,-0.107364274838,86399,daily_bucket,,,,,,,,
2025-11-01,di_5,5s,2,-1.67678896713e-05,-0.16766044106,0,86399,daily_bucket,,,,,,,,
2025-11-01,di_5,5s,3,-1.07800954904e-05,-0.107786553181,0,86399,daily_bucket,,,,,,,,
2025-11-01,di_5,5s,4,-3.95816480355e-06,-0.0395702442839,0,86349,daily_bucket,,,,,,,,
2025-11-01,di_5,5s,5,-7.23651814613e-07,-0.0072246703573,0,86399,daily_bucket,,,,,,,,
2025-11-01,di_5,5s,6,2.23719842144e-06,0.0223825692026,0,86399,daily_bucket,,,,,,,,
2025-11-01,di_5,5s,7,3.64271565007e-06,0.0364385832871,0,86399,daily_bucket,,,,,,,,
2025-11-01,di_5,5s,8,1.01042027959e-05,0.10105652879,0,86399,daily_bucket,,,,,,,,
2025-11-01,di_5,5s,9,1.85192946592e-05,0.185215352285,0,86399,daily_bucket,,,,,,,,
2025-11-01,di_5,5s,10,3.72798437376e-05,0.372830301408,0.000908999967776,86399,daily_bucket,,,,,,,,
2025-11-01,di_5,5s,,,,,863940,daily_monotonicity,,1,,,,,,
2025-11-01,di_5,5s,,,,,863940,daily_top_bottom,0.742537331483,,,,,,,
2025-11-01,microprice_deviation_bps,5s,1,-3.68004193434e-05,-0.36797169421,-0.0982505265614,86399,daily_bucket,,,,,,,,
2025-11-01,microprice_deviation_bps,5s,2,-1.69400075658e-05,-0.16938140036,0,86399,daily_bucket,,,,,,,,
2025-11-01,microprice_deviation_bps,5s,3,-1.07032828277e-05,-0.107018724953,0,86399,daily_bucket,,,,,,,,
2025-11-01,microprice_deviation_bps,5s,4,-3.81621972706e-06,-0.0381510763423,0,86349,daily_bucket,,,,,,,,
2025-11-01,microprice_deviation_bps,5s,5,-9.17362872027e-07,-0.00916185124887,0,86399,daily_bucket,,,,,,,,
2025-11-01,microprice_deviation_bps,5s,6,2.28785447092e-06,0.0228892516724,0,86399,daily_bucket,,,,,,,,
2025-11-01,microprice_deviation_bps,5s,7,3.81853548372e-06,0.0381971362345,0,86399,daily_bucket,,,,,,,,
2025-11-01,microprice_deviation_bps,5s,8,1.02409939967e-05,0.102424342062,0,86399,daily_bucket,,,,,,,,
2025-11-01,microprice_deviation_bps,5s,9,1.79791633853e-05,0.179813600621,0,86399,daily_bucket,,,,,,,,
2025-11-01,microprice_deviation_bps,5s,10,3.74303551447e-05,0.374335633826,0.000910411792455,86399,daily_bucket,,,,,,,,
2025-11-01,microprice_deviation_bps,5s,,,,,863940,daily_monotonicity,,1,,,,,,
2025-11-01,microprice_deviation_bps,5s,,,,,863940,daily_top_bottom,0.742307328036,,,,,,,
2025-11-01,ofi_5s,5s,1,-2.97923489354e-05,-0.297889675838,0,86399,daily_bucket,,,,,,,,
2025-11-01,ofi_5s,5s,2,-1.30645940547e-05,-0.13062759368,0,86399,daily_bucket,,,,,,,,
2025-11-01,ofi_5s,5s,3,-6.74018095089e-06,-0.0673889485794,0,86399,daily_bucket,,,,,,,,
2025-11-01,ofi_5s,5s,4,-3.2457560989e-06,-0.0324455342221,0,86393,daily_bucket,,,,,,,,
2025-11-01,ofi_5s,5s,5,-6.5516162861e-07,-0.0065418028457,0,86389,daily_bucket,,,,,,,,
2025-11-01,ofi_5s,5s,6,1.69809504945e-06,0.0169927111699,0,86398,daily_bucket,,,,,,,,
2025-11-01,ofi_5s,5s,7,3.26705489661e-06,0.0326843649499,0,86367,daily_bucket,,,,,,,,
2025-11-01,ofi_5s,5s,8,7.68349363028e-06,0.076848944948,0,86398,daily_bucket,,,,,,,,
2025-11-01,ofi_5s,5s,9,1.44872596307e-05,0.14489242333,0,86399,daily_bucket,,,,,,,,
2025-11-01,ofi_5s,5s,10,2.89449744795e-05,0.289482587747,0,86399,daily_bucket,,,,,,,,
2025-11-01,ofi_5s,5s,,,,,863940,daily_monotonicity,,1,,,,,,
2025-11-01,ofi_5s,5s,,,,,863940,daily_top_bottom,0.587372263585,,,,,,,
2025-11-01,qi_1,5s,1,-3.67964757349e-05,-0.367932549269,-0.0979781438884,86399,daily_bucket,,,,,,,,
2025-11-01,qi_1,5s,2,-1.69056846617e-05,-0.169037970585,0,86399,daily_bucket,,,,,,,,
2025-11-01,qi_1,5s,3,-1.07280312595e-05,-0.107266163073,0,86399,daily_bucket,,,,,,,,
2025-11-01,qi_1,5s,4,-3.82841761347e-06,-0.0382730157406,0,86349,daily_bucket,,,,,,,,
2025-11-01,qi_1,5s,5,-9.28866720312e-07,-0.00927689634027,0,86399,daily_bucket,,,,,,,,
2025-11-01,qi_1,5s,6,2.31533086422e-06,0.0231640424043,0,86399,daily_bucket,,,,,,,,
2025-11-01,qi_1,5s,7,3.81838396956e-06,0.0381956470633,0,86399,daily_bucket,,,,,,,,
2025-11-01,qi_1,5s,8,1.02488602198e-05,0.102503012759,0,86399,daily_bucket,,,,,,,,
2025-11-01,qi_1,5s,9,1.80479684539e-05,0.180501718504,0,86399,daily_bucket,,,,,,,,
2025-11-01,qi_1,5s,10,3.73365355688e-05,0.37339732101,0.00091001693405,86399,daily_bucket,,,,,,,,
2025-11-01,qi_1,5s,,,,,863940,daily_monotonicity,,1,,,,,,
2025-11-01,qi_1,5s,,,,,863940,daily_top_bottom,0.741329870279,,,,,,,
2025-11-01,trade_imbalance_5s,5s,1,-1.8273564555e-05,-0.18271344648,0,86367,daily_bucket,,,,,,,,
2025-11-01,trade_imbalance_5s,5s,2,-1.18893753412e-05,-0.118877230207,0,86393,daily_bucket,,,,,,,,
2025-11-01,trade_imbalance_5s,5s,3,-8.14379722091e-06,-0.0814217128654,0,86386,daily_bucket,,,,,,,,
2025-11-01,trade_imbalance_5s,5s,4,-4.40018477031e-06,-0.0439863024467,0,86375,daily_bucket,,,,,,,,
2025-11-01,trade_imbalance_5s,5s,5,-2.26008966169e-06,-0.0225862590895,0,86392,daily_bucket,,,,,,,,
2025-11-01,trade_imbalance_5s,5s,6,2.16788352135e-06,0.0216944637988,0,86393,daily_bucket,,,,,,,,
2025-11-01,trade_imbalance_5s,5s,7,4.64869178892e-06,0.0465043252288,0,86393,daily_bucket,,,,,,,,
2025-11-01,trade_imbalance_5s,5s,8,7.86523461771e-06,0.0786676475992,0,86392,daily_bucket,,,,,,,,
2025-11-01,trade_imbalance_5s,5s,9,1.36260292485e-05,0.136280620833,0,86393,daily_bucket,,,,,,,,
2025-11-01,trade_imbalance_5s,5s,10,1.92431859355e-05,0.192457160786,0,86392,daily_bucket,,,,,,,,
2025-11-01,trade_imbalance_5s,5s,,,,,863876,daily_monotonicity,,1,,,,,,
2025-11-01,trade_imbalance_5s,5s,,,,,863876,daily_top_bottom,0.375170607266,,,,,,,
2025-12-01,di_10,100ms,1,-1.53529936275e-05,-0.153521352069,0,86400,daily_bucket,,,,,,,,
2025-12-01,di_10,100ms,2,-3.81090298386e-06,-0.0381059589519,0,86398,daily_bucket,,,,,,,,
2025-12-01,di_10,100ms,3,-1.66222829862e-06,-0.0166207433022,0,86399,daily_bucket,,,,,,,,
2025-12-01,di_10,100ms,4,-8.71114831532e-07,-0.00870975768738,0,86399,daily_bucket,,,,,,,,
2025-12-01,di_10,100ms,5,-1.95087565421e-07,-0.00194958768792,0,86399,daily_bucket,,,,,,,,
2025-12-01,di_10,100ms,6,1.48606028425e-07,0.00148693625633,0,86399,daily_bucket,,,,,,,,
2025-12-01,di_10,100ms,7,7.23733642532e-07,0.00723864545652,0,86399,daily_bucket,,,,,,,,
2025-12-01,di_10,100ms,8,1.81565661778e-06,0.0181584470985,0,86399,daily_bucket,,,,,,,,
2025-12-01,di_10,100ms,9,3.97220194768e-06,0.0397247614425,0,86399,daily_bucket,,,,,,,,
2025-12-01,di_10,100ms,10,1.46982956828e-05,0.146990963212,0,86399,daily_bucket,,,,,,,,
2025-12-01,di_10,100ms,,,,,863990,daily_monotonicity,,1,,,,,,
2025-12-01,di_10,100ms,,,,,863990,daily_top_bottom,0.30051231528,,,,,,,
2025-12-01,di_5,100ms,1,-1.54552333486e-05,-0.154543685264,0,86400,daily_bucket,,,,,,,,
2025-12-01,di_5,100ms,2,-3.64552192435e-06,-0.0364521334987,0,86398,daily_bucket,,,,,,,,
2025-12-01,di_5,100ms,3,-1.72538556193e-06,-0.0172522150043,0,86399,daily_bucket,,,,,,,,
2025-12-01,di_5,100ms,4,-9.02241916792e-07,-0.00902111720153,0,86399,daily_bucket,,,,,,,,
2025-12-01,di_5,100ms,5,-2.01522415093e-07,-0.00201407867195,0,86399,daily_bucket,,,,,,,,
2025-12-01,di_5,100ms,6,1.56135490135e-07,0.00156228709219,0,86399,daily_bucket,,,,,,,,
2025-12-01,di_5,100ms,7,7.51760823824e-07,0.0075188627724,0,86399,daily_bucket,,,,,,,,
2025-12-01,di_5,100ms,8,1.78159040753e-06,0.0178178788376,0,86399,daily_bucket,,,,,,,,
2025-12-01,di_5,100ms,9,3.62533932854e-06,0.0362558139372,0,86399,daily_bucket,,,,,,,,
2025-12-01,di_5,100ms,10,1.50812488265e-05,0.150820771743,0,86399,daily_bucket,,,,,,,,
2025-12-01,di_5,100ms,,,,,863990,daily_monotonicity,,1,,,,,,
2025-12-01,di_5,100ms,,,,,863990,daily_top_bottom,0.305364457007,,,,,,,
2025-12-01,microprice_deviation_bps,100ms,1,-1.54924325357e-05,-0.154915174209,0,86399,daily_bucket,,,,,,,,
2025-12-01,microprice_deviation_bps,100ms,2,-3.46509463854e-06,-0.0346483395889,0,86399,daily_bucket,,,,,,,,
2025-12-01,microprice_deviation_bps,100ms,3,-1.80122540288e-06,-0.0180105528911,0,86399,daily_bucket,,,,,,,,
2025-12-01,microprice_deviation_bps,100ms,4,-8.47823481181e-07,-0.00847698969609,0,86399,daily_bucket,,,,,,,,
2025-12-01,microprice_deviation_bps,100ms,5,-2.16251727721e-07,-0.00216135870581,0,86399,daily_bucket,,,,,,,,
2025-12-01,microprice_deviation_bps,100ms,6,1.73378787004e-07,0.00173463577732,0,86399,daily_bucket,,,,,,,,
2025-12-01,microprice_deviation_bps,100ms,7,6.93812678537e-07,0.00693944336767,0,86399,daily_bucket,,,,,,,,
2025-12-01,microprice_deviation_bps,100ms,8,1.70675939026e-06,0.0170692359881,0,86399,daily_bucket,,,,,,,,
2025-12-01,microprice_deviation_bps,100ms,9,3.46843879821e-06,0.0346867481197,0,86399,daily_bucket,,,,,,,,
2025-12-01,microprice_deviation_bps,100ms,10,1.52464711537e-05,0.152473369763,0,86399,daily_bucket,,,,,,,,
2025-12-01,microprice_deviation_bps,100ms,,,,,863990,daily_monotonicity,,1,,,,,,
2025-12-01,microprice_deviation_bps,100ms,,,,,863990,daily_top_bottom,0.307388543972,,,,,,,
2025-12-01,ofi_100ms,100ms,1,-1.2011308469e-05,-0.120105531131,0,86400,daily_bucket,,,,,,,,
2025-12-01,ofi_100ms,100ms,2,-2.82551917652e-06,-0.0282526231921,0,86399,daily_bucket,,,,,,,,
2025-12-01,ofi_100ms,100ms,3,-1.46348843322e-06,-0.0146328759739,0,86398,daily_bucket,,,,,,,,
2025-12-01,ofi_100ms,100ms,4,-4.08366531779e-07,-0.00408235404645,0,86399,daily_bucket,,,,,,,,
2025-12-01,ofi_100ms,100ms,5,6.22210046858e-09,6.38560799558e-05,0,86398,daily_bucket,,,,,,,,
2025-12-01,ofi_100ms,100ms,6,1.78300043986e-07,0.00178567287161,0,86400,daily_bucket,,,,,,,,
2025-12-01,ofi_100ms,100ms,7,4.48634054103e-07,0.00448755428948,0,86399,daily_bucket,,,,,,,,
2025-12-01,ofi_100ms,100ms,8,1.08765159422e-06,0.0108782787883,0,86399,daily_bucket,,,,,,,,
2025-12-01,ofi_100ms,100ms,9,2.47798405503e-06,0.0247823782081,0,86399,daily_bucket,,,,,,,,
2025-12-01,ofi_100ms,100ms,10,1.19760438754e-05,0.119767862866,0,86399,daily_bucket,,,,,,,,
2025-12-01,ofi_100ms,100ms,,,,,863990,daily_monotonicity,,1,,,,,,
2025-12-01,ofi_100ms,100ms,,,,,863990,daily_top_bottom,0.239873393997,,,,,,,
2025-12-01,qi_1,100ms,1,-1.54559847857e-05,-0.15455111874,0,86399,daily_bucket,,,,,,,,
2025-12-01,qi_1,100ms,2,-3.45107499709e-06,-0.034508026667,0,86399,daily_bucket,,,,,,,,
2025-12-01,qi_1,100ms,3,-1.81152490815e-06,-0.0181135246626,0,86399,daily_bucket,,,,,,,,
2025-12-01,qi_1,100ms,4,-8.67949147121e-07,-0.00867822329114,0,86399,daily_bucket,,,,,,,,
2025-12-01,qi_1,100ms,5,-2.3593806933e-07,-0.00235796318679,0,86399,daily_bucket,,,,,,,,
2025-12-01,qi_1,100ms,6,1.91125533887e-07,0.00191216011763,0,86399,daily_bucket,,,,,,,,
2025-12-01,qi_1,100ms,7,7.1224133974e-07,0.00712381695145,0,86399,daily_bucket,,,,,,,,
2025-12-01,qi_1,100ms,8,1.73919192379e-06,0.0173936098701,0,86399,daily_bucket,,,,,,,,
2025-12-01,qi_1,100ms,9,3.36965290471e-06,0.0336988793058,0,86399,daily_bucket,,,,,,,,
2025-12-01,qi_1,100ms,10,1.52762932269e-05,0.152771408228,0,86399,daily_bucket,,,,,,,,
2025-12-01,qi_1,100ms,,,,,863990,daily_monotonicity,,1,,,,,,
2025-12-01,qi_1,100ms,,,,,863990,daily_top_bottom,0.307322526968,,,,,,,
2025-12-01,trade_imbalance_100ms,100ms,1,-1.13814581714e-05,-0.113807836792,0,35729,daily_bucket,,,,,,,,
2025-12-01,trade_imbalance_100ms,100ms,2,-8.63915595735e-06,-0.0863866383582,0,35729,daily_bucket,,,,,,,,
2025-12-01,trade_imbalance_100ms,100ms,3,-1.04410525236e-05,-0.104404081863,0,35729,daily_bucket,,,,,,,,
2025-12-01,trade_imbalance_100ms,100ms,4,-1.7076564062e-05,-0.170750506808,0,35729,daily_bucket,,,,,,,,
2025-12-01,trade_imbalance_100ms,100ms,5,1.36656307474e-05,0.136671251955,0,35728,daily_bucket,,,,,,,,
2025-12-01,trade_imbalance_100ms,100ms,6,6.58258569291e-06,0.0658301894514,0,35729,daily_bucket,,,,,,,,
2025-12-01,trade_imbalance_100ms,100ms,7,3.98069696605e-06,0.0398089682152,0,35729,daily_bucket,,,,,,,,
2025-12-01,trade_imbalance_100ms,100ms,8,4.7648290855e-06,0.0476510098598,0,35729,daily_bucket,,,,,,,,
2025-12-01,trade_imbalance_100ms,100ms,9,9.62643535903e-06,0.0962707599877,0,35729,daily_bucket,,,,,,,,
2025-12-01,trade_imbalance_100ms,100ms,10,7.29259407057e-06,0.0729301290363,0,35728,daily_bucket,,,,,,,,
2025-12-01,trade_imbalance_100ms,100ms,,,,,357288,daily_monotonicity,,0.684848484848,,,,,,
2025-12-01,trade_imbalance_100ms,100ms,,,,,357288,daily_top_bottom,0.186737965829,,,,,,,
2025-12-01,di_10,1s,1,-6.28437297565e-05,-0.628353782411,-0.265509989252,86398,daily_bucket,,,,,,,,
2025-12-01,di_10,1s,2,-2.99458283475e-05,-0.29940745338,0,86392,daily_bucket,,,,,,,,
2025-12-01,di_10,1s,3,-1.71994014817e-05,-0.171953316889,0,86398,daily_bucket,,,,,,,,
2025-12-01,di_10,1s,4,-8.77535226446e-06,-0.0877169431633,0,86399,daily_bucket,,,,,,,,
2025-12-01,di_10,1s,5,-2.41210140825e-06,-0.0240855750849,0,86399,daily_bucket,,,,,,,,
2025-12-01,di_10,1s,6,1.38739406842e-06,0.0139051874687,0,86399,daily_bucket,,,,,,,,
2025-12-01,di_10,1s,7,8.32059669386e-06,0.0832421060161,0,86399,daily_bucket,,,,,,,,
2025-12-01,di_10,1s,8,1.72312829284e-05,0.172355625736,0,86399,daily_bucket,,,,,,,,
2025-12-01,di_10,1s,9,2.93901401521e-05,0.29395056074,0,86399,daily_bucket,,,,,,,,
2025-12-01,di_10,1s,10,5.95073958421e-05,0.595146902558,0.232504351215,86399,daily_bucket,,,,,,,,
2025-12-01,di_10,1s,,,,,863981,daily_monotonicity,,1,,,,,,
2025-12-01,di_10,1s,,,,,863981,daily_top_bottom,1.22350068497,,,,,,,
2025-12-01,di_5,1s,1,-6.21930360274e-05,-0.621846399536,-0.258322753169,86398,daily_bucket,,,,,,,,
2025-12-01,di_5,1s,2,-3.04329967865e-05,-0.304279976553,0,86392,daily_bucket,,,,,,,,
2025-12-01,di_5,1s,3,-1.69484985409e-05,-0.16944355911,0,86398,daily_bucket,,,,,,,,
2025-12-01,di_5,1s,4,-8.90734779932e-06,-0.0890369244028,0,86399,daily_bucket,,,,,,,,
2025-12-01,di_5,1s,5,-2.84269478225e-06,-0.028393126072,0,86399,daily_bucket,,,,,,,,
2025-12-01,di_5,1s,6,1.41091720342e-06,0.0141425536814,0,86399,daily_bucket,,,,,,,,
2025-12-01,di_5,1s,7,7.98495334725e-06,0.0798862382245,0,86399,daily_bucket,,,,,,,,
2025-12-01,di_5,1s,8,1.72997984076e-05,0.173039670409,0,86399,daily_bucket,,,,,,,,
2025-12-01,di_5,1s,9,2.90030042827e-05,0.29007708297,0,86399,daily_bucket,,,,,,,,
2025-12-01,di_5,1s,10,6.02862680871e-05,0.602937461576,0.254393484418,86399,daily_bucket,,,,,,,,
2025-12-01,di_5,1s,,,,,863981,daily_monotonicity,,1,,,,,,
2025-12-01,di_5,1s,,,,,863981,daily_top_bottom,1.22478386111,,,,,,,
2025-12-01,microprice_deviation_bps,1s,1,-6.20178947433e-05,-0.620092633933,-0.250263476588,86393,daily_bucket,,,,,,,,
2025-12-01,microprice_deviation_bps,1s,2,-2.95288240166e-05,-0.29524147114,0,86397,daily_bucket,,,,,,,,
2025-12-01,microprice_deviation_bps,1s,3,-1.77989150495e-05,-0.177947561475,0,86398,daily_bucket,,,,,,,,
2025-12-01,microprice_deviation_bps,1s,4,-8.59920765567e-06,-0.0859559845252,0,86399,daily_bucket,,,,,,,,
2025-12-01,microprice_deviation_bps,1s,5,-3.22121473798e-06,-0.0321774970126,0,86399,daily_bucket,,,,,,,,
2025-12-01,microprice_deviation_bps,1s,6,1.46616950748e-06,0.0146950148857,0,86399,daily_bucket,,,,,,,,
2025-12-01,microprice_deviation_bps,1s,7,8.39400098342e-06,0.0839786601226,0,86399,daily_bucket,,,,,,,,
2025-12-01,microprice_deviation_bps,1s,8,1.72284011045e-05,0.172323643052,0,86399,daily_bucket,,,,,,,,
2025-12-01,microprice_deviation_bps,1s,9,2.82879952224e-05,0.282924991436,0,86399,daily_bucket,,,,,,,,
2025-12-01,microprice_deviation_bps,1s,10,6.04480420403e-05,0.604557714468,0.264126788877,86399,daily_bucket,,,,,,,,
2025-12-01,microprice_deviation_bps,1s,,,,,863981,daily_monotonicity,,1,,,,,,
2025-12-01,microprice_deviation_bps,1s,,,,,863981,daily_top_bottom,1.2246503484,,,,,,,
2025-12-01,ofi_1s,1s,1,-4.09896989053e-05,-0.409817658743,0,86396,daily_bucket,,,,,,,,
2025-12-01,ofi_1s,1s,2,-2.4892573275e-05,-0.248861789666,0,86397,daily_bucket,,,,,,,,
2025-12-01,ofi_1s,1s,3,-1.28272616113e-05,-0.128226853779,0,86399,daily_bucket,,,,,,,,
2025-12-01,ofi_1s,1s,4,-6.9278750217e-06,-0.0692480976721,0,86399,daily_bucket,,,,,,,,
2025-12-01,ofi_1s,1s,5,-2.06171038104e-06,-0.0205954119941,0,86398,daily_bucket,,,,,,,,
2025-12-01,ofi_1s,1s,6,1.76748538429e-06,0.0176980360274,0,86400,daily_bucket,,,,,,,,
2025-12-01,ofi_1s,1s,7,7.25610635457e-06,0.0725926565609,0,86395,daily_bucket,,,,,,,,
2025-12-01,ofi_1s,1s,8,1.30391638595e-05,0.130436442144,0,86399,daily_bucket,,,,,,,,
2025-12-01,ofi_1s,1s,9,2.31238488259e-05,0.231299452589,0,86399,daily_bucket,,,,,,,,
2025-12-01,ofi_1s,1s,10,3.71745559485e-05,0.371822983766,0,86399,daily_bucket,,,,,,,,
2025-12-01,ofi_1s,1s,,,,,863981,daily_monotonicity,,1,,,,,,
2025-12-01,ofi_1s,1s,,,,,863981,daily_top_bottom,0.78164064251,,,,,,,
2025-12-01,qi_1,1s,1,-6.2065997269e-05,-0.620575817787,-0.250647366126,86393,daily_bucket,,,,,,,,
2025-12-01,qi_1,1s,2,-2.93911646833e-05,-0.293864099058,0,86397,daily_bucket,,,,,,,,
2025-12-01,qi_1,1s,3,-1.77594603609e-05,-0.177553000157,0,86398,daily_bucket,,,,,,,,
2025-12-01,qi_1,1s,4,-8.70086177459e-06,-0.086972402692,0,86399,daily_bucket,,,,,,,,
2025-12-01,qi_1,1s,5,-3.26112407417e-06,-0.0325753283934,0,86399,daily_bucket,,,,,,,,
2025-12-01,qi_1,1s,6,1.5420514965e-06,0.0154542794942,0,86399,daily_bucket,,,,,,,,
2025-12-01,qi_1,1s,7,8.46237250642e-06,0.0846625923624,0,86399,daily_bucket,,,,,,,,
2025-12-01,qi_1,1s,8,1.72052880134e-05,0.172092868259,0,86399,daily_bucket,,,,,,,,
2025-12-01,qi_1,1s,9,2.81945716361e-05,0.281991197013,0,86399,daily_bucket,,,,,,,,
2025-12-01,qi_1,1s,10,6.04328774673e-05,0.604404589734,0.259999187932,86399,daily_bucket,,,,,,,,
2025-12-01,qi_1,1s,,,,,863981,daily_monotonicity,,1,,,,,,
2025-12-01,qi_1,1s,,,,,863981,daily_top_bottom,1.22498040752,,,,,,,
2025-12-01,trade_imbalance_1s,1s,1,-1.31482195674e-05,-0.131450192207,0,84554,daily_bucket,,,,,,,,
2025-12-01,trade_imbalance_1s,1s,2,-2.14946210565e-05,-0.214892267712,0,84558,daily_bucket,,,,,,,,
2025-12-01,trade_imbalance_1s,1s,3,-1.58518915467e-05,-0.158463180128,0,84560,daily_bucket,,,,,,,,
2025-12-01,trade_imbalance_1s,1s,4,-9.55894652428e-06,-0.0955293617227,0,84560,daily_bucket,,,,,,,,
2025-12-01,trade_imbalance_1s,1s,5,-1.25329617864e-06,-0.0124692526455,0,84559,daily_bucket,,,,,,,,
2025-12-01,trade_imbalance_1s,1s,6,5.57540108842e-06,0.0558114959483,0,84561,daily_bucket,,,,,,,,
2025-12-01,trade_imbalance_1s,1s,7,1.11135045496e-05,0.111187146023,0,84560,daily_bucket,,,,,,,,
2025-12-01,trade_imbalance_1s,1s,8,1.7853129683e-05,0.178580062216,0,84561,daily_bucket,,,,,,,,
2025-12-01,trade_imbalance_1s,1s,9,1.16775695731e-05,0.116809158246,0,84560,daily_bucket,,,,,,,,
2025-12-01,trade_imbalance_1s,1s,10,9.06156550952e-06,0.0906447502741,0,84560,daily_bucket,,,,,,,,
2025-12-01,trade_imbalance_1s,1s,,,,,845593,daily_monotonicity,,0.878787878788,,,,,,
2025-12-01,trade_imbalance_1s,1s,,,,,845593,daily_top_bottom,0.222094942481,,,,,,,
2025-12-01,di_10,30s,1,-0.000125656003128,-1.25436091656,-1.18469921321,86354,daily_bucket,,,,,,,,
2025-12-01,di_10,30s,2,-9.33835786385e-05,-0.931995668395,-0.876013955737,86349,daily_bucket,,,,,,,,
2025-12-01,di_10,30s,3,-8.28819124588e-05,-0.826966396634,-0.732329622611,86328,daily_bucket,,,,,,,,
2025-12-01,di_10,30s,4,-5.04004313584e-05,-0.50213554025,-0.420375849686,86322,daily_bucket,,,,,,,,
2025-12-01,di_10,30s,5,-2.64482279016e-05,-0.262775533646,-0.105436545825,86378,daily_bucket,,,,,,,,
2025-12-01,di_10,30s,6,2.50057755517e-06,0.026661907698,0,86388,daily_bucket,,,,,,,,
2025-12-01,di_10,30s,7,1.4561365549e-06,0.0163867263355,0.0103326060135,86397,daily_bucket,,,,,,,,
2025-12-01,di_10,30s,8,3.87209232718e-05,0.389125334685,0.392922971901,86397,daily_bucket,,,,,,,,
2025-12-01,di_10,30s,9,6.48424909952e-05,0.650396616254,0.663251265709,86394,daily_bucket,,,,,,,,
2025-12-01,di_10,30s,10,0.000113361786345,1.13581238223,1.02825519774,86384,daily_bucket,,,,,,,,
2025-12-01,di_10,30s,,,,,863691,daily_monotonicity,,0.987878787879,,,,,,
2025-12-01,di_10,30s,,,,,863691,daily_top_bottom,2.39017329879,,,,,,,
2025-12-01,di_5,30s,1,-0.00012645156265,-1.26235024157,-1.16917278777,86336,daily_bucket,,,,,,,,
2025-12-01,di_5,30s,2,-9.36668847199e-05,-0.934839091073,-0.889212823769,86368,daily_bucket,,,,,,,,
2025-12-01,di_5,30s,3,-7.92064711994e-05,-0.790201529432,-0.700578075178,86315,daily_bucket,,,,,,,,
2025-12-01,di_5,30s,4,-5.0237860227e-05,-0.500471159874,-0.390545593923,86332,daily_bucket,,,,,,,,
2025-12-01,di_5,30s,5,-2.96566158122e-05,-0.294884275855,-0.186664459745,86380,daily_bucket,,,,,,,,
2025-12-01,di_5,30s,6,1.34626236886e-06,0.0151440567902,0,86388,daily_bucket,,,,,,,,
2025-12-01,di_5,30s,7,3.62857024383e-06,0.0381050138603,0.0450723680207,86397,daily_bucket,,,,,,,,
2025-12-01,di_5,30s,8,3.86525441203e-05,0.388429404761,0.376201515094,86394,daily_bucket,,,,,,,,
2025-12-01,di_5,30s,9,6.62296429018e-05,0.664234591817,0.677014570969,86392,daily_bucket,,,,,,,,
2025-12-01,di_5,30s,10,0.000111460857448,1.11684942769,1.03213647293,86389,daily_bucket,,,,,,,,
2025-12-01,di_5,30s,,,,,863691,daily_monotonicity,,1,,,,,,
2025-12-01,di_5,30s,,,,,863691,daily_top_bottom,2.37919966926,,,,,,,
2025-12-01,microprice_deviation_bps,30s,1,-0.000123423271646,-1.23208513003,-1.16911546624,86328,daily_bucket,,,,,,,,
2025-12-01,microprice_deviation_bps,30s,2,-9.42353221492e-05,-0.940546062872,-0.828967045207,86374,daily_bucket,,,,,,,,
2025-12-01,microprice_deviation_bps,30s,3,-8.3426155889e-05,-0.832370596855,-0.749908310629,86323,daily_bucket,,,,,,,,
2025-12-01,microprice_deviation_bps,30s,4,-5.22588760747e-05,-0.520675188234,-0.419988652373,86324,daily_bucket,,,,,,,,
2025-12-01,microprice_deviation_bps,30s,5,-3.05436512769e-05,-0.303686575652,-0.190662811945,86382,daily_bucket,,,,,,,,
2025-12-01,microprice_deviation_bps,30s,6,3.57151699362e-06,0.0373997057885,0.00116003581495,86388,daily_bucket,,,,,,,,
2025-12-01,microprice_deviation_bps,30s,7,4.37955437218e-06,0.0455539349594,0.0301444364877,86397,daily_bucket,,,,,,,,
2025-12-01,microprice_deviation_bps,30s,8,3.99977084831e-05,0.401879127211,0.420756836359,86394,daily_bucket,,,,,,,,
2025-12-01,microprice_deviation_bps,30s,9,5.98318284735e-05,0.600210223766,0.641971432965,86397,daily_bucket,,,,,,,,
2025-12-01,microprice_deviation_bps,30s,10,0.000118204018191,1.18432551269,1.05087158422,86384,daily_bucket,,,,,,,,
2025-12-01,microprice_deviation_bps,30s,,,,,863691,daily_monotonicity,,1,,,,,,
2025-12-01,microprice_deviation_bps,30s,,,,,863691,daily_top_bottom,2.41641064272,,,,,,,
2025-12-01,ofi_30s,30s,1,-5.85007915524e-05,-0.582832438949,-0.389240222144,86394,daily_bucket,,,,,,,,
2025-12-01,ofi_30s,30s,2,-5.80551545951e-05,-0.578548591134,-0.292441925472,86288,daily_bucket,,,,,,,,
2025-12-01,ofi_30s,30s,3,-3.15992867951e-05,-0.314155604959,-0.123514382696,86376,daily_bucket,,,,,,,,
2025-12-01,ofi_30s,30s,4,-3.45907135364e-05,-0.344225771521,-0.099123821221,86359,daily_bucket,,,,,,,,
2025-12-01,ofi_30s,30s,5,-1.54354722281e-05,-0.152774934462,-0.13408568503,86278,daily_bucket,,,,,,,,
2025-12-01,ofi_30s,30s,6,-2.1056036341e-05,-0.20887067304,-0.0244270646526,86400,daily_bucket,,,,,,,,
2025-12-01,ofi_30s,30s,7,-2.14441284071e-05,-0.212710366773,-0.0703067060899,86399,daily_bucket,,,,,,,,
2025-12-01,ofi_30s,30s,8,-8.9143043804e-06,-0.0873052480157,-0.00115888478431,86399,daily_bucket,,,,,,,,
2025-12-01,ofi_30s,30s,9,2.19822546807e-05,0.221777827432,0.072989127806,86399,daily_bucket,,,,,,,,
2025-12-01,ofi_30s,30s,10,6.98158860265e-05,0.70069918339,0.55994678397,86399,daily_bucket,,,,,,,,
2025-12-01,ofi_30s,30s,,,,,863691,daily_monotonicity,,0.939393939394,,,,,,
2025-12-01,ofi_30s,30s,,,,,863691,daily_top_bottom,1.28353162234,,,,,,,
2025-12-01,qi_1,30s,1,-0.000127338218072,-1.2712165892,-1.17377553949,86328,daily_bucket,,,,,,,,
2025-12-01,qi_1,30s,2,-9.30596831613e-05,-0.92880462765,-0.830872308696,86374,daily_bucket,,,,,,,,
2025-12-01,qi_1,30s,3,-8.22425489221e-05,-0.820524064913,-0.732329622611,86317,daily_bucket,,,,,,,,
2025-12-01,qi_1,30s,4,-5.1937465379e-05,-0.517462691431,-0.420375849686,86330,daily_bucket,,,,,,,,
2025-12-01,qi_1,30s,5,-2.92034203423e-05,-0.29029695098,-0.18389906864,86382,daily_bucket,,,,,,,,
2025-12-01,qi_1,30s,6,3.79295559907e-06,0.0396198984849,0.00115872337652,86388,daily_bucket,,,,,,,,
2025-12-01,qi_1,30s,7,5.43520438299e-06,0.0561186433817,0.0335508760568,86397,daily_bucket,,,,,,,,
2025-12-01,qi_1,30s,8,4.02703807464e-05,0.404605605628,0.419431731292,86394,daily_bucket,,,,,,,,
2025-12-01,qi_1,30s,9,6.50408029753e-05,0.652325350222,0.655700288765,86397,daily_bucket,,,,,,,,
2025-12-01,qi_1,30s,10,0.000111334940389,1.1155963745,1.01725987485,86384,daily_bucket,,,,,,,,
2025-12-01,qi_1,30s,,,,,863691,daily_monotonicity,,1,,,,,,
2025-12-01,qi_1,30s,,,,,863691,daily_top_bottom,2.3868129637,,,,,,,
2025-12-01,trade_imbalance_30s,30s,1,-2.69881995116e-05,-0.268732252533,-0.200652997181,86246,daily_bucket,,,,,,,,
2025-12-01,trade_imbalance_30s,30s,2,-4.87460136499e-05,-0.485932181757,-0.341629686318,86253,daily_bucket,,,,,,,,
2025-12-01,trade_imbalance_30s,30s,3,-3.67326929768e-05,-0.365532046133,-0.229242699071,86399,daily_bucket,,,,,,,,
2025-12-01,trade_imbalance_30s,30s,4,-3.15165117659e-05,-0.313082326941,-0.222405723116,86399,daily_bucket,,,,,,,,
2025-12-01,trade_imbalance_30s,30s,5,-9.42937553631e-06,-0.0918780061713,-0.0595080469757,86399,daily_bucket,,,,,,,,
2025-12-01,trade_imbalance_30s,30s,6,-3.03024357607e-05,-0.300438259859,-0.243342708401,86399,daily_bucket,,,,,,,,
2025-12-01,trade_imbalance_30s,30s,7,7.65765636844e-06,0.0788058759108,0,86399,daily_bucket,,,,,,,,
2025-12-01,trade_imbalance_30s,30s,8,1.21543024325e-05,0.123710934062,-0.00115488383918,86399,daily_bucket,,,,,,,,
2025-12-01,trade_imbalance_30s,30s,9,1.13546265541e-05,0.115255372308,0.194826441821,86399,daily_bucket,,,,,,,,
2025-12-01,trade_imbalance_30s,30s,10,-5.2554973165e-06,-0.0511892088231,0.0624719635372,86399,daily_bucket,,,,,,,,
2025-12-01,trade_imbalance_30s,30s,,,,,863691,daily_monotonicity,,0.769696969697,,,,,,
2025-12-01,trade_imbalance_30s,30s,,,,,863691,daily_top_bottom,0.21754304371,,,,,,,
2025-12-01,di_10,500ms,1,-4.38748673678e-05,-0.438707349005,-0.00115319909827,86399,daily_bucket,,,,,,,,
2025-12-01,di_10,500ms,2,-1.82638769105e-05,-0.182616177509,0,86395,daily_bucket,,,,,,,,
2025-12-01,di_10,500ms,3,-1.00364098196e-05,-0.100347816433,0,86399,daily_bucket,,,,,,,,
2025-12-01,di_10,500ms,4,-5.10077152773e-06,-0.0509933893668,0,86399,daily_bucket,,,,,,,,
2025-12-01,di_10,500ms,5,-1.30524704636e-06,-0.0130388557554,0,86399,daily_bucket,,,,,,,,
2025-12-01,di_10,500ms,6,9.61541394278e-07,0.00962764338974,0,86399,daily_bucket,,,,,,,,
2025-12-01,di_10,500ms,7,4.6049174168e-06,0.0460635958716,0,86399,daily_bucket,,,,,,,,
2025-12-01,di_10,500ms,8,1.0034990362e-05,0.100367223804,0,86399,daily_bucket,,,,,,,,
2025-12-01,di_10,500ms,9,1.78966587817e-05,0.178987981462,0,86399,daily_bucket,,,,,,,,
2025-12-01,di_10,500ms,10,4.2412582807e-05,0.424164336148,0,86399,daily_bucket,,,,,,,,
2025-12-01,di_10,500ms,,,,,863986,daily_monotonicity,,1,,,,,,
2025-12-01,di_10,500ms,,,,,863986,daily_top_bottom,0.862871685153,,,,,,,
2025-12-01,di_5,500ms,1,-4.36617437793e-05,-0.436575988442,-0.00115622956545,86399,daily_bucket,,,,,,,,
2025-12-01,di_5,500ms,2,-1.84395606144e-05,-0.184373103438,0,86395,daily_bucket,,,,,,,,
2025-12-01,di_5,500ms,3,-9.81214379247e-06,-0.0981049499993,0,86399,daily_bucket,,,,,,,,
2025-12-01,di_5,500ms,4,-5.2548585141e-06,-0.0525344396851,0,86399,daily_bucket,,,,,,,,
2025-12-01,di_5,500ms,5,-1.5967122923e-06,-0.0159540623657,0,86399,daily_bucket,,,,,,,,
2025-12-01,di_5,500ms,6,1.05154481027e-06,0.0105284417249,0,86399,daily_bucket,,,,,,,,
2025-12-01,di_5,500ms,7,4.60144428761e-06,0.0460287598434,0,86399,daily_bucket,,,,,,,,
2025-12-01,di_5,500ms,8,9.92943651093e-06,0.0993117979256,0,86399,daily_bucket,,,,,,,,
2025-12-01,di_5,500ms,9,1.73706382376e-05,0.173726507322,0,86399,daily_bucket,,,,,,,,
2025-12-01,di_5,500ms,10,4.31414651023e-05,0.431454148379,0,86399,daily_bucket,,,,,,,,
2025-12-01,di_5,500ms,,,,,863986,daily_monotonicity,,1,,,,,,
2025-12-01,di_5,500ms,,,,,863986,daily_top_bottom,0.868030136821,,,,,,,
2025-12-01,microprice_deviation_bps,500ms,1,-4.36546935431e-05,-0.43650367083,-0.00115783496217,86396,daily_bucket,,,,,,,,
2025-12-01,microprice_deviation_bps,500ms,2,-1.78574317278e-05,-0.178553769791,0,86398,daily_bucket,,,,,,,,
2025-12-01,microprice_deviation_bps,500ms,3,-1.02477224798e-05,-0.102460591161,0,86399,daily_bucket,,,,,,,,
2025-12-01,microprice_deviation_bps,500ms,4,-5.1724903376e-06,-0.0517107956977,0,86399,daily_bucket,,,,,,,,
2025-12-01,microprice_deviation_bps,500ms,5,-1.55237458143e-06,-0.0155107949408,0,86399,daily_bucket,,,,,,,,
2025-12-01,microprice_deviation_bps,500ms,6,1.07848609172e-06,0.0107978338338,0,86399,daily_bucket,,,,,,,,
2025-12-01,microprice_deviation_bps,500ms,7,4.61514329168e-06,0.0461663776555,0,86399,daily_bucket,,,,,,,,
2025-12-01,microprice_deviation_bps,500ms,8,9.96322872707e-06,0.0996486677019,0,86399,daily_bucket,,,,,,,,
2025-12-01,microprice_deviation_bps,500ms,9,1.69046252879e-05,0.169065138294,0,86399,daily_bucket,,,,,,,,
2025-12-01,microprice_deviation_bps,500ms,10,4.32518704297e-05,0.432560028921,0.00114694518319,86399,daily_bucket,,,,,,,,
2025-12-01,microprice_deviation_bps,500ms,,,,,863986,daily_monotonicity,,1,,,,,,
2025-12-01,microprice_deviation_bps,500ms,,,,,863986,daily_top_bottom,0.869063699751,,,,,,,
2025-12-01,ofi_500ms,500ms,1,-3.21966005109e-05,-0.321926291192,0,86400,daily_bucket,,,,,,,,
2025-12-01,ofi_500ms,500ms,2,-1.50909919679e-05,-0.15088166853,0,86398,daily_bucket,,,,,,,,
2025-12-01,ofi_500ms,500ms,3,-6.93225297681e-06,-0.0693053954866,0,86399,daily_bucket,,,,,,,,
2025-12-01,ofi_500ms,500ms,4,-3.51209734357e-06,-0.03510855118,0,86399,daily_bucket,,,,,,,,
2025-12-01,ofi_500ms,500ms,5,-1.28008639957e-06,-0.0127911477629,0,86398,daily_bucket,,,,,,,,
2025-12-01,ofi_500ms,500ms,6,1.61881977354e-06,0.0161981303706,0,86400,daily_bucket,,,,,,,,
2025-12-01,ofi_500ms,500ms,7,2.74159150717e-06,0.0274275787675,0,86398,daily_bucket,,,,,,,,
2025-12-01,ofi_500ms,500ms,8,7.12073731125e-06,0.0712239941145,0,86396,daily_bucket,,,,,,,,
2025-12-01,ofi_500ms,500ms,9,1.41728172382e-05,0.141755614853,0,86399,daily_bucket,,,,,,,,
2025-12-01,ofi_500ms,500ms,10,3.06888704317e-05,0.306927817918,0,86399,daily_bucket,,,,,,,,
2025-12-01,ofi_500ms,500ms,,,,,863986,daily_monotonicity,,1,,,,,,
2025-12-01,ofi_500ms,500ms,,,,,863986,daily_top_bottom,0.62885410911,,,,,,,
2025-12-01,qi_1,500ms,1,-4.36466675851e-05,-0.436424867037,-0.00115722786297,86396,daily_bucket,,,,,,,,
2025-12-01,qi_1,500ms,2,-1.77070505835e-05,-0.177049388518,0,86398,daily_bucket,,,,,,,,
2025-12-01,qi_1,500ms,3,-1.03285093567e-05,-0.10326846333,0,86399,daily_bucket,,,,,,,,
2025-12-01,qi_1,500ms,4,-5.22346583693e-06,-0.0522203533071,0,86399,daily_bucket,,,,,,,,
2025-12-01,qi_1,500ms,5,-1.57796816994e-06,-0.0157660364284,0,86399,daily_bucket,,,,,,,,
2025-12-01,qi_1,500ms,6,1.13643682075e-06,0.0113775399238,0,86399,daily_bucket,,,,,,,,
2025-12-01,qi_1,500ms,7,4.63951810628e-06,0.0464105053517,0,86399,daily_bucket,,,,,,,,
2025-12-01,qi_1,500ms,8,9.96088598389e-06,0.0996253712147,0,86399,daily_bucket,,,,,,,,
2025-12-01,qi_1,500ms,9,1.67517276055e-05,0.16753680096,0,86399,daily_bucket,,,,,,,,
2025-12-01,qi_1,500ms,10,4.33237361932e-05,0.433277335304,0.00114271720897,86399,daily_bucket,,,,,,,,
2025-12-01,qi_1,500ms,,,,,863986,daily_monotonicity,,1,,,,,,
2025-12-01,qi_1,500ms,,,,,863986,daily_top_bottom,0.869702202341,,,,,,,
2025-12-01,trade_imbalance_500ms,500ms,1,-8.11918206986e-06,-0.0811777993384,0,76243,daily_bucket,,,,,,,,
2025-12-01,trade_imbalance_500ms,500ms,2,-1.49576117018e-05,-0.149552080625,0,76237,daily_bucket,,,,,,,,
2025-12-01,trade_imbalance_500ms,500ms,3,-1.80947138167e-05,-0.180914087757,0,76243,daily_bucket,,,,,,,,
2025-12-01,trade_imbalance_500ms,500ms,4,-8.73333983867e-06,-0.0873039457912,0,76242,daily_bucket,,,,,,,,
2025-12-01,trade_imbalance_500ms,500ms,5,7.44258135741e-07,0.00747237681846,0,76241,daily_bucket,,,,,,,,
2025-12-01,trade_imbalance_500ms,500ms,6,8.91085950123e-06,0.0891357037038,0,76243,daily_bucket,,,,,,,,
2025-12-01,trade_imbalance_500ms,500ms,7,1.88734879192e-05,0.188769293493,0,76242,daily_bucket,,,,,,,,
2025-12-01,trade_imbalance_500ms,500ms,8,4.0064841459e-06,0.0400738985703,0,76243,daily_bucket,,,,,,,,
2025-12-01,trade_imbalance_500ms,500ms,9,5.62007641133e-06,0.0562121084392,0,76242,daily_bucket,,,,,,,,
2025-12-01,trade_imbalance_500ms,500ms,10,8.34414576426e-06,0.0834581305901,0,76242,daily_bucket,,,,,,,,
2025-12-01,trade_imbalance_500ms,500ms,,,,,762418,daily_monotonicity,,0.733333333333,,,,,,
2025-12-01,trade_imbalance_500ms,500ms,,,,,762418,daily_top_bottom,0.164635929929,,,,,,,
2025-12-01,di_10,5s,1,-0.000103557389654,-1.03517686982,-0.848652899747,86363,daily_bucket,,,,,,,,
2025-12-01,di_10,5s,2,-6.22605970099e-05,-0.622300266727,-0.226166884185,86389,daily_bucket,,,,,,,,
2025-12-01,di_10,5s,3,-4.24745883385e-05,-0.424461890281,0,86396,daily_bucket,,,,,,,,
2025-12-01,di_10,5s,4,-2.42458044883e-05,-0.242167019957,0,86399,daily_bucket,,,,,,,,
2025-12-01,di_10,5s,5,-5.58205016721e-06,-0.0555606757277,0,86399,daily_bucket,,,,,,,,
2025-12-01,di_10,5s,6,3.33985366673e-06,0.0336520083827,0,86399,daily_bucket,,,,,,,,
2025-12-01,di_10,5s,7,1.74396947681e-05,0.174661422996,0,86399,daily_bucket,,,,,,,,
2025-12-01,di_10,5s,8,3.6633520954e-05,0.366620099847,0,86399,daily_bucket,,,,,,,,
2025-12-01,di_10,5s,9,5.8340220842e-05,0.583684011004,0.303028201611,86399,daily_bucket,,,,,,,,
2025-12-01,di_10,5s,10,9.58620131346e-05,0.958984137798,0.754303982743,86399,daily_bucket,,,,,,,,
2025-12-01,di_10,5s,,,,,863941,daily_monotonicity,,1,,,,,,
2025-12-01,di_10,5s,,,,,863941,daily_top_bottom,1.99416100762,,,,,,,
2025-12-01,di_5,5s,1,-0.000102142325845,-1.02102025179,-0.812010973588,86362,daily_bucket,,,,,,,,
2025-12-01,di_5,5s,2,-6.31784358599e-05,-0.631488589307,-0.244247773201,86391,daily_bucket,,,,,,,,
2025-12-01,di_5,5s,3,-4.23848979532e-05,-0.423563090798,0,86395,daily_bucket,,,,,,,,
2025-12-01,di_5,5s,4,-2.38927578757e-05,-0.238639790977,0,86399,daily_bucket,,,,,,,,
2025-12-01,di_5,5s,5,-5.64161574184e-06,-0.0561600932926,0,86399,daily_bucket,,,,,,,,
2025-12-01,di_5,5s,6,3.34277006886e-06,0.0336909181027,0,86399,daily_bucket,,,,,,,,
2025-12-01,di_5,5s,7,1.63382832398e-05,0.163650001051,0,86399,daily_bucket,,,,,,,,
2025-12-01,di_5,5s,8,3.81024873651e-05,0.381302666145,0,86399,daily_bucket,,,,,,,,
2025-12-01,di_5,5s,9,5.69908187192e-05,0.570189711733,0.294574237126,86399,daily_bucket,,,,,,,,
2025-12-01,di_5,5s,10,9.5960823781e-05,0.959976241087,0.764141066247,86399,daily_bucket,,,,,,,,
2025-12-01,di_5,5s,,,,,863941,daily_monotonicity,,1,,,,,,
2025-12-01,di_5,5s,,,,,863941,daily_top_bottom,1.98099649287,,,,,,,
2025-12-01,microprice_deviation_bps,5s,1,-0.000101647831321,-1.01607230962,-0.809949894034,86355,daily_bucket,,,,,,,,
2025-12-01,microprice_deviation_bps,5s,2,-6.27948286756e-05,-0.627656309852,-0.232018548027,86397,daily_bucket,,,,,,,,
2025-12-01,microprice_deviation_bps,5s,3,-4.22409655186e-05,-0.422130214538,0,86396,daily_bucket,,,,,,,,
2025-12-01,microprice_deviation_bps,5s,4,-2.51875836703e-05,-0.251582574991,0,86399,daily_bucket,,,,,,,,
2025-12-01,microprice_deviation_bps,5s,5,-6.28052267623e-06,-0.062549527758,0,86399,daily_bucket,,,,,,,,
2025-12-01,microprice_deviation_bps,5s,6,3.91894912236e-06,0.039456756985,0,86399,daily_bucket,,,,,,,,
2025-12-01,microprice_deviation_bps,5s,7,1.70748301653e-05,0.171013782823,0,86399,daily_bucket,,,,,,,,
2025-12-01,microprice_deviation_bps,5s,8,3.79997197229e-05,0.38027065949,0,86399,daily_bucket,,,,,,,,
2025-12-01,microprice_deviation_bps,5s,9,5.57320659692e-05,0.557589291379,0.26324762548,86399,daily_bucket,,,,,,,,
2025-12-01,microprice_deviation_bps,5s,10,9.69181849849e-05,0.969566860108,0.76851882984,86399,daily_bucket,,,,,,,,
2025-12-01,microprice_deviation_bps,5s,,,,,863941,daily_monotonicity,,1,,,,,,
2025-12-01,microprice_deviation_bps,5s,,,,,863941,daily_top_bottom,1.98563916973,,,,,,,
2025-12-01,ofi_5s,5s,1,-4.20654472697e-05,-0.420256706343,-0.106587002242,86376,daily_bucket,,,,,,,,
2025-12-01,ofi_5s,5s,2,-3.56411974218e-05,-0.356076394454,-0.00115781110022,86390,daily_bucket,,,,,,,,
2025-12-01,ofi_5s,5s,3,-2.7104631439e-05,-0.270704854575,0,86396,daily_bucket,,,,,,,,
2025-12-01,ofi_5s,5s,4,-1.74230719535e-05,-0.173957957049,0,86399,daily_bucket,,,,,,,,
2025-12-01,ofi_5s,5s,5,-1.33001918814e-05,-0.13280641102,0,86385,daily_bucket,,,,,,,,
2025-12-01,ofi_5s,5s,6,4.43993957138e-06,0.0445846943914,0,86399,daily_bucket,,,,,,,,
2025-12-01,ofi_5s,5s,7,1.72536944487e-05,0.172775736218,0,86399,daily_bucket,,,,,,,,
2025-12-01,ofi_5s,5s,8,2.329078761e-05,0.233189567646,0,86399,daily_bucket,,,,,,,,
2025-12-01,ofi_5s,5s,9,2.68796831831e-05,0.269115330676,0,86399,daily_bucket,,,,,,,,
2025-12-01,ofi_5s,5s,10,3.71991322038e-05,0.372410159175,0.049571320478,86399,daily_bucket,,,,,,,,
2025-12-01,ofi_5s,5s,,,,,863941,daily_monotonicity,,1,,,,,,
2025-12-01,ofi_5s,5s,,,,,863941,daily_top_bottom,0.792666865518,,,,,,,
2025-12-01,qi_1,5s,1,-0.000101988971004,-1.01948361468,-0.807205112837,86355,daily_bucket,,,,,,,,
2025-12-01,qi_1,5s,2,-6.26632336608e-05,-0.626343778109,-0.231181788007,86397,daily_bucket,,,,,,,,
2025-12-01,qi_1,5s,3,-4.23239690434e-05,-0.422959012204,0,86396,daily_bucket,,,,,,,,
2025-12-01,qi_1,5s,4,-2.52248235738e-05,-0.251953994916,0,86399,daily_bucket,,,,,,,,
2025-12-01,qi_1,5s,5,-5.94378936797e-06,-0.0591811467385,0,86399,daily_bucket,,,,,,,,
2025-12-01,qi_1,5s,6,4.13147232198e-06,0.0415846416162,0,86399,daily_bucket,,,,,,,,
2025-12-01,qi_1,5s,7,1.75161813854e-05,0.17543030871,0,86399,daily_bucket,,,,,,,,
2025-12-01,qi_1,5s,8,3.77763442835e-05,0.378038832331,0,86399,daily_bucket,,,,,,,,
2025-12-01,qi_1,5s,9,5.63756050358e-05,0.564028184482,0.277023293137,86399,daily_bucket,,,,,,,,
2025-12-01,qi_1,5s,10,9.58370281598e-05,0.958744257877,0.759782503296,86399,daily_bucket,,,,,,,,
2025-12-01,qi_1,5s,,,,,863941,daily_monotonicity,,1,,,,,,
2025-12-01,qi_1,5s,,,,,863941,daily_top_bottom,1.97822787256,,,,,,,
2025-12-01,trade_imbalance_5s,5s,1,-2.617768356e-05,-0.261568052533,0,86370,daily_bucket,,,,,,,,
2025-12-01,trade_imbalance_5s,5s,2,-2.31747183867e-05,-0.231501105213,0,86382,daily_bucket,,,,,,,,
2025-12-01,trade_imbalance_5s,5s,3,-1.57799688049e-05,-0.157496208405,0,86395,daily_bucket,,,,,,,,
2025-12-01,trade_imbalance_5s,5s,4,-8.6942795495e-06,-0.0865699338296,0,86399,daily_bucket,,,,,,,,
2025-12-01,trade_imbalance_5s,5s,5,-9.61619308891e-06,-0.0957888857217,0,86399,daily_bucket,,,,,,,,
2025-12-01,trade_imbalance_5s,5s,6,1.99994254887e-06,0.020351929708,0,86400,daily_bucket,,,,,,,,
2025-12-01,trade_imbalance_5s,5s,7,7.44910070172e-06,0.0748627973297,0,86399,daily_bucket,,,,,,,,
2025-12-01,trade_imbalance_5s,5s,8,1.0359375462e-05,0.103895766331,0,86399,daily_bucket,,,,,,,,
2025-12-01,trade_imbalance_5s,5s,9,1.22817464244e-05,0.123083193865,0,86399,daily_bucket,,,,,,,,
2025-12-01,trade_imbalance_5s,5s,10,2.48852821761e-05,0.249042675936,0,86399,daily_bucket,,,,,,,,
2025-12-01,trade_imbalance_5s,5s,,,,,863941,daily_monotonicity,,0.987878787879,,,,,,
2025-12-01,trade_imbalance_5s,5s,,,,,863941,daily_top_bottom,0.510610728469,,,,,,,
ALL_EQUAL_DAY,di_10,100ms,1,-6.13852791682e-06,-0.0613825180499,0,2073552,equal_day_bucket,,,,,,,,
ALL_EQUAL_DAY,di_10,100ms,2,-1.86963844995e-06,-0.0186952336432,0,2073539,equal_day_bucket,,,,,,,,
ALL_EQUAL_DAY,di_10,100ms,3,-9.32419657184e-07,-0.00932337365801,0,2073539,equal_day_bucket,,,,,,,,
ALL_EQUAL_DAY,di_10,100ms,4,-4.61694116167e-07,-0.00461623612043,0,2073538,equal_day_bucket,,,,,,,,
ALL_EQUAL_DAY,di_10,100ms,5,-1.38144945191e-07,-0.00138082715868,0,2073537,equal_day_bucket,,,,,,,,
ALL_EQUAL_DAY,di_10,100ms,6,1.10701563556e-07,0.00110762999016,0,2073544,equal_day_bucket,,,,,,,,
ALL_EQUAL_DAY,di_10,100ms,7,4.48259432076e-07,0.00448328669202,0,2073543,equal_day_bucket,,,,,,,,
ALL_EQUAL_DAY,di_10,100ms,8,9.17638048762e-07,0.00917718338744,0,2073535,equal_day_bucket,,,,,,,,
ALL_EQUAL_DAY,di_10,100ms,9,1.93603264052e-06,0.0193614621927,0,2073545,equal_day_bucket,,,,,,,,
ALL_EQUAL_DAY,di_10,100ms,10,6.13194878127e-06,0.0613221811317,0,2073532,equal_day_bucket,,,,,,,,
ALL_EQUAL_DAY,di_10,100ms,,,,,20735404,summary_monotonicity,,0.999494949495,1,0.00247423206342,1979,24,1,24
ALL_EQUAL_DAY,di_10,100ms,,,,,20735404,summary_top_bottom,0.122704699182,,0.112802145451,0.0699975118113,8.5878453179,24,1,24
ALL_EQUAL_DAY,di_5,100ms,1,-6.3605336125e-06,-0.0636024952543,0,2073551,equal_day_bucket,,,,,,,,
ALL_EQUAL_DAY,di_5,100ms,2,-1.79339296546e-06,-0.017932788467,0,2073541,equal_day_bucket,,,,,,,,
ALL_EQUAL_DAY,di_5,100ms,3,-8.74970322166e-07,-0.00874891247499,0,2073538,equal_day_bucket,,,,,,,,
ALL_EQUAL_DAY,di_5,100ms,4,-4.22633421802e-07,-0.00422564825386,0,2073538,equal_day_bucket,,,,,,,,
ALL_EQUAL_DAY,di_5,100ms,5,-1.22199929006e-07,-0.00122139869136,0,2073537,equal_day_bucket,,,,,,,,
ALL_EQUAL_DAY,di_5,100ms,6,1.03958399195e-07,0.00104019343762,0,2073546,equal_day_bucket,,,,,,,,
ALL_EQUAL_DAY,di_5,100ms,7,4.12034579094e-07,0.00412100528939,0,2073541,equal_day_bucket,,,,,,,,
ALL_EQUAL_DAY,di_5,100ms,8,8.50897281656e-07,0.00850975590785,0,2073536,equal_day_bucket,,,,,,,,
ALL_EQUAL_DAY,di_5,100ms,9,1.83337832213e-06,0.018334895118,0,2073544,equal_day_bucket,,,,,,,,
ALL_EQUAL_DAY,di_5,100ms,10,6.37761896873e-06,0.063778967343,0,2073532,equal_day_bucket,,,,,,,,
ALL_EQUAL_DAY,di_5,100ms,,,,,20735404,summary_monotonicity,,0.999494949495,1,0.00247423206342,1979,24,1,24
ALL_EQUAL_DAY,di_5,100ms,,,,,20735404,summary_top_bottom,0.127381462597,,0.117775144355,0.0740619313487,8.42591005584,24,1,24
ALL_EQUAL_DAY,microprice_deviation_bps,100ms,1,-6.5987133168e-06,-0.0659837951505,0,2073549,equal_day_bucket,,,,,,,,
ALL_EQUAL_DAY,microprice_deviation_bps,100ms,2,-1.60525026553e-06,-0.0160515179446,0,2073541,equal_day_bucket,,,,,,,,
ALL_EQUAL_DAY,microprice_deviation_bps,100ms,3,-7.88451488658e-07,-0.00788383222534,0,2073541,equal_day_bucket,,,,,,,,
ALL_EQUAL_DAY,microprice_deviation_bps,100ms,4,-3.7421055698e-07,-0.00374154006405,0,2073537,equal_day_bucket,,,,,,,,
ALL_EQUAL_DAY,microprice_deviation_bps,100ms,5,-1.16024512967e-07,-0.00115972197352,0,2073538,equal_day_bucket,,,,,,,,
ALL_EQUAL_DAY,microprice_deviation_bps,100ms,6,9.36472458727e-08,0.000936988589087,0,2073544,equal_day_bucket,,,,,,,,
ALL_EQUAL_DAY,microprice_deviation_bps,100ms,7,3.48625652588e-07,0.00348679304174,0,2073541,equal_day_bucket,,,,,,,,
ALL_EQUAL_DAY,microprice_deviation_bps,100ms,8,7.57998207805e-07,0.00758064526459,0,2073537,equal_day_bucket,,,,,,,,
ALL_EQUAL_DAY,microprice_deviation_bps,100ms,9,1.63623900868e-06,0.0163633334272,0,2073544,equal_day_bucket,,,,,,,,
ALL_EQUAL_DAY,microprice_deviation_bps,100ms,10,6.6502894813e-06,0.0665061425494,0,2073532,equal_day_bucket,,,,,,,,
ALL_EQUAL_DAY,microprice_deviation_bps,100ms,,,,,20735404,summary_monotonicity,,1,1,0,,24,1,24
ALL_EQUAL_DAY,microprice_deviation_bps,100ms,,,,,20735404,summary_top_bottom,0.1324899377,,0.122949189429,0.0797129593984,8.14253405888,24,1,24
ALL_EQUAL_DAY,ofi_100ms,100ms,1,-5.34445704828e-06,-0.0534416824754,0,2073576,equal_day_bucket,,,,,,,,
ALL_EQUAL_DAY,ofi_100ms,100ms,2,-1.2400687072e-06,-0.0123994937343,0,2073564,equal_day_bucket,,,,,,,,
ALL_EQUAL_DAY,ofi_100ms,100ms,3,-4.54502754666e-07,-0.00454426543217,0,2073560,equal_day_bucket,,,,,,,,
ALL_EQUAL_DAY,ofi_100ms,100ms,4,-9.42646143883e-08,-0.000942122351852,0,2073552,equal_day_bucket,,,,,,,,
ALL_EQUAL_DAY,ofi_100ms,100ms,5,-3.79531181502e-11,2.9471606556e-08,0,2073436,equal_day_bucket,,,,,,,,
ALL_EQUAL_DAY,ofi_100ms,100ms,6,1.68276402114e-08,0.000169276385777,0,2073480,equal_day_bucket,,,,,,,,
ALL_EQUAL_DAY,ofi_100ms,100ms,7,1.10664933142e-07,0.00110718461632,0,2073559,equal_day_bucket,,,,,,,,
ALL_EQUAL_DAY,ofi_100ms,100ms,8,4.72932277338e-07,0.00473004328622,0,2073560,equal_day_bucket,,,,,,,,
ALL_EQUAL_DAY,ofi_100ms,100ms,9,1.21002470009e-06,0.0121013991743,0,2073561,equal_day_bucket,,,,,,,,
ALL_EQUAL_DAY,ofi_100ms,100ms,10,5.32703459362e-06,0.0532731626504,0,2073556,equal_day_bucket,,,,,,,,
ALL_EQUAL_DAY,ofi_100ms,100ms,,,,,20735404,summary_monotonicity,,0.955050505051,0.987878787879,0.0549659292379,85.1213269164,24,1,24
ALL_EQUAL_DAY,ofi_100ms,100ms,,,,,20735404,summary_top_bottom,0.106714845126,,0.0945102317894,0.0712729327865,7.33509646141,24,1,24
ALL_EQUAL_DAY,qi_1,100ms,1,-6.50123570991e-06,-0.0650093618085,0,2073549,equal_day_bucket,,,,,,,,
ALL_EQUAL_DAY,qi_1,100ms,2,-1.65071761242e-06,-0.0165061054252,0,2073541,equal_day_bucket,,,,,,,,
ALL_EQUAL_DAY,qi_1,100ms,3,-8.21903171183e-07,-0.0082182657844,0,2073541,equal_day_bucket,,,,,,,,
ALL_EQUAL_DAY,qi_1,100ms,4,-3.87541775404e-07,-0.00387476149785,0,2073537,equal_day_bucket,,,,,,,,
ALL_EQUAL_DAY,qi_1,100ms,5,-1.20915687498e-07,-0.00120855074874,0,2073538,equal_day_bucket,,,,,,,,
ALL_EQUAL_DAY,qi_1,100ms,6,1.06712185459e-07,0.00106770926338,0,2073544,equal_day_bucket,,,,,,,,
ALL_EQUAL_DAY,qi_1,100ms,7,3.57642772109e-07,0.00357705079807,0,2073541,equal_day_bucket,,,,,,,,
ALL_EQUAL_DAY,qi_1,100ms,8,7.88364668036e-07,0.00788439528394,0,2073537,equal_day_bucket,,,,,,,,
ALL_EQUAL_DAY,qi_1,100ms,9,1.67998959277e-06,0.0168009195737,0,2073543,equal_day_bucket,,,,,,,,
ALL_EQUAL_DAY,qi_1,100ms,10,6.55375202492e-06,0.0655404441736,0,2073533,equal_day_bucket,,,,,,,,
ALL_EQUAL_DAY,qi_1,100ms,,,,,20735404,summary_monotonicity,,1,1,0,,24,1,24
ALL_EQUAL_DAY,qi_1,100ms,,,,,20735404,summary_top_bottom,0.130549805982,,0.121132668586,0.0779434782033,8.20544368938,24,1,24
ALL_EQUAL_DAY,trade_imbalance_100ms,100ms,1,-4.03786545955e-06,-0.0403766456497,0,691291,equal_day_bucket,,,,,,,,
ALL_EQUAL_DAY,trade_imbalance_100ms,100ms,2,-3.09226254321e-06,-0.0309210576673,0,691272,equal_day_bucket,,,,,,,,
ALL_EQUAL_DAY,trade_imbalance_100ms,100ms,3,-5.22678488672e-06,-0.0522647953034,0,691275,equal_day_bucket,,,,,,,,
ALL_EQUAL_DAY,trade_imbalance_100ms,100ms,4,-5.77651665072e-06,-0.0577612378746,0,691281,equal_day_bucket,,,,,,,,
ALL_EQUAL_DAY,trade_imbalance_100ms,100ms,5,-3.5815459465e-06,-0.0358098817795,0,691267,equal_day_bucket,,,,,,,,
ALL_EQUAL_DAY,trade_imbalance_100ms,100ms,6,6.67978216326e-06,0.0668027663929,0,691278,equal_day_bucket,,,,,,,,
ALL_EQUAL_DAY,trade_imbalance_100ms,100ms,7,3.00098780799e-06,0.0300113943248,0,691281,equal_day_bucket,,,,,,,,
ALL_EQUAL_DAY,trade_imbalance_100ms,100ms,8,2.75657005793e-06,0.027567092469,0,691265,equal_day_bucket,,,,,,,,
ALL_EQUAL_DAY,trade_imbalance_100ms,100ms,9,5.04708432657e-06,0.0504736686528,0,691284,equal_day_bucket,,,,,,,,
ALL_EQUAL_DAY,trade_imbalance_100ms,100ms,10,4.18697360519e-06,0.0418720933382,0,691269,equal_day_bucket,,,,,,,,
ALL_EQUAL_DAY,trade_imbalance_100ms,100ms,,,,,6912763,summary_monotonicity,,0.679292929293,0.672727272727,0.0571872801374,58.191998593,24,1,24
ALL_EQUAL_DAY,trade_imbalance_100ms,100ms,,,,,6912763,summary_top_bottom,0.0822487389879,,0.0713283432338,0.0482518601916,8.35066012824,24,1,24
ALL_EQUAL_DAY,di_10,1s,1,-3.18433499418e-05,-0.318403065969,-0.0263115016738,2073518,equal_day_bucket,,,,,,,,
ALL_EQUAL_DAY,di_10,1s,2,-1.57961034205e-05,-0.157941119089,0,2073518,equal_day_bucket,,,,,,,,
ALL_EQUAL_DAY,di_10,1s,3,-9.59679482874e-06,-0.0959503797372,0,2073507,equal_day_bucket,,,,,,,,
ALL_EQUAL_DAY,di_10,1s,4,-5.06909717189e-06,-0.0506747937886,0,2073485,equal_day_bucket,,,,,,,,
ALL_EQUAL_DAY,di_10,1s,5,-1.64535829865e-06,-0.0164385238123,0,2073512,equal_day_bucket,,,,,,,,
ALL_EQUAL_DAY,di_10,1s,6,1.22162078819e-06,0.0122311493473,0,2073496,equal_day_bucket,,,,,,,,
ALL_EQUAL_DAY,di_10,1s,7,5.06077943073e-06,0.0506231447053,0,2073520,equal_day_bucket,,,,,,,,
ALL_EQUAL_DAY,di_10,1s,8,9.53165932299e-06,0.0953337124702,0,2073496,equal_day_bucket,,,,,,,,
ALL_EQUAL_DAY,di_10,1s,9,1.61948487477e-05,0.161968978257,0,2073542,equal_day_bucket,,,,,,,,
ALL_EQUAL_DAY,di_10,1s,10,3.19828560579e-05,0.319858415877,0.0320404132162,2073511,equal_day_bucket,,,,,,,,
ALL_EQUAL_DAY,di_10,1s,,,,,20735105,summary_monotonicity,,1,1,0,,24,1,24
ALL_EQUAL_DAY,di_10,1s,,,,,20735105,summary_top_bottom,0.638261481846,,0.621349547827,0.27651053123,11.3081765533,24,1,24
ALL_EQUAL_DAY,di_5,1s,1,-3.2416508365e-05,-0.324134026528,-0.03513887741,2073518,equal_day_bucket,,,,,,,,
ALL_EQUAL_DAY,di_5,1s,2,-1.57865505873e-05,-0.157845639777,0,2073520,equal_day_bucket,,,,,,,,
ALL_EQUAL_DAY,di_5,1s,3,-9.45741208073e-06,-0.0945568768621,0,2073497,equal_day_bucket,,,,,,,,
ALL_EQUAL_DAY,di_5,1s,4,-5.00723171564e-06,-0.050056139702,0,2073496,equal_day_bucket,,,,,,,,
ALL_EQUAL_DAY,di_5,1s,5,-1.56749364258e-06,-0.0156602142485,0,2073511,equal_day_bucket,,,,,,,,
ALL_EQUAL_DAY,di_5,1s,6,1.20821351741e-06,0.0120969345109,0,2073502,equal_day_bucket,,,,,,,,
ALL_EQUAL_DAY,di_5,1s,7,4.92578139972e-06,0.0492731559753,0,2073513,equal_day_bucket,,,,,,,,
ALL_EQUAL_DAY,di_5,1s,8,9.37119959555e-06,0.0937289407173,0,2073499,equal_day_bucket,,,,,,,,
ALL_EQUAL_DAY,di_5,1s,9,1.60923462313e-05,0.160943622591,0,2073538,equal_day_bucket,,,,,,,,
ALL_EQUAL_DAY,di_5,1s,10,3.2678741586e-05,0.326818014109,0.0422034767877,2073511,equal_day_bucket,,,,,,,,
ALL_EQUAL_DAY,di_5,1s,,,,,20735105,summary_monotonicity,,1,1,0,,24,1,24
ALL_EQUAL_DAY,di_5,1s,,,,,20735105,summary_top_bottom,0.650952040637,,0.627145838258,0.285773428613,11.1591924716,24,1,24
ALL_EQUAL_DAY,microprice_deviation_bps,1s,1,-3.28149113861e-05,-0.328114466019,-0.0451175860585,2073515,equal_day_bucket,,,,,,,,
ALL_EQUAL_DAY,microprice_deviation_bps,1s,2,-1.54365669446e-05,-0.154346790356,0,2073515,equal_day_bucket,,,,,,,,
ALL_EQUAL_DAY,microprice_deviation_bps,1s,3,-9.41034764147e-06,-0.0940871581184,0,2073516,equal_day_bucket,,,,,,,,
ALL_EQUAL_DAY,microprice_deviation_bps,1s,4,-4.90224164763e-06,-0.0490072823588,0,2073485,equal_day_bucket,,,,,,,,
ALL_EQUAL_DAY,microprice_deviation_bps,1s,5,-1.5974256817e-06,-0.0159600631128,0,2073512,equal_day_bucket,,,,,,,,
ALL_EQUAL_DAY,microprice_deviation_bps,1s,6,1.19256906986e-06,0.0119394976802,0,2073494,equal_day_bucket,,,,,,,,
ALL_EQUAL_DAY,microprice_deviation_bps,1s,7,4.81748926458e-06,0.048189417402,0,2073510,equal_day_bucket,,,,,,,,
ALL_EQUAL_DAY,microprice_deviation_bps,1s,8,9.22962613472e-06,0.0923122100693,0,2073509,equal_day_bucket,,,,,,,,
ALL_EQUAL_DAY,microprice_deviation_bps,1s,9,1.57601124887e-05,0.157620112211,0,2073537,equal_day_bucket,,,,,,,,
ALL_EQUAL_DAY,microprice_deviation_bps,1s,10,3.32026506699e-05,0.332060977318,0.0550977111182,2073512,equal_day_bucket,,,,,,,,
ALL_EQUAL_DAY,microprice_deviation_bps,1s,,,,,20735105,summary_monotonicity,,1,1,0,,24,1,24
ALL_EQUAL_DAY,microprice_deviation_bps,1s,,,,,20735105,summary_top_bottom,0.660175443337,,0.643348225538,0.294868330875,10.9682377358,24,1,24
ALL_EQUAL_DAY,ofi_1s,1s,1,-2.5755337535e-05,-0.257518375654,-0.000138851471453,2073547,equal_day_bucket,,,,,,,,
ALL_EQUAL_DAY,ofi_1s,1s,2,-1.21393264711e-05,-0.121367070991,0,2073517,equal_day_bucket,,,,,,,,
ALL_EQUAL_DAY,ofi_1s,1s,3,-5.60488581742e-06,-0.0560313594261,0,2073520,equal_day_bucket,,,,,,,,
ALL_EQUAL_DAY,ofi_1s,1s,4,-2.86088965709e-06,-0.0285964492829,0,2073501,equal_day_bucket,,,,,,,,
ALL_EQUAL_DAY,ofi_1s,1s,5,-1.14301858608e-06,-0.0114215154289,0,2073419,equal_day_bucket,,,,,,,,
ALL_EQUAL_DAY,ofi_1s,1s,6,1.13972013864e-06,0.0114061313741,0,2073459,equal_day_bucket,,,,,,,,
ALL_EQUAL_DAY,ofi_1s,1s,7,3.07454241534e-06,0.0307577874694,0,2073520,equal_day_bucket,,,,,,,,
ALL_EQUAL_DAY,ofi_1s,1s,8,5.71746846813e-06,0.0571917910234,0,2073526,equal_day_bucket,,,,,,,,
ALL_EQUAL_DAY,ofi_1s,1s,9,1.20555159698e-05,0.120580034612,0,2073552,equal_day_bucket,,,,,,,,
ALL_EQUAL_DAY,ofi_1s,1s,10,2.55571209689e-05,0.255605035729,0,2073544,equal_day_bucket,,,,,,,,
ALL_EQUAL_DAY,ofi_1s,1s,,,,,20735105,summary_monotonicity,,0.997474747475,1,0.0100966174023,483.984698094,24,1,24
ALL_EQUAL_DAY,ofi_1s,1s,,,,,20735105,summary_top_bottom,0.513123411383,,0.541821993528,0.209525435032,11.9974983731,24,1,24
ALL_EQUAL_DAY,qi_1,1s,1,-3.26771473983e-05,-0.326739155022,-0.0397380021328,2073515,equal_day_bucket,,,,,,,,
ALL_EQUAL_DAY,qi_1,1s,2,-1.54863124392e-05,-0.154843711629,0,2073515,equal_day_bucket,,,,,,,,
ALL_EQUAL_DAY,qi_1,1s,3,-9.46568463404e-06,-0.0946398977425,0,2073516,equal_day_bucket,,,,,,,,
ALL_EQUAL_DAY,qi_1,1s,4,-4.92399811559e-06,-0.0492242634054,0,2073485,equal_day_bucket,,,,,,,,
ALL_EQUAL_DAY,qi_1,1s,5,-1.61027594887e-06,-0.0160879927526,0,2073512,equal_day_bucket,,,,,,,,
ALL_EQUAL_DAY,qi_1,1s,6,1.22102689671e-06,0.0122246087195,0,2073494,equal_day_bucket,,,,,,,,
ALL_EQUAL_DAY,qi_1,1s,7,4.86272600441e-06,0.0486424231293,0,2073515,equal_day_bucket,,,,,,,,
ALL_EQUAL_DAY,qi_1,1s,8,9.27712270783e-06,0.0927876879795,0,2073504,equal_day_bucket,,,,,,,,
ALL_EQUAL_DAY,qi_1,1s,9,1.58183716609e-05,0.158203466205,0,2073537,equal_day_bucket,,,,,,,,
ALL_EQUAL_DAY,qi_1,1s,10,3.30251429247e-05,0.330283462546,0.0499984075181,2073512,equal_day_bucket,,,,,,,,
ALL_EQUAL_DAY,qi_1,1s,,,,,20735105,summary_monotonicity,,1,1,0,,24,1,24
ALL_EQUAL_DAY,qi_1,1s,,,,,20735105,summary_top_bottom,0.657022617568,,0.636024397235,0.291621900949,11.0373751579,24,1,24
ALL_EQUAL_DAY,trade_imbalance_1s,1s,1,-5.38032397274e-06,-0.0537919016988,0,1959978,equal_day_bucket,,,,,,,,
ALL_EQUAL_DAY,trade_imbalance_1s,1s,2,-1.17910289236e-05,-0.117888920291,0,1959927,equal_day_bucket,,,,,,,,
ALL_EQUAL_DAY,trade_imbalance_1s,1s,3,-1.14651572001e-05,-0.114626657591,0,1959944,equal_day_bucket,,,,,,,,
ALL_EQUAL_DAY,trade_imbalance_1s,1s,4,-5.74650754361e-06,-0.0574413313415,0,1959941,equal_day_bucket,,,,,,,,
ALL_EQUAL_DAY,trade_imbalance_1s,1s,5,-1.20702167113e-06,-0.0120454817203,0,1959918,equal_day_bucket,,,,,,,,
ALL_EQUAL_DAY,trade_imbalance_1s,1s,6,2.67402875886e-06,0.026763678322,0,1959914,equal_day_bucket,,,,,,,,
ALL_EQUAL_DAY,trade_imbalance_1s,1s,7,6.97864921612e-06,0.0698089977608,0,1959963,equal_day_bucket,,,,,,,,
ALL_EQUAL_DAY,trade_imbalance_1s,1s,8,1.25057271324e-05,0.125080533917,0,1959950,equal_day_bucket,,,,,,,,
ALL_EQUAL_DAY,trade_imbalance_1s,1s,9,8.42202345258e-06,0.0842355191497,0,1959963,equal_day_bucket,,,,,,,,
ALL_EQUAL_DAY,trade_imbalance_1s,1s,10,4.98775472612e-06,0.0498893265467,0,1959927,equal_day_bucket,,,,,,,,
ALL_EQUAL_DAY,trade_imbalance_1s,1s,,,,,19599425,summary_monotonicity,,0.836363636364,0.842424242424,0.0381636194787,107.36215152,24,1,24
ALL_EQUAL_DAY,trade_imbalance_1s,1s,,,,,19599425,summary_top_bottom,0.103681228246,,0.100141709325,0.0648239672723,7.83556193158,24,1,24
ALL_EQUAL_DAY,di_10,30s,1,-0.000103714723538,-1.03619709127,-0.877022204448,2072954,equal_day_bucket,,,,,,,,
ALL_EQUAL_DAY,di_10,30s,2,-7.18044055505e-05,-0.717165156204,-0.503069169441,2072574,equal_day_bucket,,,,,,,,
ALL_EQUAL_DAY,di_10,30s,3,-5.03707809533e-05,-0.502814154355,-0.236532923004,2072537,equal_day_bucket,,,,,,,,
ALL_EQUAL_DAY,di_10,30s,4,-3.00336796433e-05,-0.299429607813,-0.070958623432,2072445,equal_day_bucket,,,,,,,,
ALL_EQUAL_DAY,di_10,30s,5,-8.27614376066e-06,-0.0818740240704,-0.0127093458535,2072629,equal_day_bucket,,,,,,,,
ALL_EQUAL_DAY,di_10,30s,6,8.84940488271e-06,0.0893769456812,0.00011610865326,2072946,equal_day_bucket,,,,,,,,
ALL_EQUAL_DAY,di_10,30s,7,2.52942117605e-05,0.253824145972,0.0293971018703,2072824,equal_day_bucket,,,,,,,,
ALL_EQUAL_DAY,di_10,30s,8,4.99983839088e-05,0.500891868024,0.232469419251,2072787,equal_day_bucket,,,,,,,,
ALL_EQUAL_DAY,di_10,30s,9,7.5211477026e-05,0.75304103978,0.518822442216,2073076,equal_day_bucket,,,,,,,,
ALL_EQUAL_DAY,di_10,30s,10,0.000106272169717,1.06369666955,0.884241879871,2073277,equal_day_bucket,,,,,,,,
ALL_EQUAL_DAY,di_10,30s,,,,,20728049,summary_monotonicity,,0.99696969697,1,0.00818986575384,596.363144401,24,1,24
ALL_EQUAL_DAY,di_10,30s,,,,,20728049,summary_top_bottom,2.09989376083,,2.04815006122,0.319570013561,32.1911819621,24,1,24
ALL_EQUAL_DAY,di_5,30s,1,-0.000104573580079,-1.04477028464,-0.885549168766,2072972,equal_day_bucket,,,,,,,,
ALL_EQUAL_DAY,di_5,30s,2,-7.19538346101e-05,-0.718661302715,-0.509408605174,2072441,equal_day_bucket,,,,,,,,
ALL_EQUAL_DAY,di_5,30s,3,-5.01764823433e-05,-0.50087026338,-0.235763805313,2072651,equal_day_bucket,,,,,,,,
ALL_EQUAL_DAY,di_5,30s,4,-2.92909224642e-05,-0.292012336522,-0.0560876695601,2072479,equal_day_bucket,,,,,,,,
ALL_EQUAL_DAY,di_5,30s,5,-9.28088152577e-06,-0.0919291530447,-0.016551312758,2072636,equal_day_bucket,,,,,,,,
ALL_EQUAL_DAY,di_5,30s,6,8.97591425807e-06,0.0906387499446,0.000116036374134,2072932,equal_day_bucket,,,,,,,,
ALL_EQUAL_DAY,di_5,30s,7,2.55003422354e-05,0.255886102739,0.0330549215243,2072755,equal_day_bucket,,,,,,,,
ALL_EQUAL_DAY,di_5,30s,8,5.022674569e-05,0.503165429631,0.236200495066,2072868,equal_day_bucket,,,,,,,,
ALL_EQUAL_DAY,di_5,30s,9,7.544478029e-05,0.755373459757,0.520173421583,2073052,equal_day_bucket,,,,,,,,
ALL_EQUAL_DAY,di_5,30s,10,0.000106553592002,1.06652785162,0.889463412028,2073263,equal_day_bucket,,,,,,,,
ALL_EQUAL_DAY,di_5,30s,,,,,20728049,summary_monotonicity,,0.999494949495,1,0.00247423206342,1979,24,1,24
ALL_EQUAL_DAY,di_5,30s,,,,,20728049,summary_top_bottom,2.11129813626,,2.08711447116,0.326180893642,31.7100310258,24,1,24
ALL_EQUAL_DAY,microprice_deviation_bps,30s,1,-0.000103063288112,-1.02960730408,-0.884865998084,2072882,equal_day_bucket,,,,,,,,
ALL_EQUAL_DAY,microprice_deviation_bps,30s,2,-7.26111435192e-05,-0.725247110443,-0.518272625965,2072534,equal_day_bucket,,,,,,,,
ALL_EQUAL_DAY,microprice_deviation_bps,30s,3,-5.15894605861e-05,-0.515020484166,-0.246348245516,2072616,equal_day_bucket,,,,,,,,
ALL_EQUAL_DAY,microprice_deviation_bps,30s,4,-2.96500340432e-05,-0.295616537285,-0.0631236451195,2072480,equal_day_bucket,,,,,,,,
ALL_EQUAL_DAY,microprice_deviation_bps,30s,5,-9.35739987359e-06,-0.0927039631397,-0.0180706197545,2072620,equal_day_bucket,,,,,,,,
ALL_EQUAL_DAY,microprice_deviation_bps,30s,6,8.67856615751e-06,0.0876551500202,0.00011586808447,2072903,equal_day_bucket,,,,,,,,
ALL_EQUAL_DAY,microprice_deviation_bps,30s,7,2.6374384755e-05,0.264610919935,0.0406743348294,2072674,equal_day_bucket,,,,,,,,
ALL_EQUAL_DAY,microprice_deviation_bps,30s,8,5.00859897039e-05,0.501731349084,0.234177592279,2073067,equal_day_bucket,,,,,,,,
ALL_EQUAL_DAY,microprice_deviation_bps,30s,9,7.47329363261e-05,0.748229114647,0.519429582659,2072953,equal_day_bucket,,,,,,,,
ALL_EQUAL_DAY,microprice_deviation_bps,30s,10,0.000107819167922,1.07925756416,0.894530050537,2073320,equal_day_bucket,,,,,,,,
ALL_EQUAL_DAY,microprice_deviation_bps,30s,,,,,20728049,summary_monotonicity,,0.999494949495,1,0.00247423206342,1979,24,1,24
ALL_EQUAL_DAY,microprice_deviation_bps,30s,,,,,20728049,summary_top_bottom,2.10886486824,,2.09543230594,0.328633828399,31.4370732243,24,1,24
ALL_EQUAL_DAY,ofi_30s,30s,1,-3.76180631667e-05,-0.374972823997,-0.276817548181,2072983,equal_day_bucket,,,,,,,,
ALL_EQUAL_DAY,ofi_30s,30s,2,-2.88891393692e-05,-0.287913248588,-0.121704284081,2072516,equal_day_bucket,,,,,,,,
ALL_EQUAL_DAY,ofi_30s,30s,3,-2.56590342122e-05,-0.255724379697,-0.0770496875535,2072453,equal_day_bucket,,,,,,,,
ALL_EQUAL_DAY,ofi_30s,30s,4,-1.94481777094e-05,-0.19368649343,-0.0303149177467,2072545,equal_day_bucket,,,,,,,,
ALL_EQUAL_DAY,ofi_30s,30s,5,-5.81498992505e-06,-0.0574435259822,-0.0055869035429,2072435,equal_day_bucket,,,,,,,,
ALL_EQUAL_DAY,ofi_30s,30s,6,9.11186462795e-06,0.0918074692953,0.00930431506464,2072502,equal_day_bucket,,,,,,,,
ALL_EQUAL_DAY,ofi_30s,30s,7,1.81463991004e-05,0.18224018685,0.0179713441208,2073118,equal_day_bucket,,,,,,,,
ALL_EQUAL_DAY,ofi_30s,30s,8,2.76808866553e-05,0.27767030032,0.0559017626571,2072925,equal_day_bucket,,,,,,,,
ALL_EQUAL_DAY,ofi_30s,30s,9,2.71214104546e-05,0.272192061555,0.104551872926,2073184,equal_day_bucket,,,,,,,,
ALL_EQUAL_DAY,ofi_30s,30s,10,3.68211600019e-05,0.369445016774,0.242527706163,2073388,equal_day_bucket,,,,,,,,
ALL_EQUAL_DAY,ofi_30s,30s,,,,,20728049,summary_monotonicity,,0.878282828283,0.90303030303,0.126143641785,34.1094445776,24,1,24
ALL_EQUAL_DAY,ofi_30s,30s,,,,,20728049,summary_top_bottom,0.74441784077,,0.714738688723,0.385982126648,9.448333171,24,1,24
ALL_EQUAL_DAY,qi_1,30s,1,-0.000104270893835,-1.04171401751,-0.88835067875,2072901,equal_day_bucket,,,,,,,,
ALL_EQUAL_DAY,qi_1,30s,2,-7.23122283353e-05,-0.722250965897,-0.515535564024,2072484,equal_day_bucket,,,,,,,,
ALL_EQUAL_DAY,qi_1,30s,3,-5.12047471851e-05,-0.511165176873,-0.244807085636,2072656,equal_day_bucket,,,,,,,,
ALL_EQUAL_DAY,qi_1,30s,4,-2.93691520419e-05,-0.292799962154,-0.0610111771659,2072452,equal_day_bucket,,,,,,,,
ALL_EQUAL_DAY,qi_1,30s,5,-9.1257053559e-06,-0.0903794448184,-0.017957430332,2072639,equal_day_bucket,,,,,,,,
ALL_EQUAL_DAY,qi_1,30s,6,8.86656490135e-06,0.0895426466777,0.000115813399535,2072908,equal_day_bucket,,,,,,,,
ALL_EQUAL_DAY,qi_1,30s,7,2.66941137043e-05,0.267817648292,0.0415819844925,2072708,equal_day_bucket,,,,,,,,
ALL_EQUAL_DAY,qi_1,30s,8,5.01788886122e-05,0.502668467535,0.236479295815,2073040,equal_day_bucket,,,,,,,,
ALL_EQUAL_DAY,qi_1,30s,9,7.48413190542e-05,0.74932665403,0.518968541055,2072996,equal_day_bucket,,,,,,,,
ALL_EQUAL_DAY,qi_1,30s,10,0.000107123036032,1.0722576293,0.891709274562,2073265,equal_day_bucket,,,,,,,,
ALL_EQUAL_DAY,qi_1,30s,,,,,20728049,summary_monotonicity,,0.999494949495,1,0.00247423206342,1979,24,1,24
ALL_EQUAL_DAY,qi_1,30s,,,,,20728049,summary_top_bottom,2.11397164681,,2.09845017433,0.330517123502,31.3336374862,24,1,24
ALL_EQUAL_DAY,trade_imbalance_30s,30s,1,-2.80723217489e-05,-0.280121402637,-0.0609568261271,2072141,equal_day_bucket,,,,,,,,
ALL_EQUAL_DAY,trade_imbalance_30s,30s,2,-1.9200885995e-05,-0.191153880581,-0.0465422014549,2072564,equal_day_bucket,,,,,,,,
ALL_EQUAL_DAY,trade_imbalance_30s,30s,3,-1.14972325933e-05,-0.113966947891,-0.0188402469577,2072415,equal_day_bucket,,,,,,,,
ALL_EQUAL_DAY,trade_imbalance_30s,30s,4,-1.06960791957e-05,-0.105831036737,-0.0302264142583,2073153,equal_day_bucket,,,,,,,,
ALL_EQUAL_DAY,trade_imbalance_30s,30s,5,-3.64994829313e-06,-0.0353725865789,-0.0108210119886,2072744,equal_day_bucket,,,,,,,,
ALL_EQUAL_DAY,trade_imbalance_30s,30s,6,1.88397037303e-06,0.0198939853276,0.00226417241711,2072542,equal_day_bucket,,,,,,,,
ALL_EQUAL_DAY,trade_imbalance_30s,30s,7,2.75310386843e-06,0.0285460137297,0.000920711898659,2072932,equal_day_bucket,,,,,,,,
ALL_EQUAL_DAY,trade_imbalance_30s,30s,8,1.54762409141e-05,0.155669502749,0.0209619512356,2073146,equal_day_bucket,,,,,,,,
ALL_EQUAL_DAY,trade_imbalance_30s,30s,9,1.98400851645e-05,0.199183231484,0.0232780883038,2073183,equal_day_bucket,,,,,,,,
ALL_EQUAL_DAY,trade_imbalance_30s,30s,10,3.45989705372e-05,0.346603619315,0.0523319342161,2073229,equal_day_bucket,,,,,,,,
ALL_EQUAL_DAY,trade_imbalance_30s,30s,,,,,20728049,summary_monotonicity,,0.778787878788,0.884848484848,0.258597523891,14.7536828055,24,1,24
ALL_EQUAL_DAY,trade_imbalance_30s,30s,,,,,20728049,summary_top_bottom,0.626725021952,,0.681078201635,0.273978517507,11.2064006097,24,1,24
ALL_EQUAL_DAY,di_10,500ms,1,-2.03557026269e-05,-0.203542089522,-4.80499624278e-05,2073531,equal_day_bucket,,,,,,,,
ALL_EQUAL_DAY,di_10,500ms,2,-8.93473521981e-06,-0.0893386793305,0,2073529,equal_day_bucket,,,,,,,,
ALL_EQUAL_DAY,di_10,500ms,3,-5.17589429647e-06,-0.0517517655042,0,2073528,equal_day_bucket,,,,,,,,
ALL_EQUAL_DAY,di_10,500ms,4,-2.65721843943e-06,-0.0265657598454,0,2073516,equal_day_bucket,,,,,,,,
ALL_EQUAL_DAY,di_10,500ms,5,-8.46461644469e-07,-0.00845873961075,0,2073522,equal_day_bucket,,,,,,,,
ALL_EQUAL_DAY,di_10,500ms,6,6.5116524998e-07,0.00651762316263,0,2073518,equal_day_bucket,,,,,,,,
ALL_EQUAL_DAY,di_10,500ms,7,2.65174789127e-06,0.0265236529362,0,2073536,equal_day_bucket,,,,,,,,
ALL_EQUAL_DAY,di_10,500ms,8,5.11501399037e-06,0.0511571923367,0,2073517,equal_day_bucket,,,,,,,,
ALL_EQUAL_DAY,di_10,500ms,9,9.17069654207e-06,0.0917158238807,0,2073542,equal_day_bucket,,,,,,,,
ALL_EQUAL_DAY,di_10,500ms,10,2.04017987598e-05,0.204032658628,0,2073521,equal_day_bucket,,,,,,,,
ALL_EQUAL_DAY,di_10,500ms,,,,,20735260,summary_monotonicity,,1,1,0,,24,1,24
ALL_EQUAL_DAY,di_10,500ms,,,,,20735260,summary_top_bottom,0.40757474815,,0.385790323672,0.198039356815,10.0823410161,24,1,24
ALL_EQUAL_DAY,di_5,500ms,1,-2.08159043596e-05,-0.208143765849,-4.81762318937e-05,2073529,equal_day_bucket,,,,,,,,
ALL_EQUAL_DAY,di_5,500ms,2,-8.8843847617e-06,-0.0888351902063,0,2073532,equal_day_bucket,,,,,,,,
ALL_EQUAL_DAY,di_5,500ms,3,-5.04840639997e-06,-0.0504771162717,0,2073523,equal_day_bucket,,,,,,,,
ALL_EQUAL_DAY,di_5,500ms,4,-2.59910757337e-06,-0.0259846039734,0,2073520,equal_day_bucket,,,,,,,,
ALL_EQUAL_DAY,di_5,500ms,5,-7.89052455068e-07,-0.00788478604202,0,2073522,equal_day_bucket,,,,,,,,
ALL_EQUAL_DAY,di_5,500ms,6,6.35934180808e-07,0.0063652330652,0,2073524,equal_day_bucket,,,,,,,,
ALL_EQUAL_DAY,di_5,500ms,7,2.5626519821e-06,0.0256326905518,0,2073531,equal_day_bucket,,,,,,,,
ALL_EQUAL_DAY,di_5,500ms,8,4.96758128112e-06,0.0496827268748,0,2073520,equal_day_bucket,,,,,,,,
ALL_EQUAL_DAY,di_5,500ms,9,9.03140254473e-06,0.0903226859694,0,2073538,equal_day_bucket,,,,,,,,
ALL_EQUAL_DAY,di_5,500ms,10,2.09596980335e-05,0.209612065679,0,2073521,equal_day_bucket,,,,,,,,
ALL_EQUAL_DAY,di_5,500ms,,,,,20735260,summary_monotonicity,,1,1,0,,24,1,24
ALL_EQUAL_DAY,di_5,500ms,,,,,20735260,summary_top_bottom,0.417755831527,,0.391815832146,0.206018715219,9.93393850872,24,1,24
ALL_EQUAL_DAY,microprice_deviation_bps,500ms,1,-2.12123507012e-05,-0.212106327994,-0.000117807328444,2073528,equal_day_bucket,,,,,,,,
ALL_EQUAL_DAY,microprice_deviation_bps,500ms,2,-8.55738516053e-06,-0.0855657182671,0,2073527,equal_day_bucket,,,,,,,,
ALL_EQUAL_DAY,microprice_deviation_bps,500ms,3,-4.95645626768e-06,-0.0495580620192,0,2073534,equal_day_bucket,,,,,,,,
ALL_EQUAL_DAY,microprice_deviation_bps,500ms,4,-2.51865475836e-06,-0.025180597784,0,2073515,equal_day_bucket,,,,,,,,
ALL_EQUAL_DAY,microprice_deviation_bps,500ms,5,-7.78537545465e-07,-0.0077799044431,0,2073523,equal_day_bucket,,,,,,,,
ALL_EQUAL_DAY,microprice_deviation_bps,500ms,6,6.22931137139e-07,0.00623470726001,0,2073518,equal_day_bucket,,,,,,,,
ALL_EQUAL_DAY,microprice_deviation_bps,500ms,7,2.44064981942e-06,0.0244121315551,0,2073531,equal_day_bucket,,,,,,,,
ALL_EQUAL_DAY,microprice_deviation_bps,500ms,8,4.81490925917e-06,0.048155499904,0,2073525,equal_day_bucket,,,,,,,,
ALL_EQUAL_DAY,microprice_deviation_bps,500ms,9,8.72512176932e-06,0.0872592165481,0,2073538,equal_day_bucket,,,,,,,,
ALL_EQUAL_DAY,microprice_deviation_bps,500ms,10,2.14401335226e-05,0.214418481088,4.77893826329e-05,2073521,equal_day_bucket,,,,,,,,
ALL_EQUAL_DAY,microprice_deviation_bps,500ms,,,,,20735260,summary_monotonicity,,1,1,0,,24,1,24
ALL_EQUAL_DAY,microprice_deviation_bps,500ms,,,,,20735260,summary_top_bottom,0.426524809083,,0.405089423776,0.214777553634,9.72883923122,24,1,24
ALL_EQUAL_DAY,ofi_500ms,500ms,1,-1.7099630603e-05,-0.170979313109,0,2073561,equal_day_bucket,,,,,,,,
ALL_EQUAL_DAY,ofi_500ms,500ms,2,-6.26732544773e-06,-0.0626621796854,0,2073549,equal_day_bucket,,,,,,,,
ALL_EQUAL_DAY,ofi_500ms,500ms,3,-2.92942608162e-06,-0.0292873242486,0,2073548,equal_day_bucket,,,,,,,,
ALL_EQUAL_DAY,ofi_500ms,500ms,4,-1.42281511513e-06,-0.0142228900523,0,2073556,equal_day_bucket,,,,,,,,
ALL_EQUAL_DAY,ofi_500ms,500ms,5,-4.01273350612e-07,-0.00400929928957,0,2073399,equal_day_bucket,,,,,,,,
ALL_EQUAL_DAY,ofi_500ms,500ms,6,5.06809503262e-07,0.00507150385705,0,2073436,equal_day_bucket,,,,,,,,
ALL_EQUAL_DAY,ofi_500ms,500ms,7,1.57493097984e-06,0.0157544237837,0,2073553,equal_day_bucket,,,,,,,,
ALL_EQUAL_DAY,ofi_500ms,500ms,8,2.95348957932e-06,0.0295416607427,0,2073547,equal_day_bucket,,,,,,,,
ALL_EQUAL_DAY,ofi_500ms,500ms,9,6.08422339105e-06,0.0608529311647,0,2073553,equal_day_bucket,,,,,,,,
ALL_EQUAL_DAY,ofi_500ms,500ms,10,1.70213711643e-05,0.170229841491,0,2073558,equal_day_bucket,,,,,,,,
ALL_EQUAL_DAY,ofi_500ms,500ms,,,,,20735260,summary_monotonicity,,0.99696969697,1,0.0125102265828,390.411321557,24,1,24
ALL_EQUAL_DAY,ofi_500ms,500ms,,,,,20735260,summary_top_bottom,0.3412091546,,0.337302961456,0.17686283877,9.45125985932,24,1,24
ALL_EQUAL_DAY,qi_1,500ms,1,-2.10811714228e-05,-0.210795815932,-4.82178276237e-05,2073528,equal_day_bucket,,,,,,,,
ALL_EQUAL_DAY,qi_1,500ms,2,-8.61913257317e-06,-0.0861828565699,0,2073527,equal_day_bucket,,,,,,,,
ALL_EQUAL_DAY,qi_1,500ms,3,-5.00960911924e-06,-0.0500893007568,0,2073534,equal_day_bucket,,,,,,,,
ALL_EQUAL_DAY,qi_1,500ms,4,-2.53244497366e-06,-0.0253181810732,0,2073515,equal_day_bucket,,,,,,,,
ALL_EQUAL_DAY,qi_1,500ms,5,-7.80984472188e-07,-0.00780403740123,0,2073523,equal_day_bucket,,,,,,,,
ALL_EQUAL_DAY,qi_1,500ms,6,6.50057953283e-07,0.00650627246418,0,2073518,equal_day_bucket,,,,,,,,
ALL_EQUAL_DAY,qi_1,500ms,7,2.47197529413e-06,0.0247257362733,0,2073531,equal_day_bucket,,,,,,,,
ALL_EQUAL_DAY,qi_1,500ms,8,4.87104019416e-06,0.0487170800834,0,2073525,equal_day_bucket,,,,,,,,
ALL_EQUAL_DAY,qi_1,500ms,9,8.78553324068e-06,0.08786373839,0,2073537,equal_day_bucket,,,,,,,,
ALL_EQUAL_DAY,qi_1,500ms,10,2.12650972911e-05,0.212666793736,4.76132170405e-05,2073522,equal_day_bucket,,,,,,,,
ALL_EQUAL_DAY,qi_1,500ms,,,,,20735260,summary_monotonicity,,1,1,0,,24,1,24
ALL_EQUAL_DAY,qi_1,500ms,,,,,20735260,summary_top_bottom,0.423462609668,,0.399311795957,0.212155259136,9.77837950431,24,1,24
ALL_EQUAL_DAY,trade_imbalance_500ms,500ms,1,-3.30930169574e-06,-0.0330884526936,0,1668235,equal_day_bucket,,,,,,,,
ALL_EQUAL_DAY,trade_imbalance_500ms,500ms,2,-5.16739349711e-06,-0.0516654478542,0,1668210,equal_day_bucket,,,,,,,,
ALL_EQUAL_DAY,trade_imbalance_500ms,500ms,3,-8.76126364717e-06,-0.0876002242915,0,1668201,equal_day_bucket,,,,,,,,
ALL_EQUAL_DAY,trade_imbalance_500ms,500ms,4,-7.58117090425e-06,-0.0757982325352,0,1668180,equal_day_bucket,,,,,,,,
ALL_EQUAL_DAY,trade_imbalance_500ms,500ms,5,-1.29096079138e-06,-0.0128976254703,0,1668187,equal_day_bucket,,,,,,,,
ALL_EQUAL_DAY,trade_imbalance_500ms,500ms,6,3.45386274319e-06,0.0345504741149,0,1668206,equal_day_bucket,,,,,,,,
ALL_EQUAL_DAY,trade_imbalance_500ms,500ms,7,9.50503667092e-06,0.0950638507134,0,1668206,equal_day_bucket,,,,,,,,
ALL_EQUAL_DAY,trade_imbalance_500ms,500ms,8,5.64131734108e-06,0.0564208313097,0,1668216,equal_day_bucket,,,,,,,,
ALL_EQUAL_DAY,trade_imbalance_500ms,500ms,9,3.26095487335e-06,0.0326145826376,0,1668222,equal_day_bucket,,,,,,,,
ALL_EQUAL_DAY,trade_imbalance_500ms,500ms,10,4.17595472413e-06,0.0417668657272,0,1668193,equal_day_bucket,,,,,,,,
ALL_EQUAL_DAY,trade_imbalance_500ms,500ms,,,,,16682056,summary_monotonicity,,0.759090909091,0.769696969697,0.0444015043895,83.7532611215,24,1,24
ALL_EQUAL_DAY,trade_imbalance_500ms,500ms,,,,,16682056,summary_top_bottom,0.0748553184209,,0.0762322663863,0.0430167381456,8.52492971662,24,1,24
ALL_EQUAL_DAY,di_10,5s,1,-6.98292614395e-05,-0.698135042654,-0.395191321867,2073357,equal_day_bucket,,,,,,,,
ALL_EQUAL_DAY,di_10,5s,2,-4.28054435867e-05,-0.42792560025,-0.0444538791738,2073410,equal_day_bucket,,,,,,,,
ALL_EQUAL_DAY,di_10,5s,3,-2.86463555986e-05,-0.286339466079,0,2073443,equal_day_bucket,,,,,,,,
ALL_EQUAL_DAY,di_10,5s,4,-1.62677589565e-05,-0.162557376665,0,2073372,equal_day_bucket,,,,,,,,
ALL_EQUAL_DAY,di_10,5s,5,-4.84001291567e-06,-0.0482841783334,0,2073400,equal_day_bucket,,,,,,,,
ALL_EQUAL_DAY,di_10,5s,6,4.37033347729e-06,0.043819742984,0,2073395,equal_day_bucket,,,,,,,,
ALL_EQUAL_DAY,di_10,5s,7,1.55107946086e-05,0.155225407768,0,2073443,equal_day_bucket,,,,,,,,
ALL_EQUAL_DAY,di_10,5s,8,2.83761671306e-05,0.283883815228,0,2073370,equal_day_bucket,,,,,,,,
ALL_EQUAL_DAY,di_10,5s,9,4.39459998448e-05,0.439591818451,0.0652858290286,2073407,equal_day_bucket,,,,,,,,
ALL_EQUAL_DAY,di_10,5s,10,7.03989937523e-05,0.704148236174,0.389502573082,2073452,equal_day_bucket,,,,,,,,
ALL_EQUAL_DAY,di_10,5s,,,,,20734049,summary_monotonicity,,1,1,0,,24,1,24
ALL_EQUAL_DAY,di_10,5s,,,,,20734049,summary_top_bottom,1.40228327883,,1.47159343454,0.382005501792,17.9833981021,24,1,24
ALL_EQUAL_DAY,di_5,5s,1,-7.05661542063e-05,-0.705501207059,-0.407105814916,2073374,equal_day_bucket,,,,,,,,
ALL_EQUAL_DAY,di_5,5s,2,-4.30106292566e-05,-0.429977606578,-0.0434372626847,2073387,equal_day_bucket,,,,,,,,
ALL_EQUAL_DAY,di_5,5s,3,-2.84631046956e-05,-0.284509087318,0,2073454,equal_day_bucket,,,,,,,,
ALL_EQUAL_DAY,di_5,5s,4,-1.60222950016e-05,-0.160102378027,0,2073378,equal_day_bucket,,,,,,,,
ALL_EQUAL_DAY,di_5,5s,5,-4.81546752658e-06,-0.0480408556433,0,2073400,equal_day_bucket,,,,,,,,
ALL_EQUAL_DAY,di_5,5s,6,4.19965202509e-06,0.0421126367586,0,2073384,equal_day_bucket,,,,,,,,
ALL_EQUAL_DAY,di_5,5s,7,1.5435364463e-05,0.15447082607,0,2073442,equal_day_bucket,,,,,,,,
ALL_EQUAL_DAY,di_5,5s,8,2.81841202643e-05,0.281962134742,0,2073376,equal_day_bucket,,,,,,,,
ALL_EQUAL_DAY,di_5,5s,9,4.4078011782e-05,0.440911573123,0.0693158631656,2073429,equal_day_bucket,,,,,,,,
ALL_EQUAL_DAY,di_5,5s,10,7.11946991556e-05,0.712108728577,0.404649875276,2073425,equal_day_bucket,,,,,,,,
ALL_EQUAL_DAY,di_5,5s,,,,,20734049,summary_monotonicity,,1,1,0,,24,1,24
ALL_EQUAL_DAY,di_5,5s,,,,,20734049,summary_top_bottom,1.41760993564,,1.50367384521,0.39178809956,17.7260156728,24,1,24
ALL_EQUAL_DAY,microprice_deviation_bps,5s,1,-7.05336611908e-05,-0.705162481606,-0.412923981568,2073334,equal_day_bucket,,,,,,,,
ALL_EQUAL_DAY,microprice_deviation_bps,5s,2,-4.29181548266e-05,-0.429056990652,-0.042212193489,2073415,equal_day_bucket,,,,,,,,
ALL_EQUAL_DAY,microprice_deviation_bps,5s,3,-2.85166473644e-05,-0.285048551724,0,2073473,equal_day_bucket,,,,,,,,
ALL_EQUAL_DAY,microprice_deviation_bps,5s,4,-1.62007095542e-05,-0.161891172648,0,2073372,equal_day_bucket,,,,,,,,
ALL_EQUAL_DAY,microprice_deviation_bps,5s,5,-5.08400573899e-06,-0.0507281827194,0,2073385,equal_day_bucket,,,,,,,,
ALL_EQUAL_DAY,microprice_deviation_bps,5s,6,4.40077680222e-06,0.0441205679586,0,2073407,equal_day_bucket,,,,,,,,
ALL_EQUAL_DAY,microprice_deviation_bps,5s,7,1.53307839335e-05,0.15342112871,0,2073398,equal_day_bucket,,,,,,,,
ALL_EQUAL_DAY,microprice_deviation_bps,5s,8,2.82849844329e-05,0.282966584769,0,2073413,equal_day_bucket,,,,,,,,
ALL_EQUAL_DAY,microprice_deviation_bps,5s,9,4.37396799997e-05,0.437522735756,0.0684884430001,2073396,equal_day_bucket,,,,,,,,
ALL_EQUAL_DAY,microprice_deviation_bps,5s,10,7.17096818841e-05,0.717276442269,0.413566635901,2073456,equal_day_bucket,,,,,,,,
ALL_EQUAL_DAY,microprice_deviation_bps,5s,,,,,20734049,summary_monotonicity,,1,1,0,,24,1,24
ALL_EQUAL_DAY,microprice_deviation_bps,5s,,,,,20734049,summary_top_bottom,1.42243892388,,1.51850231317,0.396122982805,17.5917566261,24,1,24
ALL_EQUAL_DAY,ofi_5s,5s,1,-4.06325075496e-05,-0.406128951413,-0.0850008386769,2073478,equal_day_bucket,,,,,,,,
ALL_EQUAL_DAY,ofi_5s,5s,2,-2.96136123225e-05,-0.295981639021,-0.0022795461322,2073443,equal_day_bucket,,,,,,,,
ALL_EQUAL_DAY,ofi_5s,5s,3,-2.09804901946e-05,-0.209674253859,0,2073350,equal_day_bucket,,,,,,,,
ALL_EQUAL_DAY,ofi_5s,5s,4,-1.18221693118e-05,-0.118122224232,0,2073422,equal_day_bucket,,,,,,,,
ALL_EQUAL_DAY,ofi_5s,5s,5,-5.01363118327e-06,-0.0500644189853,0,2073426,equal_day_bucket,,,,,,,,
ALL_EQUAL_DAY,ofi_5s,5s,6,4.1317938064e-06,0.0413891959073,0,2073338,equal_day_bucket,,,,,,,,
ALL_EQUAL_DAY,ofi_5s,5s,7,1.11873849685e-05,0.111972366725,0,2073353,equal_day_bucket,,,,,,,,
ALL_EQUAL_DAY,ofi_5s,5s,8,2.14141044417e-05,0.214265844662,0,2073376,equal_day_bucket,,,,,,,,
ALL_EQUAL_DAY,ofi_5s,5s,9,3.09559008115e-05,0.309711962449,0.00772695409454,2073456,equal_day_bucket,,,,,,,,
ALL_EQUAL_DAY,ofi_5s,5s,10,4.05914143753e-05,0.406106782687,0.0896302661027,2073407,equal_day_bucket,,,,,,,,
ALL_EQUAL_DAY,ofi_5s,5s,,,,,20734049,summary_monotonicity,,0.998484848485,1,0.00409493287692,1194.53894274,24,1,24
ALL_EQUAL_DAY,ofi_5s,5s,,,,,20734049,summary_top_bottom,0.8122357341,,0.816935048149,0.167874520436,23.702978799,24,1,24
ALL_EQUAL_DAY,qi_1,5s,1,-7.05855545079e-05,-0.705690398545,-0.408831422618,2073333,equal_day_bucket,,,,,,,,
ALL_EQUAL_DAY,qi_1,5s,2,-4.28879936458e-05,-0.428752880989,-0.0386190827235,2073416,equal_day_bucket,,,,,,,,
ALL_EQUAL_DAY,qi_1,5s,3,-2.85775923308e-05,-0.285655882122,0,2073474,equal_day_bucket,,,,,,,,
ALL_EQUAL_DAY,qi_1,5s,4,-1.61401519906e-05,-0.161283458349,0,2073371,equal_day_bucket,,,,,,,,
ALL_EQUAL_DAY,qi_1,5s,5,-5.06088661814e-06,-0.0504948045107,0,2073385,equal_day_bucket,,,,,,,,
ALL_EQUAL_DAY,qi_1,5s,6,4.45066579281e-06,0.0446220284008,0,2073407,equal_day_bucket,,,,,,,,
ALL_EQUAL_DAY,qi_1,5s,7,1.53654994307e-05,0.153770670984,0,2073420,equal_day_bucket,,,,,,,,
ALL_EQUAL_DAY,qi_1,5s,8,2.8314801294e-05,0.283267005339,0,2073396,equal_day_bucket,,,,,,,,
ALL_EQUAL_DAY,qi_1,5s,9,4.3731257317e-05,0.437441928488,0.066053054135,2073427,equal_day_bucket,,,,,,,,
ALL_EQUAL_DAY,qi_1,5s,10,7.16033278064e-05,0.716202312571,0.409207421189,2073420,equal_day_bucket,,,,,,,,
ALL_EQUAL_DAY,qi_1,5s,,,,,20734049,summary_monotonicity,,1,1,0,,24,1,24
ALL_EQUAL_DAY,qi_1,5s,,,,,20734049,summary_top_bottom,1.42189271112,,1.52054946601,0.395329552982,17.620294688,24,1,24
ALL_EQUAL_DAY,trade_imbalance_5s,5s,1,-2.64938587405e-05,-0.264842121574,0,2073214,equal_day_bucket,,,,,,,,
ALL_EQUAL_DAY,trade_imbalance_5s,5s,2,-2.11692649557e-05,-0.211576191451,0,2073252,equal_day_bucket,,,,,,,,
ALL_EQUAL_DAY,trade_imbalance_5s,5s,3,-1.4105439544e-05,-0.140919547591,0,2073330,equal_day_bucket,,,,,,,,
ALL_EQUAL_DAY,trade_imbalance_5s,5s,4,-8.26942486123e-06,-0.0825375312712,0,2073307,equal_day_bucket,,,,,,,,
ALL_EQUAL_DAY,trade_imbalance_5s,5s,5,-2.83378290404e-06,-0.0281751227754,0,2073363,equal_day_bucket,,,,,,,,
ALL_EQUAL_DAY,trade_imbalance_5s,5s,6,2.86832578007e-06,0.0288434359424,0,2073363,equal_day_bucket,,,,,,,,
ALL_EQUAL_DAY,trade_imbalance_5s,5s,7,8.10802592403e-06,0.0812198274024,0,2073334,equal_day_bucket,,,,,,,,
ALL_EQUAL_DAY,trade_imbalance_5s,5s,8,1.42073097333e-05,0.14219420761,0,2073313,equal_day_bucket,,,,,,,,
ALL_EQUAL_DAY,trade_imbalance_5s,5s,9,2.10568564809e-05,0.210679101933,0,2073345,equal_day_bucket,,,,,,,,
ALL_EQUAL_DAY,trade_imbalance_5s,5s,10,2.68492913532e-05,0.268587136434,0,2073343,equal_day_bucket,,,,,,,,
ALL_EQUAL_DAY,trade_imbalance_5s,5s,,,,,20733164,summary_monotonicity,,0.996464646465,1,0.00562794692712,867.396214701,24,1,24
ALL_EQUAL_DAY,trade_imbalance_5s,5s,,,,,20733164,summary_top_bottom,0.533429258008,,0.529691726706,0.130718155024,19.9915535184,24,1,24
