date,feature,horizon,bucket,p_up,p_flat,p_down,count,p_up_minus_down
2024-01-01,di_10,100ms,1,0.000208335744627,0.974583039156,0.0252086250998,86399,-0.0250002893552
2024-01-01,di_10,100ms,2,0.000428245697288,0.993425849836,0.00614590446649,86399,-0.0057176587692
2024-01-01,di_10,100ms,3,0.000381953285956,0.996516123058,0.00310192365564,86398,-0.00271997036968
2024-01-01,di_10,100ms,4,0.00060185881781,0.997580990521,0.00181715066147,86399,-0.00121529184366
2024-01-01,di_10,100ms,5,0.00109956248987,0.997546239496,0.00135419801384,86398,-0.00025463552397
2024-01-01,di_10,100ms,6,0.00184029907754,0.997280061112,0.000879639810646,86399,0.00096065926689
2024-01-01,di_10,100ms,7,0.00238431445172,0.997233732262,0.000381953285956,86398,0.00200236116577
2024-01-01,di_10,100ms,8,0.00335655917961,0.996319359244,0.000324081575962,86398,0.00303247760365
2024-01-01,di_10,100ms,9,0.00637738862718,0.993298533548,0.000324077824975,86399,0.00605331080221
2024-01-01,di_10,100ms,10,0.0267714530429,0.972985485775,0.000243061181972,86398,0.0265283918609
2024-01-01,di_5,100ms,1,0.000219909952661,0.974421000243,0.0253590898043,86399,-0.0251391798516
2024-01-01,di_5,100ms,2,0.000428245697288,0.993830947117,0.00574080718527,86399,-0.00531256148798
2024-01-01,di_5,100ms,3,0.000462973679946,0.996192041482,0.00334498483761,86398,-0.00288201115767
2024-01-01,di_5,100ms,4,0.000543987777636,0.997696732601,0.00175927962129,86399,-0.00121529184366
2024-01-01,di_5,100ms,5,0.00118058288386,0.997418921734,0.00140049538184,86398,-0.000219912497974
2024-01-01,di_5,100ms,6,0.00195604115788,0.997164319031,0.000879639810646,86399,0.00107640134724
2024-01-01,di_5,100ms,7,0.00200236116577,0.997615685548,0.000381953285956,86398,0.00162040787981
2024-01-01,di_5,100ms,8,0.00335655917961,0.99635408227,0.000289358549966,86398,0.00306720062964
2024-01-01,di_5,100ms,9,0.00606488501024,0.993553166125,0.000381948865149,86399,0.00568293614509
2024-01-01,di_5,100ms,10,0.0272344267228,0.972522512095,0.000243061181972,86398,0.0269913655409
2024-01-01,microprice_deviation_bps,100ms,1,0.00101853030706,0.973008946863,0.0259725228301,86399,-0.0249539925231
2024-01-01,microprice_deviation_bps,100ms,2,0.000416671489253,0.993946689198,0.00563663931296,86399,-0.0052199678237
2024-01-01,microprice_deviation_bps,100ms,3,0.000289358549966,0.997152711868,0.0025579295817,86398,-0.00226857103174
2024-01-01,microprice_deviation_bps,100ms,4,0.000578710401741,0.997835623097,0.00158566650077,86399,-0.00100695609903
2024-01-01,microprice_deviation_bps,100ms,5,0.00103011643788,0.997615685548,0.00135419801384,86398,-0.000324081575962
2024-01-01,microprice_deviation_bps,100ms,6,0.00153936966863,0.997696732601,0.000763897730298,86399,0.000775471938333
2024-01-01,microprice_deviation_bps,100ms,7,0.00162040787981,0.997997638834,0.000381953285956,86398,0.00123845459386
2024-01-01,microprice_deviation_bps,100ms,8,0.00303247760365,0.996678163846,0.000289358549966,86398,0.00274311905368
2024-01-01,microprice_deviation_bps,100ms,9,0.00527783886388,0.994351786479,0.000370374657114,86399,0.00490746420676
2024-01-01,microprice_deviation_bps,100ms,10,0.0286464964467,0.970485427903,0.000868075649899,86398,0.0277784207968
2024-01-01,ofi_100ms,100ms,1,0.00146992442042,0.976353892985,0.0221761825947,86399,-0.0207062581743
2024-01-01,ofi_100ms,100ms,2,0.00188659590967,0.993622611373,0.00449079271751,86399,-0.00260419680783
2024-01-01,ofi_100ms,100ms,3,0.00195606379777,0.995867959906,0.00217597629575,86398,-0.000219912497974
2024-01-01,ofi_100ms,100ms,4,0.00148149862846,0.996921260663,0.0015972407088,86399,-0.000115742080348
2024-01-01,ofi_100ms,100ms,5,0.00107641380588,0.998298571726,0.000625014467927,86398,0.000451399337948
2024-01-01,ofi_100ms,100ms,6,0.00120371763562,0.997222190072,0.00157409229273,86399,-0.000370374657114
2024-01-01,ofi_100ms,100ms,7,0.00311346196137,0.99416659915,0.00271993888818,86399,0.000393523073184
2024-01-01,ofi_100ms,100ms,8,0.00245376050372,0.996226764508,0.00131947498785,86398,0.00113428551587
2024-01-01,ofi_100ms,100ms,9,0.00530098727995,0.992893436267,0.00180557645343,86399,0.00349541082651
2024-01-01,ofi_100ms,100ms,10,0.0235077606861,0.975195898006,0.00129634130815,86397,0.022211419378
2024-01-01,qi_1,100ms,1,0.000347226241044,0.974421000243,0.0252317735159,86399,-0.0248845472749
2024-01-01,qi_1,100ms,2,0.000532413569601,0.993680482413,0.00578710401741,86399,-0.00525469044781
2024-01-01,qi_1,100ms,3,0.000405101969953,0.99675918424,0.00283571378967,86398,-0.00243061181972
2024-01-01,qi_1,100ms,4,0.000729175106193,0.997580990521,0.00168983437308,86399,-0.00096065926689
2024-01-01,qi_1,100ms,5,0.00136577235584,0.997036968448,0.00159725919581,86398,-0.000231486839973
2024-01-01,qi_1,100ms,6,0.00177085382933,0.99717589324,0.00105325293117,86399,0.000717600898159
2024-01-01,qi_1,100ms,7,0.00196763813977,0.997534665154,0.000497696705942,86398,0.00146994143383
2024-01-01,qi_1,100ms,8,0.00325239010162,0.996342507928,0.000405101969953,86398,0.00284728813167
2024-01-01,qi_1,100ms,9,0.00542830356833,0.994155024942,0.000416671489253,86399,0.00501163207907
2024-01-01,qi_1,100ms,10,0.0276511030348,0.972082687099,0.000266209865969,86398,0.0273848931688
2024-01-01,trade_imbalance_100ms,100ms,1,0.000883236177354,0.983536477654,0.0155802861685,28305,-0.0146970499912
2024-01-01,trade_imbalance_100ms,100ms,2,0.000635930047695,0.990001766472,0.00936230347995,28305,-0.00872637343226
2024-01-01,trade_imbalance_100ms,100ms,3,0.00091859807801,0.985161107971,0.0139202939514,28304,-0.0130016958734
2024-01-01,trade_imbalance_100ms,100ms,4,0.00215509627274,0.974456809751,0.0233880939763,28305,-0.0212329977036
2024-01-01,trade_imbalance_100ms,100ms,5,0.00335653464297,0.96124085786,0.0354026074974,28303,-0.0320460728545
2024-01-01,trade_imbalance_100ms,100ms,6,0.0343755520226,0.959795089207,0.00582935877054,28305,0.0285461932521
2024-01-01,trade_imbalance_100ms,100ms,7,0.0188659247483,0.98042748631,0.000706588941883,28305,0.0181593358064
2024-01-01,trade_imbalance_100ms,100ms,8,0.00971594120972,0.990001413228,0.000282645562465,28304,0.00943329564726
2024-01-01,trade_imbalance_100ms,100ms,9,0.017276099629,0.981805334747,0.000918565624448,28305,0.0163575340046
2024-01-01,trade_imbalance_100ms,100ms,10,0.0275579423403,0.971028829847,0.00141322781232,28304,0.026144714528
2024-01-01,di_10,1s,1,0.00611118184238,0.80587738284,0.188011435318,86399,-0.181900253475
2024-01-01,di_10,1s,2,0.00810194562437,0.906191043878,0.0857070104978,86399,-0.0776050648734
2024-01-01,di_10,1s,3,0.0101044005648,0.938505520961,0.051390078474,86398,-0.0412856779092
2024-01-01,di_10,1s,4,0.0129052419588,0.953946226229,0.0331485318117,86399,-0.0202432898529
2024-01-01,di_10,1s,5,0.0190745156138,0.955855459617,0.0250700247691,86398,-0.0059955091553
2024-01-01,di_10,1s,6,0.0282651974628,0.956629936571,0.015104865966,86396,0.0131603314968
2024-01-01,di_10,1s,7,0.0362996573757,0.955366237615,0.00833410500972,86392,0.027965552366
2024-01-01,di_10,1s,8,0.051853052154,0.941375957777,0.00677099006921,86398,0.0450820620848
2024-01-01,di_10,1s,9,0.0852556163844,0.908644775981,0.00609960763435,86399,0.0791560087501
2024-01-01,di_10,1s,10,0.180941688465,0.813884580662,0.0051737308734,86398,0.175767957592
2024-01-01,di_5,1s,1,0.00608803342631,0.803967638514,0.189944328059,86399,-0.183856294633
2024-01-01,di_5,1s,2,0.0078473130476,0.907209574185,0.0849431127675,86399,-0.0770957997199
2024-01-01,di_5,1s,3,0.0102201439848,0.938690710433,0.0510891455821,86398,-0.0408690015973
2024-01-01,di_5,1s,4,0.0127200546303,0.954397620343,0.0328823250269,86399,-0.0201622703966
2024-01-01,di_5,1s,5,0.0190745156138,0.956121669483,0.0248038149031,86398,-0.00572929928934
2024-01-01,di_5,1s,6,0.0271077364693,0.957810546785,0.0150817167461,86396,0.0120260197231
2024-01-01,di_5,1s,7,0.0355125474581,0.956732104825,0.00775534771738,86392,0.0277571997407
2024-01-01,di_5,1s,8,0.051760457418,0.941433829487,0.00680571309521,86398,0.0449547443228
2024-01-01,di_5,1s,9,0.0852556163844,0.907765136171,0.00697924744499,86399,0.0782763689395
2024-01-01,di_5,1s,10,0.183326002917,0.812148429362,0.00452556772148,86398,0.178800435195
2024-01-01,microprice_deviation_bps,1s,1,0.00791675829581,0.805067188278,0.187016053427,86399,-0.179099295131
2024-01-01,microprice_deviation_bps,1s,2,0.00774314517529,0.903737311774,0.0885195430503,86399,-0.080776397875
2024-01-01,microprice_deviation_bps,1s,3,0.00981504201486,0.941075024885,0.0491099331003,86398,-0.0392948910854
2024-01-01,microprice_deviation_bps,1s,4,0.0122686605169,0.955057350201,0.0326739892823,86399,-0.0204053287654
2024-01-01,microprice_deviation_bps,1s,5,0.0182758860159,0.955971203037,0.025752910947,86398,-0.00747702493113
2024-01-01,microprice_deviation_bps,1s,6,0.027165609519,0.958910134728,0.0139242557526,86396,0.0132413537664
2024-01-01,microprice_deviation_bps,1s,7,0.0368089637929,0.954903231781,0.00828780442634,86392,0.0285211593666
2024-01-01,microprice_deviation_bps,1s,8,0.0510312738721,0.942267182111,0.00670154401722,86398,0.0443297298549
2024-01-01,microprice_deviation_bps,1s,9,0.0813551082767,0.91142258591,0.00722230581372,86399,0.074132802463
2024-01-01,microprice_deviation_bps,1s,10,0.18653209565,0.807865922822,0.00560198152735,86398,0.180930114123
2024-01-01,ofi_1s,1s,1,0.0147571152444,0.823585921133,0.161656963622,86399,-0.146899848378
2024-01-01,ofi_1s,1s,2,0.0183226075281,0.912310755128,0.0693666373443,86396,-0.0510440298162
2024-01-01,ofi_1s,1s,3,0.0192837465565,0.938722596477,0.0419936569669,86394,-0.0227099104104
2024-01-01,ofi_1s,1s,4,0.023021899162,0.942624658549,0.034353442289,86396,-0.011331543127
2024-01-01,ofi_1s,1s,5,0.0184263524619,0.957105488553,0.0244681589852,86398,-0.0060418065233
2024-01-01,ofi_1s,1s,6,0.0291091332076,0.951862868783,0.0190279980092,86399,0.0100811351983
2024-01-01,ofi_1s,1s,7,0.0365513489739,0.940439125453,0.0230095255732,86399,0.0135418234007
2024-01-01,ofi_1s,1s,8,0.0423852403991,0.938887474247,0.0187272853538,86398,0.0236579550453
2024-01-01,ofi_1s,1s,9,0.0743990092478,0.908066065579,0.0175349251727,86399,0.056864084075
2024-01-01,ofi_1s,1s,10,0.162654228107,0.822669506239,0.0146762656543,86398,0.147977962453
2024-01-01,qi_1,1s,1,0.00638896283522,0.806004699128,0.187606338036,86399,-0.181217375201
2024-01-01,qi_1,1s,2,0.0078473130476,0.905311404067,0.0868412828852,86399,-0.0789939698376
2024-01-01,qi_1,1s,3,0.0102085696428,0.939871293317,0.0499201370402,86398,-0.0397115673974
2024-01-01,qi_1,1s,4,0.0128357967106,0.954767995,0.0323962082894,86399,-0.0195604115788
2024-01-01,qi_1,1s,5,0.0187967314058,0.954836917521,0.0263663510729,86398,-0.00756961966712
2024-01-01,qi_1,1s,6,0.0277327654058,0.957741099125,0.0145261354692,86396,0.0132066299366
2024-01-01,qi_1,1s,7,0.0372929615612,0.954570181835,0.00813685660382,86397,0.0291561049573
2024-01-01,qi_1,1s,8,0.0511152523931,0.942148090702,0.00673665690507,86393,0.0443785954881
2024-01-01,qi_1,1s,9,0.0802092616813,0.9121286126,0.00766212571905,86399,0.0725471359622
2024-01-01,qi_1,1s,10,0.186485798282,0.80889603926,0.00461816245746,86398,0.181867635825
2024-01-01,trade_imbalance_1s,1s,1,0.0140979164378,0.947575280433,0.0383268031296,81927,-0.0242288866918
2024-01-01,trade_imbalance_1s,1s,2,0.0202377755535,0.910443571028,0.0693186534189,81926,-0.0490808778654
2024-01-01,trade_imbalance_1s,1s,3,0.0259014232356,0.886702634084,0.08739594268,81926,-0.0614945194444
2024-01-01,trade_imbalance_1s,1s,4,0.0345795647345,0.903011217303,0.0624092179623,81927,-0.0278296532279
2024-01-01,trade_imbalance_1s,1s,5,0.0414398359495,0.908429558382,0.0501306056685,81926,-0.00869076971901
2024-01-01,trade_imbalance_1s,1s,6,0.051595342138,0.910760930596,0.0376437272661,81926,0.013951614872
2024-01-01,trade_imbalance_1s,1s,7,0.0625434838332,0.905232707166,0.0322238090007,81927,0.0303196748325
2024-01-01,trade_imbalance_1s,1s,8,0.0756103515625,0.897290039063,0.027099609375,81920,0.0485107421875
2024-01-01,trade_imbalance_1s,1s,9,0.0862527770318,0.896291594443,0.0174556285247,81922,0.0687971485071
2024-01-01,trade_imbalance_1s,1s,10,0.0408905597735,0.94344896614,0.0156604740864,81926,0.0252300856871
2024-01-01,di_10,30s,1,0.250955060082,0.190838369105,0.558206570813,86382,-0.307251510731
2024-01-01,di_10,30s,2,0.277386120276,0.220825374776,0.501788504949,86385,-0.224402384673
2024-01-01,di_10,30s,3,0.300325295486,0.254471365894,0.44520333862,86383,-0.144878043133
2024-01-01,di_10,30s,4,0.297634204495,0.317403180629,0.384962614875,86398,-0.0873284103799
2024-01-01,di_10,30s,5,0.308023519607,0.33089494884,0.361081531552,86396,-0.053058011945
2024-01-01,di_10,30s,6,0.355418408346,0.349258362956,0.295323228697,86363,0.0600951796487
2024-01-01,di_10,30s,7,0.397706873589,0.348126701025,0.254166425387,86345,0.143540448202
2024-01-01,di_10,30s,8,0.441710474514,0.31165327343,0.246636252055,86362,0.195074222459
2024-01-01,di_10,30s,9,0.501141089654,0.258210632407,0.240648277939,86321,0.260492811714
2024-01-01,di_10,30s,10,0.577329735614,0.204027747218,0.218642517168,86351,0.358687218446
2024-01-01,di_5,30s,1,0.250355964577,0.186016090756,0.563627944666,86385,-0.313271980089
2024-01-01,di_5,30s,2,0.281230826223,0.221194475637,0.49757469814,86381,-0.216343871916
2024-01-01,di_5,30s,3,0.292881701261,0.259252399199,0.44786589954,86383,-0.15498419828
2024-01-01,di_5,30s,4,0.296646951932,0.320871769349,0.382481278719,86399,-0.0858343267862
2024-01-01,di_5,30s,5,0.312209914696,0.32855307476,0.359237010544,86397,-0.0470270958482
2024-01-01,di_5,30s,6,0.363495316498,0.335498512163,0.301006171339,86367,0.0624891451596
2024-01-01,di_5,30s,7,0.389352854644,0.359375904926,0.251271240429,86333,0.138081614215
2024-01-01,di_5,30s,8,0.436732897967,0.313718679079,0.249548422954,86364,0.187184475013
2024-01-01,di_5,30s,9,0.503903806501,0.258079836897,0.238016356602,86326,0.265887449899
2024-01-01,di_5,30s,10,0.580815508795,0.203159199083,0.216025292122,86351,0.364790216674
2024-01-01,microprice_deviation_bps,30s,1,0.249045072574,0.193149987268,0.557804940158,86394,-0.308759867583
2024-01-01,microprice_deviation_bps,30s,2,0.274525920952,0.228981916692,0.496492162356,86378,-0.221966241404
2024-01-01,microprice_deviation_bps,30s,3,0.281654105743,0.26468238808,0.453663506176,86379,-0.172009400433
2024-01-01,microprice_deviation_bps,30s,4,0.309131104089,0.306885655752,0.383983240159,86397,-0.0748521360695
2024-01-01,microprice_deviation_bps,30s,5,0.317989258762,0.320674568267,0.361336172971,86396,-0.043346914209
2024-01-01,microprice_deviation_bps,30s,6,0.370876034972,0.335255630826,0.293868334202,86355,0.0770077007701
2024-01-01,microprice_deviation_bps,30s,7,0.397445547077,0.347444968098,0.255109484825,86359,0.142336062252
2024-01-01,microprice_deviation_bps,30s,8,0.425541030302,0.320519203826,0.253939765872,86363,0.17160126443
2024-01-01,microprice_deviation_bps,30s,9,0.494117237942,0.266225411214,0.239657350844,86269,0.254459887097
2024-01-01,microprice_deviation_bps,30s,10,0.587260984305,0.201930644937,0.210808370758,86396,0.376452613547
2024-01-01,ofi_30s,30s,1,0.314529103346,0.193567055174,0.49190384148,86399,-0.177374738134
2024-01-01,ofi_30s,30s,2,0.356161529647,0.218544196113,0.425294274239,86399,-0.069132744592
2024-01-01,ofi_30s,30s,3,0.34728813167,0.243674622098,0.409037246233,86398,-0.0617491145628
2024-01-01,ofi_30s,30s,4,0.32793203625,0.294389981366,0.377677982384,86399,-0.0497459461336
2024-01-01,ofi_30s,30s,5,0.295203592676,0.383029699762,0.321766707563,86398,-0.0265631148869
2024-01-01,ofi_30s,30s,6,0.346275395034,0.380008103259,0.273716501707,86385,0.0725588933264
2024-01-01,ofi_30s,30s,7,0.382979955973,0.329255011007,0.287765033021,86310,0.0952149229521
2024-01-01,ofi_30s,30s,8,0.408066085828,0.287040040782,0.30489387339,86312,0.103172212439
2024-01-01,ofi_30s,30s,9,0.425447339143,0.252769794178,0.321782866679,86288,0.103664472464
2024-01-01,ofi_30s,30s,10,0.50364591773,0.203476932336,0.292877149934,86398,0.210768767796
2024-01-01,qi_1,30s,1,0.250338592612,0.190005440633,0.559655966754,86387,-0.309317374142
2024-01-01,qi_1,30s,2,0.275045727119,0.227952582714,0.497001690167,86382,-0.221955963048
2024-01-01,qi_1,30s,3,0.280208839805,0.267393669978,0.452397490218,86382,-0.172188650413
2024-01-01,qi_1,30s,4,0.308552380291,0.30829774182,0.383149877889,86397,-0.0745974975983
2024-01-01,qi_1,30s,5,0.318197601741,0.320755590537,0.361046807723,86396,-0.0428492059818
2024-01-01,qi_1,30s,6,0.369231660008,0.336459961786,0.294308378206,86355,0.0749232818019
2024-01-01,qi_1,30s,7,0.399782324267,0.348084337768,0.252133337965,86367,0.147648986303
2024-01-01,qi_1,30s,8,0.423279565535,0.322815224817,0.253905209648,86359,0.169374355886
2024-01-01,qi_1,30s,9,0.495793450298,0.265395044847,0.238811504855,86294,0.256981945442
2024-01-01,qi_1,30s,10,0.587191867264,0.198559635046,0.21424849769,86367,0.372943369574
2024-01-01,trade_imbalance_30s,30s,1,0.294193219829,0.294667762358,0.411139017813,86399,-0.116945797984
2024-01-01,trade_imbalance_30s,30s,2,0.340246993599,0.276947649857,0.382805356543,86399,-0.042558362944
2024-01-01,trade_imbalance_30s,30s,3,0.323155628603,0.282217180953,0.394627190444,86398,-0.0714715618417
2024-01-01,trade_imbalance_30s,30s,4,0.367654718226,0.246623224806,0.385722056968,86399,-0.0180673387423
2024-01-01,trade_imbalance_30s,30s,5,0.383522101529,0.252790948401,0.36368695007,86261,0.0198351514589
2024-01-01,trade_imbalance_30s,30s,6,0.366872544816,0.251607819507,0.381519635677,86297,-0.0146470908606
2024-01-01,trade_imbalance_30s,30s,7,0.376856213614,0.276808759361,0.346335027026,86399,0.0305211865878
2024-01-01,trade_imbalance_30s,30s,8,0.407393689669,0.285967267761,0.30663904257,86398,0.100754647098
2024-01-01,trade_imbalance_30s,30s,9,0.420973383678,0.295455071927,0.283571544395,86338,0.137401839283
2024-01-01,trade_imbalance_30s,30s,10,0.426595523045,0.322565337161,0.250839139795,86398,0.17575638325
2024-01-01,di_10,500ms,1,0.00244215789535,0.884524126437,0.113033715668,86399,-0.110591557773
2024-01-01,di_10,500ms,2,0.0031597587935,0.954536510839,0.0423037303672,86399,-0.0391439715737
2024-01-01,di_10,500ms,3,0.00394685062154,0.971712308155,0.0243408412232,86398,-0.0203939906016
2024-01-01,di_10,500ms,4,0.00546302619243,0.979351612866,0.0151853609417,86399,-0.00972233474924
2024-01-01,di_10,500ms,5,0.00831037755504,0.980879187018,0.0108104354267,86398,-0.00250005787171
2024-01-01,di_10,500ms,6,0.0126973470994,0.980392610769,0.00691004213158,86396,0.00578730496782
2024-01-01,di_10,500ms,7,0.0173038415686,0.979420581733,0.00327557669826,86397,0.0140282648703
2024-01-01,di_10,500ms,8,0.0248732609551,0.972360471307,0.00276626773768,86398,0.0221069932174
2024-01-01,di_10,500ms,9,0.0429403118092,0.954409194551,0.00265049363997,86399,0.0402898181692
2024-01-01,di_10,500ms,10,0.111345170027,0.886895529989,0.0017592999838,86398,0.109585870043
2024-01-01,di_5,500ms,1,0.00234956423107,0.883401428257,0.114249007512,86399,-0.111899443281
2024-01-01,di_5,500ms,2,0.0031597587935,0.954999479161,0.0418407620459,86399,-0.0386810032524
2024-01-01,di_5,500ms,3,0.00402787101553,0.971851200259,0.0241209287252,86398,-0.0200930577097
2024-01-01,di_5,500ms,4,0.00513894836746,0.980370143173,0.0144909084596,86399,-0.00935196009213
2024-01-01,di_5,500ms,5,0.00868075649899,0.98031204426,0.0110071992407,86398,-0.00232644274173
2024-01-01,di_5,500ms,6,0.0120375943331,0.981087087365,0.00687531830177,86396,0.0051622760313
2024-01-01,di_5,500ms,7,0.0163200111115,0.980439135618,0.00324085327037,86397,0.0130791578411
2024-01-01,di_5,500ms,8,0.0244102872752,0.972858168013,0.00273154471168,86398,0.0216787425635
2024-01-01,di_5,500ms,9,0.0434495769627,0.953598999988,0.00295142304888,86399,0.0404981539138
2024-01-01,di_5,500ms,10,0.112907706197,0.885564480659,0.00152781314382,86398,0.111379893053
2024-01-01,microprice_deviation_bps,500ms,1,0.0041898633086,0.882869014688,0.112941122004,86399,-0.108751258695
2024-01-01,microprice_deviation_bps,500ms,2,0.00299771988102,0.952673063346,0.0443292167733,86399,-0.0413314968923
2024-01-01,microprice_deviation_bps,500ms,3,0.00393527627954,0.974154494317,0.0219102294035,86398,-0.0179749531239
2024-01-01,microprice_deviation_bps,500ms,4,0.00496533524694,0.980601627334,0.0144330374194,86399,-0.00946770217248
2024-01-01,microprice_deviation_bps,500ms,5,0.00797472163707,0.980578254126,0.0114470242367,86398,-0.0034723025996
2024-01-01,microprice_deviation_bps,500ms,6,0.0116093337655,0.982348719848,0.00604194638641,86396,0.00556738737905
2024-01-01,microprice_deviation_bps,500ms,7,0.016134819496,0.980091901339,0.00377327916479,86397,0.0123615403313
2024-01-01,microprice_deviation_bps,500ms,8,0.0237621241232,0.973633648927,0.0026042269497,86398,0.0211578971735
2024-01-01,microprice_deviation_bps,500ms,9,0.0412504774361,0.955994861052,0.00275466151229,86399,0.0384958159238
2024-01-01,microprice_deviation_bps,500ms,10,0.115662399593,0.881536609644,0.00280099076368,86398,0.112861408829
2024-01-01,ofi_500ms,500ms,1,0.00900504652993,0.898432797815,0.0925621556554,86396,-0.0835571091254
2024-01-01,ofi_500ms,500ms,2,0.0087155804021,0.958968482702,0.032315936896,86397,-0.0236003564939
2024-01-01,ofi_500ms,500ms,3,0.0109261788467,0.965855691104,0.0232181300493,86398,-0.0122919512026
2024-01-01,ofi_500ms,500ms,4,0.0105556777278,0.971978842348,0.0174654799245,86399,-0.00690980219678
2024-01-01,ofi_500ms,500ms,5,0.00984976504086,0.980566679784,0.00958355517489,86398,0.000266209865969
2024-01-01,ofi_500ms,500ms,6,0.0121529184366,0.978529844095,0.00931723746803,86399,0.00283568096853
2024-01-01,ofi_500ms,500ms,7,0.0179863192861,0.972071436012,0.00994224470191,86399,0.0080440745842
2024-01-01,ofi_500ms,500ms,8,0.0229403458413,0.965751522026,0.0113081321327,86398,0.0116322137087
2024-01-01,ofi_500ms,500ms,9,0.0320721304645,0.958992580933,0.00893528860288,86399,0.0231368418616
2024-01-01,ofi_500ms,500ms,10,0.0982777379106,0.89333086414,0.00839139794903,86398,0.0898863399616
2024-01-01,qi_1,500ms,1,0.00269679047211,0.884871352678,0.11243185685,86399,-0.109735066378
2024-01-01,qi_1,500ms,2,0.00320605562564,0.95288139909,0.0439125452841,86399,-0.0407064896584
2024-01-01,qi_1,500ms,3,0.00422463482951,0.973506331165,0.0222690340054,86398,-0.0180443991759
2024-01-01,qi_1,500ms,4,0.00539358094422,0.980115510596,0.0144909084596,86399,-0.00909732751536
2024-01-01,qi_1,500ms,5,0.008588161763,0.979397671242,0.0120141669946,86398,-0.0034260052316
2024-01-01,qi_1,500ms,6,0.0124311310709,0.981040788925,0.0065280800037,86396,0.00590305106718
2024-01-01,qi_1,500ms,7,0.0165630751068,0.979594198873,0.00384272602058,86397,0.0127203490862
2024-01-01,qi_1,500ms,8,0.0239820366212,0.973286418667,0.00273154471168,86398,0.0212504919095
2024-01-01,qi_1,500ms,9,0.0410074190674,0.955948564219,0.00304401671316,86399,0.0379634023542
2024-01-01,qi_1,500ms,10,0.114389221973,0.883839903701,0.00177087432579,86398,0.112618347647
2024-01-01,trade_imbalance_500ms,500ms,1,0.00751674379833,0.965319497542,0.0271637586593,69578,-0.019647014861
2024-01-01,trade_imbalance_500ms,500ms,2,0.00622332092502,0.976831424178,0.0169452548975,69577,-0.0107219339724
2024-01-01,trade_imbalance_500ms,500ms,3,0.0168877646349,0.944176955028,0.0389352803369,69577,-0.022047515702
2024-01-01,trade_imbalance_500ms,500ms,4,0.0168592618144,0.912742899851,0.0703978383351,69576,-0.0535385765206
2024-01-01,trade_imbalance_500ms,500ms,5,0.0236859881858,0.94387513115,0.0324388806646,69577,-0.00875289247884
2024-01-01,trade_imbalance_500ms,500ms,6,0.0312742533559,0.946146770531,0.0225789761131,69578,0.00869527724281
2024-01-01,trade_imbalance_500ms,500ms,7,0.0483520906099,0.934859787561,0.0167881218289,69573,0.031563968781
2024-01-01,trade_imbalance_500ms,500ms,8,0.0613708553114,0.929646291159,0.00898285352918,69577,0.0523880017822
2024-01-01,trade_imbalance_500ms,500ms,9,0.0190149043506,0.976040933067,0.00494416258246,69577,0.0140707417681
2024-01-01,trade_imbalance_500ms,500ms,10,0.0358020610259,0.950472138781,0.0137258001926,69577,0.0220762608333
2024-01-01,di_10,5s,1,0.05783631755,0.5159897684,0.42617391405,86399,-0.3683375965
2024-01-01,di_10,5s,2,0.0637623120638,0.651720506024,0.284517181912,86399,-0.220754869848
2024-01-01,di_10,5s,3,0.0755457302252,0.717863839441,0.206590430334,86398,-0.131044700109
2024-01-01,di_10,5s,4,0.0829060521534,0.758307387817,0.15878656003,86399,-0.0758805078762
2024-01-01,di_10,5s,5,0.0975601287067,0.771510914605,0.130928956689,86398,-0.0333688279821
2024-01-01,di_10,5s,6,0.132077873976,0.780093985833,0.0878281401917,86396,0.044249733784
2024-01-01,di_10,5s,7,0.158891487047,0.773157687588,0.0679508253652,86386,0.0909406616813
2024-01-01,di_10,5s,8,0.213983099896,0.735814330362,0.0502025697419,86390,0.163780530154
2024-01-01,di_10,5s,9,0.289210748729,0.660542067544,0.0502471837264,86373,0.238963565003
2024-01-01,di_10,5s,10,0.422984328341,0.533253084562,0.0437625870969,86398,0.379221741244
2024-01-01,di_5,5s,1,0.0578247433419,0.510561464832,0.431613791826,86399,-0.373789048484
2024-01-01,di_5,5s,2,0.0646882487066,0.651489021864,0.28382272943,86399,-0.219134480723
2024-01-01,di_5,5s,3,0.0740989374754,0.72006296442,0.205838098104,86398,-0.131739160629
2024-01-01,di_5,5s,4,0.0836352272596,0.759777312237,0.156587460503,86399,-0.0729522332434
2024-01-01,di_5,5s,5,0.0972939188407,0.775203129702,0.127502951457,86398,-0.0302090326165
2024-01-01,di_5,5s,6,0.132216769295,0.776436409093,0.0913468216121,86396,0.0408699476828
2024-01-01,di_5,5s,7,0.158349250449,0.777924408173,0.0637263413787,86385,0.0946229090699
2024-01-01,di_5,5s,8,0.209075649708,0.738565723216,0.0523586270765,86385,0.156717022631
2024-01-01,di_5,5s,9,0.289318005534,0.65991734102,0.0507646534459,86379,0.238553352088
2024-01-01,di_5,5s,10,0.42825065395,0.528322414871,0.043426931179,86398,0.384823722771
2024-01-01,microprice_deviation_bps,5s,1,0.0559034248082,0.52712415653,0.416972418662,86399,-0.361068993854
2024-01-01,microprice_deviation_bps,5s,2,0.0647345455387,0.641789835531,0.293475618931,86399,-0.228741073392
2024-01-01,microprice_deviation_bps,5s,3,0.0724553809116,0.722771360448,0.20477325864,86398,-0.132317877729
2024-01-01,microprice_deviation_bps,5s,4,0.0818875218463,0.761443998194,0.156668479959,86399,-0.0747809581129
2024-01-01,microprice_deviation_bps,5s,5,0.100546308942,0.765862635709,0.133591055349,86398,-0.0330447464062
2024-01-01,microprice_deviation_bps,5s,6,0.135399787027,0.774260382425,0.0903398305477,86396,0.0450599564795
2024-01-01,microprice_deviation_bps,5s,7,0.168229492255,0.768609200991,0.0631613067537,86382,0.105068185502
2024-01-01,microprice_deviation_bps,5s,8,0.20676722192,0.738756988899,0.0544757891812,86387,0.152291432739
2024-01-01,microprice_deviation_bps,5s,9,0.278363047002,0.668661727252,0.0529752257467,86380,0.225387821255
2024-01-01,microprice_deviation_bps,5s,10,0.430461353272,0.528982152365,0.0405564943633,86398,0.389904858909
2024-01-01,ofi_5s,5s,1,0.117860160419,0.536360374541,0.34577946504,86399,-0.227919304622
2024-01-01,ofi_5s,5s,2,0.0920265280848,0.631592958252,0.276380513663,86399,-0.184353985579
2024-01-01,ofi_5s,5s,3,0.0922601479218,0.718369850805,0.189370001273,86397,-0.0971098533514
2024-01-01,ofi_5s,5s,4,0.0887453404644,0.771387557593,0.139867101943,86382,-0.0511217614781
2024-01-01,ofi_5s,5s,5,0.0836892731882,0.804644002269,0.111666724543,86391,-0.0279774513549
2024-01-01,ofi_5s,5s,6,0.106242114888,0.800907438916,0.092850446196,86397,0.0133916686922
2024-01-01,ofi_5s,5s,7,0.147101717672,0.761053752489,0.0918445298393,86396,0.0552571878328
2024-01-01,ofi_5s,5s,8,0.207299286971,0.709278636911,0.0834220761182,86392,0.123877210853
2024-01-01,ofi_5s,5s,9,0.299924755455,0.616414886844,0.083660357701,86385,0.216264397754
2024-01-01,ofi_5s,5s,10,0.35956850853,0.548253431792,0.0921780596773,86398,0.267390448853
2024-01-01,qi_1,5s,1,0.0550237849975,0.526047755182,0.41892845982,86399,-0.363904674823
2024-01-01,qi_1,5s,2,0.0655910369333,0.641303718793,0.293105244274,86399,-0.22751420734
2024-01-01,qi_1,5s,3,0.0720965763096,0.723350077548,0.204553346142,86398,-0.132456769833
2024-01-01,qi_1,5s,4,0.0822463222954,0.762578270582,0.155175407123,86399,-0.0729290848274
2024-01-01,qi_1,5s,5,0.100581031968,0.765665871895,0.133753096136,86398,-0.0331720641682
2024-01-01,qi_1,5s,6,0.13489050419,0.774700217603,0.0904092782073,86396,0.0444812259827
2024-01-01,qi_1,5s,7,0.16907049427,0.768422271096,0.0625072346336,86390,0.106563259637
2024-01-01,qi_1,5s,8,0.205748882869,0.741404459262,0.0528466578685,86382,0.152902225001
2024-01-01,qi_1,5s,9,0.277184168181,0.669113135686,0.0537026961323,86383,0.223481472049
2024-01-01,qi_1,5s,10,0.432331697379,0.525662098342,0.0420062042782,86392,0.390325493101
2024-01-01,trade_imbalance_5s,5s,1,0.0707208667068,0.705808139266,0.223470994028,86396,-0.152750127321
2024-01-01,trade_imbalance_5s,5s,2,0.0927599976851,0.687192545865,0.22004745645,86395,-0.127287458765
2024-01-01,trade_imbalance_5s,5s,3,0.118641125065,0.683916893339,0.197441981596,86395,-0.078800856531
2024-01-01,trade_imbalance_5s,5s,4,0.130563111291,0.692169685746,0.177267202963,86395,-0.046704091672
2024-01-01,trade_imbalance_5s,5s,5,0.150170727473,0.694959199028,0.1548700735,86395,-0.00469934602697
2024-01-01,trade_imbalance_5s,5s,6,0.16543589981,0.691999629612,0.142564470577,86396,0.0228714292328
2024-01-01,trade_imbalance_5s,5s,7,0.180508131258,0.699126106835,0.120365761908,86395,0.0601423693501
2024-01-01,trade_imbalance_5s,5s,8,0.217992198442,0.670748787518,0.11125901404,86393,0.106733184402
2024-01-01,trade_imbalance_5s,5s,9,0.230905532329,0.676028119101,0.0930663485703,86347,0.137839183759
2024-01-01,trade_imbalance_5s,5s,10,0.237120203715,0.696278719833,0.0666010764512,86395,0.170519127264
2024-02-01,di_10,100ms,1,0.000393527627954,0.953991990555,0.0456144818167,86398,-0.0452209541888
2024-02-01,di_10,100ms,2,0.000578717099933,0.987881663927,0.0115396189727,86398,-0.0109609018727
2024-02-01,di_10,100ms,3,0.000740757887914,0.993344753351,0.00591448876131,86398,-0.0051737308734
2024-02-01,di_10,100ms,4,0.00114585985787,0.995185073729,0.00366906641357,86398,-0.00252320655571
2024-02-01,di_10,100ms,5,0.00206023287576,0.995381837543,0.0025579295817,86398,-0.000497696705942
2024-02-01,di_10,100ms,6,0.00277784207968,0.995532303989,0.0016898539318,86398,0.00108798814787
2024-02-01,di_10,100ms,7,0.00391212759555,0.994999884257,0.00108798814787,86398,0.00282413944767
2024-02-01,di_10,100ms,8,0.00592606310331,0.993310030325,0.000763906571911,86398,0.0051621565314
2024-02-01,di_10,100ms,9,0.0118405518646,0.987708048797,0.000451399337948,86398,0.0113891525267
2024-02-01,di_10,100ms,10,0.0481729689688,0.951283030661,0.000544000370383,86397,0.0476289685984
2024-02-01,di_5,100ms,1,0.00052084538994,0.953378550429,0.0461006041807,86398,-0.0455797587907
2024-02-01,di_5,100ms,2,0.000474548021945,0.987696474455,0.0118289775226,86398,-0.0113544295007
2024-02-01,di_5,100ms,3,0.000787055255909,0.994016065187,0.0051968795574,86398,-0.00440982430149
2024-02-01,di_5,100ms,4,0.00119215722586,0.995300817149,0.00350702562559,86398,-0.00231486839973
2024-02-01,di_5,100ms,5,0.00184032037779,0.995439709253,0.00271997036968,86398,-0.000879649991898
2024-02-01,di_5,100ms,6,0.00289358549966,0.995381837543,0.0017245769578,86398,0.00116900854186
2024-02-01,di_5,100ms,7,0.00370378943957,0.995323965833,0.000972244727887,86398,0.00273154471168
2024-02-01,di_5,100ms,8,0.00557883284335,0.993738280979,0.000682886177921,86398,0.00489594666543
2024-02-01,di_5,100ms,9,0.0120025926526,0.987360818537,0.000636588809926,86398,0.0113660038427
2024-02-01,di_5,100ms,10,0.0485549266757,0.950982094286,0.000462979038624,86397,0.0480919476371
2024-02-01,microprice_deviation_bps,100ms,1,0.0017477256418,0.949802078752,0.0484501956064,86398,-0.0467024699646
2024-02-01,microprice_deviation_bps,100ms,2,0.00052084538994,0.989397902729,0.0100812518808,86398,-0.00956040649089
2024-02-01,microprice_deviation_bps,100ms,3,0.00077548091391,0.994733674391,0.00449084469548,86398,-0.00371536378157
2024-02-01,microprice_deviation_bps,100ms,4,0.00103011643788,0.995937405958,0.00303247760365,86398,-0.00200236116577
2024-02-01,microprice_deviation_bps,100ms,5,0.00153938748582,0.9959489803,0.00251163221371,86398,-0.000972244727887
2024-02-01,microprice_deviation_bps,100ms,6,0.00252320655571,0.995925831616,0.00155096182782,86398,0.000972244727887
2024-02-01,microprice_deviation_bps,100ms,7,0.00328711312762,0.995671196093,0.00104169077988,86398,0.00224542234774
2024-02-01,microprice_deviation_bps,100ms,8,0.00472233153545,0.994629505313,0.000648163151925,86398,0.00407416838353
2024-02-01,microprice_deviation_bps,100ms,9,0.0109377531887,0.988622421815,0.000439824995949,86398,0.0104979281928
2024-02-01,microprice_deviation_bps,100ms,10,0.05046471521,0.947949581583,0.00158570320729,86397,0.0488790120027
2024-02-01,ofi_100ms,100ms,1,0.00212967892775,0.956931873423,0.0409384476493,86398,-0.0388087687215
2024-02-01,ofi_100ms,100ms,2,0.00318294404963,0.98673580407,0.0100812518808,86398,-0.0068983078312
2024-02-01,ofi_100ms,100ms,3,0.0025463552397,0.992823907961,0.00462973679946,86398,-0.00208338155976
2024-02-01,ofi_100ms,100ms,4,0.00317136970763,0.993830875715,0.00299775457765,86398,0.00017361512998
2024-02-01,ofi_100ms,100ms,5,0.00163198222181,0.996909650686,0.00145836709183,86398,0.00017361512998
2024-02-01,ofi_100ms,100ms,6,0.00388897891155,0.992441954675,0.00366906641357,86398,0.000219912497974
2024-02-01,ofi_100ms,100ms,7,0.00280102318368,0.994432677061,0.00276629975578,86397,3.47234278968e-05
2024-02-01,ofi_100ms,100ms,8,0.00478020324545,0.993043820459,0.00217597629575,86398,0.0026042269497
2024-02-01,ofi_100ms,100ms,9,0.0103937591148,0.986978865252,0.0026273756337,86398,0.0077663834811
2024-02-01,ofi_100ms,100ms,10,0.043021829209,0.954489687261,0.00248848352971,86398,0.0405333456793
2024-02-01,qi_1,100ms,1,0.00060186578393,0.952765110303,0.0466330239126,86398,-0.0460311581287
2024-02-01,qi_1,100ms,2,0.000729183545915,0.988749739577,0.0105210768768,86398,-0.00979189333086
2024-02-01,qi_1,100ms,3,0.00100696775388,0.993877173083,0.00511585916341,86398,-0.00410889140952
2024-02-01,qi_1,100ms,4,0.00135419801384,0.995196648071,0.0034491539156,86398,-0.00209495590176
2024-02-01,qi_1,100ms,5,0.00202550984977,0.995057755967,0.00291673418366,86398,-0.000891224333897
2024-02-01,qi_1,100ms,6,0.00300932891965,0.995208222413,0.00178244866779,86398,0.00122688025186
2024-02-01,qi_1,100ms,7,0.00387740456955,0.994895715179,0.00122688025186,86398,0.00265052431769
2024-02-01,qi_1,100ms,8,0.00510428482141,0.994143382949,0.000752332229913,86398,0.0043519525915
2024-02-01,qi_1,100ms,9,0.0115164702887,0.987870089585,0.000613440125929,86398,0.0109030301627
2024-02-01,qi_1,100ms,10,0.0483234371564,0.95085477505,0.000821787793558,86397,0.0475016493628
2024-02-01,trade_imbalance_100ms,100ms,1,0.001542933008,0.956869640102,0.0415874268901,27869,-0.0400444938821
2024-02-01,trade_imbalance_100ms,100ms,2,0.000609996770605,0.984606552083,0.0147834511464,27869,-0.0141734543758
2024-02-01,trade_imbalance_100ms,100ms,3,0.00287067604421,0.960958805799,0.036170518157,27868,-0.0332998421128
2024-02-01,trade_imbalance_100ms,100ms,4,0.00233234059349,0.961749614267,0.0359180451398,27869,-0.0335857045463
2024-02-01,trade_imbalance_100ms,100ms,5,0.00297832639587,0.942407061863,0.0546146117411,27868,-0.0516362853452
2024-02-01,trade_imbalance_100ms,100ms,6,0.0533208941835,0.934120348775,0.0125587570419,27869,0.0407621371416
2024-02-01,trade_imbalance_100ms,100ms,7,0.0431662420611,0.954752592486,0.00208116545265,27869,0.0410850766084
2024-02-01,trade_imbalance_100ms,100ms,8,0.0189105784412,0.980048801493,0.00104062006603,27868,0.0178699583752
2024-02-01,trade_imbalance_100ms,100ms,9,0.0470773978255,0.951451433492,0.00147116868205,27869,0.0456062291435
2024-02-01,trade_imbalance_100ms,100ms,10,0.0359911009043,0.962824745228,0.00118415386824,27868,0.034806947036
2024-02-01,di_10,1s,1,0.00759276835112,0.738917567536,0.253489664113,86398,-0.245896895761
2024-02-01,di_10,1s,2,0.0147109886803,0.862068566402,0.123220444918,86398,-0.108509456237
2024-02-01,di_10,1s,3,0.0196879557397,0.903215352207,0.0770966920531,86398,-0.0574087363133
2024-02-01,di_10,1s,4,0.0238662932012,0.918956457325,0.0571772494734,86398,-0.0333109562721
2024-02-01,di_10,1s,5,0.0340285654761,0.920530567837,0.0454408666867,86398,-0.0114123012107
2024-02-01,di_10,1s,6,0.0413898469872,0.925773744763,0.0328364082502,86398,0.00855343873701
2024-02-01,di_10,1s,7,0.0584388527512,0.918991180351,0.0225699668974,86398,0.0358688858538
2024-02-01,di_10,1s,8,0.0771243040524,0.905872003519,0.0170036924288,86393,0.0601206116236
2024-02-01,di_10,1s,9,0.11908978321,0.869208421589,0.0117017952012,86397,0.107387988009
2024-02-01,di_10,1s,10,0.244206773619,0.74671852212,0.00907470426187,86394,0.235132069357
2024-02-01,di_5,1s,1,0.00788212690109,0.734530891919,0.25758698118,86398,-0.249704854279
2024-02-01,di_5,1s,2,0.0144332044723,0.862508391398,0.12305840413,86398,-0.108625199657
2024-02-01,di_5,1s,3,0.0192828537698,0.905113544295,0.0756036019352,86398,-0.0563207481655
2024-02-01,di_5,1s,4,0.0241788004352,0.920947244149,0.0548739554156,86398,-0.0306951549804
2024-02-01,di_5,1s,5,0.0327553878562,0.921398643487,0.0458459686567,86398,-0.0130905808005
2024-02-01,di_5,1s,6,0.0409615963332,0.926549225677,0.0324891779902,86398,0.00847241834302
2024-02-01,di_5,1s,7,0.0573855876293,0.919847681659,0.0227667307114,86398,0.034618856918
2024-02-01,di_5,1s,8,0.0764992534117,0.906497054159,0.0170036924288,86393,0.059495560983
2024-02-01,di_5,1s,9,0.117781867426,0.87066680556,0.0115513270137,86397,0.106230540412
2024-02-01,di_5,1s,10,0.248975623307,0.742192744867,0.00883163182628,86394,0.240143991481
2024-02-01,microprice_deviation_bps,1s,1,0.0110303479247,0.728130280794,0.260839371282,86398,-0.249809023357
2024-02-01,microprice_deviation_bps,1s,2,0.0135419801384,0.864811685456,0.121646334406,86398,-0.108104354267
2024-02-01,microprice_deviation_bps,1s,3,0.0193754485058,0.906386721915,0.0742378295794,86398,-0.0548623810736
2024-02-01,microprice_deviation_bps,1s,4,0.0237042524133,0.923319984259,0.0529757633279,86398,-0.0292715109146
2024-02-01,microprice_deviation_bps,1s,5,0.0317947174703,0.922150975717,0.0460543068127,86398,-0.0142595893423
2024-02-01,microprice_deviation_bps,1s,6,0.0412278061992,0.925600129633,0.0331720641682,86398,0.00805574203107
2024-02-01,microprice_deviation_bps,1s,7,0.0563786198755,0.921329197435,0.0222921826894,86398,0.034086437186
2024-02-01,microprice_deviation_bps,1s,8,0.0746704015372,0.909587582327,0.0157420161356,86393,0.0589283854016
2024-02-01,microprice_deviation_bps,1s,9,0.120594465086,0.867935229232,0.0114703056819,86397,0.109124159404
2024-02-01,microprice_deviation_bps,1s,10,0.247818135519,0.741000532444,0.0111813320369,86394,0.236636803482
2024-02-01,ofi_1s,1s,1,0.0234380425473,0.741973193824,0.234588763629,86398,-0.211150721082
2024-02-01,ofi_1s,1s,2,0.0310655339244,0.848989559944,0.119944906132,86398,-0.0888793722077
2024-02-01,ofi_1s,1s,3,0.0310076622144,0.898377277252,0.0706150605338,86398,-0.0396073983194
2024-02-01,ofi_1s,1s,4,0.0333692142088,0.919360625948,0.0472701598435,86397,-0.0139009456347
2024-02-01,ofi_1s,1s,5,0.0300704885586,0.933736125097,0.0361933863444,86397,-0.0061228977858
2024-02-01,ofi_1s,1s,6,0.0392138706915,0.934986920994,0.025799208315,86398,0.0134146623764
2024-02-01,ofi_1s,1s,7,0.051751279024,0.919901845036,0.0283468759405,86394,0.0234044030835
2024-02-01,ofi_1s,1s,8,0.0713095210537,0.900472233154,0.0282182457927,86398,0.043091275261
2024-02-01,ofi_1s,1s,9,0.110841030627,0.854908905711,0.0342500636618,86394,0.0765909669653
2024-02-01,ofi_1s,1s,10,0.218060603255,0.757552258154,0.0243871385912,86398,0.193673464664
2024-02-01,qi_1,1s,1,0.00872705386699,0.732204449177,0.259068496956,86398,-0.250341443089
2024-02-01,qi_1,1s,2,0.0140512511864,0.86408250191,0.121866246904,86398,-0.107814995717
2024-02-01,qi_1,1s,3,0.0196300840297,0.905715410079,0.0746545058913,86398,-0.0550244218616
2024-02-01,qi_1,1s,4,0.0245376050372,0.921977360587,0.0534850343758,86398,-0.0289474293386
2024-02-01,qi_1,1s,5,0.0327553878562,0.920380101391,0.0468645107526,86398,-0.0141091228964
2024-02-01,qi_1,1s,6,0.0419454154031,0.924384823723,0.0336697608741,86398,0.00827565452904
2024-02-01,qi_1,1s,7,0.0573392902613,0.920287506655,0.0223732030834,86398,0.0349660871779
2024-02-01,qi_1,1s,8,0.0748093016795,0.908846781568,0.0163439167525,86393,0.058465384927
2024-02-01,qi_1,1s,9,0.119541187773,0.868675995694,0.011782816533,86397,0.10775837124
2024-02-01,qi_1,1s,10,0.246799546265,0.743697478992,0.00950297474362,86394,0.237296571521
2024-02-01,trade_imbalance_1s,1s,1,0.0230435996068,0.917096433642,0.0598599667512,82409,-0.0368163671444
2024-02-01,trade_imbalance_1s,1s,2,0.0367844269955,0.859112367869,0.104103205136,82399,-0.0673187781405
2024-02-01,trade_imbalance_1s,1s,3,0.0353116771226,0.833707483406,0.130980839471,82409,-0.0956691623488
2024-02-01,trade_imbalance_1s,1s,4,0.0429443386038,0.866543702751,0.0905119586453,82409,-0.0475676200415
2024-02-01,trade_imbalance_1s,1s,5,0.052349286477,0.871177555577,0.0764731579458,82408,-0.0241238714688
2024-02-01,trade_imbalance_1s,1s,6,0.0655632273174,0.871470349112,0.0629664235702,82409,0.00259680374716
2024-02-01,trade_imbalance_1s,1s,7,0.0892135567717,0.860306519919,0.0504799233093,82409,0.0387336334624
2024-02-01,trade_imbalance_1s,1s,8,0.124476695507,0.838439976216,0.0370833282773,82409,0.0873933672293
2024-02-01,trade_imbalance_1s,1s,9,0.122607967576,0.847201155214,0.03019087721,82409,0.0924170903663
2024-02-01,trade_imbalance_1s,1s,10,0.0638530239783,0.911015920784,0.0251310552374,82408,0.0387219687409
2024-02-01,di_10,30s,1,0.27686983495,0.153417903192,0.569712261858,86398,-0.292842426908
2024-02-01,di_10,30s,2,0.299833329475,0.178453204935,0.521713465589,86398,-0.221880136114
2024-02-01,di_10,30s,3,0.328653441052,0.189344660756,0.482001898192,86398,-0.15334845714
2024-02-01,di_10,30s,4,0.363840500029,0.187175183749,0.448984316222,86395,-0.0851438161931
2024-02-01,di_10,30s,5,0.38375081026,0.193096583017,0.423152606723,86392,-0.0394017964626
2024-02-01,di_10,30s,6,0.412228408709,0.193763094838,0.394008496452,86389,0.0182199122573
2024-02-01,di_10,30s,7,0.446337110941,0.189459778906,0.364203110153,86298,0.082134000788
2024-02-01,di_10,30s,8,0.471292614789,0.179060359118,0.349647026093,86267,0.121645588696
2024-02-01,di_10,30s,9,0.505900336997,0.182418269621,0.311681393383,86351,0.194218943614
2024-02-01,di_10,30s,10,0.569055721462,0.160578280899,0.270365997639,86394,0.298689723823
2024-02-01,di_5,30s,1,0.274115141554,0.154031343318,0.571853515128,86398,-0.297738373573
2024-02-01,di_5,30s,2,0.305504757055,0.177677724021,0.516817518924,86398,-0.211312761869
2024-02-01,di_5,30s,3,0.319613879951,0.18902057918,0.491365540869,86398,-0.171751660918
2024-02-01,di_5,30s,4,0.367771656095,0.189962498264,0.442265845641,86396,-0.0744941895458
2024-02-01,di_5,30s,5,0.385560995937,0.18922109942,0.425217904643,86391,-0.0396569087058
2024-02-01,di_5,30s,6,0.406655862947,0.198078481306,0.395265655747,86390,0.0113902071999
2024-02-01,di_5,30s,7,0.452629261397,0.187907019861,0.359463718742,86298,0.0931655426545
2024-02-01,di_5,30s,8,0.467299578059,0.176728334956,0.355972086985,86268,0.111327491074
2024-02-01,di_5,30s,9,0.505240361788,0.187066439681,0.307693198532,86349,0.197547163256
2024-02-01,di_5,30s,10,0.573373150913,0.1570710929,0.269555756187,86394,0.303817394726
2024-02-01,microprice_deviation_bps,30s,1,0.283015810551,0.149193268363,0.567790921086,86398,-0.284775110535
2024-02-01,microprice_deviation_bps,30s,2,0.295562397278,0.179946295053,0.524491307669,86398,-0.228928910391
2024-02-01,microprice_deviation_bps,30s,3,0.327063752952,0.190251863512,0.482684383536,86396,-0.155620630585
2024-02-01,microprice_deviation_bps,30s,4,0.360431063421,0.193249296802,0.446319639777,86391,-0.0858885763563
2024-02-01,microprice_deviation_bps,30s,5,0.381073635964,0.190328479826,0.42859788421,86398,-0.0475242482465
2024-02-01,microprice_deviation_bps,30s,6,0.40776215515,0.197760070418,0.394477774432,86342,0.0132843807185
2024-02-01,microprice_deviation_bps,30s,7,0.451221350151,0.179034745006,0.369743904843,86257,0.0814774453088
2024-02-01,microprice_deviation_bps,30s,8,0.470424688955,0.185572623433,0.344002687612,86322,0.126422001344
2024-02-01,microprice_deviation_bps,30s,9,0.509295702908,0.183645119467,0.307059177625,86384,0.202236525282
2024-02-01,microprice_deviation_bps,30s,10,0.57185684191,0.157788735329,0.270354422761,86394,0.301502419149
2024-02-01,ofi_30s,30s,1,0.387925646427,0.145848283525,0.466226070048,86398,-0.0783004236209
2024-02-01,ofi_30s,30s,2,0.370043288039,0.164864927429,0.465091784532,86398,-0.095048496493
2024-02-01,ofi_30s,30s,3,0.369429847913,0.197597166601,0.432972985486,86398,-0.0635431375726
2024-02-01,ofi_30s,30s,4,0.364175096646,0.218025880229,0.417799023126,86398,-0.0536239264798
2024-02-01,ofi_30s,30s,5,0.38025526395,0.20733825948,0.41240647657,86342,-0.0321512126196
2024-02-01,ofi_30s,30s,6,0.414316224435,0.197367504701,0.388316270864,86154,0.0259999535715
2024-02-01,ofi_30s,30s,7,0.423343132943,0.204090372462,0.372566494595,86398,0.0507766383481
2024-02-01,ofi_30s,30s,8,0.430646542744,0.173534109586,0.39581934767,86398,0.034827195074
2024-02-01,ofi_30s,30s,9,0.449605314938,0.167295539249,0.383099145814,86398,0.0665061691243
2024-02-01,ofi_30s,30s,10,0.467823329244,0.130859510637,0.401317160119,86398,0.0665061691243
2024-02-01,qi_1,30s,1,0.282309775689,0.149633093359,0.568057130952,86398,-0.285747355263
2024-02-01,qi_1,30s,2,0.295550822936,0.179807402949,0.524641774115,86398,-0.229090951179
2024-02-01,qi_1,30s,3,0.326913283022,0.191038936988,0.48204777999,86396,-0.155134496967
2024-02-01,qi_1,30s,4,0.361484413886,0.192103344098,0.446412242016,86391,-0.0849278281302
2024-02-01,qi_1,30s,5,0.380714831362,0.190502094956,0.428783073682,86398,-0.0480682423204
2024-02-01,qi_1,30s,6,0.408342887584,0.197442935066,0.39421417735,86349,0.0141287102341
2024-02-01,qi_1,30s,7,0.450305411639,0.179398912804,0.370295675557,86277,0.0800097360826
2024-02-01,qi_1,30s,8,0.469218914754,0.185265865613,0.345515219633,86303,0.123703695121
2024-02-01,qi_1,30s,9,0.508937667871,0.185201907937,0.305860424192,86376,0.203077243679
2024-02-01,qi_1,30s,10,0.57394031993,0.156376600227,0.269683079844,86394,0.304257240086
2024-02-01,trade_imbalance_30s,30s,1,0.364522326906,0.199784717239,0.435692955855,86398,-0.0711706289497
2024-02-01,trade_imbalance_30s,30s,2,0.385471885923,0.178406907567,0.436121206509,86398,-0.0506493205861
2024-02-01,trade_imbalance_30s,30s,3,0.407602027825,0.170987754346,0.421410217829,86398,-0.0138081900044
2024-02-01,trade_imbalance_30s,30s,4,0.406556769772,0.179454528616,0.413988701611,86384,-0.00743193183923
2024-02-01,trade_imbalance_30s,30s,5,0.385984414261,0.18445826241,0.429557323329,86361,-0.0435729090678
2024-02-01,trade_imbalance_30s,30s,6,0.408065507603,0.163861793804,0.428072698593,86219,-0.0200071909904
2024-02-01,trade_imbalance_30s,30s,7,0.412730578168,0.170080709596,0.417188712236,86359,-0.00445813406825
2024-02-01,trade_imbalance_30s,30s,8,0.392522607014,0.179952991305,0.427524401681,86367,-0.0350017946669
2024-02-01,trade_imbalance_30s,30s,9,0.439014792009,0.190131716012,0.370853491979,86398,0.0681613000301
2024-02-01,trade_imbalance_30s,30s,10,0.455079978703,0.18959929628,0.355320725017,86398,0.0997592536864
2024-02-01,di_10,500ms,1,0.00275469339568,0.831558600894,0.165686705711,86398,-0.162932012315
2024-02-01,di_10,500ms,2,0.00562513021135,0.926965901988,0.0674089678002,86398,-0.0617838375888
2024-02-01,di_10,500ms,3,0.00817148545105,0.953158637931,0.0386698766175,86398,-0.0304983911665
2024-02-01,di_10,500ms,4,0.0104053334568,0.962545429292,0.0270492372509,86398,-0.0166439037941
2024-02-01,di_10,500ms,5,0.0157063820922,0.963679714808,0.0206139030996,86398,-0.00490752100743
2024-02-01,di_10,500ms,6,0.0197342531077,0.966133475312,0.0141322715804,86398,0.00560198152735
2024-02-01,di_10,500ms,7,0.0281487997407,0.96230236811,0.00954883214889,86398,0.0185999675918
2024-02-01,di_10,500ms,8,0.0387508970115,0.954478112919,0.00677099006921,86398,0.0319799069423
2024-02-01,di_10,500ms,9,0.065939789576,0.929569313749,0.00449089667465,86397,0.0614488929014
2024-02-01,di_10,500ms,10,0.159200870431,0.836701622798,0.0040975067713,86394,0.15510336366
2024-02-01,di_5,500ms,1,0.00299775457765,0.828607143684,0.168395101738,86398,-0.165397347161
2024-02-01,di_5,500ms,2,0.00537049468738,0.92726683488,0.0673626704322,86398,-0.0619921757448
2024-02-01,di_5,500ms,3,0.00793999861108,0.954292923447,0.0377670779416,86398,-0.0298270793305
2024-02-01,di_5,500ms,4,0.0107988610847,0.963598694414,0.025602444501,86398,-0.0148035834163
2024-02-01,di_5,500ms,5,0.0149077524943,0.964235283224,0.0208569642816,86398,-0.00594921178731
2024-02-01,di_5,500ms,6,0.0195722123197,0.966376536494,0.0140512511864,86398,0.00552096113336
2024-02-01,di_5,500ms,7,0.0273501701428,0.963425079284,0.00922475057293,86398,0.0181254195699
2024-02-01,di_5,500ms,8,0.0383226463576,0.954987383967,0.00668996967522,86398,0.0316326766823
2024-02-01,di_5,500ms,9,0.0661944280473,0.928979015475,0.00482655647766,86397,0.0613678715696
2024-02-01,di_5,500ms,10,0.160983401625,0.83532421233,0.00369238604533,86394,0.15729101558
2024-02-01,microprice_deviation_bps,500ms,1,0.00537049468738,0.822727377949,0.171902127364,86398,-0.166531632677
2024-02-01,microprice_deviation_bps,500ms,2,0.00547466376536,0.929049283548,0.0654760526864,86398,-0.060001388921
2024-02-01,microprice_deviation_bps,500ms,3,0.00788212690109,0.955716567513,0.0364013055858,86398,-0.0285191786847
2024-02-01,microprice_deviation_bps,500ms,4,0.0102780156948,0.96531169703,0.0244102872752,86398,-0.0141322715804
2024-02-01,microprice_deviation_bps,500ms,5,0.0141322715804,0.965265399662,0.0206023287576,86398,-0.00647005717725
2024-02-01,microprice_deviation_bps,500ms,6,0.0192481307438,0.966689043728,0.0140628255284,86398,0.0051853052154
2024-02-01,microprice_deviation_bps,500ms,7,0.0268177504109,0.963911201648,0.00927104794092,86398,0.01754670247
2024-02-01,microprice_deviation_bps,500ms,8,0.0359730549318,0.957823097757,0.00620384731128,86398,0.0297692076205
2024-02-01,microprice_deviation_bps,500ms,9,0.0667384284177,0.928897994143,0.00436357743903,86397,0.0623748509786
2024-02-01,microprice_deviation_bps,500ms,10,0.162522860384,0.831701275552,0.00577586406463,86394,0.156746996319
2024-02-01,ofi_500ms,500ms,1,0.0124308433066,0.837091136369,0.150478020325,86398,-0.138047177018
2024-02-01,ofi_500ms,500ms,2,0.016898539318,0.920785203361,0.0623162573208,86398,-0.0454177180027
2024-02-01,ofi_500ms,500ms,3,0.0184379268039,0.945994120234,0.0355679529619,86398,-0.017130026158
2024-02-01,ofi_500ms,500ms,4,0.0168059445821,0.957105488553,0.026088566865,86398,-0.00928262228292
2024-02-01,ofi_500ms,500ms,5,0.0146762656543,0.970670617375,0.0146531169703,86398,2.31486839973e-05
2024-02-01,ofi_500ms,500ms,6,0.0178360610199,0.970323387115,0.0118405518646,86398,0.0059955091553
2024-02-01,ofi_500ms,500ms,7,0.026204310285,0.960091668789,0.0137040209264,86398,0.0125002893585
2024-02-01,ofi_500ms,500ms,8,0.0358225884858,0.94903817218,0.0151392393342,86398,0.0206833491516
2024-02-01,ofi_500ms,500ms,9,0.0561503825541,0.928836827058,0.0150127903881,86393,0.041137592166
2024-02-01,ofi_500ms,500ms,10,0.139169888192,0.847160813908,0.0136692979004,86398,0.125500590291
2024-02-01,qi_1,500ms,1,0.00333341049561,0.827160350934,0.16950623857,86398,-0.166172828075
2024-02-01,qi_1,500ms,2,0.00583346836732,0.928169633556,0.0659968980763,86398,-0.060163429709
2024-02-01,qi_1,500ms,3,0.00825250584504,0.954732748443,0.0370147457117,86398,-0.0287622398667
2024-02-01,qi_1,500ms,4,0.0108683071367,0.964107965462,0.0250237274011,86398,-0.0141554202644
2024-02-01,qi_1,500ms,5,0.0150929419662,0.963506099678,0.0214009583555,86398,-0.00630801638927
2024-02-01,qi_1,500ms,6,0.0200120373157,0.965439014792,0.0145489478923,86398,0.00546308942337
2024-02-01,qi_1,500ms,7,0.0277784207968,0.962672747054,0.00954883214889,86398,0.0182295886479
2024-02-01,qi_1,500ms,8,0.0361235213778,0.957452718813,0.00642375980925,86398,0.0296997615686
2024-02-01,qi_1,500ms,9,0.0667847263215,0.928446589581,0.00476868409783,86397,0.0620160422237
2024-02-01,qi_1,500ms,10,0.160358358219,0.835405236475,0.00423640530592,86394,0.156121952913
2024-02-01,trade_imbalance_500ms,500ms,1,0.0134430176565,0.941570167393,0.0449868149507,69776,-0.0315437972942
2024-02-01,trade_imbalance_500ms,500ms,2,0.0162806695712,0.940767599175,0.0429517312543,69776,-0.0266710616831
2024-02-01,trade_imbalance_500ms,500ms,3,0.0208811052511,0.928471107544,0.0506477872048,69776,-0.0297666819537
2024-02-01,trade_imbalance_500ms,500ms,4,0.0187181104168,0.871854038869,0.109427850714,69772,-0.090709740297
2024-02-01,trade_imbalance_500ms,500ms,5,0.0280038981885,0.919012267828,0.052983833983,69776,-0.0249799357945
2024-02-01,trade_imbalance_500ms,500ms,6,0.0404007108461,0.923498050906,0.0361012382481,69776,0.00429947259803
2024-02-01,trade_imbalance_500ms,500ms,7,0.0803571428571,0.894892226554,0.0247506305893,69776,0.0556065122678
2024-02-01,trade_imbalance_500ms,500ms,8,0.0914067874341,0.890822059161,0.0177711534052,69776,0.0736356340289
2024-02-01,trade_imbalance_500ms,500ms,9,0.0329912864022,0.956260032103,0.0107486814951,69776,0.0222426049071
2024-02-01,trade_imbalance_500ms,500ms,10,0.0553342123366,0.926192387067,0.0184734005962,69776,0.0368608117404
2024-02-01,di_10,5s,1,0.0658927289984,0.459848607607,0.474258663395,86398,-0.408365934397
2024-02-01,di_10,5s,2,0.0927914998032,0.577467070997,0.3297414292,86398,-0.236949929397
2024-02-01,di_10,5s,3,0.116345285771,0.614632283155,0.269022431075,86398,-0.152677145304
2024-02-01,di_10,5s,4,0.126114030417,0.648058982847,0.225826986736,86398,-0.0997129563184
2024-02-01,di_10,5s,5,0.155640176856,0.65531609528,0.189043727864,86398,-0.0334035510081
2024-02-01,di_10,5s,6,0.176291511847,0.661330462664,0.162378025489,86391,0.0139134863585
2024-02-01,di_10,5s,7,0.219246261401,0.651372748738,0.129380989861,86396,0.0898652715403
2024-02-01,di_10,5s,8,0.260667183863,0.629042529787,0.110290286349,86363,0.150376897514
2024-02-01,di_10,5s,9,0.325975739618,0.58266586416,0.091358396222,86396,0.234617343396
2024-02-01,di_10,5s,10,0.476595596916,0.462624719309,0.0607796837743,86394,0.415815913142
2024-02-01,di_5,5s,1,0.0662399592583,0.455207296465,0.478552744276,86398,-0.412312785018
2024-02-01,di_5,5s,2,0.0932660478252,0.572929928934,0.333804023241,86398,-0.240537975416
2024-02-01,di_5,5s,3,0.111923887127,0.622144031112,0.265932081761,86398,-0.154008194634
2024-02-01,di_5,5s,4,0.128486770527,0.652665570962,0.218847658511,86398,-0.0903608879835
2024-02-01,di_5,5s,5,0.153591518322,0.656751313688,0.18965716799,86398,-0.0360656496678
2024-02-01,di_5,5s,6,0.170874280886,0.665995300436,0.163130418678,86391,0.00774386220787
2024-02-01,di_5,5s,7,0.224986109825,0.645557459024,0.129456431151,86392,0.095529678674
2024-02-01,di_5,5s,8,0.258564994385,0.629010408827,0.112424596788,86369,0.146140397596
2024-02-01,di_5,5s,9,0.320716716439,0.590700743107,0.0885825404542,86394,0.232134175984
2024-02-01,di_5,5s,10,0.486908813112,0.451397087761,0.0616940991273,86394,0.425214713985
2024-02-01,microprice_deviation_bps,5s,1,0.0699437486979,0.446653857728,0.483402393574,86398,-0.413458644876
2024-02-01,microprice_deviation_bps,5s,2,0.0897242991736,0.580094446631,0.330181254196,86398,-0.240456955022
2024-02-01,microprice_deviation_bps,5s,3,0.114354498947,0.616079075905,0.269566425149,86398,-0.155211926202
2024-02-01,microprice_deviation_bps,5s,4,0.126403388967,0.664563994537,0.209032616496,86398,-0.0826292275284
2024-02-01,microprice_deviation_bps,5s,5,0.151566008472,0.65456376305,0.193870228478,86398,-0.0423042200051
2024-02-01,microprice_deviation_bps,5s,6,0.176673496082,0.656908705768,0.16641779815,86391,0.0102556979315
2024-02-01,microprice_deviation_bps,5s,7,0.220214391554,0.648754398963,0.131031209483,86384,0.0891831820708
2024-02-01,microprice_deviation_bps,5s,8,0.257693287332,0.633581864913,0.108724847755,86374,0.148968439577
2024-02-01,microprice_deviation_bps,5s,9,0.328819287707,0.583851291133,0.0873294211605,86397,0.241489866546
2024-02-01,microprice_deviation_bps,5s,10,0.480160659305,0.45731185036,0.062527490335,86394,0.41763316897
2024-02-01,ofi_5s,5s,1,0.144401490775,0.470612745665,0.384985763559,86398,-0.240584272784
2024-02-01,ofi_5s,5s,2,0.141392161856,0.524873260955,0.333734577189,86398,-0.192342415334
2024-02-01,ofi_5s,5s,3,0.135952221116,0.585082988032,0.278964790852,86398,-0.143012569735
2024-02-01,ofi_5s,5s,4,0.128315254512,0.665771408064,0.205913337424,86381,-0.0775980829118
2024-02-01,ofi_5s,5s,5,0.133173566731,0.717282578494,0.149543854774,86376,-0.016370288043
2024-02-01,ofi_5s,5s,6,0.154399083259,0.719780537775,0.125820378966,86393,0.0285787042932
2024-02-01,ofi_5s,5s,7,0.196326048708,0.671890915826,0.131783035466,86392,0.064543013242
2024-02-01,ofi_5s,5s,8,0.25868654367,0.604666774694,0.136646681636,86398,0.122039862034
2024-02-01,ofi_5s,5s,9,0.327414986458,0.532512326674,0.140072686868,86398,0.18734229959
2024-02-01,ofi_5s,5s,10,0.395425820042,0.449929396514,0.154644783444,86398,0.240781036598
2024-02-01,qi_1,5s,1,0.068566402,0.448308988634,0.483124609366,86398,-0.414558207366
2024-02-01,qi_1,5s,2,0.0899905090396,0.579608324267,0.330401166694,86398,-0.240410657654
2024-02-01,qi_1,5s,3,0.114423944999,0.616160096299,0.269415958703,86398,-0.154992013704
2024-02-01,qi_1,5s,4,0.127190444223,0.664124169541,0.208685386236,86398,-0.0814949420125
2024-02-01,qi_1,5s,5,0.151971110442,0.653429477534,0.194599412023,86398,-0.0426283015811
2024-02-01,qi_1,5s,6,0.177067055596,0.656306791217,0.166626153187,86391,0.0104409024088
2024-02-01,qi_1,5s,7,0.220408824687,0.648945528625,0.130645646688,86394,0.0897631779985
2024-02-01,qi_1,5s,8,0.256785234588,0.633238386365,0.109976379047,86364,0.146808855542
2024-02-01,qi_1,5s,9,0.326851626793,0.585263377201,0.0878849960068,86397,0.238966630786
2024-02-01,qi_1,5s,10,0.482302011714,0.456976178901,0.0607218093849,86394,0.421580202329
2024-02-01,trade_imbalance_5s,5s,1,0.120805602176,0.598495283292,0.280699114532,86395,-0.159893512356
2024-02-01,trade_imbalance_5s,5s,2,0.144702573185,0.609739440451,0.245557986364,86391,-0.10085541318
2024-02-01,trade_imbalance_5s,5s,3,0.162776156732,0.598003797879,0.239220045389,86364,-0.0764438886573
2024-02-01,trade_imbalance_5s,5s,4,0.178652868933,0.585755460638,0.235591670429,86391,-0.0569388014955
2024-02-01,trade_imbalance_5s,5s,5,0.193615592954,0.586622375518,0.219762031529,86398,-0.026146438575
2024-02-01,trade_imbalance_5s,5s,6,0.197180490289,0.597502256997,0.205317252714,86398,-0.00813676242506
2024-02-01,trade_imbalance_5s,5s,7,0.217785339769,0.60359734713,0.178617313101,86397,0.0391680266676
2024-02-01,trade_imbalance_5s,5s,8,0.233304011667,0.600349545128,0.166346443205,86398,0.0669575684622
2024-02-01,trade_imbalance_5s,5s,9,0.266892752147,0.586089955786,0.147017292067,86398,0.11987546008
2024-02-01,trade_imbalance_5s,5s,10,0.299755778557,0.576212136995,0.124032084447,86397,0.17572369411
2024-03-01,di_10,100ms,1,0.000578743894252,0.936152973586,0.0632682825196,86394,-0.0626895386254
2024-03-01,di_10,100ms,2,0.000844966085608,0.978308678843,0.020846355071,86394,-0.0200013889853
2024-03-01,di_10,100ms,3,0.00180574365385,0.986422196757,0.0117720595895,86391,-0.00996631593569
2024-03-01,di_10,100ms,4,0.00252335258644,0.989987614737,0.00748903267626,86393,-0.00496568008982
2024-03-01,di_10,100ms,5,0.00410912921186,0.990670540437,0.00522033035084,86393,-0.00111120113898
2024-03-01,di_10,100ms,6,0.00547491723962,0.990902145982,0.00362293677802,86394,0.00185198046161
2024-03-01,di_10,100ms,7,0.00838021158877,0.989675208927,0.00194457948469,86394,0.00643563210408
2024-03-01,di_10,100ms,8,0.0122000625051,0.98615628581,0.00164365168474,86393,0.0105564108203
2024-03-01,di_10,100ms,9,0.0220154177373,0.976896543741,0.00108803852119,86394,0.0209273792161
2024-03-01,di_10,100ms,10,0.0615906381304,0.937761161205,0.000648200664406,86393,0.060942437466
2024-03-01,di_5,100ms,1,0.000613468527907,0.93191656828,0.0674699631919,86394,-0.066856494664
2024-03-01,di_5,100ms,2,0.000821816329838,0.980149084427,0.019029099243,86394,-0.0182072829132
2024-03-01,di_5,100ms,3,0.00169001041787,0.987521703901,0.0107882856812,86390,-0.00909827526334
2024-03-01,di_5,100ms,4,0.00237284996643,0.990925295738,0.00670185429544,86394,-0.004329004329
2024-03-01,di_5,100ms,5,0.00394707904576,0.991202990983,0.00484992997118,86393,-0.000902850925422
2024-03-01,di_5,100ms,6,0.00467625066556,0.991990184504,0.00333356483089,86394,0.00134268583466
2024-03-01,di_5,100ms,7,0.00753524550316,0.990334976966,0.00212977753085,86394,0.00540546797231
2024-03-01,di_5,100ms,8,0.0104753857373,0.987857812554,0.00166680170847,86393,0.0088085840288
2024-03-01,di_5,100ms,9,0.0197814663055,0.97925781883,0.000960714864458,86394,0.0188207514411
2024-03-01,di_5,100ms,10,0.0676096442999,0.931776880071,0.000613475628813,86393,0.0669961686711
2024-03-01,microprice_deviation_bps,100ms,1,0.00153945875871,0.92666157372,0.0717989675209,86394,-0.0702595087622
2024-03-01,microprice_deviation_bps,100ms,2,0.000914425937287,0.982510157073,0.0165754169898,86393,-0.0156609910525
2024-03-01,microprice_deviation_bps,100ms,3,0.00142374293916,0.989374016113,0.00920224094824,86392,-0.00777849800907
2024-03-01,microprice_deviation_bps,100ms,4,0.00240760246779,0.991318741102,0.0062736564305,86393,-0.00386605396271
2024-03-01,microprice_deviation_bps,100ms,5,0.0035766786661,0.992441517253,0.00398180408135,86393,-0.000405125415254
2024-03-01,microprice_deviation_bps,100ms,6,0.00435215408477,0.992430029863,0.00321781605204,86394,0.00113433803273
2024-03-01,microprice_deviation_bps,100ms,7,0.00631988332523,0.991689237679,0.00199087899623,86394,0.004329004329
2024-03-01,microprice_deviation_bps,100ms,8,0.0086118088271,0.989860289607,0.0015279015661,86393,0.007083907261
2024-03-01,microprice_deviation_bps,100ms,9,0.0160196309929,0.982996504387,0.000983864620228,86394,0.0150357663727
2024-03-01,microprice_deviation_bps,100ms,10,0.0743578762168,0.923651221743,0.00199090204067,86393,0.0723669741761
2024-03-01,ofi_100ms,100ms,1,0.00305559092119,0.932533941365,0.0644104677137,86399,-0.0613548767926
2024-03-01,ofi_100ms,100ms,2,0.00394680493987,0.980219678469,0.0158335165916,86399,-0.0118867116518
2024-03-01,ofi_100ms,100ms,3,0.00444454732748,0.987164054723,0.00839139794903,86398,-0.00394685062154
2024-03-01,ofi_100ms,100ms,4,0.00385421127559,0.991446660262,0.00469912846213,86399,-0.000844917186542
2024-03-01,ofi_100ms,100ms,5,0.00368230294468,0.992542757559,0.00377493949675,86359,-9.26365520675e-05
2024-03-01,ofi_100ms,100ms,6,0.00567221540527,0.988991271734,0.00533651286088,86386,0.000335702544394
2024-03-01,ofi_100ms,100ms,7,0.0051737308734,0.991249797449,0.00357647167759,86398,0.00159725919581
2024-03-01,ofi_100ms,100ms,8,0.008657607815,0.987059885646,0.0042825065395,86398,0.00437510127549
2024-03-01,ofi_100ms,100ms,9,0.0159029618398,0.979988194308,0.00410884385236,86399,0.0117941179875
2024-03-01,ofi_100ms,100ms,10,0.0651288224264,0.931746105234,0.00312507233964,86398,0.0620037500868
2024-03-01,qi_1,100ms,1,0.000729217306757,0.929682616848,0.0695881658449,86394,-0.0688589485381
2024-03-01,qi_1,100ms,2,0.000983876008473,0.981734631278,0.0172814927135,86393,-0.0162976167051
2024-03-01,qi_1,100ms,3,0.00162052041856,0.988737383091,0.00964209649042,86392,-0.00802157607186
2024-03-01,qi_1,100ms,4,0.00260437766949,0.990658965425,0.00673665690507,86393,-0.00413227923559
2024-03-01,qi_1,100ms,5,0.00394707904576,0.991422916208,0.00463000474575,86393,-0.000682925699999
2024-03-01,qi_1,100ms,6,0.00511609602519,0.991284116953,0.00359978702225,86394,0.00151630900294
2024-03-01,qi_1,100ms,7,0.00682917795217,0.990994745005,0.00217607704239,86394,0.00465310090979
2024-03-01,qi_1,100ms,8,0.0092947345271,0.988992163717,0.00171310175593,86393,0.00758163277117
2024-03-01,qi_1,100ms,9,0.0167719980554,0.982139963423,0.00108803852119,86394,0.0156839595342
2024-03-01,qi_1,100ms,10,0.0716261734168,0.927285775468,0.00108805111525,86393,0.0705381223016
2024-03-01,trade_imbalance_100ms,100ms,1,0.00210024844402,0.966114284251,0.0317854673053,39043,-0.0296852188613
2024-03-01,trade_imbalance_100ms,100ms,2,0.00202403217955,0.970151930517,0.0278240373037,39031,-0.0258000051241
2024-03-01,trade_imbalance_100ms,100ms,3,0.00399559460082,0.948774428195,0.0472299772046,39043,-0.0432343826038
2024-03-01,trade_imbalance_100ms,100ms,4,0.00230520977409,0.962143332821,0.0355514574048,39042,-0.0332462476308
2024-03-01,trade_imbalance_100ms,100ms,5,0.00817257192632,0.921707273333,0.0701201547409,39033,-0.0619475828145
2024-03-01,trade_imbalance_100ms,100ms,6,0.0656896905104,0.925548268088,0.00876204140193,39032,0.0569276491084
2024-03-01,trade_imbalance_100ms,100ms,7,0.0327852056759,0.965601147482,0.00161364684186,39042,0.0311715588341
2024-03-01,trade_imbalance_100ms,100ms,8,0.0311811427107,0.966897258519,0.00192159877018,39030,0.0292595439406
2024-03-01,trade_imbalance_100ms,100ms,9,0.0505609343784,0.945827570309,0.00361149531274,39042,0.0469494390656
2024-03-01,trade_imbalance_100ms,100ms,10,0.0365247681984,0.961195635469,0.00227959633216,39042,0.0342451718662
2024-03-01,di_10,1s,1,0.0179989351112,0.671342917332,0.310658147557,86394,-0.292659212445
2024-03-01,di_10,1s,2,0.0291455425145,0.793481028775,0.17737342871,86394,-0.148227886196
2024-03-01,di_10,1s,3,0.0405450777442,0.828684889954,0.130770032302,86373,-0.0902249545576
2024-03-01,di_10,1s,4,0.0552764400815,0.849185034266,0.0955385256529,86384,-0.0402620855714
2024-03-01,di_10,1s,5,0.0665215931846,0.857974604424,0.0755038023914,86393,-0.00898220920676
2024-03-01,di_10,1s,6,0.0786628701067,0.861726508785,0.0596106211079,86394,0.0190522489988
2024-03-01,di_10,1s,7,0.10371090585,0.851147070398,0.0451420237516,86394,0.0585688820983
2024-03-01,di_10,1s,8,0.135080388457,0.829048649775,0.0358709617677,86393,0.0992094266897
2024-03-01,di_10,1s,9,0.183322915943,0.788908952011,0.0277681320462,86394,0.155554783897
2024-03-01,di_10,1s,10,0.313150370979,0.668781035501,0.0180685935203,86393,0.295081777459
2024-03-01,di_5,1s,1,0.0173854665833,0.660775053823,0.321839479593,86394,-0.30445401301
2024-03-01,di_5,1s,2,0.0275134847327,0.797729008959,0.174757506308,86394,-0.147244021576
2024-03-01,di_5,1s,3,0.0408739853873,0.831467179232,0.127658835381,86363,-0.0867848499936
2024-03-01,di_5,1s,4,0.0537768826539,0.849677060907,0.0965460564391,86394,-0.0427691737852
2024-03-01,di_5,1s,5,0.0688481705694,0.858414454875,0.0727373745558,86393,-0.00388920398643
2024-03-01,di_5,1s,6,0.0735930735931,0.867467648216,0.0589392781906,86394,0.0146537954025
2024-03-01,di_5,1s,7,0.0994976502998,0.856737736417,0.0437646132833,86394,0.0557330370165
2024-03-01,di_5,1s,8,0.127116780295,0.837486833424,0.0353963862813,86393,0.0917203940134
2024-03-01,di_5,1s,9,0.185198046161,0.787566266176,0.0272356876635,86394,0.157962358497
2024-03-01,di_5,1s,10,0.32961003785,0.652957994282,0.0174319678678,86393,0.312178069983
2024-03-01,microprice_deviation_bps,1s,1,0.0199203648402,0.653691228558,0.326388406602,86394,-0.306468041762
2024-03-01,microprice_deviation_bps,1s,2,0.0261159473977,0.804605019448,0.169279033154,86384,-0.143163085757
2024-03-01,microprice_deviation_bps,1s,3,0.0398110739382,0.830591667342,0.12959725872,86383,-0.0897861847817
2024-03-01,microprice_deviation_bps,1s,4,0.0536441933691,0.850597332839,0.0957584737914,86384,-0.0421142804223
2024-03-01,microprice_deviation_bps,1s,5,0.0669498686236,0.859791881287,0.0732582500897,86393,-0.00630838146609
2024-03-01,microprice_deviation_bps,1s,6,0.0745885130912,0.869389077945,0.0560224089636,86394,0.0185661041276
2024-03-01,microprice_deviation_bps,1s,7,0.0964650322939,0.858751765169,0.0447832025372,86394,0.0516818297567
2024-03-01,microprice_deviation_bps,1s,8,0.126862130034,0.839396710382,0.0337411595847,86393,0.093120970449
2024-03-01,microprice_deviation_bps,1s,9,0.176146491655,0.797416487256,0.0264370210894,86394,0.149709470565
2024-03-01,microprice_deviation_bps,1s,10,0.342909726482,0.636046901948,0.0210433715695,86393,0.321866354913
2024-03-01,ofi_1s,1s,1,0.0473037882383,0.677125892661,0.275570319101,86399,-0.228266530863
2024-03-01,ofi_1s,1s,2,0.0510469840608,0.770427475084,0.178525540855,86391,-0.127478556794
2024-03-01,ofi_1s,1s,3,0.05046471521,0.829044989988,0.120490294802,86397,-0.0700255795919
2024-03-01,ofi_1s,1s,4,0.0537148943067,0.857493459285,0.0887916464078,86382,-0.0350767521011
2024-03-01,ofi_1s,1s,5,0.0504140367132,0.883224274712,0.0663616885749,86345,-0.0159476518617
2024-03-01,ofi_1s,1s,6,0.0682075973981,0.879233315586,0.0525590870159,86398,0.0156485103822
2024-03-01,ofi_1s,1s,7,0.0952094352944,0.852162640771,0.0526279239343,86399,0.0425815113601
2024-03-01,ofi_1s,1s,8,0.121241232436,0.828965948286,0.0497928192782,86398,0.0714484131577
2024-03-01,ofi_1s,1s,9,0.198486093589,0.753237884698,0.0482760217132,86399,0.150210071876
2024-03-01,ofi_1s,1s,10,0.287298317091,0.669413643834,0.043288039075,86398,0.244010278016
2024-03-01,qi_1,1s,1,0.0183693312036,0.656932194365,0.324698474431,86394,-0.306329143228
2024-03-01,qi_1,1s,2,0.0262548620115,0.804141970735,0.169603167253,86384,-0.143348305242
2024-03-01,qi_1,1s,3,0.0405519604552,0.830313834898,0.129134204647,86383,-0.0885822441916
2024-03-01,qi_1,1s,4,0.0539451750324,0.849300796444,0.0967540285238,86384,-0.0428088534914
2024-03-01,qi_1,1s,5,0.0673202690033,0.858553355017,0.0741263759795,86393,-0.00680610697626
2024-03-01,qi_1,1s,6,0.075618677223,0.867780169919,0.0566011528578,86394,0.0190175243651
2024-03-01,qi_1,1s,7,0.0969164525314,0.857918373961,0.0451651735074,86394,0.051751279024
2024-03-01,qi_1,1s,8,0.127406155591,0.838493859456,0.0340999849525,86393,0.0933061706388
2024-03-01,qi_1,1s,9,0.176783109938,0.796085376299,0.0271315137625,86394,0.149651596176
2024-03-01,qi_1,1s,10,0.340247473754,0.640757931777,0.0189945944695,86393,0.321252879284
2024-03-01,trade_imbalance_1s,1s,1,0.0472969810438,0.845179031126,0.107523987831,85460,-0.0602270067868
2024-03-01,trade_imbalance_1s,1s,2,0.0550777547653,0.776939188636,0.167983056599,85461,-0.112905301834
2024-03-01,trade_imbalance_1s,1s,3,0.0681464493407,0.787264664241,0.144588886419,85463,-0.076442437078
2024-03-01,trade_imbalance_1s,1s,4,0.0778755676232,0.795948223398,0.126176208979,85444,-0.0483006413557
2024-03-01,trade_imbalance_1s,1s,5,0.0924603824817,0.800589873833,0.106949743686,85442,-0.0144893612041
2024-03-01,trade_imbalance_1s,1s,6,0.109494774539,0.801057965757,0.0894472597048,85447,0.0200475148338
2024-03-01,trade_imbalance_1s,1s,7,0.127195497256,0.797821177407,0.0749833253373,85459,0.0522121719187
2024-03-01,trade_imbalance_1s,1s,8,0.152488825443,0.783073178723,0.0644379958344,85462,0.0880508296085
2024-03-01,trade_imbalance_1s,1s,9,0.171871526356,0.776177382554,0.0519510910899,85465,0.119920435266
2024-03-01,trade_imbalance_1s,1s,10,0.126907235795,0.825540578489,0.0475521857156,85464,0.0793550500796
2024-03-01,di_10,30s,1,0.323324458849,0.106667438361,0.57000810279,86390,-0.24668364394
2024-03-01,di_10,30s,2,0.369352671331,0.109714563737,0.520932764932,86324,-0.151580093601
2024-03-01,di_10,30s,3,0.400296670568,0.111263051767,0.488440277665,86291,-0.0881436070969
2024-03-01,di_10,30s,4,0.411744274898,0.109454233913,0.478801491189,86374,-0.0670572162919
2024-03-01,di_10,30s,5,0.428802982413,0.120037511722,0.451159505864,86373,-0.0223565234506
2024-03-01,di_10,30s,6,0.464056222575,0.109805374489,0.426138402936,86371,0.0379178196385
2024-03-01,di_10,30s,7,0.488349469588,0.111282253208,0.400368277204,86348,0.0879811923843
2024-03-01,di_10,30s,8,0.512793497893,0.109630435789,0.377576066318,86372,0.135217431575
2024-03-01,di_10,30s,9,0.544178776125,0.108296184797,0.347525039078,86365,0.196653737046
2024-03-01,di_10,30s,10,0.588226441306,0.0919888863163,0.319784672378,86380,0.268441768928
2024-03-01,di_5,30s,1,0.32444727399,0.105289964116,0.570262761894,86390,-0.245815487904
2024-03-01,di_5,30s,2,0.366173523176,0.108310066383,0.525516410441,86317,-0.159342887264
2024-03-01,di_5,30s,3,0.405243150526,0.110982337397,0.483774512076,86284,-0.0785313615502
2024-03-01,di_5,30s,4,0.411406544815,0.113718181713,0.474875273472,86389,-0.0634687286576
2024-03-01,di_5,30s,5,0.428941884696,0.114285714286,0.456772401019,86380,-0.0278305163232
2024-03-01,di_5,30s,6,0.462840340804,0.114384608261,0.422775050935,86384,0.0400652898685
2024-03-01,di_5,30s,7,0.491170578631,0.10989010989,0.398939311479,86359,0.0922312671522
2024-03-01,di_5,30s,8,0.51043597109,0.112004262417,0.377559766494,86336,0.132876204596
2024-03-01,di_5,30s,9,0.542417821622,0.108617874883,0.348964303496,86367,0.193453518126
2024-03-01,di_5,30s,10,0.5880623278,0.0906554606284,0.321282211572,86382,0.266780116228
2024-03-01,microprice_deviation_bps,30s,1,0.329084025148,0.103847534359,0.567068440492,86367,-0.237984415344
2024-03-01,microprice_deviation_bps,30s,2,0.36491260584,0.10693477581,0.52815261835,86333,-0.16324001251
2024-03-01,microprice_deviation_bps,30s,3,0.400781050826,0.109486175169,0.489732774005,86294,-0.0889517231789
2024-03-01,microprice_deviation_bps,30s,4,0.414869604473,0.113773425473,0.471356970055,86391,-0.0564873655821
2024-03-01,microprice_deviation_bps,30s,5,0.42931737137,0.117468624091,0.453214004539,86372,-0.0238966331682
2024-03-01,microprice_deviation_bps,30s,6,0.463565119752,0.112841052473,0.423593827775,86387,0.0399712919768
2024-03-01,microprice_deviation_bps,30s,7,0.486183624093,0.11611080884,0.397705567068,86383,0.0884780570251
2024-03-01,microprice_deviation_bps,30s,8,0.515664269252,0.112307888306,0.372027842442,86343,0.143636426809
2024-03-01,microprice_deviation_bps,30s,9,0.54561982514,0.105981124428,0.348399050431,86355,0.197220774709
2024-03-01,microprice_deviation_bps,30s,10,0.581151650591,0.0893785533157,0.329469796093,86363,0.251681854498
2024-03-01,ofi_30s,30s,1,0.366207942222,0.102605354229,0.53118670355,86399,-0.164978761328
2024-03-01,ofi_30s,30s,2,0.398277019986,0.106898867557,0.494824112457,86362,-0.0965470924712
2024-03-01,ofi_30s,30s,3,0.389754392463,0.115778143013,0.494467464525,86398,-0.104713072062
2024-03-01,ofi_30s,30s,4,0.42032257691,0.126390866882,0.453286556208,86367,-0.0329639792976
2024-03-01,ofi_30s,30s,5,0.446233694015,0.120079241873,0.433687064112,86318,0.0125466299034
2024-03-01,ofi_30s,30s,6,0.474529308106,0.118565664997,0.406905026897,86256,0.0676242812094
2024-03-01,ofi_30s,30s,7,0.481476763442,0.104573195446,0.413950041111,86351,0.067526722331
2024-03-01,ofi_30s,30s,8,0.502812825559,0.101852066211,0.39533510823,86390,0.107477717328
2024-03-01,ofi_30s,30s,9,0.509693109438,0.0997104806022,0.390596409959,86350,0.119096699479
2024-03-01,ofi_30s,30s,10,0.541928539185,0.0917045730755,0.366366887739,86397,0.175561651446
2024-03-01,qi_1,30s,1,0.329269281091,0.103106510589,0.56762420832,86367,-0.238354927229
2024-03-01,qi_1,30s,2,0.36437242274,0.107723671408,0.527903905852,86332,-0.163531483112
2024-03-01,qi_1,30s,3,0.401077698592,0.109774610348,0.48914769106,86295,-0.0880699924677
2024-03-01,qi_1,30s,4,0.414638098876,0.113078908683,0.472282992441,86391,-0.0576448935653
2024-03-01,qi_1,30s,5,0.429629972676,0.117815958876,0.452554068448,86372,-0.0229240957718
2024-03-01,qi_1,30s,6,0.463449361594,0.112702142684,0.423848495723,86387,0.039600865871
2024-03-01,qi_1,30s,7,0.486704867743,0.11652485964,0.396770272617,86385,0.0899345951265
2024-03-01,qi_1,30s,8,0.516550845495,0.111489460273,0.371959694232,86340,0.144591151262
2024-03-01,qi_1,30s,9,0.543657502837,0.106781388239,0.349561108924,86354,0.194096393913
2024-03-01,qi_1,30s,10,0.581798182134,0.0891333294737,0.329068488392,86365,0.252729693742
2024-03-01,trade_imbalance_30s,30s,1,0.383048414912,0.147212351995,0.469739233093,86399,-0.0866908181808
2024-03-01,trade_imbalance_30s,30s,2,0.418494245154,0.106620967555,0.474884787291,86362,-0.0563905421366
2024-03-01,trade_imbalance_30s,30s,3,0.427447937177,0.104843753619,0.467708309203,86338,-0.0402603720262
2024-03-01,trade_imbalance_30s,30s,4,0.421811699887,0.102842790009,0.475345510105,86394,-0.0535338102183
2024-03-01,trade_imbalance_30s,30s,5,0.455048890125,0.10123267992,0.443718429955,86316,0.0113304601696
2024-03-01,trade_imbalance_30s,30s,6,0.47090940706,0.0985104039877,0.430580188953,86265,0.040329218107
2024-03-01,trade_imbalance_30s,30s,7,0.469153963768,0.100854839457,0.429991196775,86332,0.0391627669925
2024-03-01,trade_imbalance_30s,30s,8,0.493807583684,0.10258576786,0.403606648456,86396,0.0902009352285
2024-03-01,trade_imbalance_30s,30s,9,0.488528499329,0.111577996944,0.399893503727,86388,0.0886349956012
2024-03-01,trade_imbalance_30s,30s,10,0.50295145721,0.111819718049,0.385228824741,86398,0.117722632468
2024-03-01,di_10,500ms,1,0.00681760307429,0.784938768896,0.20824362803,86394,-0.201426024955
2024-03-01,di_10,500ms,2,0.0117253512975,0.8884644767,0.0998101720027,86394,-0.0880848207051
2024-03-01,di_10,500ms,3,0.0166236412257,0.913848789692,0.0695275690819,86383,-0.0529039278562
2024-03-01,di_10,500ms,4,0.0246443412935,0.928347359039,0.0470082996678,86389,-0.0223639583743
2024-03-01,di_10,500ms,5,0.0320859328881,0.931036079312,0.0368779877999,86393,-0.00479205491186
2024-03-01,di_10,500ms,6,0.0381855221427,0.932564761442,0.0292497164155,86394,0.00893580572725
2024-03-01,di_10,500ms,7,0.0527698682779,0.927738037364,0.0194920943584,86394,0.0332777739195
2024-03-01,di_10,500ms,8,0.0722859490931,0.912307710115,0.0154063407915,86393,0.0568796083016
2024-03-01,di_10,500ms,9,0.105852258259,0.883105308239,0.0110424335023,86394,0.0948098247563
2024-03-01,di_10,500ms,10,0.208593288808,0.784241778848,0.00716493234406,86393,0.201428356464
2024-03-01,di_5,500ms,1,0.00669027941755,0.776361784383,0.216947936199,86394,-0.210257656782
2024-03-01,di_5,500ms,2,0.0111118827696,0.89049008033,0.0983980369007,86394,-0.0872861541311
2024-03-01,di_5,500ms,3,0.0161036375003,0.918069415823,0.0658269466762,86378,-0.0497233091759
2024-03-01,di_5,500ms,4,0.0238442484432,0.928802926129,0.0473528254277,86394,-0.0235085769845
2024-03-01,di_5,500ms,5,0.0327109835288,0.932274605581,0.0350144108898,86393,-0.00230342736101
2024-03-01,di_5,500ms,6,0.0355348751071,0.936025649929,0.0284394749635,86394,0.00709540014353
2024-03-01,di_5,500ms,7,0.0494826029585,0.931488297798,0.019029099243,86394,0.0304535037155
2024-03-01,di_5,500ms,8,0.0660007176507,0.918882316854,0.0151169654949,86393,0.0508837521558
2024-03-01,di_5,500ms,9,0.10507674144,0.883984998958,0.0109382596014,86394,0.094138481839
2024-03-01,di_5,500ms,10,0.223027328603,0.770212864468,0.0067598069288,86393,0.216267521674
2024-03-01,microprice_deviation_bps,500ms,1,0.00894738060513,0.767009283052,0.224043336343,86394,-0.215095955738
2024-03-01,microprice_deviation_bps,500ms,2,0.010325388649,0.896873444536,0.0928011668152,86389,-0.0824757781662
2024-03-01,microprice_deviation_bps,500ms,3,0.0154535352132,0.918495624392,0.0660508403945,86388,-0.0505973051813
2024-03-01,microprice_deviation_bps,500ms,4,0.0235099376078,0.930581439767,0.0459086226256,86389,-0.0223986850178
2024-03-01,microprice_deviation_bps,500ms,5,0.0314145821999,0.934080307432,0.0345051103677,86393,-0.00309052816779
2024-03-01,microprice_deviation_bps,500ms,6,0.0362293677802,0.937067388939,0.0267032432808,86394,0.00952612449939
2024-03-01,microprice_deviation_bps,500ms,7,0.0466004583652,0.933988471422,0.0194110702132,86394,0.027189388152
2024-03-01,microprice_deviation_bps,500ms,8,0.0640792656812,0.921729769773,0.0141909645457,86393,0.0498883011355
2024-03-01,microprice_deviation_bps,500ms,9,0.0976803944718,0.891728592263,0.0105910132648,86394,0.087089381207
2024-03-01,microprice_deviation_bps,500ms,10,0.235343141227,0.755038023914,0.00961883485931,86393,0.225724306367
2024-03-01,ofi_500ms,500ms,1,0.0210650586234,0.788539219204,0.190395722173,86399,-0.169330663549
2024-03-01,ofi_500ms,500ms,2,0.0263197490712,0.876526348685,0.0971539022442,86399,-0.0708341531731
2024-03-01,ofi_500ms,500ms,3,0.0250584504271,0.914893863284,0.060047686289,86398,-0.0349892358619
2024-03-01,ofi_500ms,500ms,4,0.0282294933969,0.929351034155,0.0424194724476,86399,-0.0141899790507
2024-03-01,ofi_500ms,500ms,5,0.0252626458017,0.946150371237,0.0285869829613,86333,-0.0033243371596
2024-03-01,ofi_500ms,500ms,6,0.0328591766108,0.940253938124,0.0268868852649,86399,0.00597229134596
2024-03-01,ofi_500ms,500ms,7,0.044896352967,0.929003807914,0.0260998391185,86399,0.0187965138485
2024-03-01,ofi_500ms,500ms,8,0.0634273941526,0.910032639644,0.0265399662029,86398,0.0368874279497
2024-03-01,ofi_500ms,500ms,9,0.101945624371,0.872105001215,0.0259493744141,86399,0.0759962499566
2024-03-01,ofi_500ms,500ms,10,0.200502326443,0.779774994792,0.0197226787657,86398,0.180779647677
2024-03-01,qi_1,500ms,1,0.00746579623585,0.771037340556,0.221496863208,86394,-0.214031066972
2024-03-01,qi_1,500ms,2,0.0106032017965,0.896202062763,0.0931947354409,86389,-0.0825915336443
2024-03-01,qi_1,500ms,3,0.0158471083947,0.917882113256,0.0662707783488,86388,-0.0504236699542
2024-03-01,qi_1,500ms,4,0.0239150817812,0.929250251768,0.0468346664506,86389,-0.0229195846693
2024-03-01,qi_1,500ms,5,0.0318197076152,0.932621855937,0.0355584364474,86393,-0.0037387288322
2024-03-01,qi_1,500ms,6,0.0372479570341,0.935516355302,0.0272356876635,86394,0.0100122693706
2024-03-01,qi_1,500ms,7,0.0471560525036,0.932981457046,0.0198624904507,86394,0.0272935620529
2024-03-01,qi_1,500ms,8,0.0651325917609,0.920456518468,0.0144108897712,86393,0.0507217019897
2024-03-01,qi_1,500ms,9,0.0986063847026,0.890328032039,0.0110655832581,86394,0.0875408014445
2024-03-01,qi_1,500ms,10,0.231789612584,0.760316229324,0.00789415809151,86393,0.223895454493
2024-03-01,trade_imbalance_500ms,500ms,1,0.0221207111941,0.925549232148,0.0523300566583,79247,-0.0302093454642
2024-03-01,trade_imbalance_500ms,500ms,2,0.0308923185644,0.906464924347,0.062642757089,79243,-0.0317504385245
2024-03-01,trade_imbalance_500ms,500ms,3,0.0286341666562,0.842013604069,0.129352229275,79241,-0.100718062619
2024-03-01,trade_imbalance_500ms,500ms,4,0.0400959172083,0.870208872342,0.0896952104499,79235,-0.0495992932416
2024-03-01,trade_imbalance_500ms,500ms,5,0.0509296073308,0.884635288475,0.0644351041943,79227,-0.0135054968634
2024-03-01,trade_imbalance_500ms,500ms,6,0.0657504511667,0.884564419036,0.0496851297972,79239,0.0160653213695
2024-03-01,trade_imbalance_500ms,500ms,7,0.0919061502152,0.869776482021,0.0383173677634,79233,0.0535887824518
2024-03-01,trade_imbalance_500ms,500ms,8,0.130807864119,0.841165484693,0.0280266511874,79246,0.102781212932
2024-03-01,trade_imbalance_500ms,500ms,9,0.0646736661451,0.910529503811,0.0247968300439,79244,0.0398768361012
2024-03-01,trade_imbalance_500ms,500ms,10,0.0715376364439,0.898820114834,0.0296422487223,79245,0.0418953877216
2024-03-01,di_10,5s,1,0.135229298331,0.337187767669,0.527582934,86394,-0.392353635669
2024-03-01,di_10,5s,2,0.170409297157,0.412954903232,0.416635799611,86392,-0.246226502454
2024-03-01,di_10,5s,3,0.192120622568,0.448466740782,0.35941263665,86352,-0.167292014082
2024-03-01,di_10,5s,4,0.217347517566,0.474654751294,0.30799773114,86387,-0.0906502135738
2024-03-01,di_10,5s,5,0.237461368398,0.49406780642,0.268470825183,86393,-0.0310094567847
2024-03-01,di_10,5s,6,0.268531808501,0.496226502454,0.235241689045,86392,0.0332901194555
2024-03-01,di_10,5s,7,0.321690708282,0.482889161592,0.195420130126,86378,0.126270578156
2024-03-01,di_10,5s,8,0.361621096011,0.464450258144,0.173928645845,86386,0.187692450166
2024-03-01,di_10,5s,9,0.418803319867,0.425690770816,0.155505909317,86389,0.26329741055
2024-03-01,di_10,5s,10,0.541441389291,0.33381186686,0.124746743849,86375,0.416694645441
2024-03-01,di_5,5s,1,0.133435192259,0.326469430748,0.540095376994,86394,-0.406660184735
2024-03-01,di_5,5s,2,0.166141914573,0.422259520778,0.411598564649,86390,-0.245456650075
2024-03-01,di_5,5s,3,0.195096529121,0.447983137804,0.356920333075,86347,-0.161823803954
2024-03-01,di_5,5s,4,0.218116998866,0.469766418964,0.31211658217,86394,-0.0939995833044
2024-03-01,di_5,5s,5,0.239174470154,0.492181079486,0.268644450361,86393,-0.0294699802067
2024-03-01,di_5,5s,6,0.259827298824,0.509584220761,0.230588480415,86392,0.0292388184091
2024-03-01,di_5,5s,7,0.317373033422,0.487259929846,0.195367036733,86381,0.122005996689
2024-03-01,di_5,5s,8,0.351774034844,0.469549111536,0.17867685362,86385,0.173097181224
2024-03-01,di_5,5s,9,0.428826096519,0.421892182852,0.149281720629,86387,0.27954437589
2024-03-01,di_5,5s,10,0.554894356006,0.323450072359,0.121655571635,86375,0.43323878437
2024-03-01,microprice_deviation_bps,5s,1,0.135645993935,0.326920850985,0.53743315508,86394,-0.401787161145
2024-03-01,microprice_deviation_bps,5s,2,0.165246288877,0.424689099372,0.410064611751,86362,-0.244818322873
2024-03-01,microprice_deviation_bps,5s,3,0.192162083936,0.444260492041,0.363577424023,86375,-0.171415340087
2024-03-01,microprice_deviation_bps,5s,4,0.214806583791,0.469963191888,0.315230224321,86394,-0.100423640531
2024-03-01,microprice_deviation_bps,5s,5,0.242519648583,0.493060780387,0.26441957103,86393,-0.0218999224474
2024-03-01,microprice_deviation_bps,5s,6,0.262081418633,0.508328221036,0.22959036033,86393,0.0324910583033
2024-03-01,microprice_deviation_bps,5s,7,0.317600342676,0.487572210838,0.194827446486,86379,0.12277289619
2024-03-01,microprice_deviation_bps,5s,8,0.354868957214,0.468489535099,0.176641507687,86384,0.178227449528
2024-03-01,microprice_deviation_bps,5s,9,0.419646474585,0.433386967947,0.146966557468,86387,0.272679917117
2024-03-01,microprice_deviation_bps,5s,10,0.560068073677,0.313717772092,0.126214154231,86377,0.433853919446
2024-03-01,ofi_5s,5s,1,0.244956538849,0.340814129793,0.414229331358,86399,-0.169272792509
2024-03-01,ofi_5s,5s,2,0.230720262966,0.385733631176,0.383546105858,86399,-0.152825842892
2024-03-01,ofi_5s,5s,3,0.214283233581,0.417198226462,0.368518539957,86381,-0.154235306375
2024-03-01,ofi_5s,5s,4,0.203500486179,0.492475806825,0.304023706996,86388,-0.100523220818
2024-03-01,ofi_5s,5s,5,0.21012303668,0.545308286167,0.244568677153,86397,-0.0344456404736
2024-03-01,ofi_5s,5s,6,0.254243961185,0.537911947938,0.207844090878,86358,0.0463998703073
2024-03-01,ofi_5s,5s,7,0.308922948694,0.483851176144,0.207225875162,86384,0.101697073532
2024-03-01,ofi_5s,5s,8,0.370903323648,0.42385478288,0.205241893472,86381,0.165661430176
2024-03-01,ofi_5s,5s,9,0.392012964463,0.397765945133,0.210221090404,86390,0.181791874059
2024-03-01,ofi_5s,5s,10,0.435022753326,0.345503178518,0.219474068156,86361,0.21554868517
2024-03-01,qi_1,5s,1,0.133631965183,0.328089913651,0.538278121166,86394,-0.404646155983
2024-03-01,qi_1,5s,2,0.165883143049,0.425082791042,0.409034065909,86362,-0.24315092286
2024-03-01,qi_1,5s,3,0.192706222865,0.44480463097,0.362489146165,86375,-0.1697829233
2024-03-01,qi_1,5s,4,0.215524226219,0.468169085816,0.316306687964,86394,-0.100782461745
2024-03-01,qi_1,5s,5,0.242635398701,0.492736680055,0.264627921244,86393,-0.0219925225423
2024-03-01,qi_1,5s,6,0.2622434688,0.508119870823,0.229636660378,86393,0.032606808422
2024-03-01,qi_1,5s,7,0.317276189815,0.487433288183,0.195290522002,86379,0.121985667813
2024-03-01,qi_1,5s,8,0.355702444897,0.46726245601,0.177035099092,86384,0.178667345805
2024-03-01,qi_1,5s,9,0.41792167803,0.433780545684,0.148297776286,86387,0.269623901744
2024-03-01,qi_1,5s,10,0.561121594869,0.314910219156,0.123968185975,86377,0.437153408894
2024-03-01,trade_imbalance_5s,5s,1,0.193580881587,0.466208158209,0.340210960205,86367,-0.146630078618
2024-03-01,trade_imbalance_5s,5s,2,0.229656984754,0.431460622128,0.338882393119,86381,-0.109225408365
2024-03-01,trade_imbalance_5s,5s,3,0.248373804949,0.41666473761,0.334961457441,86398,-0.086587652492
2024-03-01,trade_imbalance_5s,5s,4,0.271569490113,0.412587412587,0.3158430973,86372,-0.0442736071875
2024-03-01,trade_imbalance_5s,5s,5,0.289366136035,0.416879884226,0.29375397974,86375,-0.00438784370478
2024-03-01,trade_imbalance_5s,5s,6,0.294277645316,0.436537882821,0.269184471863,86398,0.0250931734531
2024-03-01,trade_imbalance_5s,5s,7,0.304541613124,0.448685444379,0.246772942498,86379,0.057768670626
2024-03-01,trade_imbalance_5s,5s,8,0.330342360283,0.434555579998,0.235102059719,86371,0.0952403005638
2024-03-01,trade_imbalance_5s,5s,9,0.342203034757,0.450375583051,0.207421382192,86399,0.134781652565
2024-03-01,trade_imbalance_5s,5s,10,0.360691219704,0.456445751059,0.182863029237,86398,0.177828190467
2024-04-01,di_10,100ms,1,0.000532444382712,0.954290807232,0.0451767483853,86394,-0.0446443040026
2024-04-01,di_10,100ms,2,0.000601900616948,0.979026078502,0.0203720208813,86393,-0.0197701202644
2024-04-01,di_10,100ms,3,0.000972289742343,0.986492117508,0.0125355927495,86394,-0.0115633030072
2024-04-01,di_10,100ms,4,0.00137742641186,0.99062424039,0.00799833319829,86393,-0.00662090678643
2024-04-01,di_10,100ms,5,0.00229182582124,0.992673102299,0.00503507187999,86394,-0.00274324605875
2024-04-01,di_10,100ms,6,0.00445637956779,0.992337342146,0.00320627828644,86393,0.00125010128135
2024-04-01,di_10,100ms,7,0.00770886867144,0.990473875501,0.00181725582795,86394,0.00589161284348
2024-04-01,di_10,100ms,8,0.0119568488552,0.986908813112,0.00113433803273,86394,0.0108225108225
2024-04-01,di_10,100ms,9,0.0194226450911,0.979755538579,0.000821816329838,86394,0.0186008287613
2024-04-01,di_10,100ms,10,0.0460801222321,0.953364277198,0.000555600569491,86393,0.0455245216626
2024-04-01,di_5,100ms,1,0.000590318772137,0.950725744843,0.0486839363845,86394,-0.0480936176123
2024-04-01,di_5,100ms,2,0.000578750593219,0.978945053419,0.0204761959881,86393,-0.0198974453949
2024-04-01,di_5,100ms,3,0.000914415352918,0.987962127,0.0111234576475,86394,-0.0102090422946
2024-04-01,di_5,100ms,4,0.00131955135254,0.992221592027,0.00645885662033,86393,-0.00513930526779
2024-04-01,di_5,100ms,5,0.00240757460009,0.99315924717,0.00443317822997,86394,-0.00202560362988
2024-04-01,di_5,100ms,6,0.00407440417626,0.992719317537,0.00320627828644,86393,0.000868125889829
2024-04-01,di_5,100ms,7,0.00647035673774,0.991608213533,0.00192142972892,86394,0.00454892700882
2024-04-01,di_5,100ms,8,0.00994282010325,0.989096465032,0.000960714864458,86394,0.00898210523879
2024-04-01,di_5,100ms,9,0.0189365002199,0.980195383939,0.000868115841378,86394,0.0180683843785
2024-04-01,di_5,100ms,10,0.0501661014203,0.949313023046,0.000520875533897,86393,0.0496452258864
2024-04-01,microprice_deviation_bps,100ms,1,0.00398180408135,0.937969511419,0.0580486844999,86393,-0.0540668804186
2024-04-01,microprice_deviation_bps,100ms,2,0.000532444382712,0.983633122671,0.0158344329467,86394,-0.015301988564
2024-04-01,microprice_deviation_bps,100ms,3,0.000578743894252,0.991619788411,0.00780146769452,86394,-0.00722272380026
2024-04-01,microprice_deviation_bps,100ms,4,0.00104175106779,0.994617619483,0.00434062944915,86393,-0.00329887838135
2024-04-01,microprice_deviation_bps,100ms,5,0.00177095631641,0.994872329097,0.00335671458666,86394,-0.00158575827025
2024-04-01,microprice_deviation_bps,100ms,6,0.00281272788305,0.994941719815,0.00224555230169,86393,0.000567175581355
2024-04-01,microprice_deviation_bps,100ms,7,0.0044100284742,0.994258860569,0.00133111095678,86394,0.00307891751742
2024-04-01,microprice_deviation_bps,100ms,8,0.00682917795217,0.992256406695,0.000914415352918,86394,0.00591476259925
2024-04-01,microprice_deviation_bps,100ms,9,0.0147463944255,0.984709586314,0.000544019260597,86394,0.0142023751649
2024-04-01,microprice_deviation_bps,100ms,10,0.0586968851643,0.937066660493,0.00423645434237,86393,0.0544604308219
2024-04-01,ofi_100ms,100ms,1,0.00305569702301,0.944870132877,0.0520741701005,86396,-0.0490184730775
2024-04-01,ofi_100ms,100ms,2,0.00385438972163,0.979350656867,0.0167949534117,86395,-0.01294056369
2024-04-01,ofi_100ms,100ms,3,0.00324092829446,0.989166039701,0.00759303200417,86395,-0.00435210370971
2024-04-01,ofi_100ms,100ms,4,0.00178251056195,0.995312228717,0.00290526072111,86395,-0.00112275015915
2024-04-01,ofi_100ms,100ms,5,0.00199085595231,0.995590022571,0.00241912147694,86395,-0.000428265524625
2024-04-01,ofi_100ms,100ms,6,0.00369294173487,0.992521503571,0.00378555469374,86381,-9.26129588683e-05
2024-04-01,ofi_100ms,100ms,7,0.0028936859772,0.994756641009,0.00234967301348,86395,0.000544012963713
2024-04-01,ofi_100ms,100ms,8,0.0072457896869,0.989351235604,0.00340297470918,86395,0.00384281497772
2024-04-01,ofi_100ms,100ms,9,0.0160890802602,0.97969766419,0.00421325555015,86394,0.01187582471
2024-04-01,ofi_100ms,100ms,10,0.0515539093698,0.945332484519,0.00311360611146,86395,0.0484403032583
2024-04-01,qi_1,100ms,1,0.00128482631695,0.945967844617,0.052747329066,86393,-0.0514625027491
2024-04-01,qi_1,100ms,2,0.00104173900965,0.981792717087,0.0171655439035,86394,-0.0161238048939
2024-04-01,qi_1,100ms,3,0.00112276315485,0.989652059171,0.00922517767438,86394,-0.00810241451953
2024-04-01,qi_1,100ms,4,0.00175940180339,0.992696167514,0.00554443068304,86393,-0.00378502887965
2024-04-01,qi_1,100ms,5,0.00260434752413,0.992788851078,0.00460680139825,86394,-0.00200245387411
2024-04-01,qi_1,100ms,6,0.00412070422372,0.992534117347,0.00334517842881,86393,0.000775525794914
2024-04-01,qi_1,100ms,7,0.00553279162905,0.99233743084,0.00212977753085,86394,0.0034030140982
2024-04-01,qi_1,100ms,8,0.0078940667176,0.990427575989,0.00167835729333,86394,0.00621570942427
2024-04-01,qi_1,100ms,9,0.0163900270852,0.982579808783,0.00103016413177,86394,0.0153598629534
2024-04-01,qi_1,100ms,10,0.0536501799914,0.945169168798,0.00118065121017,86393,0.0524695287813
2024-04-01,trade_imbalance_100ms,100ms,1,0.00163548163548,0.97045045045,0.0279140679141,36075,-0.0262785862786
2024-04-01,trade_imbalance_100ms,100ms,2,0.0011088011088,0.980097020097,0.0187941787942,36075,-0.0176853776854
2024-04-01,trade_imbalance_100ms,100ms,3,0.00332704890762,0.941582566264,0.0550903848287,36068,-0.051763335921
2024-04-01,trade_imbalance_100ms,100ms,4,0.00196812196812,0.947137907138,0.050893970894,36075,-0.0489258489258
2024-04-01,trade_imbalance_100ms,100ms,5,0.0142758142758,0.942148302148,0.0435758835759,36075,-0.0293000693001
2024-04-01,trade_imbalance_100ms,100ms,6,0.057130977131,0.937740817741,0.00512820512821,36075,0.0520027720028
2024-04-01,trade_imbalance_100ms,100ms,7,0.0276923076923,0.969702009702,0.00260568260568,36075,0.0250866250866
2024-04-01,trade_imbalance_100ms,100ms,8,0.0209563409563,0.978045738046,0.000997920997921,36075,0.0199584199584
2024-04-01,trade_imbalance_100ms,100ms,9,0.0550535011366,0.9403725675,0.00457393136331,36074,0.0504795697732
2024-04-01,trade_imbalance_100ms,100ms,10,0.0246708246708,0.974358974359,0.000970200970201,36075,0.0237006237006
2024-04-01,di_10,1s,1,0.00899399242977,0.730238103506,0.260767904064,86391,-0.251773911634
2024-04-01,di_10,1s,2,0.0163566277333,0.826293308021,0.157350064246,86387,-0.140993436512
2024-04-01,di_10,1s,3,0.0242146445355,0.8644929046,0.111292450865,86394,-0.0870778063291
2024-04-01,di_10,1s,4,0.0327233160862,0.887337801391,0.0799388825225,86391,-0.0472155664363
2024-04-01,di_10,1s,5,0.0440192605968,0.891219297636,0.0647614417668,86394,-0.02074218117
2024-04-01,di_10,1s,6,0.0598939642998,0.891290255365,0.0488157803348,86386,0.011078183965
2024-04-01,di_10,1s,7,0.0812903673866,0.882885385559,0.0358242470542,86394,0.0454661203324
2024-04-01,di_10,1s,8,0.106569900688,0.867143551636,0.0262865476769,86394,0.0802833530106
2024-04-01,di_10,1s,9,0.160103710906,0.822927518115,0.0169687709795,86394,0.143134939926
2024-04-01,di_10,1s,10,0.273934230783,0.71403933189,0.0120264373271,86393,0.261907793455
2024-04-01,di_5,1s,1,0.0101977034911,0.718527178442,0.271275118066,86392,-0.261077414575
2024-04-01,di_5,1s,2,0.0160674183317,0.822621721112,0.161310860556,86386,-0.145243442224
2024-04-01,di_5,1s,3,0.0240525962451,0.870558140612,0.105389263143,86394,-0.0813366668982
2024-04-01,di_5,1s,4,0.0309870241113,0.893912560336,0.0751004155525,86391,-0.0441133914412
2024-04-01,di_5,1s,5,0.0426187003727,0.894587587101,0.0627937125263,86394,-0.0201750121536
2024-04-01,di_5,1s,6,0.0602528187438,0.891533350311,0.0482138309448,86386,0.0120389877989
2024-04-01,di_5,1s,7,0.0763478945297,0.888070930852,0.0355811746186,86394,0.0407667199111
2024-04-01,di_5,1s,8,0.100851911012,0.874019029099,0.0251290598884,86394,0.0757228511239
2024-04-01,di_5,1s,9,0.160948676991,0.822464522999,0.0165868000093,86394,0.144361876982
2024-04-01,di_5,1s,10,0.28577546792,0.701573044112,0.0126514879678,86393,0.273123979952
2024-04-01,microprice_deviation_bps,1s,1,0.0234520598687,0.681105233305,0.295442706826,86389,-0.271990646957
2024-04-01,microprice_deviation_bps,1s,2,0.0143298646881,0.834187955043,0.151482180269,86393,-0.137152315581
2024-04-01,microprice_deviation_bps,1s,3,0.0220048616738,0.879766176641,0.0982289616854,86390,-0.0762241000116
2024-04-01,microprice_deviation_bps,1s,4,0.0291002534986,0.901436492227,0.0694632542742,86391,-0.0403630007755
2024-04-01,microprice_deviation_bps,1s,5,0.0392272611524,0.90471560525,0.0560571335972,86394,-0.0168298724448
2024-04-01,microprice_deviation_bps,1s,6,0.0555761350219,0.899451299979,0.044972564999,86386,0.0106035700229
2024-04-01,microprice_deviation_bps,1s,7,0.0687779243929,0.898222098757,0.0329999768502,86394,0.0357779475427
2024-04-01,microprice_deviation_bps,1s,8,0.0922865013774,0.884841539922,0.0228719587008,86394,0.0694145426766
2024-04-01,microprice_deviation_bps,1s,9,0.155589508531,0.82842558511,0.0159849063592,86394,0.139604602171
2024-04-01,microprice_deviation_bps,1s,10,0.30775641545,0.665713657356,0.0265299271932,86393,0.281226488257
2024-04-01,ofi_1s,1s,1,0.0361822306588,0.693874716422,0.269943052919,86396,-0.23376082226
2024-04-01,ofi_1s,1s,2,0.0478406315473,0.792061673091,0.160097695362,86391,-0.112257063815
2024-04-01,ofi_1s,1s,3,0.0375390670216,0.872022224795,0.0904387081838,86390,-0.0528996411622
2024-04-01,ofi_1s,1s,4,0.0361487620525,0.902468950031,0.0613822879168,86393,-0.0252335258644
2024-04-01,ofi_1s,1s,5,0.0271127575828,0.932831673999,0.0400555684186,86380,-0.0129428108358
2024-04-01,ofi_1s,1s,6,0.0379188610452,0.929660281266,0.0324208576885,86395,0.00549800335668
2024-04-01,ofi_1s,1s,7,0.0603303584864,0.902165734857,0.0375039066569,86391,0.0228264518295
2024-04-01,ofi_1s,1s,8,0.0872187239559,0.874432817854,0.0383484581906,86392,0.0488702657653
2024-04-01,ofi_1s,1s,9,0.161872793564,0.791191619885,0.0469355865501,86395,0.114937207014
2024-04-01,ofi_1s,1s,10,0.275930320042,0.687180971121,0.0368887088373,86395,0.239041611204
2024-04-01,qi_1,1s,1,0.0139486965782,0.702122980044,0.283928323378,86388,-0.2699796268
2024-04-01,qi_1,1s,2,0.0161701044054,0.830370164595,0.153459731,86394,-0.137289626594
2024-04-01,qi_1,1s,3,0.02444727399,0.874186827179,0.101365898831,86390,-0.0769186248408
2024-04-01,qi_1,1s,4,0.0314500353046,0.896169739903,0.0723802247919,86391,-0.0409301894873
2024-04-01,qi_1,1s,5,0.0418663333102,0.898823992407,0.0593096742829,86394,-0.0174433409728
2024-04-01,qi_1,1s,6,0.0589910402148,0.892262635149,0.0487463246359,86386,0.0102447155789
2024-04-01,qi_1,1s,7,0.0723082621478,0.891948514943,0.035743222909,86394,0.0365650392388
2024-04-01,qi_1,1s,8,0.0953191193833,0.879459221705,0.0252216589115,86394,0.0700974604718
2024-04-01,qi_1,1s,9,0.157788735329,0.823807208834,0.0184040558372,86394,0.139384679492
2024-04-01,qi_1,1s,10,0.295811003206,0.688713205931,0.0154757908627,86393,0.280335212344
2024-04-01,trade_imbalance_1s,1s,1,0.0225062122826,0.914376996805,0.0631167909123,84510,-0.0406105786297
2024-04-01,trade_imbalance_1s,1s,2,0.0346974036117,0.786857115808,0.17844548058,84502,-0.143748076969
2024-04-01,trade_imbalance_1s,1s,3,0.047912056704,0.807345963152,0.144741980144,84509,-0.0968299234401
2024-04-01,trade_imbalance_1s,1s,4,0.0615111531862,0.822519377552,0.115969469262,84505,-0.054458316076
2024-04-01,trade_imbalance_1s,1s,5,0.0747437930463,0.834938818016,0.0903173889375,84502,-0.0155735958912
2024-04-01,trade_imbalance_1s,1s,6,0.0906917851987,0.840070527537,0.0692376872648,84506,0.0214540979339
2024-04-01,trade_imbalance_1s,1s,7,0.118506685599,0.827038220329,0.0544550940717,84510,0.0640515915276
2024-04-01,trade_imbalance_1s,1s,8,0.143262847744,0.812753671207,0.0439834810494,84509,0.0992793666947
2024-04-01,trade_imbalance_1s,1s,9,0.153591290971,0.813998343391,0.0324103656372,84510,0.121180925334
2024-04-01,trade_imbalance_1s,1s,10,0.0739601207029,0.892740074552,0.0332998047453,84505,0.0406603159576
2024-04-01,di_10,30s,1,0.253302307274,0.162446891027,0.584250801699,86379,-0.330948494426
2024-04-01,di_10,30s,2,0.278735232801,0.184908501274,0.536356265925,86340,-0.257621033125
2024-04-01,di_10,30s,3,0.311830695671,0.185431306945,0.502737997384,86377,-0.190907301712
2024-04-01,di_10,30s,4,0.344493065685,0.191637146628,0.463869787687,86382,-0.119376722002
2024-04-01,di_10,30s,5,0.363839466586,0.189403498212,0.446757035202,86387,-0.0829175686156
2024-04-01,di_10,30s,6,0.404200356787,0.212740078308,0.383059564905,86326,0.0211407918819
2024-04-01,di_10,30s,7,0.437208332851,0.196405618537,0.366386048612,86357,0.0708222842387
2024-04-01,di_10,30s,8,0.476032674816,0.184288279937,0.339679045247,86305,0.13635362957
2024-04-01,di_10,30s,9,0.531521311324,0.155187183108,0.313291505568,86386,0.218229805756
2024-04-01,di_10,30s,10,0.569077081573,0.145145794025,0.285777124402,86389,0.28329995717
2024-04-01,di_5,30s,1,0.255490084855,0.156859567276,0.587650347869,86383,-0.332160263015
2024-04-01,di_5,30s,2,0.275389177168,0.185890011119,0.538720811712,86336,-0.263331634544
2024-04-01,di_5,30s,3,0.311890815641,0.185481443752,0.502627740606,86386,-0.190736924965
2024-04-01,di_5,30s,4,0.341981869334,0.191251895847,0.466766234819,86373,-0.124784365485
2024-04-01,di_5,30s,5,0.365795779458,0.196707837985,0.437496382558,86387,-0.0717006031
2024-04-01,di_5,30s,6,0.40594300278,0.209487951807,0.384569045412,86320,0.0213739573679
2024-04-01,di_5,30s,7,0.43167493164,0.198567919544,0.369757148816,86308,0.0619177828243
2024-04-01,di_5,30s,8,0.476268222925,0.187109922303,0.336621854772,86361,0.139646368152
2024-04-01,di_5,30s,9,0.535347571916,0.151658274006,0.312994154078,86385,0.222353417839
2024-04-01,di_5,30s,10,0.570431420667,0.14459016773,0.284978411603,86389,0.285453009064
2024-04-01,microprice_deviation_bps,30s,1,0.270922610085,0.148479303236,0.580598086679,86342,-0.309675476593
2024-04-01,microprice_deviation_bps,30s,2,0.271597078332,0.179548322124,0.548854599544,86389,-0.277257521212
2024-04-01,microprice_deviation_bps,30s,3,0.303674376606,0.19619828205,0.500127341344,86382,-0.196452964738
2024-04-01,microprice_deviation_bps,30s,4,0.335884491582,0.195516754278,0.468598754139,86366,-0.132714262557
2024-04-01,microprice_deviation_bps,30s,5,0.365475887297,0.202359178571,0.432164934133,86386,-0.0666890468363
2024-04-01,microprice_deviation_bps,30s,6,0.405583873957,0.210588507878,0.383827618165,86320,0.0217562557924
2024-04-01,microprice_deviation_bps,30s,7,0.431484785984,0.196020949688,0.372494264328,86302,0.0589905216565
2024-04-01,microprice_deviation_bps,30s,8,0.476217492995,0.189542180951,0.334240326054,86366,0.141977166941
2024-04-01,microprice_deviation_bps,30s,9,0.539485564791,0.156182714792,0.304331720418,86386,0.235153844373
2024-04-01,microprice_deviation_bps,30s,10,0.56988736992,0.133153526491,0.29695910359,86389,0.27292826633
2024-04-01,ofi_30s,30s,1,0.367421348705,0.147487094011,0.485091557284,86394,-0.117670208579
2024-04-01,ofi_30s,30s,2,0.36509479825,0.160045836516,0.474859365234,86394,-0.109764566984
2024-04-01,ofi_30s,30s,3,0.354740875363,0.181612974174,0.463646150462,86387,-0.108905275099
2024-04-01,ofi_30s,30s,4,0.346382683181,0.18939692094,0.464220395879,86390,-0.117837712698
2024-04-01,ofi_30s,30s,5,0.32120390644,0.242519028256,0.436277065304,86319,-0.115073158864
2024-04-01,ofi_30s,30s,6,0.385359132016,0.247519134795,0.36712173319,86361,0.0182373988259
2024-04-01,ofi_30s,30s,7,0.414270302876,0.201480158224,0.384249538901,86207,0.0300207639751
2024-04-01,ofi_30s,30s,8,0.4435055389,0.177684658926,0.378809802174,86389,0.0646957367257
2024-04-01,ofi_30s,30s,9,0.475425965367,0.143300305584,0.381273729049,86392,0.0941522363182
2024-04-01,ofi_30s,30s,10,0.496799583309,0.116638694369,0.386561722322,86395,0.110237860987
2024-04-01,qi_1,30s,1,0.259367362776,0.154893035431,0.585739601793,86337,-0.326372239017
2024-04-01,qi_1,30s,2,0.275030673426,0.179815727944,0.54515359863,86394,-0.270122925203
2024-04-01,qi_1,30s,3,0.307957676368,0.193199972216,0.498842351416,86382,-0.190884675048
2024-04-01,qi_1,30s,4,0.337563393002,0.194625199731,0.467811407267,86366,-0.130248014265
2024-04-01,qi_1,30s,5,0.367385919015,0.199800893663,0.432813187322,86386,-0.0654272683074
2024-04-01,qi_1,30s,6,0.406707599629,0.208677015755,0.384615384615,86320,0.0220922150139
2024-04-01,qi_1,30s,7,0.432295891173,0.193263192047,0.374440916781,86302,0.0578549743923
2024-04-01,qi_1,30s,8,0.475354599664,0.188965437388,0.335679962948,86365,0.139674636716
2024-04-01,qi_1,30s,9,0.538958408094,0.153460590135,0.307581001771,86387,0.231377406323
2024-04-01,qi_1,30s,10,0.569586405677,0.14088599243,0.289527601894,86389,0.280058803783
2024-04-01,trade_imbalance_30s,30s,1,0.293718284403,0.217820979215,0.488460736381,86314,-0.194742451978
2024-04-01,trade_imbalance_30s,30s,2,0.333425961305,0.230666805609,0.435907233087,86367,-0.102481271782
2024-04-01,trade_imbalance_30s,30s,3,0.395867356985,0.181185355062,0.422947287953,86337,-0.0270799309682
2024-04-01,trade_imbalance_30s,30s,4,0.403211428704,0.159923129464,0.436865441832,86379,-0.0336540131282
2024-04-01,trade_imbalance_30s,30s,5,0.418477126759,0.14218970994,0.439333163301,86258,-0.0208560365415
2024-04-01,trade_imbalance_30s,30s,6,0.420566481081,0.135809614205,0.443623904715,86393,-0.0230574236339
2024-04-01,trade_imbalance_30s,30s,7,0.423693500781,0.148307193703,0.427999305515,86395,-0.00430580473407
2024-04-01,trade_imbalance_30s,30s,8,0.426158921234,0.170426529313,0.403414549453,86395,0.0227443717808
2024-04-01,trade_imbalance_30s,30s,9,0.413438277678,0.204491000637,0.382070721685,86395,0.0313675559928
2024-04-01,trade_imbalance_30s,30s,10,0.441599629608,0.216725504948,0.341674865444,86395,0.0999247641646
2024-04-01,di_10,500ms,1,0.00343781831651,0.826303361422,0.170258820261,86392,-0.166821001945
2024-04-01,di_10,500ms,2,0.00608859719184,0.899098285701,0.0948131171071,86391,-0.0887245199153
2024-04-01,di_10,500ms,3,0.00978077181286,0.926742597866,0.0634766303216,86394,-0.0536958585087
2024-04-01,di_10,500ms,4,0.0142144436342,0.942551886192,0.043233670174,86391,-0.0290192265398
2024-04-01,di_10,500ms,5,0.0207653309258,0.945493900039,0.0337407690349,86394,-0.0129754381091
2024-04-01,di_10,500ms,6,0.0315086411464,0.945409716515,0.0230816423387,86389,0.00842699880772
2024-04-01,di_10,500ms,7,0.0443086325439,0.940308354747,0.0153830127092,86394,0.0289256198347
2024-04-01,di_10,500ms,8,0.0613005532792,0.927795911753,0.0109035349677,86394,0.0503970183115
2024-04-01,di_10,500ms,9,0.0960714864458,0.897029886335,0.00689862721948,86394,0.0891728592263
2024-04-01,di_10,500ms,10,0.182931487505,0.812554257868,0.00451425462711,86393,0.178417232878
2024-04-01,di_5,500ms,1,0.00377349754607,0.816927493286,0.179299009168,86392,-0.175525511621
2024-04-01,di_5,500ms,2,0.00615804887083,0.896482272459,0.0973596786702,86391,-0.0912016297994
2024-04-01,di_5,500ms,3,0.00950297474362,0.932009167303,0.0584878579531,86394,-0.0489848832095
2024-04-01,di_5,500ms,4,0.0133694482064,0.94751768124,0.0391128705536,86391,-0.0257434223472
2024-04-01,di_5,500ms,5,0.0205338333681,0.94784360025,0.0316225663819,86394,-0.0110887330139
2024-04-01,di_5,500ms,6,0.030790957182,0.946150551575,0.0230584912431,86389,0.00773246593895
2024-04-01,di_5,500ms,7,0.0402574252842,0.944290112739,0.0154524619765,86394,0.0248049633076
2024-04-01,di_5,500ms,8,0.0567632011482,0.932703659976,0.0105331388754,86394,0.0462300622728
2024-04-01,di_5,500ms,9,0.0965344815612,0.896717364632,0.00674815380698,86394,0.0897863277542
2024-04-01,di_5,500ms,10,0.192723947542,0.802646047712,0.00463000474575,86393,0.188093942796
2024-04-01,microprice_deviation_bps,500ms,1,0.013774742447,0.784616275032,0.201608982521,86390,-0.187834240074
2024-04-01,microprice_deviation_bps,500ms,2,0.00525505538643,0.908314331022,0.0864306135914,86393,-0.0811755582049
2024-04-01,microprice_deviation_bps,500ms,3,0.00844966085608,0.939880084265,0.0516702548788,86394,-0.0432205940227
2024-04-01,microprice_deviation_bps,500ms,4,0.0122350707828,0.953629428991,0.0341355002257,86391,-0.0219004294429
2024-04-01,microprice_deviation_bps,500ms,5,0.0176979882862,0.954973725027,0.0273282866866,86394,-0.00963029840035
2024-04-01,microprice_deviation_bps,500ms,6,0.0273067172904,0.951949901029,0.0207433816805,86389,0.00656333560986
2024-04-01,microprice_deviation_bps,500ms,7,0.0340648656157,0.951744334097,0.0141908002871,86394,0.0198740653286
2024-04-01,microprice_deviation_bps,500ms,8,0.0483135402921,0.942530731301,0.00915572840707,86394,0.0391578118851
2024-04-01,microprice_deviation_bps,500ms,9,0.0891728592263,0.904923953052,0.00590318772137,86394,0.083269671505
2024-04-01,microprice_deviation_bps,500ms,10,0.214137719491,0.77072216499,0.0151401155186,86393,0.198997603973
2024-04-01,ofi_500ms,500ms,1,0.0188666141951,0.794423352933,0.186710032872,86396,-0.167843418677
2024-04-01,ofi_500ms,500ms,2,0.0224557829429,0.891922863228,0.0856213538291,86392,-0.0631655708862
2024-04-01,ofi_500ms,500ms,3,0.0191103445881,0.935133633512,0.0457560218999,86393,-0.0266456773118
2024-04-01,ofi_500ms,500ms,4,0.0191793506569,0.94776318074,0.0330574686035,86395,-0.0138781179466
2024-04-01,ofi_500ms,500ms,5,0.0117627989904,0.969331048695,0.0189061523144,86374,-0.00714335332392
2024-04-01,ofi_500ms,500ms,6,0.0178480485208,0.96768368906,0.0144682624196,86396,0.00337978610121
2024-04-01,ofi_500ms,500ms,7,0.0320388911395,0.948365067423,0.0195960414376,86395,0.012442849702
2024-04-01,ofi_500ms,500ms,8,0.0449447305978,0.934949939233,0.0201053301696,86395,0.0248394004283
2024-04-01,ofi_500ms,500ms,9,0.08756293767,0.888222698073,0.0242143642572,86395,0.0633485734128
2024-04-01,ofi_500ms,500ms,10,0.196631749523,0.785508420626,0.0178598298513,86395,0.178771919671
2024-04-01,qi_1,500ms,1,0.00616976698422,0.803447198139,0.190383034877,86389,-0.184213267893
2024-04-01,qi_1,500ms,2,0.00671342917332,0.904287334769,0.0889992360581,86394,-0.0822858068847
2024-04-01,qi_1,500ms,3,0.0101511679052,0.935180683844,0.054668148251,86394,-0.0445169803459
2024-04-01,qi_1,500ms,4,0.0141334166753,0.949253973215,0.0366126101098,86391,-0.0224791934345
2024-04-01,qi_1,500ms,5,0.020036113619,0.949672430956,0.0302914554251,86394,-0.0102553418061
2024-04-01,qi_1,500ms,6,0.0306520506083,0.94580328514,0.0235446642512,86389,0.00710738635706
2024-04-01,qi_1,500ms,7,0.0371206333773,0.946466189782,0.016413176841,86394,0.0207074565363
2024-04-01,qi_1,500ms,8,0.051450332199,0.937634557955,0.0109151098456,86394,0.0405352223534
2024-04-01,qi_1,500ms,9,0.0919971294303,0.900270852143,0.00773201842721,86394,0.0842651110031
2024-04-01,qi_1,500ms,10,0.201983957034,0.79126781105,0.00674823191694,86393,0.195235725117
2024-04-01,trade_imbalance_500ms,500ms,1,0.0101721132041,0.954749826314,0.0350780604821,76287,-0.024905947278
2024-04-01,trade_imbalance_500ms,500ms,2,0.0206077449464,0.917765659002,0.0616265960515,76282,-0.0410188511051
2024-04-01,trade_imbalance_500ms,500ms,3,0.0204761155681,0.843610717844,0.135913166588,76284,-0.11543705102
2024-04-01,trade_imbalance_500ms,500ms,4,0.0334543738448,0.872422427015,0.09412319914,76283,-0.0606688252953
2024-04-01,trade_imbalance_500ms,500ms,5,0.045306170606,0.897641614557,0.0570522148372,76281,-0.0117460442312
2024-04-01,trade_imbalance_500ms,500ms,6,0.0682694072307,0.891959206145,0.039771386624,76286,0.0284980206067
2024-04-01,trade_imbalance_500ms,500ms,7,0.106992108644,0.864837584878,0.0281703064783,76286,0.0788218021655
2024-04-01,trade_imbalance_500ms,500ms,8,0.0984715413051,0.887410534043,0.014117924652,76286,0.0843536166531
2024-04-01,trade_imbalance_500ms,500ms,9,0.0429829850825,0.940985239756,0.0160317751619,76286,0.0269512099206
2024-04-01,trade_imbalance_500ms,500ms,10,0.067342230146,0.908916913558,0.0237408562964,76282,0.0436013738497
2024-04-01,di_10,5s,1,0.0707778150794,0.429447923781,0.499774261139,86383,-0.42899644606
2024-04-01,di_10,5s,2,0.102344971339,0.527172717272,0.370482311389,86355,-0.26813734005
2024-04-01,di_10,5s,3,0.124881357502,0.560941732065,0.314176910434,86394,-0.189295552932
2024-04-01,di_10,5s,4,0.145512842773,0.596555196722,0.257931960505,86391,-0.112419117732
2024-04-01,di_10,5s,5,0.168206125425,0.611697571591,0.220096302984,86394,-0.0518901775586
2024-04-01,di_10,5s,6,0.202458674816,0.611161272399,0.186380052785,86388,0.0160786220308
2024-04-01,di_10,5s,7,0.248263728123,0.595251875174,0.156484396703,86392,0.0917793314196
2024-04-01,di_10,5s,8,0.292288816353,0.579368937658,0.128342245989,86394,0.163946570364
2024-04-01,di_10,5s,9,0.378116535871,0.510787786189,0.111095677941,86394,0.26702085793
2024-04-01,di_10,5s,10,0.491231928513,0.420346555855,0.0884215156321,86393,0.402810412881
2024-04-01,di_5,5s,1,0.0747111800523,0.419639756442,0.505649063506,86386,-0.430937883453
2024-04-01,di_5,5s,2,0.0999282008523,0.522466184918,0.37760561423,86352,-0.277677413378
2024-04-01,di_5,5s,3,0.124811908234,0.562770562771,0.312417528995,86394,-0.187605620761
2024-04-01,di_5,5s,4,0.14278769359,0.605933282404,0.251279024006,86394,-0.108491330416
2024-04-01,di_5,5s,5,0.16366288155,0.615862763482,0.220474354968,86391,-0.0568114734174
2024-04-01,di_5,5s,6,0.208066121825,0.610122010511,0.181811867664,86386,0.0262542541616
2024-04-01,di_5,5s,7,0.241324629025,0.60031946663,0.158355904345,86394,0.08296872468
2024-04-01,di_5,5s,8,0.289927541264,0.58198486006,0.128087598676,86394,0.161839942589
2024-04-01,di_5,5s,9,0.378521656597,0.51307961201,0.108398731393,86394,0.270122925203
2024-04-01,di_5,5s,10,0.50034146285,0.410554095818,0.0891044413321,86393,0.411237021518
2024-04-01,microprice_deviation_bps,5s,1,0.0960966176862,0.387964474705,0.515938907609,86361,-0.419842289923
2024-04-01,microprice_deviation_bps,5s,2,0.0946532544653,0.523874567364,0.381472178171,86389,-0.286818923706
2024-04-01,microprice_deviation_bps,5s,3,0.120777476789,0.578071820518,0.301150702693,86382,-0.180373225904
2024-04-01,microprice_deviation_bps,5s,4,0.137428525129,0.611003078918,0.251568395953,86394,-0.114139870824
2024-04-01,microprice_deviation_bps,5s,5,0.157516407959,0.632403838363,0.210079753678,86391,-0.0525633457189
2024-04-01,microprice_deviation_bps,5s,6,0.200627394691,0.618550972925,0.180821632384,86389,0.0198057623077
2024-04-01,microprice_deviation_bps,5s,7,0.235024481717,0.60978574157,0.155189776713,86391,0.079834705004
2024-04-01,microprice_deviation_bps,5s,8,0.292670787323,0.583489594185,0.123839618492,86394,0.168831168831
2024-04-01,microprice_deviation_bps,5s,9,0.376704400769,0.519330046068,0.103965553163,86394,0.272738847605
2024-04-01,microprice_deviation_bps,5s,10,0.512587825403,0.378225087681,0.109187086917,86393,0.403400738486
2024-04-01,ofi_5s,5s,1,0.175725728043,0.411257465623,0.413016806334,86396,-0.237291078291
2024-04-01,ofi_5s,5s,2,0.168667168239,0.461357717461,0.369975114301,86395,-0.201307946062
2024-04-01,ofi_5s,5s,3,0.148424745563,0.53075827573,0.320816978707,86367,-0.172392233145
2024-04-01,ofi_5s,5s,4,0.131453442608,0.625630874659,0.242915682734,86388,-0.111462240126
2024-04-01,ofi_5s,5s,5,0.127775591007,0.691738637153,0.18048577184,86378,-0.0527101808331
2024-04-01,ofi_5s,5s,6,0.155632473982,0.69819293148,0.146174594538,86383,0.00945787944387
2024-04-01,ofi_5s,5s,7,0.223026079709,0.636168956696,0.140804963595,86389,0.0822211161143
2024-04-01,ofi_5s,5s,8,0.301914529123,0.544737938698,0.153347532179,86392,0.148566996944
2024-04-01,ofi_5s,5s,9,0.368053706812,0.453486891603,0.178459401586,86395,0.189594305226
2024-04-01,ofi_5s,5s,10,0.423427281671,0.389478557787,0.187094160542,86395,0.23633312113
2024-04-01,qi_1,5s,1,0.0832831534578,0.405241095002,0.51147575154,86356,-0.428192598082
2024-04-01,qi_1,5s,2,0.0971016505776,0.523334953816,0.379563395606,86394,-0.282461745029
2024-04-01,qi_1,5s,3,0.124204116598,0.571866824107,0.303929059295,86382,-0.179724942696
2024-04-01,qi_1,5s,4,0.141190360442,0.606593050443,0.252216589115,86394,-0.111026228673
2024-04-01,qi_1,5s,5,0.160514405436,0.626731951245,0.212753643319,86391,-0.0522392378836
2024-04-01,qi_1,5s,6,0.204053756844,0.612103392793,0.183842850363,86389,0.0202109064811
2024-04-01,qi_1,5s,7,0.237142757926,0.60358139158,0.159275850494,86391,0.0778669074325
2024-04-01,qi_1,5s,8,0.293307405607,0.580908396416,0.125784197977,86394,0.16752320763
2024-04-01,qi_1,5s,9,0.377259994907,0.514908442716,0.107831562377,86394,0.26942843253
2024-04-01,qi_1,5s,10,0.506024793675,0.397428032364,0.0965471739609,86393,0.409477619715
2024-04-01,trade_imbalance_5s,5s,1,0.122416607811,0.57568108928,0.30190230291,86369,-0.179485695099
2024-04-01,trade_imbalance_5s,5s,2,0.142407334522,0.556351723659,0.301240941819,86386,-0.158833607297
2024-04-01,trade_imbalance_5s,5s,3,0.16437658444,0.543403521363,0.292219894197,86387,-0.127843309757
2024-04-01,trade_imbalance_5s,5s,4,0.202245500318,0.52188205336,0.275872446322,86395,-0.0736269460038
2024-04-01,trade_imbalance_5s,5s,5,0.232964870652,0.506325597546,0.260709531802,86395,-0.0277446611494
2024-04-01,trade_imbalance_5s,5s,6,0.238327332507,0.529029718559,0.232642948933,86377,0.00568438357433
2024-04-01,trade_imbalance_5s,5s,7,0.244056300206,0.549424728569,0.206518971225,86394,0.0375373289812
2024-04-01,trade_imbalance_5s,5s,8,0.268520233355,0.55911426984,0.172365496805,86392,0.0961547365497
2024-04-01,trade_imbalance_5s,5s,9,0.290708307771,0.549907974395,0.159383717834,86389,0.131324589936
2024-04-01,trade_imbalance_5s,5s,10,0.318100794037,0.551635530245,0.130263675718,86394,0.187837118318
2024-05-01,di_10,100ms,1,0.00251160314355,0.893262653503,0.104225743354,86399,-0.10171414021
2024-05-01,di_10,100ms,2,0.00428245697288,0.942325721363,0.0533918216646,86399,-0.0491093646917
2024-05-01,di_10,100ms,3,0.00701405125119,0.955843885275,0.0371420634737,86398,-0.0301280122225
2024-05-01,di_10,100ms,4,0.0113312808167,0.960901872729,0.0277668464548,86398,-0.0164355656381
2024-05-01,di_10,100ms,5,0.0168059445821,0.961793097062,0.0214009583555,86398,-0.00459501377347
2024-05-01,di_10,100ms,6,0.0211345038716,0.962048171854,0.0168173242746,86399,0.00431717959699
2024-05-01,di_10,100ms,7,0.0301971087628,0.958321276867,0.0114816143705,86399,0.0187154943923
2024-05-01,di_10,100ms,8,0.0380911595176,0.954223477395,0.00768536308711,86398,0.0304057964305
2024-05-01,di_10,100ms,9,0.0563085220894,0.939594208266,0.00409726964432,86399,0.0522112524451
2024-05-01,di_10,100ms,10,0.100662052362,0.89680316674,0.00253478089771,86398,0.0981272714646
2024-05-01,di_5,100ms,1,0.00243058368731,0.885125985254,0.112443431058,86399,-0.110012847371
2024-05-01,di_5,100ms,2,0.0044213474693,0.939756247179,0.0558224053519,86399,-0.0514010578826
2024-05-01,di_5,100ms,3,0.00650478020325,0.959235167481,0.034260052316,86398,-0.0277552721128
2024-05-01,di_5,100ms,4,0.0105326512188,0.966110326628,0.0233570221533,86398,-0.0128243709345
2024-05-01,di_5,100ms,5,0.0160188893261,0.96403851941,0.0199425912637,86398,-0.00392370193754
2024-05-01,di_5,100ms,6,0.0203706061413,0.963575967314,0.0160534265443,86399,0.00431717959699
2024-05-01,di_5,100ms,7,0.0267479947685,0.962349101263,0.0109029039688,86399,0.0158450907997
2024-05-01,di_5,100ms,8,0.034433667446,0.958390240515,0.00717609203917,86398,0.0272575754068
2024-05-01,di_5,100ms,9,0.0580099306705,0.9376265929,0.00436347642913,86399,0.0536464542414
2024-05-01,di_5,100ms,10,0.108868260839,0.888909465497,0.00222227366374,86398,0.106645987176
2024-05-01,microprice_deviation_bps,100ms,1,0.00767369992708,0.860380328476,0.131945971597,86399,-0.12427227167
2024-05-01,microprice_deviation_bps,100ms,2,0.00440977326126,0.946573455711,0.0490167710274,86399,-0.0446069977662
2024-05-01,microprice_deviation_bps,100ms,3,0.00568300192134,0.965878839788,0.0284381582907,86398,-0.0227551563694
2024-05-01,microprice_deviation_bps,100ms,4,0.00894696636496,0.972441491701,0.0186115419338,86398,-0.00966457556888
2024-05-01,microprice_deviation_bps,100ms,5,0.0141669946064,0.96855251279,0.017280492604,86398,-0.00311349799764
2024-05-01,microprice_deviation_bps,100ms,6,0.0173613120522,0.96878436093,0.0138543270177,86399,0.00350698503455
2024-05-01,microprice_deviation_bps,100ms,7,0.0219099758099,0.968495005729,0.00959501846086,86399,0.012314957349
2024-05-01,microprice_deviation_bps,100ms,8,0.0276742517188,0.966283941758,0.0060418065233,86398,0.0216324451955
2024-05-01,microprice_deviation_bps,100ms,9,0.0507991990648,0.945253995995,0.00394680493987,86399,0.0468523941249
2024-05-01,microprice_deviation_bps,100ms,10,0.129713650779,0.862473668372,0.00781268084909,86398,0.12190096993
2024-05-01,ofi_100ms,100ms,1,0.0119561569,0.860762277341,0.127281565759,86399,-0.115325408859
2024-05-01,ofi_100ms,100ms,2,0.0142943123683,0.929338642098,0.0563670455335,86398,-0.0420727331651
2024-05-01,ofi_100ms,100ms,3,0.0135651288224,0.958482835251,0.0279520359268,86398,-0.0143869071043
2024-05-01,ofi_100ms,100ms,4,0.00898158543502,0.977881688445,0.0131367261195,86399,-0.0041551406845
2024-05-01,ofi_100ms,100ms,5,0.00653950322924,0.987152480381,0.00630801638927,86398,0.000231486839973
2024-05-01,ofi_100ms,100ms,6,0.0103704903992,0.981342376648,0.00828713295293,86399,0.00208335744627
2024-05-01,ofi_100ms,100ms,7,0.0140626627623,0.976284447737,0.00965288950104,86399,0.00440977326126
2024-05-01,ofi_100ms,100ms,8,0.0285307530267,0.959918053659,0.0115511933147,86398,0.016979559712
2024-05-01,ofi_100ms,100ms,9,0.057512239725,0.9282630586,0.0142247016748,86399,0.0432875380502
2024-05-01,ofi_100ms,100ms,10,0.122525984398,0.865691335448,0.0117826801546,86398,0.110743304243
2024-05-01,qi_1,100ms,1,0.00354170765865,0.873192976771,0.123265315571,86399,-0.119723607912
2024-05-01,qi_1,100ms,2,0.00537043252815,0.94204794037,0.0525816271022,86399,-0.047211194574
2024-05-01,qi_1,100ms,3,0.00656265191324,0.963100997708,0.0303363503785,86398,-0.0237736984652
2024-05-01,qi_1,100ms,4,0.0101275492488,0.969385865414,0.0204865853376,86398,-0.0103590360888
2024-05-01,qi_1,100ms,5,0.0153475774902,0.966017731892,0.0186346906178,86398,-0.00328711312762
2024-05-01,qi_1,100ms,6,0.018622900728,0.966411648283,0.014965450989,86399,0.003657449739
2024-05-01,qi_1,100ms,7,0.0234377712705,0.965566731096,0.0109954976331,86399,0.0124422736374
2024-05-01,qi_1,100ms,8,0.0300006944605,0.963263038496,0.00673626704322,86398,0.0232644274173
2024-05-01,qi_1,100ms,9,0.0534149700807,0.941584972048,0.00500005787104,86399,0.0484149122096
2024-05-01,qi_1,100ms,10,0.121912544272,0.874545707077,0.00354174865159,86398,0.11837079562
2024-05-01,trade_imbalance_100ms,100ms,1,0.00678783109122,0.919185460269,0.0740267086397,40661,-0.0672388775485
2024-05-01,trade_imbalance_100ms,100ms,2,0.00575490027299,0.929022896633,0.0652222030939,40661,-0.0594673028209
2024-05-01,trade_imbalance_100ms,100ms,3,0.0124935441824,0.877032045449,0.110474410369,40661,-0.0979808661863
2024-05-01,trade_imbalance_100ms,100ms,4,0.0123957795322,0.817137657099,0.170466563369,40659,-0.158070783836
2024-05-01,trade_imbalance_100ms,100ms,5,0.0603034849118,0.863702319176,0.0759941959125,40661,-0.0156907110007
2024-05-01,trade_imbalance_100ms,100ms,6,0.166744546371,0.819064951674,0.0141905019552,40661,0.152554044416
2024-05-01,trade_imbalance_100ms,100ms,7,0.0737088047221,0.916109198229,0.0101819970487,40660,0.0635268076734
2024-05-01,trade_imbalance_100ms,100ms,8,0.0437765918202,0.950665256634,0.00555815154571,40661,0.0382184402745
2024-05-01,trade_imbalance_100ms,100ms,9,0.0628858119574,0.930892009542,0.00622217850028,40661,0.0566636334571
2024-05-01,trade_imbalance_100ms,100ms,10,0.0996064928677,0.887530742745,0.0128627643876,40660,0.0867437284801
2024-05-01,di_10,1s,1,0.0446417203903,0.559231009618,0.396127269992,86399,-0.351485549601
2024-05-01,di_10,1s,2,0.0671998518501,0.670574890913,0.262225257237,86399,-0.195025405387
2024-05-01,di_10,1s,3,0.0916919373134,0.700490752101,0.207817310586,86398,-0.116125373273
2024-05-01,di_10,1s,4,0.112120756115,0.713412587251,0.174466656635,86389,-0.0623459005197
2024-05-01,di_10,1s,5,0.132618810621,0.717007338133,0.150373851247,86398,-0.0177550406259
2024-05-01,di_10,1s,6,0.152096667786,0.714846236646,0.133057095568,86399,0.0190395722173
2024-05-01,di_10,1s,7,0.185279922221,0.700737277052,0.113982800727,86399,0.0712971214945
2024-05-01,di_10,1s,8,0.216255005903,0.688245098266,0.0954998958309,86398,0.120755110072
2024-05-01,di_10,1s,9,0.275431428604,0.652935797868,0.0716327735275,86399,0.203798655077
2024-05-01,di_10,1s,10,0.398458297646,0.555290631728,0.0462510706266,86398,0.352207227019
2024-05-01,di_5,1s,1,0.0454171923286,0.544392874918,0.410189932754,86399,-0.364772740425
2024-05-01,di_5,1s,2,0.0663896572877,0.665829465619,0.267780877093,86399,-0.201391219806
2024-05-01,di_5,1s,3,0.0890529873377,0.705907544156,0.205039468506,86398,-0.115986481169
2024-05-01,di_5,1s,4,0.111125259003,0.721214506477,0.167660234521,86389,-0.0565349755177
2024-05-01,di_5,1s,5,0.130662746823,0.723199611102,0.146137642075,86398,-0.0154748952522
2024-05-01,di_5,1s,6,0.152443894027,0.717728214447,0.129827891527,86399,0.0226160025
2024-05-01,di_5,1s,7,0.179585411868,0.708607738515,0.111806849616,86399,0.0677785622519
2024-05-01,di_5,1s,8,0.209414569782,0.695733697539,0.094851732679,86398,0.114562837103
2024-05-01,di_5,1s,9,0.282260211345,0.646072292503,0.0716674961516,86399,0.210592715193
2024-05-01,di_5,1s,10,0.409442348203,0.544086668673,0.0464709831246,86398,0.362971365078
2024-05-01,microprice_deviation_bps,1s,1,0.061169689464,0.506012801074,0.432817509462,86399,-0.371647819998
2024-05-01,microprice_deviation_bps,1s,2,0.0650586233637,0.665447516754,0.269493859883,86399,-0.204435236519
2024-05-01,microprice_deviation_bps,1s,3,0.0855459617121,0.717597629575,0.196856408713,86398,-0.111310447001
2024-05-01,microprice_deviation_bps,1s,4,0.10224681383,0.740209980437,0.157543205732,86389,-0.0552963919017
2024-05-01,microprice_deviation_bps,1s,5,0.126252922521,0.732366489965,0.141380587514,86398,-0.0151276649922
2024-05-01,microprice_deviation_bps,1s,6,0.147154480955,0.725760714823,0.127084804222,86399,0.0200696767324
2024-05-01,microprice_deviation_bps,1s,7,0.171761247237,0.722496788157,0.105741964606,86399,0.0660192826306
2024-05-01,microprice_deviation_bps,1s,8,0.202435241557,0.70836130466,0.0892034537837,86398,0.113231787773
2024-05-01,microprice_deviation_bps,1s,9,0.281554184655,0.64950983229,0.0689359830554,86399,0.2126182016
2024-05-01,microprice_deviation_bps,1s,10,0.432614180884,0.505011690085,0.0623741290308,86398,0.370240051853
2024-05-01,ofi_1s,1s,1,0.10972349217,0.508049861688,0.382226646142,86399,-0.272503153972
2024-05-01,ofi_1s,1s,2,0.125927383419,0.575562217155,0.298510399426,86399,-0.172583016007
2024-05-01,ofi_1s,1s,3,0.126600152781,0.666913585963,0.206486261256,86398,-0.0798861084747
2024-05-01,ofi_1s,1s,4,0.0990404981539,0.762890774199,0.138068727647,86399,-0.0390282294934
2024-05-01,ofi_1s,1s,5,0.0759161091692,0.839764809371,0.0843190814602,86398,-0.00840297229103
2024-05-01,ofi_1s,1s,6,0.10065047802,0.821616241117,0.077733280863,86398,0.0229171971573
2024-05-01,ofi_1s,1s,7,0.151220528491,0.754181279443,0.0945981920669,86397,0.0566223364237
2024-05-01,ofi_1s,1s,8,0.2154622588,0.658702874142,0.125834867058,86391,0.0896273917422
2024-05-01,ofi_1s,1s,9,0.296531209852,0.577911781386,0.125557008762,86399,0.17097420109
2024-05-01,ofi_1s,1s,10,0.374730896549,0.507176092039,0.118093011412,86398,0.256637885136
2024-05-01,qi_1,1s,1,0.0527899628468,0.52576997419,0.421440062964,86399,-0.368650100117
2024-05-01,qi_1,1s,2,0.0667484577368,0.661535434438,0.271716107825,86399,-0.204967650089
2024-05-01,qi_1,1s,3,0.0877913840598,0.711659992129,0.200548623811,86398,-0.112757239751
2024-05-01,qi_1,1s,4,0.10473555661,0.73448008427,0.16078435912,86389,-0.0560488025096
2024-05-01,qi_1,1s,5,0.128347878423,0.728002963032,0.143649158545,86398,-0.0153012801222
2024-05-01,qi_1,1s,6,0.149978587715,0.721177328441,0.128844083844,86399,0.0211345038716
2024-05-01,qi_1,1s,7,0.174191830924,0.717485156078,0.108323012998,86399,0.0658688179261
2024-05-01,qi_1,1s,8,0.203997777726,0.704935299428,0.0910669228454,86398,0.112930854881
2024-05-01,qi_1,1s,9,0.284077362007,0.645053762196,0.0708688757972,86399,0.213208486209
2024-05-01,qi_1,1s,10,0.423134794787,0.522674135975,0.0541910692377,86398,0.368943725549
2024-05-01,trade_imbalance_1s,1s,1,0.0627442620621,0.786056041119,0.151199696819,84438,-0.0884554347569
2024-05-01,trade_imbalance_1s,1s,2,0.107891090399,0.622002202826,0.270106706775,84437,-0.162215616377
2024-05-01,trade_imbalance_1s,1s,3,0.13581241118,0.617337754619,0.246849834202,84440,-0.111037423022
2024-05-01,trade_imbalance_1s,1s,4,0.164821109229,0.623127302012,0.212051588758,84437,-0.0472304795291
2024-05-01,trade_imbalance_1s,1s,5,0.195234316709,0.611153878039,0.193611805251,84437,0.00162251145825
2024-05-01,trade_imbalance_1s,1s,6,0.20965182378,0.617598294647,0.172749881573,84440,0.0369019422075
2024-05-01,trade_imbalance_1s,1s,7,0.219978683089,0.631205589768,0.148815727144,84440,0.071162955945
2024-05-01,trade_imbalance_1s,1s,8,0.238465182378,0.642539081004,0.118995736618,84440,0.11946944576
2024-05-01,trade_imbalance_1s,1s,9,0.249526290857,0.653955471341,0.096518237802,84440,0.153008053055
2024-05-01,trade_imbalance_1s,1s,10,0.119423489146,0.81316690155,0.0674096093038,84439,0.0520138798423
2024-05-01,di_10,30s,1,0.357424837055,0.0921288739161,0.550446289029,86379,-0.193021451973
2024-05-01,di_10,30s,2,0.383797186754,0.0987532732371,0.517449540009,86306,-0.133652353255
2024-05-01,di_10,30s,3,0.411052320802,0.0966528117076,0.49229486749,86371,-0.0812425466881
2024-05-01,di_10,30s,4,0.409075649708,0.103015569833,0.48790878046,86385,-0.0788331307519
2024-05-01,di_10,30s,5,0.422984328341,0.100280099076,0.476735572583,86398,-0.0537512442418
2024-05-01,di_10,30s,6,0.44289864466,0.0933459878008,0.463755367539,86399,-0.0208567228787
2024-05-01,di_10,30s,7,0.46819076282,0.096504225026,0.435305012154,86390,0.0328857506656
2024-05-01,di_10,30s,8,0.48782266466,0.0914341937724,0.420743141567,86390,0.067079523093
2024-05-01,di_10,30s,9,0.508476343874,0.0904877229168,0.401035933209,86299,0.107440410665
2024-05-01,di_10,30s,10,0.548229109982,0.0889555280251,0.362815361993,86369,0.185413747988
2024-05-01,di_5,30s,1,0.355109788988,0.0911763684558,0.553713842557,86393,-0.198604053569
2024-05-01,di_5,30s,2,0.38379881794,0.0985629852822,0.517638196778,86290,-0.133839378839
2024-05-01,di_5,30s,3,0.409299309962,0.0968137822442,0.493886907794,86372,-0.0845875978326
2024-05-01,di_5,30s,4,0.412856249855,0.105769453384,0.481374296761,86386,-0.0685180469057
2024-05-01,di_5,30s,5,0.422167436369,0.0989964929338,0.478836070697,86397,-0.0566686343276
2024-05-01,di_5,30s,6,0.447204250049,0.0949663769257,0.457829373025,86399,-0.010625122976
2024-05-01,di_5,30s,7,0.462853637079,0.097316756957,0.439829605964,86388,0.0230240311154
2024-05-01,di_5,30s,8,0.485161125971,0.094209191649,0.42062968238,86361,0.0645314435914
2024-05-01,di_5,30s,9,0.511266871343,0.088582517523,0.400150611134,86315,0.11111626021
2024-05-01,di_5,30s,10,0.550222839613,0.0851652485964,0.36461191179,86385,0.185610927823
2024-05-01,microprice_deviation_bps,30s,1,0.364515083463,0.0819461486815,0.553538767856,86386,-0.189023684393
2024-05-01,microprice_deviation_bps,30s,2,0.376888847687,0.101580606285,0.521530546028,86296,-0.144641698341
2024-05-01,microprice_deviation_bps,30s,3,0.403737495369,0.100789644313,0.495472860319,86368,-0.09173536495
2024-05-01,microprice_deviation_bps,30s,4,0.415883306321,0.104653855059,0.47946283862,86380,-0.0635795322991
2024-05-01,microprice_deviation_bps,30s,5,0.416479548138,0.103729252992,0.47979119887,86398,-0.0633116507327
2024-05-01,microprice_deviation_bps,30s,6,0.447035811014,0.0953031320169,0.457661056969,86398,-0.0106252459548
2024-05-01,microprice_deviation_bps,30s,7,0.459265175719,0.101217761726,0.439517062555,86388,0.0197481131639
2024-05-01,microprice_deviation_bps,30s,8,0.489408005927,0.0961151112449,0.414476882828,86386,0.0749311230987
2024-05-01,microprice_deviation_bps,30s,9,0.517092729506,0.0898440216006,0.393063248893,86294,0.124029480613
2024-05-01,microprice_deviation_bps,30s,10,0.549622650245,0.0763843874433,0.373992962311,86392,0.175629687934
2024-05-01,ofi_30s,30s,1,0.424793733197,0.0687169741355,0.506489292667,86296,-0.0816955594697
2024-05-01,ofi_30s,30s,2,0.433349923032,0.0788087825091,0.487841294459,86399,-0.0544913714279
2024-05-01,ofi_30s,30s,3,0.422898305674,0.101068942754,0.476032751572,86347,-0.0531344458985
2024-05-01,ofi_30s,30s,4,0.439755061408,0.0982764009307,0.461968537661,86389,-0.0222134762528
2024-05-01,ofi_30s,30s,5,0.435554063751,0.125211231741,0.439234704507,86398,-0.00368064075557
2024-05-01,ofi_30s,30s,6,0.42363916249,0.138520121761,0.437840715749,86399,-0.0142015532587
2024-05-01,ofi_30s,30s,7,0.451984397968,0.103785923448,0.444229678584,86399,0.00775471938333
2024-05-01,ofi_30s,30s,8,0.489527249991,0.0883207706647,0.422151979344,86367,0.0673752706474
2024-05-01,ofi_30s,30s,9,0.471775921786,0.0806584266799,0.447565651534,86327,0.0242102702515
2024-05-01,ofi_30s,30s,10,0.44666242112,0.0681410293522,0.485196549528,86365,-0.0385341284085
2024-05-01,qi_1,30s,1,0.358360826532,0.0868322046652,0.554806968802,86385,-0.19644614227
2024-05-01,qi_1,30s,2,0.377881038738,0.100756689109,0.521362272153,86297,-0.143481233415
2024-05-01,qi_1,30s,3,0.405624768433,0.0995739162653,0.494801315302,86368,-0.0891765468692
2024-05-01,qi_1,30s,4,0.417793470711,0.103565640194,0.478640889095,86380,-0.0608474183839
2024-05-01,qi_1,30s,5,0.41788004352,0.101831060904,0.480288895576,86398,-0.0624088520568
2024-05-01,qi_1,30s,6,0.448528901132,0.094504502419,0.456966596449,86398,-0.00843769531702
2024-05-01,qi_1,30s,7,0.459549248168,0.0996423155726,0.440808436259,86389,0.0187408119089
2024-05-01,qi_1,30s,8,0.492342420559,0.0939051918736,0.413752387567,86385,0.0785900329918
2024-05-01,qi_1,30s,9,0.51308912658,0.0905751335566,0.396335739863,86293,0.116753386717
2024-05-01,qi_1,30s,10,0.548875487597,0.0803768823863,0.370747630016,86393,0.178127857581
2024-05-01,trade_imbalance_30s,30s,1,0.401032063547,0.134203049806,0.464764886647,86235,-0.0637328230997
2024-05-01,trade_imbalance_30s,30s,2,0.42115634273,0.0988849221068,0.479958735163,86272,-0.0588023924332
2024-05-01,trade_imbalance_30s,30s,3,0.434294445152,0.0927274200456,0.472978134803,86393,-0.0386836896508
2024-05-01,trade_imbalance_30s,30s,4,0.447602953772,0.086275145258,0.46612190097,86398,-0.0185189471979
2024-05-01,trade_imbalance_30s,30s,5,0.459674992477,0.086414037362,0.453910970161,86398,0.00576402231533
2024-05-01,trade_imbalance_30s,30s,6,0.466074818279,0.0835339599056,0.450391221816,86396,0.0156835964628
2024-05-01,trade_imbalance_30s,30s,7,0.471926758412,0.0848968159354,0.443176425653,86399,0.0287503327585
2024-05-01,trade_imbalance_30s,30s,8,0.449431699808,0.0886363110257,0.461931989166,86398,-0.0125002893585
2024-05-01,trade_imbalance_30s,30s,9,0.439148601257,0.0875588837834,0.47329251496,86399,-0.0341439137027
2024-05-01,trade_imbalance_30s,30s,10,0.449477997176,0.108509456237,0.442012546587,86398,0.00746545058913
2024-05-01,di_10,500ms,1,0.0199886572761,0.682554196229,0.297457146495,86399,-0.277468489219
2024-05-01,di_10,500ms,2,0.0324425051216,0.785518350907,0.182039143972,86399,-0.14959663885
2024-05-01,di_10,500ms,3,0.0483923238964,0.812785018172,0.138822657932,86398,-0.0904303340355
2024-05-01,di_10,500ms,4,0.0635113549552,0.824061856147,0.112426788897,86394,-0.0489154339422
2024-05-01,di_10,500ms,5,0.0796198986088,0.827681196324,0.0926989050672,86398,-0.0130790064585
2024-05-01,di_10,500ms,6,0.0934848782972,0.827289667704,0.0792254539983,86399,0.0142594242989
2024-05-01,di_10,500ms,7,0.117431914721,0.817914559196,0.0646535260825,86399,0.0527783886388
2024-05-01,di_10,500ms,8,0.142653765133,0.806303386652,0.0510428482141,86398,0.0916109169194
2024-05-01,di_10,500ms,9,0.189863308603,0.774870079515,0.0352666118821,86399,0.154596696721
2024-05-01,di_10,500ms,10,0.290458112456,0.688511308132,0.0210305794116,86398,0.269427533045
2024-05-01,di_5,500ms,1,0.0205326450538,0.668503107675,0.310964247271,86399,-0.290431602218
2024-05-01,di_5,500ms,2,0.0322110209609,0.780402550955,0.187386428084,86399,-0.155175407123
2024-05-01,di_5,500ms,3,0.0462973679946,0.818560614829,0.135142017176,86398,-0.0888446491817
2024-05-01,di_5,500ms,4,0.0627126883811,0.832175845545,0.105111466074,86394,-0.0423987776929
2024-05-01,di_5,500ms,5,0.077501794023,0.833329475219,0.0891687307577,86398,-0.0116669367346
2024-05-01,di_5,500ms,6,0.0923043090777,0.831051285316,0.0766444056065,86399,0.0156599034711
2024-05-01,di_5,500ms,7,0.113091586708,0.822798874987,0.0641095383048,86399,0.0489820484033
2024-05-01,di_5,500ms,8,0.135558693488,0.814243385264,0.0501979212482,86398,0.0853607722401
2024-05-01,di_5,500ms,9,0.194678179146,0.77048345467,0.0348383661848,86399,0.159839812961
2024-05-01,di_5,500ms,10,0.302958401815,0.675941572722,0.0211000254636,86398,0.281858376351
2024-05-01,microprice_deviation_bps,500ms,1,0.0325582472019,0.631153138347,0.336288614452,86399,-0.30373036725
2024-05-01,microprice_deviation_bps,500ms,2,0.0324309309136,0.782416463154,0.185152605933,86399,-0.152721675019
2024-05-01,microprice_deviation_bps,500ms,3,0.042848214079,0.83136183708,0.125789948841,86398,-0.0829417347624
2024-05-01,microprice_deviation_bps,500ms,4,0.0573766696761,0.846100423641,0.0965229066833,86394,-0.0391462370072
2024-05-01,microprice_deviation_bps,500ms,5,0.0738674506354,0.841639852774,0.0844926965902,86398,-0.0106252459548
2024-05-01,microprice_deviation_bps,500ms,6,0.0869917475897,0.839222676188,0.0737855762219,86399,0.0132061713677
2024-05-01,microprice_deviation_bps,500ms,7,0.10430676281,0.835669394322,0.0600238428686,86399,0.0442829199412
2024-05-01,microprice_deviation_bps,500ms,8,0.126820065279,0.827577027246,0.0456029074747,86398,0.0812171578046
2024-05-01,microprice_deviation_bps,500ms,9,0.191113323071,0.775321473628,0.033565203301,86399,0.15754811977
2024-05-01,microprice_deviation_bps,500ms,10,0.329533091044,0.637028634922,0.0334382740341,86398,0.29609481701
2024-05-01,ofi_500ms,500ms,1,0.058171969583,0.632819824304,0.309008206113,86399,-0.250836236531
2024-05-01,ofi_500ms,500ms,2,0.0817023345178,0.704255836294,0.214041829188,86399,-0.13233949467
2024-05-01,ofi_500ms,500ms,3,0.069191416468,0.805770966921,0.125037616611,86398,-0.0558462001435
2024-05-01,ofi_500ms,500ms,4,0.0569695707027,0.862564672384,0.0804657569129,86397,-0.0234961862102
2024-05-01,ofi_500ms,500ms,5,0.0390985798118,0.917728624837,0.0431727953517,86397,-0.00407421553989
2024-05-01,ofi_500ms,500ms,6,0.0538895126101,0.906503547495,0.0396069398951,86399,0.014282572715
2024-05-01,ofi_500ms,500ms,7,0.0873178466845,0.858999733787,0.0536824195285,86397,0.033635427156
2024-05-01,ofi_500ms,500ms,8,0.131391930369,0.803050996551,0.0655570730804,86398,0.0658348572884
2024-05-01,ofi_500ms,500ms,9,0.209192236021,0.707126239887,0.0836815240917,86399,0.12551071193
2024-05-01,ofi_500ms,500ms,10,0.290921086136,0.648672422973,0.060406490891,86398,0.230514595245
2024-05-01,qi_1,500ms,1,0.0252433477239,0.649220477089,0.325536175187,86399,-0.300292827463
2024-05-01,qi_1,500ms,2,0.0338892811259,0.778122431973,0.187988286901,86399,-0.154099005776
2024-05-01,qi_1,500ms,3,0.0445959397208,0.826222829232,0.129181231047,86398,-0.0845852913262
2024-05-01,qi_1,500ms,4,0.0596337708637,0.841030627127,0.0993356020094,86394,-0.0397018311457
2024-05-01,qi_1,500ms,5,0.0758582374592,0.837912914651,0.08622884789,86398,-0.0103706104308
2024-05-01,qi_1,500ms,6,0.0892255697404,0.835252722832,0.0755217074272,86399,0.0137038623132
2024-05-01,qi_1,500ms,7,0.106691049665,0.831329066309,0.0619798840264,86399,0.0447111656385
2024-05-01,qi_1,500ms,8,0.129377994861,0.823456561494,0.0471654436445,86398,0.0822125512165
2024-05-01,qi_1,500ms,9,0.193694371463,0.771004294031,0.0353013345062,86399,0.158393036956
2024-05-01,qi_1,500ms,10,0.319637028635,0.653938748582,0.0264242227829,86398,0.293212805852
2024-05-01,trade_imbalance_500ms,500ms,1,0.0346982786451,0.885045003164,0.0802567181911,77439,-0.045558439546
2024-05-01,trade_imbalance_500ms,500ms,2,0.0550267966682,0.768128107445,0.176845095887,77435,-0.121818299219
2024-05-01,trade_imbalance_500ms,500ms,3,0.0810842222165,0.685838993776,0.233076784008,77438,-0.151992561791
2024-05-01,trade_imbalance_500ms,500ms,4,0.106638773744,0.711682743837,0.181678482418,77439,-0.0750397086739
2024-05-01,trade_imbalance_500ms,500ms,5,0.133013068857,0.726315925409,0.140671005734,77436,-0.0076579368769
2024-05-01,trade_imbalance_500ms,500ms,6,0.162917430719,0.72281050647,0.114272062812,77438,0.0486453679072
2024-05-01,trade_imbalance_500ms,500ms,7,0.194462738413,0.72107077829,0.0844664832965,77439,0.109996255117
2024-05-01,trade_imbalance_500ms,500ms,8,0.200625016142,0.742193755004,0.0571812288541,77438,0.143443787288
2024-05-01,trade_imbalance_500ms,500ms,9,0.075763836876,0.888323562075,0.0359126010486,77438,0.0398512358274
2024-05-01,trade_imbalance_500ms,500ms,10,0.117849118004,0.82620935458,0.0559415274155,77438,0.0619075905886
2024-05-01,di_10,5s,1,0.181510892969,0.284594725997,0.533894381034,86386,-0.352383488065
2024-05-01,di_10,5s,2,0.218414624263,0.343899417669,0.437685958068,86377,-0.219271333804
2024-05-01,di_10,5s,3,0.2578621448,0.35963886799,0.38249898721,86395,-0.12463684241
2024-05-01,di_10,5s,4,0.271232940141,0.375415282392,0.353351777467,86387,-0.0821188373251
2024-05-01,di_10,5s,5,0.304914465613,0.367138128197,0.32794740619,86398,-0.0230329405773
2024-05-01,di_10,5s,6,0.331276982372,0.371150129052,0.297572888575,86399,0.0337040937974
2024-05-01,di_10,5s,7,0.361717149504,0.3483142166,0.289968633896,86399,0.0717485156078
2024-05-01,di_10,5s,8,0.400425935786,0.335852681775,0.263721382439,86398,0.136704553346
2024-05-01,di_10,5s,9,0.455850183451,0.306739661339,0.23741015521,86399,0.218440028241
2024-05-01,di_10,5s,10,0.553496608718,0.258732841038,0.187770550244,86398,0.365726058474
2024-05-01,di_5,5s,1,0.182184360387,0.276494282143,0.54132135747,86396,-0.359136997083
2024-05-01,di_5,5s,2,0.219053573703,0.342526659488,0.438419766809,86367,-0.219366193106
2024-05-01,di_5,5s,3,0.25365757674,0.35972730219,0.38661512107,86396,-0.132957544331
2024-05-01,di_5,5s,4,0.273504966082,0.378498830829,0.347996203088,86386,-0.074491237006
2024-05-01,di_5,5s,5,0.303502395889,0.375274890622,0.321222713489,86398,-0.0177203175999
2024-05-01,di_5,5s,6,0.330003819489,0.368198706004,0.301797474508,86399,0.0282063449808
2024-05-01,di_5,5s,7,0.361219458559,0.354865218347,0.283915323094,86399,0.0773041354645
2024-05-01,di_5,5s,8,0.393805412162,0.342577374476,0.263617213361,86398,0.130188198801
2024-05-01,di_5,5s,9,0.459623375271,0.302816004815,0.237560619915,86399,0.222062755356
2024-05-01,di_5,5s,10,0.560151855367,0.250503483877,0.189344660756,86398,0.370807194611
2024-05-01,microprice_deviation_bps,5s,1,0.202104507675,0.246915009377,0.550980482949,86386,-0.348875975274
2024-05-01,microprice_deviation_bps,5s,2,0.212521851882,0.34773145629,0.439746691828,86377,-0.227224839946
2024-05-01,microprice_deviation_bps,5s,3,0.248880143527,0.36668788703,0.384431969443,86395,-0.135551825916
2024-05-01,microprice_deviation_bps,5s,4,0.265688124371,0.393091553127,0.341220322502,86387,-0.0755321981317
2024-05-01,microprice_deviation_bps,5s,5,0.297148082132,0.38128197412,0.321569943749,86398,-0.0244218616172
2024-05-01,microprice_deviation_bps,5s,6,0.327087119064,0.37505063716,0.297862243776,86399,0.0292248752879
2024-05-01,microprice_deviation_bps,5s,7,0.355536522413,0.363488003333,0.280975474253,86399,0.0745610481603
2024-05-01,microprice_deviation_bps,5s,8,0.395888793722,0.346894604042,0.257216602236,86398,0.138672191486
2024-05-01,microprice_deviation_bps,5s,9,0.464438245813,0.305478072663,0.230083681524,86399,0.234354564289
2024-05-01,microprice_deviation_bps,5s,10,0.5674089678,0.224854742008,0.207736290192,86398,0.359672677608
2024-05-01,ofi_5s,5s,1,0.301519693515,0.243069942939,0.455410363546,86399,-0.153890670031
2024-05-01,ofi_5s,5s,2,0.308082269471,0.28653109411,0.405386636419,86399,-0.0973043669487
2024-05-01,ofi_5s,5s,3,0.2960369453,0.315863793143,0.388099261557,86398,-0.0920623162573
2024-05-01,ofi_5s,5s,4,0.257306218822,0.379877081911,0.362816699267,86399,-0.105510480445
2024-05-01,ofi_5s,5s,5,0.231948319576,0.478460701344,0.28959097908,86377,-0.0576426595043
2024-05-01,ofi_5s,5s,6,0.270962139632,0.485098992706,0.243938867662,86370,0.0270232719694
2024-05-01,ofi_5s,5s,7,0.352041111587,0.376196483756,0.271762404657,86399,0.0802787069295
2024-05-01,ofi_5s,5s,8,0.405889025209,0.309544202412,0.284566772379,86398,0.12132225283
2024-05-01,ofi_5s,5s,9,0.430595261519,0.26656558525,0.302839153231,86399,0.127756108288
2024-05-01,ofi_5s,5s,10,0.48233755411,0.210352091484,0.307310354406,86398,0.175027199704
2024-05-01,qi_1,5s,1,0.190945292061,0.262519389716,0.546535318223,86386,-0.355590026162
2024-05-01,qi_1,5s,2,0.21619181032,0.345554950971,0.438253238709,86377,-0.22206142839
2024-05-01,qi_1,5s,3,0.250882574223,0.361583424967,0.38753400081,86395,-0.136651426587
2024-05-01,qi_1,5s,4,0.269091414217,0.388773773832,0.342134811951,86387,-0.0730433977335
2024-05-01,qi_1,5s,5,0.299300909743,0.37723095442,0.323468135836,86398,-0.0241672260932
2024-05-01,qi_1,5s,6,0.329922800032,0.370444102362,0.299633097605,86399,0.0302897024271
2024-05-01,qi_1,5s,7,0.35761987986,0.35908980428,0.28329031586,86399,0.0743295639996
2024-05-01,qi_1,5s,8,0.396120280562,0.344718627746,0.259161091692,86398,0.13695918887
2024-05-01,qi_1,5s,9,0.462505353071,0.304586858644,0.232907788285,86399,0.229597564787
2024-05-01,qi_1,5s,10,0.564121854673,0.236973078081,0.198905067247,86398,0.365216787426
2024-05-01,trade_imbalance_5s,5s,1,0.220685821492,0.445019629642,0.334294548866,86349,-0.113608727374
2024-05-01,trade_imbalance_5s,5s,2,0.27116054584,0.357828215604,0.371011238556,86399,-0.0998506927164
2024-05-01,trade_imbalance_5s,5s,3,0.311766476076,0.317264288525,0.370969235399,86398,-0.0592027593231
2024-05-01,trade_imbalance_5s,5s,4,0.345652148752,0.290234840681,0.364113010567,86399,-0.0184608618155
2024-05-01,trade_imbalance_5s,5s,5,0.35794810065,0.27912683164,0.36292506771,86398,-0.00497696705942
2024-05-01,trade_imbalance_5s,5s,6,0.362573640899,0.276056435838,0.361369923263,86399,0.00120371763562
2024-05-01,trade_imbalance_5s,5s,7,0.364518107848,0.290489473258,0.344992418894,86399,0.0195256889547
2024-05-01,trade_imbalance_5s,5s,8,0.36118891641,0.335285539017,0.303525544573,86398,0.0576633718373
2024-05-01,trade_imbalance_5s,5s,9,0.36557136078,0.364055139527,0.270373499693,86399,0.0951978610864
2024-05-01,trade_imbalance_5s,5s,10,0.375633695224,0.396178152272,0.228188152504,86398,0.147445542721
2024-06-01,di_10,100ms,1,6.94484634527e-05,0.994339950229,0.00559060130795,86395,-0.00552115284449
2024-06-01,di_10,100ms,2,9.25979512703e-05,0.998009144048,0.00189825800104,86395,-0.00180566004977
2024-06-01,di_10,100ms,3,9.25990230803e-05,0.998773062944,0.00113433803273,86394,-0.00104173900965
2024-06-01,di_10,100ms,4,0.000196770646449,0.998981422536,0.000821806817524,86395,-0.000625036171075
2024-06-01,di_10,100ms,5,0.00018520018983,0.999398099383,0.000416700427118,86393,-0.000231500237288
2024-06-01,di_10,100ms,6,0.000277797069241,0.999479130495,0.000243072435586,86394,3.47246336551e-05
2024-06-01,di_10,100ms,7,0.00038196654899,0.9995254355,9.25979512703e-05,86395,0.00028936859772
2024-06-01,di_10,100ms,8,0.000960714864458,0.998969835868,6.94492673102e-05,86394,0.000891265597148
2024-06-01,di_10,100ms,9,0.00180566004977,0.998136466231,5.7873719544e-05,86395,0.00174778633023
2024-06-01,di_10,100ms,10,0.0066555547839,0.993263421071,8.10241451953e-05,86394,0.0065745306387
2024-06-01,di_5,100ms,1,5.7873719544e-05,0.994247352277,0.00569477400313,86395,-0.00563690028358
2024-06-01,di_5,100ms,2,5.7873719544e-05,0.997893396609,0.00204872967186,86395,-0.00199085595231
2024-06-01,di_5,100ms,3,0.000127323656735,0.99895826099,0.000914415352918,86394,-0.000787091696183
2024-06-01,di_5,100ms,4,0.000196770646449,0.999039296256,0.00076393309798,86395,-0.000567162451531
2024-06-01,di_5,100ms,5,0.000219925225423,0.999363374347,0.000416700427118,86393,-0.000196775201695
2024-06-01,di_5,100ms,6,0.000335671458666,0.999432830984,0.000231497557701,86394,0.000104173900965
2024-06-01,di_5,100ms,7,0.000520863475896,0.999374963829,0.000104172695179,86395,0.000416690780716
2024-06-01,di_5,100ms,8,0.000995439498113,0.998923536357,8.10241451953e-05,86394,0.000914415352918
2024-06-01,di_5,100ms,9,0.0017130620985,0.998229064182,5.7873719544e-05,86395,0.00165518837896
2024-06-01,di_5,100ms,10,0.00649350649351,0.993413894483,9.25990230803e-05,86394,0.00640090747043
2024-06-01,microprice_deviation_bps,100ms,1,0.000300943341629,0.993460269692,0.00623878696684,86395,-0.00593784362521
2024-06-01,microprice_deviation_bps,100ms,2,0.000104172695179,0.99825221367,0.00164361363505,86395,-0.00153944093987
2024-06-01,microprice_deviation_bps,100ms,3,8.10241451953e-05,0.999004560502,0.000914415352918,86394,-0.000833391207723
2024-06-01,microprice_deviation_bps,100ms,4,0.000196770646449,0.999247641646,0.000555587707622,86395,-0.000358817061173
2024-06-01,microprice_deviation_bps,100ms,5,0.000173625177966,0.999421249407,0.000405125415254,86393,-0.000231500237288
2024-06-01,microprice_deviation_bps,100ms,6,0.000185198046161,0.999652753663,0.000162048290391,86394,2.31497557701e-05
2024-06-01,microprice_deviation_bps,100ms,7,0.000358817061173,0.999571734475,6.94484634527e-05,86395,0.00028936859772
2024-06-01,microprice_deviation_bps,100ms,8,0.000763941940413,0.999166608792,6.94492673102e-05,86394,0.000694492673102
2024-06-01,microprice_deviation_bps,100ms,9,0.00159731465941,0.998344811621,5.7873719544e-05,86395,0.00153944093987
2024-06-01,microprice_deviation_bps,100ms,10,0.00695650160891,0.992754126444,0.000289371947126,86394,0.00666712966178
2024-06-01,ofi_100ms,100ms,1,0.000613433025845,0.994317063855,0.00506950311925,86399,-0.0044560700934
2024-06-01,ofi_100ms,100ms,2,0.000462968321393,0.998483778747,0.00105325293117,86399,-0.000590284609776
2024-06-01,ofi_100ms,100ms,3,0.000694452482089,0.998564798204,0.000740749314228,86399,-4.62968321393e-05
2024-06-01,ofi_100ms,100ms,4,0.000567136193706,0.998831004988,0.00060185881781,86399,-3.47226241044e-05
2024-06-01,ofi_100ms,100ms,5,0.000370571954651,0.999293597211,0.000335830833903,86353,3.47411207486e-05
2024-06-01,ofi_100ms,100ms,6,0.000509265153532,0.998993043901,0.000497690945497,86399,1.15742080348e-05
2024-06-01,ofi_100ms,100ms,7,0.00060185881781,0.999027766525,0.000370374657114,86399,0.000231484160696
2024-06-01,ofi_100ms,100ms,8,0.000405097281219,0.999166657021,0.000428245697288,86399,-2.31484160696e-05
2024-06-01,ofi_100ms,100ms,9,0.000787046146367,0.998657391868,0.000555561985671,86399,0.000231484160696
2024-06-01,ofi_100ms,100ms,10,0.00570608456116,0.993541591917,0.000752323522263,86399,0.0049537610389
2024-06-01,qi_1,100ms,1,6.94484634527e-05,0.994039006887,0.00589154464957,86395,-0.00582209618612
2024-06-01,qi_1,100ms,2,0.000138896926905,0.998078592511,0.00178251056195,86395,-0.00164361363505
2024-06-01,qi_1,100ms,3,0.000127323656735,0.998911961479,0.000960714864458,86394,-0.000833391207723
2024-06-01,qi_1,100ms,4,0.000219920134267,0.999178193182,0.000601886683257,86395,-0.00038196654899
2024-06-01,qi_1,100ms,5,0.000266225272881,0.999212899193,0.000520875533897,86393,-0.000254650261017
2024-06-01,qi_1,100ms,6,0.000312521702896,0.999490705373,0.000196772924046,86394,0.00011574877885
2024-06-01,qi_1,100ms,7,0.000509288731987,0.999363389085,0.000127322182997,86395,0.00038196654899
2024-06-01,qi_1,100ms,8,0.000949139986573,0.99895826099,9.25990230803e-05,86394,0.000856540963493
2024-06-01,qi_1,100ms,9,0.00173621158632,0.998171190462,9.25979512703e-05,86395,0.00164361363505
2024-06-01,qi_1,100ms,10,0.00638933259254,0.993471768873,0.00013889853462,86394,0.00625043405792
2024-06-01,trade_imbalance_100ms,100ms,1,0.000490268176693,0.992253762808,0.00725596901505,20397,-0.00676570083836
2024-06-01,trade_imbalance_100ms,100ms,2,4.9029221416e-05,0.995195136301,0.00475583447735,20396,-0.00470680525593
2024-06-01,trade_imbalance_100ms,100ms,3,0.000392233771328,0.994704844087,0.0049029221416,20396,-0.00451068837027
2024-06-01,trade_imbalance_100ms,100ms,4,9.80584428319e-05,0.994753873308,0.00514806824868,20396,-0.00505000980584
2024-06-01,trade_imbalance_100ms,100ms,5,0.000343204549912,0.987987840753,0.011668954697,20396,-0.0113257501471
2024-06-01,trade_imbalance_100ms,100ms,6,0.014610707982,0.984457736811,0.000931555206903,20396,0.0136791527751
2024-06-01,trade_imbalance_100ms,100ms,7,0.00607962345558,0.99377328888,0.000147087664248,20396,0.00593253579133
2024-06-01,trade_imbalance_100ms,100ms,8,0.00411845459894,0.995783486958,9.80584428319e-05,20396,0.00402039615611
2024-06-01,trade_imbalance_100ms,100ms,9,0.00578544812708,0.994018434987,0.000196116885664,20396,0.00558933124142
2024-06-01,trade_imbalance_100ms,100ms,10,0.00455971759168,0.995195136301,0.00024514610708,20396,0.0043145714846
2024-06-01,di_10,1s,1,0.000937554256612,0.949233173216,0.0498292725273,86395,-0.0488917182707
2024-06-01,di_10,1s,2,0.00159731465941,0.977267202963,0.0211354823775,86395,-0.019538167718
2024-06-01,di_10,1s,3,0.00222237655393,0.98369099706,0.0140866263861,86394,-0.0118642498322
2024-06-01,di_10,1s,4,0.00267376584293,0.987499276579,0.00982695757856,86395,-0.00715319173563
2024-06-01,di_10,1s,5,0.00373911835525,0.990727449528,0.00553343211706,86384,-0.00179431376181
2024-06-01,di_10,1s,6,0.00425999884239,0.992301904266,0.00343809689182,86385,0.00082190195057
2024-06-01,di_10,1s,7,0.00732681289426,0.990601307946,0.00207187915967,86395,0.00525493373459
2024-06-01,di_10,1s,8,0.0109961339908,0.987707479686,0.00129638632312,86394,0.00969974766766
2024-06-01,di_10,1s,9,0.0203599745356,0.978505700561,0.00113432490306,86395,0.0192256496325
2024-06-01,di_10,1s,10,0.0522952982846,0.946605088316,0.00109961339908,86394,0.0511956848855
2024-06-01,di_5,1s,1,0.00103015220788,0.947566410093,0.0514034376989,86395,-0.0503732854911
2024-06-01,di_5,1s,2,0.00116904913479,0.977568146305,0.0212628045604,86395,-0.0200937554257
2024-06-01,di_5,1s,3,0.00246544898951,0.984339190222,0.0131953607889,86394,-0.0107299117994
2024-06-01,di_5,1s,4,0.00255801840384,0.987661322993,0.00978065860293,86395,-0.00722264019909
2024-06-01,di_5,1s,5,0.00392433784034,0.99098212632,0.00509353583997,86384,-0.00116919799963
2024-06-01,di_5,1s,6,0.00443364009955,0.992487121607,0.00307923829369,86385,0.00135440180587
2024-06-01,di_5,1s,7,0.00731523815036,0.990462411019,0.00222235083049,86395,0.00509288731987
2024-06-01,di_5,1s,8,0.0107414866773,0.987927402366,0.00133111095678,86394,0.00941037572054
2024-06-01,di_5,1s,9,0.0193066728399,0.979721048672,0.000972278488338,86395,0.0183343943515
2024-06-01,di_5,1s,10,0.053464360951,0.945424450772,0.00111118827696,86394,0.052353172674
2024-06-01,microprice_deviation_bps,1s,1,0.00127322182997,0.94589964697,0.0528271311997,86395,-0.0515539093698
2024-06-01,microprice_deviation_bps,1s,2,0.00180566004977,0.977116731292,0.0210776086579,86395,-0.0192719486081
2024-06-01,microprice_deviation_bps,1s,3,0.00188670509526,0.985079982406,0.0130333124986,86394,-0.0111466074033
2024-06-01,microprice_deviation_bps,1s,4,0.00290526072111,0.988934544823,0.0081601944557,86395,-0.00525493373459
2024-06-01,microprice_deviation_bps,1s,5,0.00377384700871,0.990380162993,0.00584598999815,86384,-0.00207214298944
2024-06-01,microprice_deviation_bps,1s,6,0.00431787926145,0.992927012792,0.00275510794698,86385,0.00156277131446
2024-06-01,microprice_deviation_bps,1s,7,0.00660917877192,0.99156201169,0.00182880953759,86395,0.00478036923433
2024-06-01,microprice_deviation_bps,1s,8,0.00993124522536,0.988494571382,0.00157418339237,86394,0.008357061833
2024-06-01,microprice_deviation_bps,1s,9,0.019920134267,0.97921175994,0.000868105793159,86395,0.0190520284739
2024-06-01,microprice_deviation_bps,1s,10,0.0539852304558,0.944533185175,0.00148158436928,86394,0.0525036460865
2024-06-01,ofi_1s,1s,1,0.0047337962963,0.957511574074,0.0377546296296,86400,-0.0330208333333
2024-06-01,ofi_1s,1s,2,0.00577566350683,0.979212241166,0.0150120953274,86397,-0.00923643182055
2024-06-01,ofi_1s,1s,3,0.00711822032917,0.981307437672,0.0115743419987,86398,-0.00445612166948
2024-06-01,ofi_1s,1s,4,0.00538200673619,0.986654938136,0.00796305512795,86399,-0.00258104839176
2024-06-01,ofi_1s,1s,5,0.0051390078474,0.988529827079,0.00633116507327,86398,-0.00119215722586
2024-06-01,ofi_1s,1s,6,0.00592928860117,0.989067874142,0.00500283725724,86351,0.000926451343933
2024-06-01,ofi_1s,1s,7,0.00880899188554,0.985044392226,0.0061466158886,86389,0.00266237599694
2024-06-01,ofi_1s,1s,8,0.0117478211553,0.981643306057,0.00660887278788,86399,0.00513894836746
2024-06-01,ofi_1s,1s,9,0.0140863002917,0.979096254456,0.0068174452521,86396,0.00726885503959
2024-06-01,ofi_1s,1s,10,0.0376856213614,0.956075880508,0.00623849813077,86399,0.0314471232306
2024-06-01,qi_1,1s,1,0.000925979512703,0.946524683141,0.0525493373459,86395,-0.0516233578332
2024-06-01,qi_1,1s,2,0.00190983274495,0.976977834365,0.0211123328896,86395,-0.0192025001447
2024-06-01,qi_1,1s,3,0.00195615436257,0.984941083872,0.0131027617659,86394,-0.0111466074033
2024-06-01,qi_1,1s,4,0.00292841020892,0.988853521616,0.00821806817524,86395,-0.00528965796632
2024-06-01,qi_1,1s,5,0.00387803296907,0.990148638637,0.00597332839415,86384,-0.00209529542508
2024-06-01,qi_1,1s,6,0.00449152051861,0.992683915032,0.00282456444985,86385,0.00166695606876
2024-06-01,qi_1,1s,7,0.00680594941837,0.991284217837,0.00190983274495,86395,0.00489611667342
2024-06-01,qi_1,1s,8,0.0101395930273,0.988251498947,0.00160890802602,86394,0.00853068500127
2024-06-01,qi_1,1s,9,0.0200243069622,0.979049713525,0.000925979512703,86395,0.0190983274495
2024-06-01,qi_1,1s,10,0.0533486121721,0.945424450772,0.00122693705581,86394,0.0521216751163
2024-06-01,trade_imbalance_1s,1s,1,0.00783003534481,0.976922680013,0.0152472846418,77522,-0.00741724929697
2024-06-01,trade_imbalance_1s,1s,2,0.00477296181631,0.985023219814,0.0102038183695,77520,-0.00543085655315
2024-06-01,trade_imbalance_1s,1s,3,0.00576610510565,0.966267640154,0.0279662547406,77522,-0.0222001496349
2024-06-01,trade_imbalance_1s,1s,4,0.00668197414927,0.977335466061,0.0159825597895,77522,-0.00930058564021
2024-06-01,trade_imbalance_1s,1s,5,0.00950710130158,0.978444550509,0.0120483481895,77521,-0.00254124688794
2024-06-01,trade_imbalance_1s,1s,6,0.00838590651649,0.982866947917,0.00874714556644,77511,-0.000361239049941
2024-06-01,trade_imbalance_1s,1s,7,0.014448257179,0.97839211538,0.00715962744137,77518,0.00728862973761
2024-06-01,trade_imbalance_1s,1s,8,0.0314749361472,0.961327107144,0.00719795670906,77522,0.0242769794381
2024-06-01,trade_imbalance_1s,1s,9,0.0107066381156,0.983488558087,0.00580480379763,77522,0.004901834318
2024-06-01,trade_imbalance_1s,1s,10,0.0116745572053,0.983758820418,0.00456662237645,77519,0.00710793482888
2024-06-01,di_10,30s,1,0.0745529255165,0.418519590254,0.506927484229,86395,-0.432374558713
2024-06-01,di_10,30s,2,0.104058152186,0.530279880547,0.365661967266,86394,-0.26160381508
2024-06-01,di_10,30s,3,0.111370978013,0.600771110005,0.287857911982,86369,-0.176486933969
2024-06-01,di_10,30s,4,0.132505152013,0.619989811749,0.247505036238,86374,-0.114999884224
2024-06-01,di_10,30s,5,0.133861924055,0.688348173344,0.177789902602,86141,-0.0439279785468
2024-06-01,di_10,30s,6,0.181191041148,0.685849875572,0.13295908328,86395,0.0482319578679
2024-06-01,di_10,30s,7,0.207050294727,0.694803766025,0.098145939248,86351,0.108904355479
2024-06-01,di_10,30s,8,0.247355140403,0.652927286617,0.0997175729796,86394,0.147637567424
2024-06-01,di_10,30s,9,0.357485965623,0.559523120551,0.082990913826,86395,0.274495051797
2024-06-01,di_10,30s,10,0.511007708869,0.434254693613,0.0547375975183,86394,0.45627011135
2024-06-01,di_5,30s,1,0.0782336940795,0.423670351293,0.498095954627,86395,-0.419862260547
2024-06-01,di_5,30s,2,0.0976572447161,0.528867745445,0.373475009839,86394,-0.275817765123
2024-06-01,di_5,30s,3,0.115333418217,0.591112705891,0.293553875893,86393,-0.178220457676
2024-06-01,di_5,30s,4,0.127037791775,0.631947017414,0.241015190811,86368,-0.113977399037
2024-06-01,di_5,30s,5,0.13365767565,0.684764813116,0.181577511234,86123,-0.047919835584
2024-06-01,di_5,30s,6,0.183749059552,0.685201689913,0.131049250535,86395,0.0526998090167
2024-06-01,di_5,30s,7,0.207756713877,0.687125800512,0.105117485611,86351,0.102639228266
2024-06-01,di_5,30s,8,0.254357941524,0.649964117879,0.0956779405977,86394,0.158680000926
2024-06-01,di_5,30s,9,0.358874934892,0.560530123271,0.0805949418369,86395,0.278279993055
2024-06-01,di_5,30s,10,0.503784985068,0.442090885941,0.0541241289904,86394,0.449660856078
2024-06-01,microprice_deviation_bps,30s,1,0.0840326407778,0.42816135193,0.487806007292,86395,-0.403773366514
2024-06-01,microprice_deviation_bps,30s,2,0.0941037572054,0.524527166238,0.381369076556,86394,-0.287265319351
2024-06-01,microprice_deviation_bps,30s,3,0.117729445673,0.578843193314,0.303427361013,86393,-0.18569791534
2024-06-01,microprice_deviation_bps,30s,4,0.12261627705,0.643764400755,0.233619322195,86367,-0.111003045145
2024-06-01,microprice_deviation_bps,30s,5,0.137766476244,0.679740838791,0.182492684966,86124,-0.0447262087223
2024-06-01,microprice_deviation_bps,30s,6,0.18371433532,0.684611377973,0.131674286706,86395,0.0520400486139
2024-06-01,microprice_deviation_bps,30s,7,0.202267489664,0.692626605366,0.105105904969,86351,0.097161584695
2024-06-01,microprice_deviation_bps,30s,8,0.25673079149,0.652695789059,0.0905734194504,86394,0.16615737204
2024-06-01,microprice_deviation_bps,30s,9,0.353238034608,0.570276057642,0.0764859077493,86395,0.276752126859
2024-06-01,microprice_deviation_bps,30s,10,0.508252887932,0.430018288307,0.0617288237609,86394,0.446524064171
2024-06-01,ofi_30s,30s,1,0.151678240741,0.437060185185,0.411261574074,86400,-0.259583333333
2024-06-01,ofi_30s,30s,2,0.130442834325,0.485902451446,0.383654714229,86398,-0.253211879905
2024-06-01,ofi_30s,30s,3,0.117789159495,0.620048081948,0.262162758557,86103,-0.144373599062
2024-06-01,ofi_30s,30s,4,0.141869513862,0.651840100053,0.206290386085,86354,-0.0644208722236
2024-06-01,ofi_30s,30s,5,0.143913702705,0.691998749986,0.16408754731,86399,-0.0201738446047
2024-06-01,ofi_30s,30s,6,0.169828354495,0.677160615285,0.15301103022,86399,0.0168173242746
2024-06-01,ofi_30s,30s,7,0.171495040452,0.696535839535,0.131969120013,86399,0.0395259204389
2024-06-01,ofi_30s,30s,8,0.279449231054,0.604826755605,0.115724013341,86352,0.163725217714
2024-06-01,ofi_30s,30s,9,0.346358175442,0.538455306196,0.115186518362,86399,0.231171657079
2024-06-01,ofi_30s,30s,10,0.407574161738,0.481232421672,0.11119341659,86399,0.296380745148
2024-06-01,qi_1,30s,1,0.083627524741,0.428196076162,0.488176399097,86395,-0.404548874356
2024-06-01,qi_1,30s,2,0.0937565108688,0.524943861842,0.381299627289,86394,-0.28754311642
2024-06-01,qi_1,30s,3,0.118285046242,0.578843193314,0.302871760444,86393,-0.184586714201
2024-06-01,qi_1,30s,4,0.122627855547,0.64352125233,0.233850892123,86367,-0.111223036576
2024-06-01,qi_1,30s,5,0.137940643723,0.679589893642,0.182469462635,86124,-0.0445288189123
2024-06-01,qi_1,30s,6,0.183737484808,0.684403032583,0.131859482609,86395,0.0518780021992
2024-06-01,qi_1,30s,7,0.202441199291,0.692232863545,0.105325937163,86351,0.0971152621278
2024-06-01,qi_1,30s,8,0.256985438804,0.652487441257,0.0905271199389,86394,0.166458318865
2024-06-01,qi_1,30s,9,0.353099137682,0.570577000984,0.0763238613346,86395,0.276775276347
2024-06-01,qi_1,30s,10,0.507951941107,0.430469708545,0.0615783503484,86394,0.446373590759
2024-06-01,trade_imbalance_30s,30s,1,0.141173054588,0.549279907085,0.309547038328,86100,-0.16837398374
2024-06-01,trade_imbalance_30s,30s,2,0.144575523577,0.560496428447,0.294928047976,86377,-0.150352524399
2024-06-01,trade_imbalance_30s,30s,3,0.154776789849,0.593984440122,0.251238770029,86376,-0.0964619801797
2024-06-01,trade_imbalance_30s,30s,4,0.179272908251,0.60504172502,0.215685366729,86399,-0.0364124584775
2024-06-01,trade_imbalance_30s,30s,5,0.17730209081,0.604644701197,0.218053207993,86378,-0.0407511171826
2024-06-01,trade_imbalance_30s,30s,6,0.210266740761,0.593706585163,0.196026674076,86376,0.0142400666852
2024-06-01,trade_imbalance_30s,30s,7,0.199180546071,0.639046748226,0.161772705703,86399,0.0374078403685
2024-06-01,trade_imbalance_30s,30s,8,0.26385722057,0.584138705309,0.152004074121,86399,0.111853146448
2024-06-01,trade_imbalance_30s,30s,9,0.287700089121,0.575099248834,0.137200662045,86399,0.150499427077
2024-06-01,trade_imbalance_30s,30s,10,0.302329888077,0.579335408975,0.118334702948,86399,0.183995185129
2024-06-01,di_10,500ms,1,0.000451415012443,0.973262341571,0.0262862434169,86395,-0.0258348284044
2024-06-01,di_10,500ms,2,0.000706059378436,0.98880722264,0.0104867179814,86395,-0.00978065860293
2024-06-01,di_10,500ms,3,0.000914415352918,0.992233256939,0.00685232770794,86394,-0.00593791235502
2024-06-01,di_10,500ms,4,0.00111117541524,0.994085305863,0.00480351872215,86395,-0.0036923433069
2024-06-01,di_10,500ms,5,0.00166687888504,0.995728622857,0.00260449825788,86389,-0.000937619372837
2024-06-01,di_10,500ms,6,0.00208357448779,0.996596828337,0.0013195971756,86390,0.000763977312189
2024-06-01,di_10,500ms,7,0.00320620406274,0.99597198912,0.000821806817524,86395,0.00238439724521
2024-06-01,di_10,500ms,8,0.00528971919346,0.994004213256,0.000706067550987,86394,0.00458365164248
2024-06-01,di_10,500ms,9,0.0102436483593,0.989328086116,0.000428265524625,86395,0.00981538283465
2024-06-01,di_10,500ms,10,0.0281616778943,0.971294302845,0.000544019260597,86394,0.0276176586337
2024-06-01,di_5,500ms,1,0.000439840268534,0.972591006424,0.0269691533075,86395,-0.0265293130389
2024-06-01,di_5,500ms,2,0.000555587707622,0.988575727762,0.0108686845304,86395,-0.0103130968227
2024-06-01,di_5,500ms,3,0.00107646364331,0.9927772762,0.00614626015696,86394,-0.00506979651365
2024-06-01,di_5,500ms,4,0.00101857746397,0.994305225997,0.00467619653915,86395,-0.00365761907518
2024-06-01,di_5,500ms,5,0.00181736100661,0.995763349501,0.00241928949288,86389,-0.000601928486266
2024-06-01,di_5,500ms,6,0.00215302697071,0.99660840375,0.00123856927885,86390,0.000914457691862
2024-06-01,di_5,500ms,7,0.00335667573355,0.995740494242,0.000902830024886,86395,0.00245384570866
2024-06-01,di_5,500ms,8,0.00513924578096,0.994131536912,0.000729217306757,86394,0.0044100284742
2024-06-01,di_5,500ms,9,0.00939869205394,0.990242490885,0.000358817061173,86395,0.00903987499277
2024-06-01,di_5,500ms,10,0.0288793203232,0.970576660416,0.000544019260597,86394,0.0283353010626
2024-06-01,microprice_deviation_bps,500ms,1,0.000752358354071,0.970912668557,0.0283349730887,86395,-0.0275826147346
2024-06-01,microprice_deviation_bps,500ms,2,0.000810232073615,0.989027142774,0.0101626251519,86395,-0.0093523930783
2024-06-01,microprice_deviation_bps,500ms,3,0.000787091696183,0.993193971804,0.00601893650022,86394,-0.00523184480404
2024-06-01,microprice_deviation_bps,500ms,4,0.0011806238787,0.994976561144,0.00384281497772,86395,-0.00266219109902
2024-06-01,microprice_deviation_bps,500ms,5,0.00170160552848,0.99565916957,0.00263922490132,86389,-0.000937619372837
2024-06-01,microprice_deviation_bps,500ms,6,0.00201412200486,0.996851487441,0.00113439055446,86390,0.000879731450399
2024-06-01,microprice_deviation_bps,500ms,7,0.00284738700156,0.996434978876,0.000717634122345,86395,0.00212975287922
2024-06-01,microprice_deviation_bps,500ms,8,0.0047225501771,0.994513507882,0.000763941940413,86394,0.00395860823668
2024-06-01,microprice_deviation_bps,500ms,9,0.00964176167602,0.989976271775,0.00038196654899,86395,0.00925979512703
2024-06-01,microprice_deviation_bps,500ms,10,0.0293770400722,0.969766418964,0.000856540963493,86394,0.0285204991087
2024-06-01,ofi_500ms,500ms,1,0.00280092592593,0.978125,0.0190740740741,86400,-0.0162731481481
2024-06-01,ofi_500ms,500ms,2,0.00357655447011,0.988807352192,0.00761609333765,86396,-0.00403953886754
2024-06-01,ofi_500ms,500ms,3,0.00328707508189,0.991215176102,0.00549774881654,86399,-0.00221067373465
2024-06-01,ofi_500ms,500ms,4,0.00276623572032,0.993518443501,0.00371532077918,86399,-0.000949085058855
2024-06-01,ofi_500ms,500ms,5,0.0034260052316,0.993437348087,0.00313664668164,86398,0.000289358549966
2024-06-01,ofi_500ms,500ms,6,0.00217721108525,0.995217084158,0.00260570475628,86349,-0.000428493671033
2024-06-01,ofi_500ms,500ms,7,0.00383110720156,0.993229009931,0.00293988286766,86398,0.000891224333897
2024-06-01,ofi_500ms,500ms,8,0.00562506510492,0.990844801444,0.00353013345062,86399,0.0020949316543
2024-06-01,ofi_500ms,500ms,9,0.0067477632843,0.989617935393,0.00363430132293,86399,0.00311346196137
2024-06-01,ofi_500ms,500ms,10,0.0195951342029,0.977302978044,0.00310188775333,86399,0.0164932464496
2024-06-01,qi_1,500ms,1,0.000428265524625,0.971549279472,0.0280224550032,86395,-0.0275941894786
2024-06-01,qi_1,500ms,2,0.000891255280977,0.988818797384,0.0102899473349,86395,-0.00939869205394
2024-06-01,qi_1,500ms,3,0.000844966085608,0.993124522536,0.0060305113781,86394,-0.0051855452925
2024-06-01,qi_1,500ms,4,0.00121534811042,0.994883963192,0.00390068869726,86395,-0.00268534058684
2024-06-01,qi_1,500ms,5,0.0018057854588,0.995439234162,0.00275498037945,86389,-0.00094919492065
2024-06-01,qi_1,500ms,6,0.00216460238454,0.99660840375,0.00122699386503,86390,0.000937608519505
2024-06-01,qi_1,500ms,7,0.00304415764801,0.99618033451,0.000775507841889,86395,0.00226864980612
2024-06-01,qi_1,500ms,8,0.00493089797903,0.994258860569,0.000810241451953,86394,0.00412065652707
2024-06-01,qi_1,500ms,9,0.00979223334684,0.989779501129,0.000428265524625,86395,0.00936396782221
2024-06-01,qi_1,500ms,10,0.0287172720328,0.970669259439,0.000613468527907,86394,0.0281038035049
2024-06-01,trade_imbalance_500ms,500ms,1,0.00489584017875,0.984228165867,0.0108759939541,60868,-0.00598015377538
2024-06-01,trade_imbalance_500ms,500ms,2,0.0024643895707,0.991308919447,0.00622669098198,60867,-0.00376230141127
2024-06-01,trade_imbalance_500ms,500ms,3,0.00249724809831,0.991588216932,0.00591453496969,60867,-0.00341728687138
2024-06-01,trade_imbalance_500ms,500ms,4,0.00302323288752,0.981022641385,0.0159541257271,60862,-0.0129308928395
2024-06-01,trade_imbalance_500ms,500ms,5,0.00423875006161,0.987168744969,0.00859250496985,60867,-0.00435375490824
2024-06-01,trade_imbalance_500ms,500ms,6,0.00542156798318,0.990339751594,0.00423868042321,60868,0.00118288755997
2024-06-01,trade_imbalance_500ms,500ms,7,0.0201258481607,0.975569684722,0.00430446711683,60867,0.0158213810439
2024-06-01,trade_imbalance_500ms,500ms,8,0.00760674914157,0.989797427177,0.00259582368114,60867,0.00501092546043
2024-06-01,trade_imbalance_500ms,500ms,9,0.00619383245437,0.990783183006,0.00302298454006,60867,0.0031708479143
2024-06-01,trade_imbalance_500ms,500ms,10,0.00645670067524,0.991243202392,0.00230009693266,60867,0.00415660374259
2024-06-01,di_10,5s,1,0.00722264019909,0.811597893397,0.181179466404,86395,-0.173956826205
2024-06-01,di_10,5s,2,0.0106834886278,0.885352161583,0.103964349789,86395,-0.0932808611609
2024-06-01,di_10,5s,3,0.0195499687478,0.907632474477,0.0728175567748,86394,-0.0532675880269
2024-06-01,di_10,5s,4,0.0167370796921,0.931616412987,0.051646507321,86395,-0.0349094276289
2024-06-01,di_10,5s,5,0.0248424905031,0.941177151858,0.0339803576392,86344,-0.00913786713611
2024-06-01,di_10,5s,6,0.0284188949752,0.95005269192,0.0215284131047,86351,0.00689048187051
2024-06-01,di_10,5s,7,0.0375021702645,0.948399791655,0.0140980380809,86395,0.0234041321836
2024-06-01,di_10,5s,8,0.0568442252934,0.933247679237,0.00990809546959,86394,0.0469361298238
2024-06-01,di_10,5s,9,0.0993113027374,0.893060941027,0.00762775623589,86395,0.0916835465015
2024-06-01,di_10,5s,10,0.184191031785,0.809477510012,0.00633145820312,86394,0.177859573581
2024-06-01,di_5,5s,1,0.00730366340645,0.808657908444,0.18403842815,86395,-0.176734764743
2024-06-01,di_5,5s,2,0.0111464783842,0.883523352046,0.10533016957,86395,-0.0941836911858
2024-06-01,di_5,5s,3,0.0189480750978,0.910422020048,0.0706299048545,86394,-0.0516818297567
2024-06-01,di_5,5s,4,0.0169338503386,0.931350193877,0.0517159557845,86395,-0.0347821054459
2024-06-01,di_5,5s,5,0.0246687667933,0.941698322987,0.0336329102196,86344,-0.00896414342629
2024-06-01,di_5,5s,6,0.0278977660942,0.952357239638,0.0197449942676,86351,0.00815277182661
2024-06-01,di_5,5s,7,0.0388795647896,0.946073268129,0.0150471670814,86395,0.0238323977082
2024-06-01,di_5,5s,8,0.0563465055444,0.934289418247,0.009364076209,86394,0.0469824293354
2024-06-01,di_5,5s,9,0.0978991839806,0.894519358759,0.00758145726026,86395,0.0903177267203
2024-06-01,di_5,5s,10,0.185279070306,0.80872514295,0.00599578674445,86394,0.179283283561
2024-06-01,microprice_deviation_bps,5s,1,0.00833381561433,0.808692632676,0.18297355171,86395,-0.174639736096
2024-06-01,microprice_deviation_bps,5s,2,0.0109728572255,0.881081081081,0.107946061693,86395,-0.0969732044679
2024-06-01,microprice_deviation_bps,5s,3,0.017917910966,0.906764358636,0.0753177303979,86394,-0.0573998194319
2024-06-01,microprice_deviation_bps,5s,4,0.018149198449,0.936327333758,0.0455234677933,86395,-0.0273742693443
2024-06-01,microprice_deviation_bps,5s,5,0.02461085889,0.940435930696,0.0349532104142,86344,-0.0103423515241
2024-06-01,microprice_deviation_bps,5s,6,0.0281872821392,0.953457400609,0.0183553172517,86351,0.00983196488749
2024-06-01,microprice_deviation_bps,5s,7,0.0378378378378,0.94770530702,0.0144568551421,86395,0.0233809826958
2024-06-01,microprice_deviation_bps,5s,8,0.0542283028914,0.936523369678,0.00924832743015,86394,0.0449799754613
2024-06-01,microprice_deviation_bps,5s,9,0.0993923259448,0.893257711673,0.00734996238208,86395,0.0920423635627
2024-06-01,microprice_deviation_bps,5s,10,0.185672616154,0.807370882237,0.00695650160891,86394,0.178716114545
2024-06-01,ofi_5s,5s,1,0.0201388888889,0.805914351852,0.173946759259,86400,-0.15380787037
2024-06-01,ofi_5s,5s,2,0.0250928830195,0.905427146148,0.069479970833,86399,-0.0443870878135
2024-06-01,ofi_5s,5s,3,0.0250350119793,0.917880993993,0.0570839940277,86399,-0.0320489820484
2024-06-01,ofi_5s,5s,4,0.0259493744141,0.926677392099,0.0473732334865,86399,-0.0214238590724
2024-06-01,ofi_5s,5s,5,0.0242248174169,0.939073368905,0.0367018136784,86399,-0.0124769962615
2024-06-01,ofi_5s,5s,6,0.0346573073404,0.937600630133,0.0277420625268,86331,0.00691524481357
2024-06-01,ofi_5s,5s,7,0.0420395734679,0.93054381679,0.0274166097417,86371,0.0146229637263
2024-06-01,ofi_5s,5s,8,0.0564523599981,0.917585344388,0.0259622956135,86356,0.0304900643846
2024-06-01,ofi_5s,5s,9,0.0710887857498,0.909026724846,0.0198844894038,86399,0.051204296346
2024-06-01,ofi_5s,5s,10,0.160638433315,0.821884512552,0.0174770541326,86399,0.143161379183
2024-06-01,qi_1,5s,1,0.00811389548006,0.808889403322,0.182996701198,86395,-0.174882805718
2024-06-01,qi_1,5s,2,0.0108455350425,0.881474622374,0.107679842583,86395,-0.0968343075409
2024-06-01,qi_1,5s,3,0.018022084867,0.906648609857,0.0753293052758,86394,-0.0573072204088
2024-06-01,qi_1,5s,4,0.0182533711442,0.936130563111,0.0456160657445,86395,-0.0273626946004
2024-06-01,qi_1,5s,5,0.0247150931159,0.940204299083,0.0350806078014,86344,-0.0103655146854
2024-06-01,qi_1,5s,6,0.0283262498408,0.953214207131,0.0184595430279,86351,0.00986670681289
2024-06-01,qi_1,5s,7,0.0379767347647,0.947427513166,0.014595752069,86395,0.0233809826958
2024-06-01,qi_1,5s,8,0.0544829502049,0.936233997731,0.0092830520638,86394,0.0451998981411
2024-06-01,qi_1,5s,9,0.0992534290179,0.893269286417,0.00747728456508,86395,0.0917761444528
2024-06-01,qi_1,5s,10,0.185313794939,0.8081232493,0.00656295576082,86394,0.178750839179
2024-06-01,trade_imbalance_5s,5s,1,0.0256315265461,0.868230336428,0.106138137026,86378,-0.0805066104795
2024-06-01,trade_imbalance_5s,5s,2,0.02376210107,0.89040715179,0.0858307471397,86356,-0.0620686460698
2024-06-01,trade_imbalance_5s,5s,3,0.0278893686977,0.903504405108,0.0686062261945,86377,-0.0407168574968
2024-06-01,trade_imbalance_5s,5s,4,0.0339179255658,0.91360768652,0.0524743879146,86385,-0.0185564623488
2024-06-01,trade_imbalance_5s,5s,5,0.0359809675963,0.918128248764,0.0458907836395,86379,-0.00990981604325
2024-06-01,trade_imbalance_5s,5s,6,0.0414273805113,0.919009355317,0.0395632641719,86368,0.00186411633938
2024-06-01,trade_imbalance_5s,5s,7,0.0472243125904,0.91881910275,0.0339565846599,86375,0.0132677279305
2024-06-01,trade_imbalance_5s,5s,8,0.0629262136597,0.9109075963,0.0261661900406,86371,0.036760023619
2024-06-01,trade_imbalance_5s,5s,9,0.0779829792161,0.898280553465,0.0237364673189,86365,0.0542465118972
2024-06-01,trade_imbalance_5s,5s,10,0.10862745552,0.870582379293,0.0207901651869,86387,0.087837290333
2024-07-01,di_10,100ms,1,0.000162040787981,0.964513067432,0.0353248917799,86398,-0.0351628509919
2024-07-01,di_10,100ms,2,0.000196763813977,0.986550614598,0.0132526215885,86398,-0.0130558577745
2024-07-01,di_10,100ms,3,0.00034723025996,0.993275307299,0.00637746244126,86398,-0.0060302321813
2024-07-01,di_10,100ms,4,0.000405101969953,0.996909650686,0.00268524734369,86398,-0.00228014537374
2024-07-01,di_10,100ms,5,0.000891224333897,0.997708280284,0.00140049538184,86398,-0.000509271047941
2024-07-01,di_10,100ms,6,0.00163198222181,0.997442070418,0.000925947359893,86398,0.000706034861918
2024-07-01,di_10,100ms,7,0.00246533484571,0.997013819764,0.00052084538994,86398,0.00194448945577
2024-07-01,di_10,100ms,8,0.00591448876131,0.993668834927,0.000416676311952,86398,0.00549781244936
2024-07-01,di_10,100ms,9,0.0113544295007,0.988448806685,0.000196763813977,86398,0.0111576656867
2024-07-01,di_10,100ms,10,0.0379990045951,0.961804229314,0.000196766091415,86397,0.0378022385037
2024-07-01,di_5,100ms,1,0.000150466445983,0.962904233894,0.0369452996597,86398,-0.0367948332137
2024-07-01,di_5,100ms,2,0.000196763813977,0.988066853399,0.0117363827866,86398,-0.0115396189727
2024-07-01,di_5,100ms,3,0.000312507233964,0.993414199403,0.00627329336327,86398,-0.00596078612931
2024-07-01,di_5,100ms,4,0.000486122363944,0.99681705595,0.00269682168569,86398,-0.00221069932174
2024-07-01,di_5,100ms,5,0.000821778281905,0.99774300331,0.00143521840783,86398,-0.000613440125929
2024-07-01,di_5,100ms,6,0.00153938748582,0.997650408574,0.000810203939906,86398,0.000729183545915
2024-07-01,di_5,100ms,7,0.00251163221371,0.996921225028,0.000567142757934,86398,0.00194448945577
2024-07-01,di_5,100ms,8,0.00532419731938,0.994293849395,0.000381953285956,86398,0.00494224403343
2024-07-01,di_5,100ms,9,0.0109493275307,0.988807611287,0.000243061181972,86398,0.0107062663488
2024-07-01,di_5,100ms,10,0.0390754308599,0.960716228573,0.000208340567381,86397,0.0388670902925
2024-07-01,microprice_deviation_bps,100ms,1,0.000902798675895,0.960311581287,0.0387856200375,86398,-0.0378828213616
2024-07-01,microprice_deviation_bps,100ms,2,0.000115743419987,0.989062246811,0.0108220097687,86398,-0.0107062663488
2024-07-01,microprice_deviation_bps,100ms,3,0.000324081575962,0.994259126369,0.00541679205537,86398,-0.00509271047941
2024-07-01,microprice_deviation_bps,100ms,4,0.000300932891965,0.997361050024,0.00233801708373,86398,-0.00203708419176
2024-07-01,microprice_deviation_bps,100ms,5,0.000810203939906,0.997881895414,0.00130790064585,86398,-0.000497696705942
2024-07-01,microprice_deviation_bps,100ms,6,0.00144679274983,0.997881895414,0.000671311835922,86398,0.00077548091391
2024-07-01,microprice_deviation_bps,100ms,7,0.00207180721776,0.997268455288,0.000659737493923,86398,0.00141206972384
2024-07-01,microprice_deviation_bps,100ms,8,0.00484964929744,0.994872566495,0.000277784207968,86398,0.00457186508947
2024-07-01,microprice_deviation_bps,100ms,9,0.00997708280284,0.989791430357,0.000231486839973,86398,0.00974559596287
2024-07-01,microprice_deviation_bps,100ms,10,0.0405685382594,0.958644397375,0.000787064365661,86397,0.0397814738938
2024-07-01,ofi_100ms,100ms,1,0.00177085382933,0.967731107999,0.0304980381717,86399,-0.0287271843424
2024-07-01,ofi_100ms,100ms,2,0.0026273756337,0.990323850089,0.00704877427718,86398,-0.00442139864349
2024-07-01,ofi_100ms,100ms,3,0.00219912497974,0.993472071113,0.0043288039075,86398,-0.00212967892775
2024-07-01,ofi_100ms,100ms,4,0.0028589286541,0.994131672763,0.00300939858327,86396,-0.000150469929163
2024-07-01,ofi_100ms,100ms,5,0.0017477256418,0.996620292136,0.00163198222181,86398,0.000115743419987
2024-07-01,ofi_100ms,100ms,6,0.00454871640547,0.990451167851,0.00500011574342,86398,-0.000451399337948
2024-07-01,ofi_100ms,100ms,7,0.00152781314382,0.996597143452,0.00187504340378,86398,-0.00034723025996
2024-07-01,ofi_100ms,100ms,8,0.00376166114956,0.993043820459,0.00319451839163,86398,0.000567142757934
2024-07-01,ofi_100ms,100ms,9,0.00725711243316,0.990335424431,0.00240746313572,86398,0.00484964929744
2024-07-01,ofi_100ms,100ms,10,0.0330678950902,0.964628810852,0.00230329405773,86398,0.0307646010324
2024-07-01,qi_1,100ms,1,0.00034723025996,0.961989860876,0.0376629088636,86398,-0.0373156786037
2024-07-01,qi_1,100ms,2,0.00017361512998,0.988784462603,0.0110419222667,86398,-0.0108683071367
2024-07-01,qi_1,100ms,3,0.000474548021945,0.993761429663,0.00576402231533,86398,-0.00528947429339
2024-07-01,qi_1,100ms,4,0.000416676311952,0.996944373712,0.00263894997569,86398,-0.00222227366374
2024-07-01,qi_1,100ms,5,0.00100696775388,0.99745364476,0.00153938748582,86398,-0.000532419731938
2024-07-01,qi_1,100ms,6,0.00164355656381,0.997546239496,0.000810203939906,86398,0.000833352623903
2024-07-01,qi_1,100ms,7,0.00223384800574,0.996979096738,0.000787055255909,86398,0.00144679274983
2024-07-01,qi_1,100ms,8,0.00526632560939,0.994328572421,0.000405101969953,86398,0.00486122363944
2024-07-01,qi_1,100ms,9,0.0102897091334,0.989397780016,0.000312510851071,86397,0.00997719828235
2024-07-01,qi_1,100ms,10,0.0395148035834,0.960149540499,0.000335655917961,86398,0.0391791476655
2024-07-01,trade_imbalance_100ms,100ms,1,0.00152773425259,0.965802256346,0.0326700094014,25528,-0.0311422751489
2024-07-01,trade_imbalance_100ms,100ms,2,0.000665935443435,0.98280319649,0.0165308680664,25528,-0.015864932623
2024-07-01,trade_imbalance_100ms,100ms,3,0.00215449702288,0.962355061109,0.0354904418678,25528,-0.0333359448449
2024-07-01,trade_imbalance_100ms,100ms,4,0.00180194296459,0.968426825447,0.0297712315888,25528,-0.0279692886243
2024-07-01,trade_imbalance_100ms,100ms,5,0.00857881541836,0.947077718584,0.0443434659981,25528,-0.0357646505798
2024-07-01,trade_imbalance_100ms,100ms,6,0.0600908806017,0.937597931683,0.00231118771545,25528,0.0577796928862
2024-07-01,trade_imbalance_100ms,100ms,7,0.0170792854904,0.9820589157,0.000861798809151,25528,0.0162174866813
2024-07-01,trade_imbalance_100ms,100ms,8,0.0167267314322,0.982372297086,0.000900971482294,25528,0.0158257599499
2024-07-01,trade_imbalance_100ms,100ms,9,0.0379974929489,0.959573801316,0.00242870573488,25528,0.035568787214
2024-07-01,trade_imbalance_100ms,100ms,10,0.0255807576292,0.972656403024,0.00176283934657,25527,0.0238179182826
2024-07-01,di_10,1s,1,0.0041556216648,0.778582921437,0.217261456898,86389,-0.213105835234
2024-07-01,di_10,1s,2,0.00534734600338,0.870066436723,0.124586217274,86398,-0.11923887127
2024-07-01,di_10,1s,3,0.0094909604389,0.905935322577,0.0845737169842,86398,-0.0750827565453
2024-07-01,di_10,1s,4,0.0136345748744,0.936352693349,0.0500127317762,86398,-0.0363781569018
2024-07-01,di_10,1s,5,0.0231486839973,0.942544966319,0.034306349684,86398,-0.0111576656867
2024-07-01,di_10,1s,6,0.0312160003704,0.946214032732,0.0225699668974,86398,0.008646033473
2024-07-01,di_10,1s,7,0.0498506909882,0.935172110466,0.0149771985463,86398,0.034873492442
2024-07-01,di_10,1s,8,0.0807889071506,0.910842843584,0.00836824926503,86398,0.0724206578856
2024-07-01,di_10,1s,9,0.113347531193,0.881640778722,0.00501169008542,86398,0.108335841107
2024-07-01,di_10,1s,10,0.22805189995,0.768232693265,0.00371540678496,86397,0.224336493165
2024-07-01,di_5,1s,1,0.00406301728229,0.771788074871,0.224148907847,86389,-0.220085890565
2024-07-01,di_5,1s,2,0.00467603416746,0.872948447881,0.122375517952,86398,-0.117699483784
2024-07-01,di_5,1s,3,0.0104400564828,0.908979374523,0.0805805689947,86398,-0.0701405125119
2024-07-01,di_5,1s,4,0.0129864117225,0.937544850575,0.0494687377023,86398,-0.0364823259798
2024-07-01,di_5,1s,5,0.0226741359754,0.942857473553,0.034468390472,86398,-0.0117942544966
2024-07-01,di_5,1s,6,0.0318410148383,0.945936248524,0.0222227366374,86398,0.00961827820088
2024-07-01,di_5,1s,7,0.0496886502002,0.935542489409,0.0147688603903,86398,0.0349197898099
2024-07-01,di_5,1s,8,0.0771198407371,0.914430889604,0.00844926965902,86398,0.068670571078
2024-07-01,di_5,1s,9,0.112004907521,0.882763489896,0.00523160258339,86398,0.106773304938
2024-07-01,di_5,1s,10,0.233538201558,0.762792689561,0.0036691088811,86397,0.229869092677
2024-07-01,microprice_deviation_bps,1s,1,0.00509324103763,0.764136637766,0.230770121196,86389,-0.225676880158
2024-07-01,microprice_deviation_bps,1s,2,0.00476862890345,0.876027222852,0.119204148244,86398,-0.114435519341
2024-07-01,microprice_deviation_bps,1s,3,0.00998865714484,0.912405379754,0.077605963101,86398,-0.0676173059562
2024-07-01,microprice_deviation_bps,1s,4,0.0129864117225,0.937672168337,0.0493414199403,86398,-0.0363550082178
2024-07-01,microprice_deviation_bps,1s,5,0.0219449524295,0.944686219588,0.0333688279821,86398,-0.0114238755527
2024-07-01,microprice_deviation_bps,1s,6,0.0320146299683,0.945924674182,0.0220606958494,86398,0.00995393411885
2024-07-01,microprice_deviation_bps,1s,7,0.0486469594204,0.936456862427,0.0148961781523,86398,0.0337507812681
2024-07-01,microprice_deviation_bps,1s,8,0.0765295492951,0.915542026436,0.00792842426908,86398,0.068601125026
2024-07-01,microprice_deviation_bps,1s,9,0.108960855575,0.885749670131,0.00528947429339,86398,0.103671381282
2024-07-01,microprice_deviation_bps,1s,10,0.238098545088,0.756982302626,0.00491915228538,86397,0.233179392803
2024-07-01,ofi_1s,1s,1,0.0169330663549,0.792196668943,0.190870264702,86399,-0.173937198347
2024-07-01,ofi_1s,1s,2,0.0292599365726,0.869800226857,0.10093983657,86398,-0.0716798999977
2024-07-01,ofi_1s,1s,3,0.0259277264625,0.901474639443,0.072597634095,86394,-0.0466699076325
2024-07-01,ofi_1s,1s,4,0.0250477458186,0.925632270386,0.0493199837954,86395,-0.0242722379767
2024-07-01,ofi_1s,1s,5,0.022882738984,0.944326770605,0.0327904904105,86397,-0.00990775142655
2024-07-01,ofi_1s,1s,6,0.0265756120146,0.946351061983,0.0270733260027,86395,-0.000497713988078
2024-07-01,ofi_1s,1s,7,0.044896352967,0.929084827371,0.0260188196623,86399,0.0188775333048
2024-07-01,ofi_1s,1s,8,0.0674089678002,0.905784856131,0.0268061760689,86398,0.0406027917313
2024-07-01,ofi_1s,1s,9,0.105233917452,0.870159031459,0.0246070510891,86398,0.0806268663626
2024-07-01,ofi_1s,1s,10,0.194867877357,0.790791346922,0.0143407757214,86397,0.180527101635
2024-07-01,qi_1,1s,1,0.00414404611698,0.765896121034,0.229959832849,86389,-0.225815786732
2024-07-01,qi_1,1s,2,0.00496539271742,0.876386027454,0.118648579828,86398,-0.113683187111
2024-07-01,qi_1,1s,3,0.0102432926688,0.911467858052,0.0782888492789,86398,-0.0680455566101
2024-07-01,qi_1,1s,4,0.0131484525105,0.937209194657,0.0496423528322,86398,-0.0364939003218
2024-07-01,qi_1,1s,5,0.0222458853214,0.94406120512,0.0336929095581,86398,-0.0114470242367
2024-07-01,qi_1,1s,6,0.0322692654923,0.945380680108,0.0223500543994,86398,0.00991921109285
2024-07-01,qi_1,1s,7,0.0487974258663,0.936074909141,0.0151276649922,86398,0.0336697608741
2024-07-01,qi_1,1s,8,0.0768883538971,0.9148707146,0.00824093150304,86398,0.068647422394
2024-07-01,qi_1,1s,9,0.109228329687,0.885424262417,0.00534740789611,86397,0.103880921791
2024-07-01,qi_1,1s,10,0.237100395842,0.758813861432,0.00408574272553,86398,0.233014653117
2024-07-01,trade_imbalance_1s,1s,1,0.0259708198583,0.917088404473,0.0569407756684,81014,-0.0309699558101
2024-07-01,trade_imbalance_1s,1s,2,0.0274890759622,0.875132693115,0.0973782309231,81014,-0.0698891549609
2024-07-01,trade_imbalance_1s,1s,3,0.0313772928136,0.849951860172,0.118670847014,81014,-0.0872935542005
2024-07-01,trade_imbalance_1s,1s,4,0.0449428493841,0.881415557805,0.0736415928111,81014,-0.0286987434271
2024-07-01,trade_imbalance_1s,1s,5,0.0499790159725,0.891216332979,0.058804651048,81014,-0.00882563507542
2024-07-01,trade_imbalance_1s,1s,6,0.059201106009,0.891374117415,0.0494247765763,81012,0.00977632943268
2024-07-01,trade_imbalance_1s,1s,7,0.0804428864147,0.877440936134,0.0421161774508,81014,0.0383267089639
2024-07-01,trade_imbalance_1s,1s,8,0.130570024934,0.841274347644,0.0281556274224,81014,0.102414397512
2024-07-01,trade_imbalance_1s,1s,9,0.0664955007221,0.908434448792,0.0250700504857,81013,0.0414254502364
2024-07-01,trade_imbalance_1s,1s,10,0.0627970422309,0.902860246645,0.0343427111237,81007,0.0284543311072
2024-07-01,di_10,30s,1,0.260855957156,0.159541418404,0.579602624441,86266,-0.318746667285
2024-07-01,di_10,30s,2,0.27386902622,0.208069023901,0.518061949879,86231,-0.244192923659
2024-07-01,di_10,30s,3,0.311893793838,0.214275793421,0.473830412741,86398,-0.161936618903
2024-07-01,di_10,30s,4,0.341585934697,0.232600669005,0.425813396298,86397,-0.0842274616017
2024-07-01,di_10,30s,5,0.35817958749,0.239357392532,0.402463019977,86398,-0.0442834324869
2024-07-01,di_10,30s,6,0.407416838353,0.217331419709,0.375251741938,86398,0.0321650964143
2024-07-01,di_10,30s,7,0.418343017199,0.219102294035,0.362554688766,86398,0.0557883284335
2024-07-01,di_10,30s,8,0.490972013241,0.19324521401,0.315782772749,86398,0.175189240492
2024-07-01,di_10,30s,9,0.536436028612,0.214287367763,0.249276603625,86398,0.287159424987
2024-07-01,di_10,30s,10,0.580406953865,0.168337230028,0.251255816107,86398,0.329151137758
2024-07-01,di_5,30s,1,0.25791346477,0.160100606187,0.581985929043,86277,-0.324072464272
2024-07-01,di_5,30s,2,0.277580607748,0.210438413361,0.511980978891,86220,-0.234400371144
2024-07-01,di_5,30s,3,0.315528137225,0.209102062548,0.475369800227,86398,-0.159841663001
2024-07-01,di_5,30s,4,0.344606872924,0.226350451983,0.429042675093,86397,-0.0844358021691
2024-07-01,di_5,30s,5,0.351790550707,0.246510335887,0.401699113405,86398,-0.0499085626982
2024-07-01,di_5,30s,6,0.400958355517,0.22532929003,0.373712354453,86398,0.0272460010648
2024-07-01,di_5,30s,7,0.425565406607,0.21119701845,0.363237574944,86398,0.0623278316628
2024-07-01,di_5,30s,8,0.485948748814,0.199425912637,0.31462533855,86398,0.171323410264
2024-07-01,di_5,30s,9,0.535313317438,0.213372994745,0.251313687817,86398,0.283999629621
2024-07-01,di_5,30s,10,0.584758906456,0.164332507697,0.250908585847,86398,0.333850320609
2024-07-01,microprice_deviation_bps,30s,1,0.262406991029,0.157217032521,0.580375976449,86282,-0.31796898542
2024-07-01,microprice_deviation_bps,30s,2,0.281702719944,0.203827640202,0.514469639854,86215,-0.23276691991
2024-07-01,microprice_deviation_bps,30s,3,0.31121090766,0.217493460497,0.471295631843,86398,-0.160084724183
2024-07-01,microprice_deviation_bps,30s,4,0.342662360962,0.222241513015,0.435096126023,86397,-0.0924337650613
2024-07-01,microprice_deviation_bps,30s,5,0.347207111276,0.252355378597,0.400437510128,86398,-0.0532303988518
2024-07-01,microprice_deviation_bps,30s,6,0.399430542374,0.232841037987,0.367728419639,86398,0.0317021227343
2024-07-01,microprice_deviation_bps,30s,7,0.43189657168,0.205826523762,0.362276904558,86398,0.0696196671219
2024-07-01,microprice_deviation_bps,30s,8,0.480786592282,0.205687631658,0.31352577606,86398,0.167260816223
2024-07-01,microprice_deviation_bps,30s,9,0.535313317438,0.205328827056,0.259357855506,86398,0.275955461932
2024-07-01,microprice_deviation_bps,30s,10,0.587363133406,0.163325539943,0.249311326651,86398,0.338051806755
2024-07-01,ofi_30s,30s,1,0.404804930034,0.143800389213,0.451394680752,86328,-0.0465897507182
2024-07-01,ofi_30s,30s,2,0.34200984651,0.175256298871,0.482733854619,86325,-0.140724008109
2024-07-01,ofi_30s,30s,3,0.341903295635,0.208468866843,0.449627837522,86387,-0.107724541887
2024-07-01,ofi_30s,30s,4,0.343294131279,0.212641214298,0.444064654423,86305,-0.100770523145
2024-07-01,ofi_30s,30s,5,0.329188519561,0.269146608315,0.401664872124,86373,-0.0724763525639
2024-07-01,ofi_30s,30s,6,0.380644190247,0.295141944149,0.324213865605,86372,0.0564303246422
2024-07-01,ofi_30s,30s,7,0.42747022535,0.23399576384,0.33853401081,86399,0.0889362145395
2024-07-01,ofi_30s,30s,8,0.44385670467,0.230545749175,0.325597546154,86395,0.118259158516
2024-07-01,ofi_30s,30s,9,0.471747031181,0.170165976064,0.358086992754,86398,0.113660038427
2024-07-01,ofi_30s,30s,10,0.495358688859,0.127028403435,0.377612907706,86398,0.117745781152
2024-07-01,qi_1,30s,1,0.260354618148,0.157503766369,0.582141615483,86290,-0.321786997335
2024-07-01,qi_1,30s,2,0.281670861995,0.203637755635,0.51469138237,86207,-0.233020520375
2024-07-01,qi_1,30s,3,0.313398458298,0.217331419709,0.469270121994,86398,-0.155871663696
2024-07-01,qi_1,30s,4,0.342627637534,0.222669768626,0.43470259384,86397,-0.0920749563064
2024-07-01,qi_1,30s,5,0.34711451654,0.251996573995,0.400888909465,86398,-0.0537743929258
2024-07-01,qi_1,30s,6,0.399476839742,0.232806314961,0.367716845297,86398,0.0317599944443
2024-07-01,qi_1,30s,7,0.431966017732,0.205699206,0.362334776268,86398,0.0696312414639
2024-07-01,qi_1,30s,8,0.48094863307,0.205652908632,0.313398458298,86398,0.167550174773
2024-07-01,qi_1,30s,9,0.535255445728,0.205965415866,0.258779138406,86398,0.276476307322
2024-07-01,qi_1,30s,10,0.587166369592,0.162885714947,0.249947915461,86398,0.337218454131
2024-07-01,trade_imbalance_30s,30s,1,0.301290068557,0.260190846767,0.438519084677,86352,-0.13722901612
2024-07-01,trade_imbalance_30s,30s,2,0.383072826213,0.192659488248,0.424267685539,86370,-0.0411948593262
2024-07-01,trade_imbalance_30s,30s,3,0.375747878113,0.190065395854,0.434186726033,86244,-0.0584388479199
2024-07-01,trade_imbalance_30s,30s,4,0.398723621117,0.17381685932,0.427459519563,86338,-0.0287358984456
2024-07-01,trade_imbalance_30s,30s,5,0.405306231117,0.169327113406,0.425366655477,86389,-0.0200604243596
2024-07-01,trade_imbalance_30s,30s,6,0.411004884372,0.188314544318,0.40068057131,86398,0.0103243130628
2024-07-01,trade_imbalance_30s,30s,7,0.388515937869,0.200895854071,0.41058820806,86398,-0.0220722701914
2024-07-01,trade_imbalance_30s,30s,8,0.427160979675,0.209025880828,0.363813139497,86396,0.0633478401778
2024-07-01,trade_imbalance_30s,30s,9,0.448152134912,0.228850538792,0.322997326296,86397,0.125154808616
2024-07-01,trade_imbalance_30s,30s,10,0.441341234751,0.253038264775,0.305620500475,86398,0.135720734276
2024-07-01,di_10,500ms,1,0.00153945875871,0.8656966919,0.132763849341,86394,-0.131224390583
2024-07-01,di_10,500ms,2,0.0017477256418,0.93137572629,0.0668765480682,86398,-0.0651288224264
2024-07-01,di_10,500ms,3,0.00361119470358,0.955253593833,0.0411352114632,86398,-0.0375240167596
2024-07-01,di_10,500ms,4,0.00481492627144,0.972487789069,0.0226972846594,86398,-0.0178823583879
2024-07-01,di_10,500ms,5,0.0094909604389,0.976747146925,0.0137618926364,86398,-0.0042709321975
2024-07-01,di_10,500ms,6,0.0136692979004,0.977418458761,0.00891224333897,86398,0.00475705456145
2024-07-01,di_10,500ms,7,0.0215051274335,0.972649829857,0.00584504270932,86398,0.0156600847242
2024-07-01,di_10,500ms,8,0.0392370193754,0.957580036575,0.00318294404963,86398,0.0360540753258
2024-07-01,di_10,500ms,9,0.0609157619389,0.937243917683,0.00184032037779,86398,0.0590754415611
2024-07-01,di_10,500ms,10,0.140143754991,0.858409435513,0.0014468094957,86397,0.138696945496
2024-07-01,di_5,500ms,1,0.00144685973563,0.861194064403,0.137359075862,86394,-0.135912216126
2024-07-01,di_5,500ms,2,0.00167827958981,0.93363272298,0.0646889974305,86398,-0.0630107178407
2024-07-01,di_5,500ms,3,0.00380795851756,0.956955022107,0.0392370193754,86398,-0.0354290608579
2024-07-01,di_5,500ms,4,0.00450241903748,0.973066506169,0.0224310747934,86398,-0.0179286557559
2024-07-01,di_5,500ms,5,0.00932891965092,0.977117525869,0.0135535544804,86398,-0.00422463482951
2024-07-01,di_5,500ms,6,0.0139470821084,0.977244843631,0.00880807426098,86398,0.0051390078474
2024-07-01,di_5,500ms,7,0.0212041945415,0.972916039723,0.00587976573532,86398,0.0153244288062
2024-07-01,di_5,500ms,8,0.0371073404477,0.959802310239,0.00309034931364,86398,0.0340169911341
2024-07-01,di_5,500ms,9,0.0596194356351,0.938459223593,0.00192134077178,86398,0.0576980948633
2024-07-01,di_5,500ms,10,0.144032778916,0.854474113685,0.00149310739956,86397,0.142539671516
2024-07-01,microprice_deviation_bps,500ms,1,0.00250017362317,0.85480473181,0.142695094567,86394,-0.140194920944
2024-07-01,microprice_deviation_bps,500ms,2,0.00158568485382,0.936850390055,0.0615639250909,86398,-0.059978240237
2024-07-01,microprice_deviation_bps,500ms,3,0.00362276904558,0.959073126693,0.0373041042617,86398,-0.0336813352161
2024-07-01,microprice_deviation_bps,500ms,4,0.00436352693349,0.973899858793,0.0217366142735,86398,-0.01737308734
2024-07-01,microprice_deviation_bps,500ms,5,0.00914373017894,0.977360587051,0.0134956827704,86398,-0.0043519525915
2024-07-01,microprice_deviation_bps,500ms,6,0.0136692979004,0.977811986389,0.00851871571101,86398,0.0051505821894
2024-07-01,microprice_deviation_bps,500ms,7,0.0206486261256,0.973517905507,0.00583346836732,86398,0.0148151577583
2024-07-01,microprice_deviation_bps,500ms,8,0.0362739878238,0.960890298387,0.00283571378967,86398,0.0334382740341
2024-07-01,microprice_deviation_bps,500ms,9,0.0566564040834,0.941410680803,0.00193291511378,86398,0.0547234889697
2024-07-01,microprice_deviation_bps,500ms,10,0.14821116474,0.849242450548,0.00254638471243,86397,0.145664780027
2024-07-01,ofi_500ms,500ms,1,0.00953714742069,0.884362087524,0.106100765055,86399,-0.0965636176345
2024-07-01,ofi_500ms,500ms,2,0.0132297791564,0.932994583083,0.053775637761,86396,-0.0405458586046
2024-07-01,ofi_500ms,500ms,3,0.0148035834163,0.951133128082,0.034063288502,86398,-0.0192597050858
2024-07-01,ofi_500ms,500ms,4,0.0141206972384,0.962383388504,0.0234959142573,86398,-0.00937521701891
2024-07-01,ofi_500ms,500ms,5,0.0114821459575,0.9735864344,0.0149314196423,86395,-0.00344927368482
2024-07-01,ofi_500ms,500ms,6,0.0132529283763,0.972626047502,0.0141210241215,86396,-0.000868095745173
2024-07-01,ofi_500ms,500ms,7,0.0203127351011,0.964814407574,0.0148728573247,86399,0.00543987777636
2024-07-01,ofi_500ms,500ms,8,0.0315863793143,0.954188754369,0.0142248663163,86398,0.017361512998
2024-07-01,ofi_500ms,500ms,9,0.0523623232019,0.933887358504,0.0137503182944,86398,0.0386120049075
2024-07-01,ofi_500ms,500ms,10,0.115986481169,0.874892937337,0.00912058149494,86398,0.106865899674
2024-07-01,qi_1,500ms,1,0.00162048290391,0.856760886173,0.141618630923,86394,-0.13999814802
2024-07-01,qi_1,500ms,2,0.0017361512998,0.936873538739,0.0613903099609,86398,-0.0596541586611
2024-07-01,qi_1,500ms,3,0.00381953285956,0.958297645779,0.0378828213616,86398,-0.034063288502
2024-07-01,qi_1,500ms,4,0.00454871640547,0.973413736429,0.0220375471654,86398,-0.01748883076
2024-07-01,qi_1,500ms,5,0.0094446630709,0.976712423899,0.0138429130304,86398,-0.00439824995949
2024-07-01,qi_1,500ms,6,0.0139470821084,0.977279566657,0.00877335123498,86398,0.0051737308734
2024-07-01,qi_1,500ms,7,0.0209032616496,0.973066506169,0.0060302321813,86398,0.0148730294683
2024-07-01,qi_1,500ms,8,0.0365401976898,0.960369452997,0.00309034931364,86398,0.0334498483761
2024-07-01,qi_1,500ms,9,0.0570042941306,0.940958598099,0.00203710776995,86397,0.0549671863606
2024-07-01,qi_1,500ms,10,0.147109886803,0.851130813213,0.0017592999838,86398,0.145350586819
2024-07-01,trade_imbalance_500ms,500ms,1,0.0119920152544,0.9547282803,0.0332797044452,67128,-0.0212876891908
2024-07-01,trade_imbalance_500ms,500ms,2,0.0178012810964,0.934515119917,0.047683598987,67130,-0.0298823178907
2024-07-01,trade_imbalance_500ms,500ms,3,0.0142412370213,0.929851479986,0.0559072829924,67129,-0.0416660459712
2024-07-01,trade_imbalance_500ms,500ms,4,0.0196037539103,0.904722180843,0.0756740652465,67130,-0.0560703113362
2024-07-01,trade_imbalance_500ms,500ms,5,0.0272907387269,0.938685218013,0.03402404326,67129,-0.00673330453306
2024-07-01,trade_imbalance_500ms,500ms,6,0.0406673618352,0.934381051691,0.024951586474,67130,0.0157157753612
2024-07-01,trade_imbalance_500ms,500ms,7,0.0906761608247,0.893935556913,0.0153882822625,67129,0.0752878785622
2024-07-01,trade_imbalance_500ms,500ms,8,0.034962534821,0.951094161987,0.0139433031924,67129,0.0210192316287
2024-07-01,trade_imbalance_500ms,500ms,9,0.0420378370326,0.93794130791,0.0200208550574,67130,0.0220169819753
2024-07-01,trade_imbalance_500ms,500ms,10,0.0416834264432,0.940737430168,0.0175791433892,67125,0.024104283054
2024-07-01,di_10,5s,1,0.0495662949195,0.469768034372,0.480665670708,86349,-0.431099375789
2024-07-01,di_10,5s,2,0.0663788513623,0.58871733142,0.344903817218,86398,-0.278524965856
2024-07-01,di_10,5s,3,0.0805574203107,0.631553971157,0.287888608533,86398,-0.207331188222
2024-07-01,di_10,5s,4,0.094944327415,0.6902937568,0.214761915785,86398,-0.11981758837
2024-07-01,di_10,5s,5,0.138429130304,0.696902706081,0.164668163615,86398,-0.026239033311
2024-07-01,di_10,5s,6,0.169982754031,0.683461231293,0.146556014676,86397,0.0234267393544
2024-07-01,di_10,5s,7,0.215433227621,0.668684460288,0.115882312091,86398,0.0995509155305
2024-07-01,di_10,5s,8,0.278594411908,0.645477904581,0.0759276835112,86398,0.202666728396
2024-07-01,di_10,5s,9,0.344348248802,0.598787008959,0.0568647422394,86398,0.287483506563
2024-07-01,di_10,5s,10,0.493032246117,0.459779161555,0.0471885923285,86398,0.445843653788
2024-07-01,di_5,5s,1,0.0466015819523,0.46481140488,0.488587013167,86349,-0.441985431215
2024-07-01,di_5,5s,2,0.0662283849163,0.587710363666,0.346061251418,86398,-0.279832866502
2024-07-01,di_5,5s,3,0.0854996643441,0.632699831015,0.281800504641,86398,-0.196300840297
2024-07-01,di_5,5s,4,0.095025347809,0.692643348226,0.212331303965,86398,-0.117305956156
2024-07-01,di_5,5s,5,0.134343387578,0.699703696845,0.165952915577,86398,-0.0316095279983
2024-07-01,di_5,5s,6,0.167864624929,0.689213745848,0.142921629223,86397,0.0249429957059
2024-07-01,di_5,5s,7,0.215560545383,0.667943702401,0.116495752216,86398,0.0990647931665
2024-07-01,di_5,5s,8,0.279393041506,0.644297321697,0.0763096367971,86398,0.203083404708
2024-07-01,di_5,5s,9,0.344174633672,0.596286951087,0.0595384152411,86398,0.284636218431
2024-07-01,di_5,5s,10,0.496573994768,0.458112456307,0.0453135489247,86398,0.451260445844
2024-07-01,microprice_deviation_bps,5s,1,0.0493115148988,0.45634575965,0.494342725451,86349,-0.445031210553
2024-07-01,microprice_deviation_bps,5s,2,0.0664598717563,0.58536077224,0.348179356004,86398,-0.281719484247
2024-07-01,microprice_deviation_bps,5s,3,0.0826176531864,0.644725572351,0.272656774462,86398,-0.190039121276
2024-07-01,microprice_deviation_bps,5s,4,0.095117942545,0.687886293664,0.216995763791,86398,-0.121877821246
2024-07-01,microprice_deviation_bps,5s,5,0.132468344175,0.703430634968,0.164101020857,86398,-0.0316326766823
2024-07-01,microprice_deviation_bps,5s,6,0.167725731218,0.694827366691,0.137446902092,86397,0.030278829126
2024-07-01,microprice_deviation_bps,5s,7,0.213627630269,0.668360378712,0.118011991018,86398,0.0956156392509
2024-07-01,microprice_deviation_bps,5s,8,0.281974119771,0.640975485544,0.0770503946851,86398,0.204923725086
2024-07-01,microprice_deviation_bps,5s,9,0.343318132364,0.596275376745,0.060406490891,86398,0.282911641473
2024-07-01,microprice_deviation_bps,5s,10,0.498645801986,0.455230445149,0.0461237528646,86398,0.452522049122
2024-07-01,ofi_5s,5s,1,0.135777034456,0.449137142791,0.415085822753,86399,-0.279308788296
2024-07-01,ofi_5s,5s,2,0.115755105821,0.525529106655,0.358715787524,86372,-0.242960681702
2024-07-01,ofi_5s,5s,3,0.11589756651,0.62124615064,0.26285628285,86378,-0.14695871634
2024-07-01,ofi_5s,5s,4,0.112120650941,0.695455913331,0.192423435728,86398,-0.0803027847867
2024-07-01,ofi_5s,5s,5,0.100491926616,0.75762486255,0.141883210834,86395,-0.0413912842178
2024-07-01,ofi_5s,5s,6,0.127086275145,0.771881293548,0.101032431306,86398,0.026053843839
2024-07-01,ofi_5s,5s,7,0.197921248177,0.688777517998,0.113301233825,86398,0.0846200143522
2024-07-01,ofi_5s,5s,8,0.266175142943,0.624424176486,0.109400680571,86398,0.156774462372
2024-07-01,ofi_5s,5s,9,0.355132182045,0.536865132645,0.10800268531,86396,0.247129496736
2024-07-01,ofi_5s,5s,10,0.404951503507,0.462545429292,0.132503067201,86398,0.272448436306
2024-07-01,qi_1,5s,1,0.0484082039167,0.457596497933,0.493995298151,86349,-0.445587094234
2024-07-01,qi_1,5s,2,0.0660547697863,0.586668672886,0.347276557328,86398,-0.281221787541
2024-07-01,qi_1,5s,3,0.0835320262043,0.642862103289,0.273605870506,86398,-0.190073844302
2024-07-01,qi_1,5s,4,0.0954883214889,0.687909442348,0.216602236163,86398,-0.121113914674
2024-07-01,qi_1,5s,5,0.132456769833,0.702817194842,0.164726035325,86398,-0.0322692654923
2024-07-01,qi_1,5s,6,0.167991944165,0.694167621561,0.137840434274,86397,0.0301515098904
2024-07-01,qi_1,5s,7,0.213928563161,0.66817518924,0.117896247598,86398,0.0960323155629
2024-07-01,qi_1,5s,8,0.281684761221,0.640848167782,0.077467070997,86398,0.204217690224
2024-07-01,qi_1,5s,9,0.344070464594,0.595279983333,0.060649552073,86398,0.283420912521
2024-07-01,qi_1,5s,10,0.497650408574,0.457093914211,0.0452556772148,86398,0.45239473136
2024-07-01,trade_imbalance_5s,5s,1,0.104344201556,0.593703686551,0.301952111893,86368,-0.197607910337
2024-07-01,trade_imbalance_5s,5s,2,0.133749334321,0.579673064901,0.286577600778,86378,-0.152828266457
2024-07-01,trade_imbalance_5s,5s,3,0.136137410588,0.612560475937,0.251302113475,86398,-0.115164702887
2024-07-01,trade_imbalance_5s,5s,4,0.153996620292,0.623382485706,0.222620894002,86398,-0.06862427371
2024-07-01,trade_imbalance_5s,5s,5,0.168777055024,0.637144378342,0.194078566633,86398,-0.0253015116091
2024-07-01,trade_imbalance_5s,5s,6,0.189775107932,0.638841626445,0.171383265623,86397,0.0183918423093
2024-07-01,trade_imbalance_5s,5s,7,0.215745734855,0.632792425751,0.151461839394,86398,0.0642838954605
2024-07-01,trade_imbalance_5s,5s,8,0.243697770782,0.61918099956,0.137121229658,86398,0.106576541124
2024-07-01,trade_imbalance_5s,5s,9,0.280411583601,0.601842635246,0.117745781152,86398,0.162665802449
2024-07-01,trade_imbalance_5s,5s,10,0.304681983911,0.594351524973,0.100966491116,86395,0.203715492795
2024-08-01,di_10,100ms,1,0.000428245697288,0.916110140164,0.0834616141391,86399,-0.0830333684418
2024-08-01,di_10,100ms,2,0.000555561985671,0.973055243695,0.0263891943194,86399,-0.0258336323337
2024-08-01,di_10,100ms,3,0.000902788226716,0.984826213266,0.0142709985069,86399,-0.0133682102802
2024-08-01,di_10,100ms,4,0.00135418234007,0.990462852579,0.00818296508061,86399,-0.00682878274054
2024-08-01,di_10,100ms,5,0.00252320655571,0.993240584273,0.00423620917151,86398,-0.0017130026158
2024-08-01,di_10,100ms,6,0.00372689498721,0.993530017709,0.00274308730425,86399,0.000983807682959
2024-08-01,di_10,100ms,7,0.00697932822519,0.991585453367,0.00143521840783,86398,0.00554410981736
2024-08-01,di_10,100ms,8,0.0135418234007,0.985381775252,0.00107640134724,86399,0.0124654220535
2024-08-01,di_10,100ms,9,0.026261878031,0.973147837359,0.000590284609776,86399,0.0256715934212
2024-08-01,di_10,100ms,10,0.0853607722401,0.914222551448,0.000416676311952,86398,0.0849440959281
2024-08-01,di_5,100ms,1,0.000416671489253,0.911816108983,0.087767219528,86399,-0.0873505480388
2024-08-01,di_5,100ms,2,0.000613433025845,0.975289065846,0.0240975011285,86399,-0.0234840681026
2024-08-01,di_5,100ms,3,0.000833342978507,0.986411879767,0.0127547772544,86399,-0.0119214342759
2024-08-01,di_5,100ms,4,0.00122686605169,0.990775356196,0.00799777775206,86399,-0.00677091170037
2024-08-01,di_5,100ms,5,0.00245376050372,0.993310030325,0.00423620917151,86398,-0.00178244866779
2024-08-01,di_5,100ms,6,0.00398152756398,0.993333256172,0.00268521626408,86399,0.0012963112999
2024-08-01,di_5,100ms,7,0.00666682099123,0.991944257969,0.00138892103984,86398,0.00527789995139
2024-08-01,di_5,100ms,8,0.0123496799731,0.9867475318,0.000902788226716,86399,0.0114468917464
2024-08-01,di_5,100ms,9,0.022604428292,0.976828435514,0.000567136193706,86399,0.0220372920983
2024-08-01,di_5,100ms,10,0.0904882057455,0.909106692285,0.000405101969953,86398,0.0900831037756
2024-08-01,microprice_deviation_bps,100ms,1,0.00128473709186,0.907741987754,0.0909732751536,86399,-0.0896885380618
2024-08-01,microprice_deviation_bps,100ms,2,0.00060185881781,0.978495121471,0.0209030197109,86399,-0.0203011608931
2024-08-01,microprice_deviation_bps,100ms,3,0.000798620354402,0.986585492888,0.0126158867579,86399,-0.0118172664035
2024-08-01,microprice_deviation_bps,100ms,4,0.00112269817938,0.991249898726,0.00762740309494,86399,-0.00650470491557
2024-08-01,microprice_deviation_bps,100ms,5,0.00225699668974,0.993379476377,0.00436352693349,86398,-0.00210653024376
2024-08-01,microprice_deviation_bps,100ms,6,0.00375004340328,0.993680482413,0.00256947418373,86399,0.00118056921955
2024-08-01,microprice_deviation_bps,100ms,7,0.00596078612931,0.992742887567,0.00129632630385,86398,0.00466445982546
2024-08-01,microprice_deviation_bps,100ms,8,0.0120603247723,0.987048461209,0.000891214018681,86399,0.0111691107536
2024-08-01,microprice_deviation_bps,100ms,9,0.0191900369217,0.980242826885,0.000567136193706,86399,0.018622900728
2024-08-01,microprice_deviation_bps,100ms,10,0.094608671497,0.904395935091,0.000995393411885,86398,0.0936132780851
2024-08-01,ofi_100ms,100ms,1,0.00260419680783,0.918054607114,0.0793411960787,86399,-0.0767369992708
2024-08-01,ofi_100ms,100ms,2,0.00385421127559,0.972106158636,0.0240396300883,86399,-0.0201854188127
2024-08-01,ofi_100ms,100ms,3,0.00483801895855,0.983645644047,0.0115163369946,86399,-0.00667831803609
2024-08-01,ofi_100ms,100ms,4,0.00387735969166,0.9906364657,0.0054861746085,86399,-0.00160881491684
2024-08-01,ofi_100ms,100ms,5,0.00278941642168,0.993888747425,0.00332183615361,86398,-0.000532419731938
2024-08-01,ofi_100ms,100ms,6,0.00480335192944,0.990161809301,0.00503483876942,86398,-0.000231486839973
2024-08-01,ofi_100ms,100ms,7,0.00554404564868,0.990740633572,0.00371532077918,86399,0.0018287248695
2024-08-01,ofi_100ms,100ms,8,0.0120718989803,0.983900276624,0.00402782439612,86399,0.0080440745842
2024-08-01,ofi_100ms,100ms,9,0.0246183404901,0.97143485457,0.00394680493987,86399,0.0206715355502
2024-08-01,ofi_100ms,100ms,10,0.0766337183731,0.920993541517,0.00237274010972,86398,0.0742609782634
2024-08-01,qi_1,100ms,1,0.000659729857984,0.910288313522,0.0890519566199,86399,-0.0883922267619
2024-08-01,qi_1,100ms,2,0.00064815564995,0.977893262654,0.0214585816965,86399,-0.0208104260466
2024-08-01,qi_1,100ms,3,0.00093751085082,0.985671130453,0.0133913586963,86399,-0.0124538478455
2024-08-01,qi_1,100ms,4,0.0012963112999,0.990717485156,0.00798620354402,86399,-0.00668989224412
2024-08-01,qi_1,100ms,5,0.00252320655571,0.992881779671,0.00459501377347,86398,-0.00207180721776
2024-08-01,qi_1,100ms,6,0.00405097281219,0.993205939884,0.00274308730425,86399,0.00130788550793
2024-08-01,qi_1,100ms,7,0.00637746244126,0.992210467835,0.00141206972384,86398,0.00496539271742
2024-08-01,qi_1,100ms,8,0.0125348673017,0.986516047639,0.000949085058855,86399,0.0115857822429
2024-08-01,qi_1,100ms,9,0.0200002314842,0.97938633549,0.000613433025845,86399,0.0193867984583
2024-08-01,qi_1,100ms,10,0.0926063103313,0.906791823885,0.00060186578393,86398,0.0920044445473
2024-08-01,trade_imbalance_100ms,100ms,1,0.00241997243069,0.945382141216,0.0521978863532,32645,-0.0497779139225
2024-08-01,trade_imbalance_100ms,100ms,2,0.0013172001838,0.964159901976,0.0345228978404,32645,-0.0332056976566
2024-08-01,trade_imbalance_100ms,100ms,3,0.00477882612425,0.908344565617,0.0868766082588,32644,-0.0820977821345
2024-08-01,trade_imbalance_100ms,100ms,4,0.00297135855414,0.910522285189,0.0865063562567,32645,-0.0835349977026
2024-08-01,trade_imbalance_100ms,100ms,5,0.0236796961157,0.92001592942,0.0563043744639,32644,-0.0326246783482
2024-08-01,trade_imbalance_100ms,100ms,6,0.0889569612498,0.906417521826,0.00462551692449,32645,0.0843314443253
2024-08-01,trade_imbalance_100ms,100ms,7,0.0375555215194,0.961004748047,0.00143973043345,32645,0.0361157910859
2024-08-01,trade_imbalance_100ms,100ms,8,0.0219948535719,0.977239308908,0.000765837519912,32644,0.021229016052
2024-08-01,trade_imbalance_100ms,100ms,9,0.0790320110277,0.914872109052,0.00609587992036,32645,0.0729361311074
2024-08-01,trade_imbalance_100ms,100ms,10,0.0668749808535,0.930306650737,0.00281836840977,32643,0.0640566124437
2024-08-01,di_10,1s,1,0.0212270975359,0.622588224401,0.356184678063,86399,-0.334957580528
2024-08-01,di_10,1s,2,0.0293521915763,0.744267873471,0.226379934953,86399,-0.197027743377
2024-08-01,di_10,1s,3,0.0396648109353,0.787439669441,0.172895519624,86399,-0.133230708689
2024-08-01,di_10,1s,4,0.0509843863934,0.820611349668,0.128404263938,86399,-0.0774198775449
2024-08-01,di_10,1s,5,0.0676288802982,0.837415217945,0.094955901757,86398,-0.0273270214588
2024-08-01,di_10,1s,6,0.0865172050602,0.843597726826,0.0698850681142,86399,0.016632136946
2024-08-01,di_10,1s,7,0.123521240884,0.822317397847,0.0541613612687,86390,0.0693598796157
2024-08-01,di_10,1s,8,0.16939049515,0.789798374962,0.0408111298873,86398,0.128579365263
2024-08-01,di_10,1s,9,0.227791988333,0.739024757231,0.0331832544358,86399,0.194608733897
2024-08-01,di_10,1s,10,0.363144980208,0.612977152249,0.0238778675432,86398,0.339267112665
2024-08-01,di_5,1s,1,0.0211229296635,0.614509427192,0.364367643144,86399,-0.34324471348
2024-08-01,di_5,1s,2,0.0281600481487,0.749325802382,0.222514149469,86399,-0.194354101321
2024-08-01,di_5,1s,3,0.0382759059711,0.791201287052,0.170522806977,86399,-0.132246901006
2024-08-01,di_5,1s,4,0.0507529022327,0.820472459172,0.128774638595,86399,-0.0780217363627
2024-08-01,di_5,1s,5,0.0671543322762,0.839151369245,0.0936942984791,86398,-0.0265399662029
2024-08-01,di_5,1s,6,0.0868181344691,0.843586152618,0.0695957129133,86399,0.0172224215558
2024-08-01,di_5,1s,7,0.121125130223,0.824829262646,0.0540456071305,86390,0.067079523093
2024-08-01,di_5,1s,8,0.166682099123,0.79296974467,0.0403481562073,86398,0.126333942915
2024-08-01,di_5,1s,9,0.223960925474,0.743828053565,0.0322110209609,86399,0.191749904513
2024-08-01,di_5,1s,10,0.375170721544,0.600164355656,0.0246649227991,86398,0.350505798745
2024-08-01,microprice_deviation_bps,1s,1,0.0228359124527,0.607206101922,0.369957985625,86399,-0.347122073172
2024-08-01,microprice_deviation_bps,1s,2,0.027928563988,0.756825889189,0.215245546823,86399,-0.187316982835
2024-08-01,microprice_deviation_bps,1s,3,0.0375467308649,0.793145754002,0.169307515133,86399,-0.131760784268
2024-08-01,microprice_deviation_bps,1s,4,0.0503015081193,0.818146043357,0.131552448524,86399,-0.0812509404044
2024-08-01,microprice_deviation_bps,1s,5,0.0650130790065,0.841061135674,0.0939257853191,86398,-0.0289127063126
2024-08-01,microprice_deviation_bps,1s,6,0.0866445213486,0.84386393361,0.069491545041,86399,0.0171529763076
2024-08-01,microprice_deviation_bps,1s,7,0.119805533048,0.826935987962,0.0532584789906,86390,0.0665470540572
2024-08-01,microprice_deviation_bps,1s,8,0.165640408343,0.795041551888,0.0393180397694,86398,0.126322368573
2024-08-01,microprice_deviation_bps,1s,9,0.220754869848,0.748712369356,0.0305327607958,86399,0.190222109052
2024-08-01,microprice_deviation_bps,1s,10,0.382751915554,0.589099284706,0.0281487997407,86398,0.354603115813
2024-08-01,ofi_1s,1s,1,0.0588085510249,0.602541696084,0.338649752891,86399,-0.279841201866
2024-08-01,ofi_1s,1s,2,0.061158115256,0.698063634996,0.240778249748,86399,-0.179620134492
2024-08-01,ofi_1s,1s,3,0.0634621171786,0.787703419061,0.148834463761,86398,-0.0853723465821
2024-08-01,ofi_1s,1s,4,0.0578416733225,0.835862531977,0.106295794701,86391,-0.0484541213784
2024-08-01,ofi_1s,1s,5,0.051390078474,0.87995092479,0.068658996736,86398,-0.017268918262
2024-08-01,ofi_1s,1s,6,0.0619921757448,0.887508970115,0.0504988541401,86398,0.0114933216047
2024-08-01,ofi_1s,1s,7,0.103670181368,0.839812960798,0.056516857834,86399,0.0471533235338
2024-08-01,ofi_1s,1s,8,0.14906422528,0.7844998206,0.0664359541198,86399,0.0826282711605
2024-08-01,ofi_1s,1s,9,0.239979629394,0.696454820079,0.0635655505272,86399,0.176414078867
2024-08-01,ofi_1s,1s,10,0.331847959444,0.607641380588,0.060510659969,86398,0.271337299475
2024-08-01,qi_1,1s,1,0.021609046401,0.612761721779,0.36562923182,86399,-0.344020185419
2024-08-01,qi_1,1s,2,0.0276970798273,0.757566638503,0.21473628167,86399,-0.187039201843
2024-08-01,qi_1,1s,3,0.0378592344819,0.790020717832,0.172120047686,86399,-0.134260813204
2024-08-01,qi_1,1s,4,0.0507876248568,0.816444634776,0.132767740367,86399,-0.0819801155106
2024-08-01,qi_1,1s,5,0.0656728165004,0.839591194241,0.094735989259,86398,-0.0290631727586
2024-08-01,qi_1,1s,6,0.0872463801664,0.842613919143,0.070139700691,86399,0.0171066794755
2024-08-01,qi_1,1s,7,0.121009376085,0.825072346336,0.0539182775784,86390,0.0670910985068
2024-08-01,qi_1,1s,8,0.167538600431,0.792599365726,0.0398620338434,86398,0.127676566587
2024-08-01,qi_1,1s,9,0.22074329564,0.748492459403,0.0307642449565,86399,0.189979050683
2024-08-01,qi_1,1s,10,0.379059700456,0.594874881363,0.026065418181,86398,0.352994282275
2024-08-01,trade_imbalance_1s,1s,1,0.05340015865,0.832071344439,0.114528496911,83202,-0.0611283382611
2024-08-01,trade_imbalance_1s,1s,2,0.0624151152029,0.708416966142,0.229167918655,83201,-0.166752803452
2024-08-01,trade_imbalance_1s,1s,3,0.0778346674359,0.723432129035,0.198733203529,83202,-0.120898536093
2024-08-01,trade_imbalance_1s,1s,4,0.0977740919689,0.734393404005,0.167832504026,83202,-0.0700584120574
2024-08-01,trade_imbalance_1s,1s,5,0.119495192308,0.747475961538,0.133028846154,83200,-0.0135336538462
2024-08-01,trade_imbalance_1s,1s,6,0.14670320425,0.746833008822,0.106463786928,83202,0.0402394173217
2024-08-01,trade_imbalance_1s,1s,7,0.174034809366,0.734999278811,0.0909659118227,83196,0.0830688975432
2024-08-01,trade_imbalance_1s,1s,8,0.208365384615,0.721045673077,0.0705889423077,83200,0.137776442308
2024-08-01,trade_imbalance_1s,1s,9,0.151450686282,0.78672387683,0.0618254368885,83202,0.089625249393
2024-08-01,trade_imbalance_1s,1s,10,0.110707803993,0.836828884268,0.052463311739,83201,0.0582444922537
2024-08-01,di_10,30s,1,0.36355004921,0.110148787124,0.526301163666,86365,-0.162751114456
2024-08-01,di_10,30s,2,0.371684284871,0.120552513054,0.507763202075,86369,-0.136078917204
2024-08-01,di_10,30s,3,0.376869818923,0.133272356782,0.489857824295,86372,-0.112988005372
2024-08-01,di_10,30s,4,0.385564480659,0.144332044723,0.470103474617,86398,-0.0845389939582
2024-08-01,di_10,30s,5,0.405773105157,0.149248546882,0.444978347961,86366,-0.0392052428039
2024-08-01,di_10,30s,6,0.423307269041,0.148693889372,0.427998841587,86325,-0.00469157254561
2024-08-01,di_10,30s,7,0.456671490593,0.153562952243,0.389765557164,86375,0.0669059334298
2024-08-01,di_10,30s,8,0.488795988559,0.147360253842,0.3638437576,86353,0.124952230959
2024-08-01,di_10,30s,9,0.513331095083,0.129004248816,0.357664656101,86377,0.155666438983
2024-08-01,di_10,30s,10,0.53150900588,0.121880353753,0.346610640367,86388,0.184898365514
2024-08-01,di_5,30s,1,0.361560727104,0.111091814287,0.527347458608,86370,-0.165786731504
2024-08-01,di_5,30s,2,0.371296242691,0.120534938922,0.508168818387,86365,-0.136872575696
2024-08-01,di_5,30s,3,0.373322681857,0.133977053014,0.492700265129,86373,-0.119377583273
2024-08-01,di_5,30s,4,0.388133984583,0.143938517095,0.467927498322,86398,-0.0797935137387
2024-08-01,di_5,30s,5,0.402633346458,0.14923454617,0.448132107372,86354,-0.0454987609144
2024-08-01,di_5,30s,6,0.424979151223,0.150562916976,0.424457931801,86336,0.000521219421794
2024-08-01,di_5,30s,7,0.451783584768,0.163503953873,0.384712461359,86371,0.0670711234095
2024-08-01,di_5,30s,8,0.498077724767,0.139712353513,0.362209921719,86356,0.135867803048
2024-08-01,di_5,30s,9,0.515403762663,0.127062228654,0.357534008683,86375,0.15786975398
2024-08-01,di_5,30s,10,0.529864567658,0.118439634217,0.351695798125,86390,0.178168769534
2024-08-01,microprice_deviation_bps,30s,1,0.364323673455,0.107130865684,0.528545460861,86371,-0.164221787405
2024-08-01,microprice_deviation_bps,30s,2,0.367893944657,0.127729535718,0.504376519625,86370,-0.136482574968
2024-08-01,microprice_deviation_bps,30s,3,0.366424676092,0.13189065268,0.501684671229,86367,-0.135259995137
2024-08-01,microprice_deviation_bps,30s,4,0.392590106252,0.144088983541,0.463320910206,86398,-0.0707308039538
2024-08-01,microprice_deviation_bps,30s,5,0.399847139069,0.149792132294,0.450360728637,86353,-0.0505135895684
2024-08-01,microprice_deviation_bps,30s,6,0.429254789316,0.149899233246,0.420845977438,86338,0.00840881187889
2024-08-01,microprice_deviation_bps,30s,7,0.455112768027,0.163860973464,0.38102625851,86372,0.074086509517
2024-08-01,microprice_deviation_bps,30s,8,0.49909676224,0.139700773542,0.361202464218,86356,0.137894298022
2024-08-01,microprice_deviation_bps,30s,9,0.513759449854,0.128668511294,0.357572038853,86377,0.156187411001
2024-08-01,microprice_deviation_bps,30s,10,0.52875465932,0.115296460075,0.355948880606,86386,0.172805778714
2024-08-01,ofi_30s,30s,1,0.421046539891,0.0940520144909,0.484901445619,86399,-0.0638549057281
2024-08-01,ofi_30s,30s,2,0.455810878215,0.10765697317,0.436532148616,86209,0.019278729599
2024-08-01,ofi_30s,30s,3,0.42743571023,0.137584164841,0.434980124929,86289,-0.00754441469944
2024-08-01,ofi_30s,30s,4,0.401231495735,0.152177687242,0.446590817023,86399,-0.0453593212884
2024-08-01,ofi_30s,30s,5,0.391328502975,0.183291279891,0.425380217135,86398,-0.03405171416
2024-08-01,ofi_30s,30s,6,0.414298776606,0.171599208324,0.41410201507,86399,0.000196761536592
2024-08-01,ofi_30s,30s,7,0.430792023056,0.151818886793,0.417389090152,86399,0.0134029329043
2024-08-01,ofi_30s,30s,8,0.456023796572,0.141622009514,0.402354193914,86399,0.0536696026574
2024-08-01,ofi_30s,30s,9,0.457192791583,0.117547656802,0.425259551615,86399,0.0319332399681
2024-08-01,ofi_30s,30s,10,0.46195513785,0.100638903678,0.437405958471,86398,0.0245491793792
2024-08-01,qi_1,30s,1,0.363210059514,0.107959150592,0.528830789894,86366,-0.16562073038
2024-08-01,qi_1,30s,2,0.366499177993,0.128985574363,0.504515247644,86374,-0.138016069651
2024-08-01,qi_1,30s,3,0.367995090774,0.130627084105,0.50137782512,86368,-0.133382734346
2024-08-01,qi_1,30s,4,0.392671126646,0.143614435519,0.463714437834,86398,-0.0710433111878
2024-08-01,qi_1,30s,5,0.40069250634,0.14945630146,0.449851192199,86353,-0.0491586858592
2024-08-01,qi_1,30s,6,0.429544348954,0.149320113971,0.421135537075,86338,0.00840881187889
2024-08-01,qi_1,30s,7,0.454603343676,0.162737924327,0.382658731996,86372,0.0719446116797
2024-08-01,qi_1,30s,8,0.500393728142,0.139877712671,0.359728559187,86354,0.140665168956
2024-08-01,qi_1,30s,9,0.512369904722,0.128688685907,0.35894140937,86379,0.153428495352
2024-08-01,qi_1,30s,10,0.529078785914,0.1167897576,0.354131456486,86386,0.174947329428
2024-08-01,trade_imbalance_30s,30s,1,0.416671489253,0.165823678515,0.417504832232,86399,-0.000833342978507
2024-08-01,trade_imbalance_30s,30s,2,0.424908255288,0.132424954562,0.442666790151,86381,-0.017758534863
2024-08-01,trade_imbalance_30s,30s,3,0.414707278389,0.134917051598,0.450375670012,86379,-0.035668391623
2024-08-01,trade_imbalance_30s,30s,4,0.420039583791,0.107211889026,0.472748527182,86399,-0.0527089433905
2024-08-01,trade_imbalance_30s,30s,5,0.42819278224,0.118637005486,0.453170212273,86398,-0.0249774300331
2024-08-01,trade_imbalance_30s,30s,6,0.425939880131,0.127102630389,0.44695748948,86261,-0.0210176093484
2024-08-01,trade_imbalance_30s,30s,7,0.447661547378,0.118527962909,0.433810489713,86275,0.0138510576644
2024-08-01,trade_imbalance_30s,30s,8,0.453720529173,0.11967731108,0.426602159747,86399,0.0271183694256
2024-08-01,trade_imbalance_30s,30s,9,0.444982002107,0.140557182375,0.414460815519,86399,0.0305211865878
2024-08-01,trade_imbalance_30s,30s,10,0.440253246603,0.19312947059,0.366617282807,86398,0.0736359637955
2024-08-01,di_10,500ms,1,0.00659729857984,0.741721547703,0.251681153717,86399,-0.245083855137
2024-08-01,di_10,500ms,2,0.00956029583676,0.853771455688,0.136668248475,86399,-0.127107952638
2024-08-01,di_10,500ms,3,0.0147571152444,0.886595909675,0.0986469750807,86399,-0.0838898598363
2024-08-01,di_10,500ms,4,0.02061366451,0.911677218486,0.0677091170037,86399,-0.0470954524937
2024-08-01,di_10,500ms,5,0.0292715109146,0.925565406607,0.0451630824788,86398,-0.0158915715642
2024-08-01,di_10,500ms,6,0.0412041806039,0.926168126946,0.0326276924501,86399,0.0085764881538
2024-08-01,di_10,500ms,7,0.0639743500706,0.914751024377,0.0212746255527,86394,0.0426997245179
2024-08-01,di_10,500ms,8,0.092420051158,0.891549670714,0.0160302781282,86399,0.0763897730298
2024-08-01,di_10,500ms,9,0.137351126749,0.851144110464,0.0115047627866,86399,0.125846363963
2024-08-01,di_10,500ms,10,0.258177272622,0.734345702447,0.00747702493113,86398,0.250700247691
2024-08-01,di_5,500ms,1,0.00620377550666,0.734209886689,0.259586337805,86399,-0.253382562298
2024-08-01,di_5,500ms,2,0.00946770217248,0.857718260628,0.1328140372,86399,-0.123346335027
2024-08-01,di_5,500ms,3,0.0140858111784,0.889420016435,0.0964941723863,86399,-0.0824083612079
2024-08-01,di_5,500ms,4,0.0198150441556,0.913297607611,0.0668873482332,86399,-0.0470723040776
2024-08-01,di_5,500ms,5,0.0293756799926,0.925426514503,0.0451978055048,86398,-0.0158221255122
2024-08-01,di_5,500ms,6,0.0414819615968,0.926445907939,0.0320721304645,86399,0.0094098311323
2024-08-01,di_5,500ms,7,0.061925596685,0.916452531426,0.0216218718893,86394,0.0403037247957
2024-08-01,di_5,500ms,8,0.0904755842082,0.894142293314,0.0153821224783,86399,0.0750934617299
2024-08-01,di_5,500ms,9,0.13045289876,0.858459009942,0.0110880912974,86399,0.119364807463
2024-08-01,di_5,500ms,10,0.270642838955,0.721718095326,0.00763906571911,86398,0.263003773235
2024-08-01,microprice_deviation_bps,500ms,1,0.00791675829581,0.727508420236,0.264574821468,86399,-0.256658063172
2024-08-01,microprice_deviation_bps,500ms,2,0.00901630805912,0.863864165095,0.127119526846,86399,-0.118103218787
2024-08-01,microprice_deviation_bps,500ms,3,0.0135649718168,0.890646882487,0.0957881456961,86399,-0.0822231738793
2024-08-01,microprice_deviation_bps,500ms,4,0.0193520758342,0.912580006713,0.0680679174527,86399,-0.0487158416185
2024-08-01,microprice_deviation_bps,500ms,5,0.0292020648626,0.925067709901,0.0457302252367,86398,-0.0165281603741
2024-08-01,microprice_deviation_bps,500ms,6,0.0402435213371,0.927950554983,0.0318059236797,86399,0.00843759765738
2024-08-01,microprice_deviation_bps,500ms,7,0.0607912586522,0.91807301433,0.0211357270181,86394,0.0396555316341
2024-08-01,microprice_deviation_bps,500ms,8,0.0891561244922,0.895971018183,0.0148728573247,86399,0.0742832671674
2024-08-01,microprice_deviation_bps,500ms,9,0.126297758076,0.863250732069,0.0104515098554,86399,0.11584624822
2024-08-01,microprice_deviation_bps,500ms,10,0.278386073752,0.712377601333,0.00923632491493,86398,0.269149748837
2024-08-01,ofi_500ms,500ms,1,0.0219794210581,0.736374263591,0.241646315351,86399,-0.219666894293
2024-08-01,ofi_500ms,500ms,2,0.0305443350039,0.834130024653,0.135325640343,86399,-0.104781305339
2024-08-01,ofi_500ms,500ms,3,0.0297576332785,0.890333109563,0.0799092571587,86398,-0.0501516238802
2024-08-01,ofi_500ms,500ms,4,0.0304748897557,0.913042975034,0.0564821352099,86399,-0.0260072454542
2024-08-01,ofi_500ms,500ms,5,0.02355405859,0.943551280716,0.0328946606942,86397,-0.00934060210424
2024-08-01,ofi_500ms,500ms,6,0.0315755359044,0.942694106209,0.0257303578869,86396,0.0058451780175
2024-08-01,ofi_500ms,500ms,7,0.053866364194,0.916214308036,0.02991932777,86399,0.023947036424
2024-08-01,ofi_500ms,500ms,8,0.0824662322481,0.886167663978,0.0313661037743,86399,0.0511001284737
2024-08-01,ofi_500ms,500ms,9,0.132941353488,0.833632333708,0.0334263128045,86399,0.0995150406833
2024-08-01,ofi_500ms,500ms,10,0.236764739925,0.741151415542,0.0220838445334,86398,0.214680895391
2024-08-01,qi_1,500ms,1,0.00690980219678,0.732890426973,0.260199770831,86399,-0.253289968634
2024-08-01,qi_1,500ms,2,0.00898158543502,0.8630076737,0.128010740865,86399,-0.11902915543
2024-08-01,qi_1,500ms,3,0.0138196043936,0.888517228209,0.0976631673978,86399,-0.0838435630042
2024-08-01,qi_1,500ms,4,0.0196530052431,0.911133230709,0.0692137640482,86399,-0.0495607588051
2024-08-01,qi_1,500ms,5,0.0296881872266,0.924118613857,0.0461931989166,86398,-0.0165050116901
2024-08-01,qi_1,500ms,6,0.0406949154504,0.927082489381,0.0322225951689,86399,0.00847232028148
2024-08-01,qi_1,500ms,7,0.0618908720513,0.916475681182,0.0216334467671,86394,0.0402574252842
2024-08-01,qi_1,500ms,8,0.090741790993,0.894315906434,0.0149423025729,86399,0.07579948842
2024-08-01,qi_1,500ms,9,0.126830171646,0.862695170083,0.0104746582715,86399,0.116355513374
2024-08-01,qi_1,500ms,10,0.274717007338,0.717053635501,0.00822935716105,86398,0.266487650177
2024-08-01,trade_imbalance_500ms,500ms,1,0.0210933307649,0.914113130702,0.0647935385335,72677,-0.0437002077686
2024-08-01,trade_imbalance_500ms,500ms,2,0.0398618526061,0.854105894656,0.106032252738,72676,-0.0661704001321
2024-08-01,trade_imbalance_500ms,500ms,3,0.0318141787759,0.791570343461,0.176615477763,72672,-0.144801298987
2024-08-01,trade_imbalance_500ms,500ms,4,0.0486949103568,0.816654512432,0.134650577211,72677,-0.0859556668547
2024-08-01,trade_imbalance_500ms,500ms,5,0.0726797385621,0.84169246646,0.0856277949776,72675,-0.0129480564155
2024-08-01,trade_imbalance_500ms,500ms,6,0.110999504651,0.832489405031,0.0565110903187,72676,0.0544884143321
2024-08-01,trade_imbalance_500ms,500ms,7,0.176328136825,0.784663648747,0.0390082144282,72677,0.137319922396
2024-08-01,trade_imbalance_500ms,500ms,8,0.0834938631735,0.881033628708,0.0354725081182,72676,0.0480213550553
2024-08-01,trade_imbalance_500ms,500ms,9,0.0324591336893,0.955803841708,0.0117370246023,72676,0.0207221090869
2024-08-01,trade_imbalance_500ms,500ms,10,0.124484011228,0.826779129286,0.0487368594859,72676,0.075747151742
2024-08-01,di_10,5s,1,0.153417903192,0.310909974768,0.53567212204,86398,-0.382254218848
2024-08-01,di_10,5s,2,0.166666666667,0.392098988356,0.441234344978,86394,-0.274567678311
2024-08-01,di_10,5s,3,0.186001828767,0.433788210239,0.380209960994,86397,-0.194208132227
2024-08-01,di_10,5s,4,0.209321975046,0.462151901664,0.32852612329,86398,-0.119204148244
2024-08-01,di_10,5s,5,0.23836199912,0.478784231116,0.282853769763,86398,-0.0444917706428
2024-08-01,di_10,5s,6,0.258359471753,0.497991874906,0.243648653341,86399,0.0147108184123
2024-08-01,di_10,5s,7,0.321375654026,0.464948835486,0.213675510488,86388,0.107700143538
2024-08-01,di_10,5s,8,0.381352105501,0.430964813764,0.187683080735,86369,0.193669024766
2024-08-01,di_10,5s,9,0.443697265015,0.386451232074,0.169851502911,86399,0.273845762104
2024-08-01,di_10,5s,10,0.541216231857,0.309717817542,0.149065950601,86398,0.392150281257
2024-08-01,di_5,5s,1,0.150904524358,0.306195673561,0.542899802081,86399,-0.391995277723
2024-08-01,di_5,5s,2,0.164878285933,0.397877093679,0.437244620389,86391,-0.272366334456
2024-08-01,di_5,5s,3,0.183358603688,0.439877776363,0.376763619949,86399,-0.193405016262
2024-08-01,di_5,5s,4,0.213407717771,0.453216509641,0.333375772587,86398,-0.119968054816
2024-08-01,di_5,5s,5,0.234982291257,0.487430264589,0.277587444154,86398,-0.0426051528971
2024-08-01,di_5,5s,6,0.261299320594,0.495584439635,0.243116239771,86399,0.0181830808227
2024-08-01,di_5,5s,7,0.318921609483,0.468444691392,0.212633699125,86388,0.106287910358
2024-08-01,di_5,5s,8,0.381074228022,0.430918500851,0.188007271127,86369,0.193066956894
2024-08-01,di_5,5s,9,0.445271357307,0.388453570064,0.166275072628,86399,0.278996284679
2024-08-01,di_5,5s,10,0.545672353527,0.299810180791,0.154517465682,86398,0.391154887845
2024-08-01,microprice_deviation_bps,5s,1,0.154214747856,0.300778944201,0.545006307943,86399,-0.390791560088
2024-08-01,microprice_deviation_bps,5s,2,0.161244024677,0.404308019954,0.434447955369,86397,-0.273203930692
2024-08-01,microprice_deviation_bps,5s,3,0.18501498964,0.437986873937,0.376998136423,86393,-0.191983146783
2024-08-01,microprice_deviation_bps,5s,4,0.210514132272,0.457036042501,0.332449825227,86398,-0.121935692956
2024-08-01,microprice_deviation_bps,5s,5,0.232898909697,0.489548369175,0.277552721128,86398,-0.0446538114308
2024-08-01,microprice_deviation_bps,5s,6,0.26538501603,0.489091308927,0.245523675043,86399,0.0198613409877
2024-08-01,microprice_deviation_bps,5s,7,0.31399830997,0.475859195036,0.210142494994,86389,0.103855814976
2024-08-01,microprice_deviation_bps,5s,8,0.385050018525,0.429719340496,0.185230640978,86368,0.199819377547
2024-08-01,microprice_deviation_bps,5s,9,0.442204192178,0.392226761884,0.165569045938,86399,0.27663514624
2024-08-01,microprice_deviation_bps,5s,10,0.549248825204,0.291256742054,0.159494432741,86398,0.389754392463
2024-08-01,ofi_5s,5s,1,0.273463813239,0.255697403905,0.470838782856,86399,-0.197374969618
2024-08-01,ofi_5s,5s,2,0.259263117686,0.323390167957,0.417346714357,86391,-0.158083596671
2024-08-01,ofi_5s,5s,3,0.229197536581,0.399761529913,0.371040933506,86384,-0.141843396925
2024-08-01,ofi_5s,5s,4,0.201923967401,0.508589553621,0.289486478978,86384,-0.0875625115762
2024-08-01,ofi_5s,5s,5,0.192967429802,0.579990277553,0.227042292646,86398,-0.034074862844
2024-08-01,ofi_5s,5s,6,0.212257653799,0.597256785694,0.190485560507,86395,0.0217720932924
2024-08-01,ofi_5s,5s,7,0.294752925652,0.481913625262,0.223333449086,86391,0.0714194765658
2024-08-01,ofi_5s,5s,8,0.369483443095,0.393407331103,0.237109225801,86399,0.132374217294
2024-08-01,ofi_5s,5s,9,0.4067986898,0.3509068392,0.242294471001,86399,0.164504218799
2024-08-01,ofi_5s,5s,10,0.459605546425,0.276904557976,0.263489895599,86398,0.196115650825
2024-08-01,qi_1,5s,1,0.151587402632,0.305628537367,0.542784060001,86399,-0.391196657369
2024-08-01,qi_1,5s,2,0.161419510163,0.405551182925,0.433029306912,86396,-0.27160979675
2024-08-01,qi_1,5s,3,0.185880963956,0.435238558233,0.378880477811,86394,-0.192999513855
2024-08-01,qi_1,5s,4,0.211185444108,0.455519803699,0.333294752193,86398,-0.122109308086
2024-08-01,qi_1,5s,5,0.233813282715,0.487719623139,0.278467094146,86398,-0.0446538114308
2024-08-01,qi_1,5s,6,0.266010023264,0.487713978171,0.246275998565,86399,0.0197340246994
2024-08-01,qi_1,5s,7,0.314955434657,0.473168190763,0.21187637458,86390,0.103079060076
2024-08-01,qi_1,5s,8,0.386374425417,0.427443352206,0.186182222377,86367,0.200192203041
2024-08-01,qi_1,5s,9,0.442088450098,0.392446671836,0.165464878066,86399,0.276623572032
2024-08-01,qi_1,5s,10,0.546459408783,0.297379568972,0.156161022246,86398,0.390298386537
2024-08-01,trade_imbalance_5s,5s,1,0.209342700726,0.427539670598,0.363117628676,86399,-0.153774927951
2024-08-01,trade_imbalance_5s,5s,2,0.234863829442,0.402770865404,0.362365305154,86399,-0.127501475712
2024-08-01,trade_imbalance_5s,5s,3,0.271962313942,0.39269427533,0.335343410727,86398,-0.0633810967846
2024-08-01,trade_imbalance_5s,5s,4,0.285378478213,0.383851133061,0.330770388726,86359,-0.0453919105131
2024-08-01,trade_imbalance_5s,5s,5,0.300476873929,0.379045326173,0.320477799898,86396,-0.0200009259688
2024-08-01,trade_imbalance_5s,5s,6,0.31261935902,0.39507401706,0.292306623919,86399,0.0203127351011
2024-08-01,trade_imbalance_5s,5s,7,0.317823535539,0.406680787527,0.275495676933,86397,0.0423278586062
2024-08-01,trade_imbalance_5s,5s,8,0.310698040487,0.432389263765,0.256912695749,86399,0.0537853447378
2024-08-01,trade_imbalance_5s,5s,9,0.326392666582,0.453604787092,0.220002546326,86399,0.106390120256
2024-08-01,trade_imbalance_5s,5s,10,0.330188788444,0.494137256491,0.175673955066,86393,0.154514833378
2024-09-01,di_10,100ms,1,0.000196766091415,0.964802018589,0.03500121532,86397,-0.0348044492286
2024-09-01,di_10,100ms,2,0.000416685957683,0.98374924765,0.015834066392,86396,-0.0154173804343
2024-09-01,di_10,100ms,3,0.000810222695495,0.989606000278,0.00958377702671,86396,-0.00877355433122
2024-09-01,di_10,100ms,4,0.00142366054377,0.992696505666,0.00587983379053,86397,-0.00445617324676
2024-09-01,di_10,100ms,5,0.00195610907912,0.994803000139,0.00324089078198,86396,-0.00128478170286
2024-09-01,di_10,100ms,6,0.00355340525024,0.993981202833,0.00246539191629,86396,0.00108801333395
2024-09-01,di_10,100ms,7,0.00547472713173,0.992858548329,0.00166672453905,86397,0.00380800259268
2024-09-01,di_10,100ms,8,0.0095143293671,0.989455530349,0.00103014028427,86396,0.00848418908283
2024-09-01,di_10,100ms,9,0.0163431600634,0.983078116138,0.00057872379828,86397,0.0157644362651
2024-09-01,di_10,100ms,10,0.0339020325015,0.965681281541,0.000416685957683,86396,0.0334853465438
2024-09-01,di_5,100ms,1,0.000231492198713,0.962590860688,0.0371776471133,86396,-0.0369461549146
2024-09-01,di_5,100ms,2,0.000416681134762,0.984501776682,0.0150815421832,86397,-0.0146648610484
2024-09-01,di_5,100ms,3,0.000879670355109,0.990080559285,0.00903977035974,86396,-0.00816010000463
2024-09-01,di_5,100ms,4,0.00112272416866,0.993587740315,0.00528953551628,86397,-0.00416681134762
2024-09-01,di_5,100ms,5,0.00215287744803,0.994826149359,0.0030209731932,86396,-0.000868095745173
2024-09-01,di_5,100ms,6,0.00339136071114,0.994131672763,0.00247696652623,86396,0.000914394184916
2024-09-01,di_5,100ms,7,0.0050811949489,0.99322893156,0.00168987349098,86397,0.00339132145792
2024-09-01,di_5,100ms,8,0.00922496411871,0.989814343257,0.000960692624659,86396,0.00826427149405
2024-09-01,di_5,100ms,9,0.0153824785583,0.984073521071,0.000544000370383,86397,0.0148384781879
2024-09-01,di_5,100ms,10,0.0357076716515,0.963875642391,0.000416685957683,86396,0.0352909856938
2024-09-01,microprice_deviation_bps,100ms,1,0.000625028936525,0.957301263947,0.0420737071161,86396,-0.0414486781795
2024-09-01,microprice_deviation_bps,100ms,2,0.000370383230899,0.987325948818,0.0123036679514,86397,-0.0119332847205
2024-09-01,microprice_deviation_bps,100ms,3,0.000752349645817,0.991226445669,0.0080212046854,86396,-0.00726885503959
2024-09-01,microprice_deviation_bps,100ms,4,0.00116902207253,0.994444251537,0.00438672639096,86397,-0.00321770431844
2024-09-01,microprice_deviation_bps,100ms,5,0.00190981063938,0.995115514607,0.00297467475346,86396,-0.00106486411408
2024-09-01,microprice_deviation_bps,100ms,6,0.00309042085282,0.994814574749,0.00209500439835,86396,0.000995416454465
2024-09-01,microprice_deviation_bps,100ms,7,0.00488442885748,0.993576165839,0.00153940530342,86397,0.00334502355406
2024-09-01,microprice_deviation_bps,100ms,8,0.0078591601463,0.991238020279,0.00090281957498,86396,0.00695634057132
2024-09-01,microprice_deviation_bps,100ms,9,0.0136347326875,0.98585599037,0.000509276942486,86397,0.013125455745
2024-09-01,microprice_deviation_bps,100ms,10,0.0392958007315,0.959812954303,0.000891244965045,86396,0.0384045557665
2024-09-01,ofi_100ms,100ms,1,0.00268521626408,0.953622148404,0.0436926353314,86399,-0.0410074190674
2024-09-01,ofi_100ms,100ms,2,0.00246530631142,0.988819315038,0.00871537865022,86399,-0.0062500723388
2024-09-01,ofi_100ms,100ms,3,0.00216437690251,0.994212895983,0.0036227271149,86399,-0.00145835021239
2024-09-01,ofi_100ms,100ms,4,0.00194446694985,0.996087917684,0.00196761536592,86399,-2.31484160696e-05
2024-09-01,ofi_100ms,100ms,5,0.00216437690251,0.995439762034,0.00239586106321,86399,-0.000231484160696
2024-09-01,ofi_100ms,100ms,6,0.00431847915437,0.991583017841,0.00409850300441,86373,0.000219976149954
2024-09-01,ofi_100ms,100ms,7,0.00318290720957,0.993981411822,0.00283568096853,86399,0.000347226241044
2024-09-01,ofi_100ms,100ms,8,0.00385421127559,0.993842521325,0.00230326739893,86399,0.00155094387667
2024-09-01,ofi_100ms,100ms,9,0.00898158543502,0.988124862556,0.0028935520087,86399,0.00608803342631
2024-09-01,ofi_100ms,100ms,10,0.0418291878378,0.954999479161,0.00317133300154,86399,0.0386578548363
2024-09-01,qi_1,100ms,1,0.000335663688134,0.959072179268,0.0405921570443,86396,-0.0402564933562
2024-09-01,qi_1,100ms,2,0.00039353218283,0.986596756832,0.0130097109853,86397,-0.0126161788025
2024-09-01,qi_1,100ms,3,0.000844946525302,0.990728737442,0.00842631603315,86396,-0.00758136950785
2024-09-01,qi_1,100ms,4,0.00122689445235,0.994143315161,0.00462979038624,86397,-0.00340289593389
2024-09-01,qi_1,100ms,5,0.00199083290893,0.994907171628,0.00310199546275,86396,-0.00111116255382
2024-09-01,qi_1,100ms,6,0.00328718922172,0.994502060281,0.00221075049771,86396,0.00107643872402
2024-09-01,qi_1,100ms,7,0.00500017361714,0.993252080512,0.00174774587081,86397,0.00325242774633
2024-09-01,qi_1,100ms,8,0.0081832492245,0.990913931201,0.00090281957498,86396,0.00728042964952
2024-09-01,qi_1,100ms,9,0.0150352442793,0.984351308495,0.000613447226177,86397,0.0144217970531
2024-09-01,qi_1,100ms,10,0.0372933932126,0.96224362239,0.000462984397426,86396,0.0368304088152
2024-09-01,trade_imbalance_100ms,100ms,1,0.00185228062051,0.971660106506,0.0264876128734,21595,-0.0246353322528
2024-09-01,trade_imbalance_100ms,100ms,2,0.00236176715754,0.974761507826,0.0228767250162,21594,-0.0205149578587
2024-09-01,trade_imbalance_100ms,100ms,3,0.00639066407335,0.953088820969,0.0405205149579,21594,-0.0341298508845
2024-09-01,trade_imbalance_100ms,100ms,4,0.00398258775586,0.957951282764,0.0380661294804,21594,-0.0340835417246
2024-09-01,trade_imbalance_100ms,100ms,5,0.018292118181,0.919514680004,0.0621932018153,21594,-0.0439010836343
2024-09-01,trade_imbalance_100ms,100ms,6,0.0387126649687,0.957906922899,0.00338041213244,21595,0.0353322528363
2024-09-01,trade_imbalance_100ms,100ms,7,0.018292118181,0.978697786422,0.00301009539687,21594,0.0152820227841
2024-09-01,trade_imbalance_100ms,100ms,8,0.0194961563397,0.978327313143,0.00217653051774,21594,0.017319625822
2024-09-01,trade_imbalance_100ms,100ms,9,0.0409372973974,0.953690840048,0.00537186255441,21594,0.035565434843
2024-09-01,trade_imbalance_100ms,100ms,10,0.0468185607113,0.946976011855,0.00620542743355,21594,0.0406131332778
2024-09-01,di_10,1s,1,0.01007014376,0.757193786606,0.232736069634,86394,-0.222665925874
2024-09-01,di_10,1s,2,0.0137970947393,0.847005035014,0.139197870247,86395,-0.125400775508
2024-09-01,di_10,1s,3,0.018439420773,0.887222048593,0.094338530634,86391,-0.075899109861
2024-09-01,di_10,1s,4,0.026239337014,0.910320960219,0.0634397027675,86397,-0.0372003657534
2024-09-01,di_10,1s,5,0.03237418399,0.923295059956,0.0443307560535,86396,-0.0119565720635
2024-09-01,di_10,1s,6,0.0480280597775,0.916422609883,0.0355493303391,86387,0.0124787294385
2024-09-01,di_10,1s,7,0.0665185133743,0.907126404852,0.0263550817737,86397,0.0401634316006
2024-09-01,di_10,1s,8,0.101520903746,0.877355433122,0.0211236631326,86396,0.080397240613
2024-09-01,di_10,1s,9,0.144599928238,0.837459634015,0.0179404377467,86397,0.126659490492
2024-09-01,di_10,1s,10,0.233274688643,0.753298763832,0.0134265475253,86396,0.219848141118
2024-09-01,di_5,1s,1,0.0108111862209,0.74534679137,0.243842022409,86392,-0.233030836189
2024-09-01,di_5,1s,2,0.0126277532785,0.855133858815,0.132238387907,86397,-0.119610634629
2024-09-01,di_5,1s,3,0.0186709263696,0.888634232733,0.0926948408978,86391,-0.0740239145281
2024-09-01,di_5,1s,4,0.0251397617973,0.911640450479,0.0632197877241,86397,-0.0380800259268
2024-09-01,di_5,1s,5,0.0318186027131,0.925829899532,0.0423514977545,86396,-0.0105328950414
2024-09-01,di_5,1s,6,0.0491972171739,0.914639934249,0.0361628485768,86387,0.0130343685971
2024-09-01,di_5,1s,7,0.0671551095524,0.905552276121,0.0272926143269,86397,0.0398624952255
2024-09-01,di_5,1s,8,0.0984999305523,0.880607898514,0.0208921709338,86396,0.0776077596185
2024-09-01,di_5,1s,9,0.141764181627,0.842054700973,0.0161811173999,86397,0.125583064227
2024-09-01,di_5,1s,10,0.23917773971,0.747256817445,0.0135654428446,86396,0.225612296866
2024-09-01,microprice_deviation_bps,1s,1,0.0127442355774,0.727497916474,0.259757847949,86392,-0.247013612372
2024-09-01,microprice_deviation_bps,1s,2,0.0127434980381,0.86461335463,0.122643147332,86397,-0.109899649293
2024-09-01,microprice_deviation_bps,1s,3,0.0176060006251,0.893229618826,0.0891643805489,86391,-0.0715583799238
2024-09-01,microprice_deviation_bps,1s,4,0.02355405859,0.916559602764,0.059886338646,86397,-0.036332280056
2024-09-01,microprice_deviation_bps,1s,5,0.0324899300894,0.923260336127,0.044249733784,86396,-0.0117598036946
2024-09-01,microprice_deviation_bps,1s,6,0.0479238774353,0.917279220253,0.0347969023117,86387,0.0131269751236
2024-09-01,microprice_deviation_bps,1s,7,0.0675949396391,0.905390233457,0.0270148269037,86397,0.0405801127354
2024-09-01,microprice_deviation_bps,1s,8,0.0945182647345,0.885747025325,0.0197347099403,86396,0.0747835547942
2024-09-01,microprice_deviation_bps,1s,9,0.132180515527,0.85262219753,0.0151972869428,86397,0.116983228584
2024-09-01,microprice_deviation_bps,1s,10,0.253507106811,0.730496782258,0.0159961109311,86396,0.237510995879
2024-09-01,ofi_1s,1s,1,0.0365766141167,0.708718198023,0.25470518786,86394,-0.218128573744
2024-09-01,ofi_1s,1s,2,0.0413126519273,0.838094686885,0.120592661188,86390,-0.0792800092603
2024-09-01,ofi_1s,1s,3,0.0335204583599,0.896660686382,0.0698188552578,86395,-0.036298396898
2024-09-01,ofi_1s,1s,4,0.0277896734916,0.924698202525,0.0475121239829,86399,-0.0197224504913
2024-09-01,ofi_1s,1s,5,0.0245212679742,0.946500104198,0.0289786278278,86374,-0.00445735985366
2024-09-01,ofi_1s,1s,6,0.0333684417644,0.943876665239,0.0227548929964,86399,0.0106135487679
2024-09-01,ofi_1s,1s,7,0.0533223764164,0.919501383118,0.0271762404657,86399,0.0261461359506
2024-09-01,ofi_1s,1s,8,0.0721891710456,0.894465149656,0.0333456792981,86398,0.0388434917475
2024-09-01,ofi_1s,1s,9,0.12427227167,0.834581418766,0.0411463095638,86399,0.083125962106
2024-09-01,ofi_1s,1s,10,0.247977407146,0.709614694615,0.0424078982396,86399,0.205569508906
2024-09-01,qi_1,1s,1,0.0115982961385,0.733725344939,0.254676358922,86392,-0.243078062784
2024-09-01,qi_1,1s,2,0.012789795942,0.862726715048,0.12448348901,86397,-0.111693693068
2024-09-01,qi_1,1s,3,0.0181153129377,0.890683057263,0.0912016297994,86391,-0.0730863168617
2024-09-01,qi_1,1s,4,0.0238086970612,0.915344282788,0.0608470201512,86397,-0.0370383230899
2024-09-01,qi_1,1s,5,0.0327792953377,0.92273947868,0.0444812259827,86396,-0.0117019306449
2024-09-01,qi_1,1s,6,0.0483753342517,0.916503640594,0.0351210251542,86387,0.0132543090974
2024-09-01,qi_1,1s,7,0.0684167274327,0.904279083764,0.0273041888029,86397,0.0411125386298
2024-09-01,qi_1,1s,8,0.0953053382101,0.884624288161,0.0200703736284,86396,0.0752349645817
2024-09-01,qi_1,1s,9,0.135421368798,0.848848918365,0.0157297128373,86397,0.11969165596
2024-09-01,qi_1,1s,10,0.2482522339,0.737221630631,0.0145261354692,86396,0.23372609843
2024-09-01,trade_imbalance_1s,1s,1,0.0202562775045,0.92610665286,0.053637069635,77260,-0.0333807921305
2024-09-01,trade_imbalance_1s,1s,2,0.0375873673311,0.879911985503,0.0825006471654,77260,-0.0449132798343
2024-09-01,trade_imbalance_1s,1s,3,0.0457810740496,0.771741803544,0.182477122406,77259,-0.136696048357
2024-09-01,trade_imbalance_1s,1s,4,0.0534184162158,0.83302700044,0.113554583344,77258,-0.0601361671283
2024-09-01,trade_imbalance_1s,1s,5,0.0694332979522,0.84730887721,0.0832578248375,77254,-0.0138245268853
2024-09-01,trade_imbalance_1s,1s,6,0.0983871802837,0.83621984053,0.0653929791861,77256,0.0329942010976
2024-09-01,trade_imbalance_1s,1s,7,0.145889692843,0.800704143314,0.0534061638428,77257,0.0924835290006
2024-09-01,trade_imbalance_1s,1s,8,0.103468806627,0.866774527569,0.0297566658038,77260,0.0737121408232
2024-09-01,trade_imbalance_1s,1s,9,0.0610276986798,0.913681076883,0.025291224437,77260,0.0357364742428
2024-09-01,trade_imbalance_1s,1s,10,0.10372009941,0.851558455007,0.0447214455835,77256,0.0589986538262
2024-09-01,di_10,30s,1,0.277511407593,0.143156602506,0.579331989901,86346,-0.301820582308
2024-09-01,di_10,30s,2,0.302648799527,0.18476737587,0.512583824602,86341,-0.209935025075
2024-09-01,di_10,30s,3,0.314416751598,0.196921615862,0.48866163254,86344,-0.174244880941
2024-09-01,di_10,30s,4,0.362407634755,0.204570197586,0.433022167659,86342,-0.070614532904
2024-09-01,di_10,30s,5,0.399207517002,0.202187438449,0.398605044548,86311,0.000602472454264
2024-09-01,di_10,30s,6,0.422305314703,0.198812266302,0.378882418994,86383,0.0434228957086
2024-09-01,di_10,30s,7,0.436945801403,0.216991179126,0.346063019471,86386,0.0908827819323
2024-09-01,di_10,30s,8,0.498043890921,0.172264919672,0.329691189407,86396,0.168352701514
2024-09-01,di_10,30s,9,0.525469634362,0.157042489901,0.317487875736,86397,0.207981758626
2024-09-01,di_10,30s,10,0.559898606417,0.132390388444,0.307711005139,86396,0.252187601278
2024-09-01,di_5,30s,1,0.280182047689,0.141503862144,0.578314090167,86351,-0.298132042478
2024-09-01,di_5,30s,2,0.296334896648,0.187134502924,0.516530600428,86355,-0.220195703781
2024-09-01,di_5,30s,3,0.31914893617,0.196295996016,0.484555067814,86339,-0.165406131644
2024-09-01,di_5,30s,4,0.360936395964,0.203611680625,0.435451923411,86331,-0.0745155274467
2024-09-01,di_5,30s,5,0.393794389925,0.208054779919,0.398150830157,86309,-0.00435644023219
2024-09-01,di_5,30s,6,0.421928179482,0.197703225209,0.380368595309,86382,0.0415595841726
2024-09-01,di_5,30s,7,0.444122890283,0.215243210705,0.340633899011,86386,0.103488991272
2024-09-01,di_5,30s,8,0.49637714709,0.169174498819,0.33444835409,86396,0.161928793
2024-09-01,di_5,30s,9,0.521846823385,0.160283343172,0.317869833443,86397,0.203976989942
2024-09-01,di_5,30s,10,0.564192786703,0.130110190287,0.30569702301,86396,0.258495763693
2024-09-01,microprice_deviation_bps,30s,1,0.290680164945,0.132511699022,0.576808136033,86332,-0.286127971088
2024-09-01,microprice_deviation_bps,30s,2,0.289386238118,0.191075501627,0.519538260255,86369,-0.230152022138
2024-09-01,microprice_deviation_bps,30s,3,0.311219466997,0.197519139227,0.491261393776,86341,-0.180041926779
2024-09-01,microprice_deviation_bps,30s,4,0.360832744419,0.204756884507,0.434410371074,86317,-0.0735776266552
2024-09-01,microprice_deviation_bps,30s,5,0.395581864097,0.213527790005,0.390890345898,86326,0.00469151819846
2024-09-01,microprice_deviation_bps,30s,6,0.420620036582,0.197008636058,0.38237132736,86382,0.0382487092218
2024-09-01,microprice_deviation_bps,30s,7,0.45147361841,0.209617299099,0.33890908249,86386,0.11256453592
2024-09-01,microprice_deviation_bps,30s,8,0.486793370063,0.170748645771,0.342457984166,86396,0.144335385897
2024-09-01,microprice_deviation_bps,30s,9,0.522066738428,0.168072965496,0.309860296075,86397,0.212206442353
2024-09-01,microprice_deviation_bps,30s,10,0.57020000926,0.124265012269,0.305534978471,86396,0.264665030788
2024-09-01,ofi_30s,30s,1,0.40125,0.108761574074,0.489988425926,86400,-0.0887384259259
2024-09-01,ofi_30s,30s,2,0.413700057904,0.158343949045,0.427955993052,86350,-0.0142559351477
2024-09-01,ofi_30s,30s,3,0.381372923983,0.186154862487,0.43247221353,86283,-0.0510992895472
2024-09-01,ofi_30s,30s,4,0.368032454361,0.196360475225,0.435607070414,86275,-0.0675746160533
2024-09-01,ofi_30s,30s,5,0.373732110602,0.235781112501,0.390486776898,86364,-0.0167546662961
2024-09-01,ofi_30s,30s,6,0.416625192421,0.238301369229,0.34507343835,86399,0.0715517540712
2024-09-01,ofi_30s,30s,7,0.417180754407,0.200083334298,0.382735911295,86399,0.0344448431116
2024-09-01,ofi_30s,30s,8,0.438313830341,0.19029595935,0.371390210308,86397,0.0669236200331
2024-09-01,ofi_30s,30s,9,0.415914142817,0.168403260165,0.415682597018,86376,0.000231545799759
2024-09-01,ofi_30s,30s,10,0.472864269262,0.126621835901,0.400513894837,86399,0.0723503744256
2024-09-01,qi_1,30s,1,0.284749806029,0.136602086783,0.578648107188,86353,-0.293898301159
2024-09-01,qi_1,30s,2,0.291488129705,0.191777649102,0.516734221193,86350,-0.225246091488
2024-09-01,qi_1,30s,3,0.312555015057,0.196641186009,0.490803798934,86340,-0.178248783878
2024-09-01,qi_1,30s,4,0.362968626906,0.20155011817,0.435481254924,86316,-0.072512628018
2024-09-01,qi_1,30s,5,0.395906215972,0.212937006232,0.391156777796,86326,0.00474943817622
2024-09-01,qi_1,30s,6,0.421140978445,0.196070940705,0.38278808085,86382,0.0383528975944
2024-09-01,qi_1,30s,7,0.452156599449,0.209061653509,0.338781747042,86386,0.113374852407
2024-09-01,qi_1,30s,8,0.485230797722,0.170401407473,0.344367794805,86396,0.140863002917
2024-09-01,qi_1,30s,9,0.52364086716,0.16427653738,0.31208259546,86397,0.211558271699
2024-09-01,qi_1,30s,10,0.569019399046,0.129797675818,0.301182925135,86396,0.267836473911
2024-09-01,trade_imbalance_30s,30s,1,0.363958333333,0.191435185185,0.444606481481,86400,-0.0806481481481
2024-09-01,trade_imbalance_30s,30s,2,0.405294042755,0.185256773805,0.40944918344,86399,-0.0041551406845
2024-09-01,trade_imbalance_30s,30s,3,0.433368832913,0.167492417753,0.399138749334,86386,0.0342300835784
2024-09-01,trade_imbalance_30s,30s,4,0.422814825116,0.159875298426,0.417309876457,86286,0.00550494865911
2024-09-01,trade_imbalance_30s,30s,5,0.405404779011,0.162467842492,0.432127378497,86294,-0.0267225994855
2024-09-01,trade_imbalance_30s,30s,6,0.440553689332,0.156573612881,0.402872697788,86330,0.0376809915441
2024-09-01,trade_imbalance_30s,30s,7,0.401863965268,0.173684515195,0.424451519537,86375,-0.0225875542692
2024-09-01,trade_imbalance_30s,30s,8,0.40086137032,0.188957325121,0.410181304559,86374,-0.00931993423947
2024-09-01,trade_imbalance_30s,30s,9,0.405814882117,0.215685366729,0.378499751155,86399,0.0273151309622
2024-09-01,trade_imbalance_30s,30s,10,0.419194666605,0.207571846896,0.373233486499,86399,0.0459611801063
2024-09-01,di_10,500ms,1,0.00353033775494,0.851911012339,0.144558649906,86394,-0.141028312151
2024-09-01,di_10,500ms,2,0.00540540540541,0.916222003588,0.0783725910064,86395,-0.072967185601
2024-09-01,di_10,500ms,3,0.00827584610399,0.941062086208,0.0506620676883,86396,-0.0423862215843
2024-09-01,di_10,500ms,4,0.0120374550042,0.955067884302,0.0328946606942,86397,-0.02085720569
2024-09-01,di_10,500ms,5,0.0154173804343,0.962509838418,0.0220727811473,86396,-0.006655400713
2024-09-01,di_10,500ms,6,0.0235091212149,0.959417538661,0.0170733401241,86392,0.00643578109084
2024-09-01,di_10,500ms,7,0.0340984061947,0.953192819195,0.0127087746102,86397,0.0213896315844
2024-09-01,di_10,500ms,8,0.0525024306681,0.937473957128,0.0100236122043,86396,0.0424788184638
2024-09-01,di_10,500ms,9,0.0806625230043,0.911559429147,0.00777804784888,86397,0.0728844751554
2024-09-01,di_10,500ms,10,0.142564470577,0.852388999491,0.00504652993194,86396,0.137517940645
2024-09-01,di_5,500ms,1,0.00375034725438,0.843457727567,0.152791925178,86392,-0.149041577924
2024-09-01,di_5,500ms,2,0.00491915228538,0.921374584766,0.0737062629489,86397,-0.0687871106636
2024-09-01,di_5,500ms,3,0.00847261447289,0.941895458123,0.049631927404,86396,-0.0411593129312
2024-09-01,di_5,500ms,4,0.0114008588261,0.957012396264,0.0315867449101,86397,-0.020185886084
2024-09-01,di_5,500ms,5,0.0153710819945,0.963586277142,0.021042640863,86396,-0.00567155886847
2024-09-01,di_5,500ms,6,0.0237174738402,0.958526252431,0.017756273729,86392,0.00596120011112
2024-09-01,di_5,500ms,7,0.0338784911513,0.953354861859,0.0127666469901,86397,0.0211118441613
2024-09-01,di_5,500ms,8,0.050719940738,0.939406916987,0.00987314227511,86396,0.0408467984629
2024-09-01,di_5,500ms,9,0.0784170746669,0.914904452701,0.00667847263215,86397,0.0717386020348
2024-09-01,di_5,500ms,10,0.147356359091,0.847284596509,0.0053590444002,86396,0.14199731469
2024-09-01,microprice_deviation_bps,500ms,1,0.00466478377628,0.830308361885,0.165026854338,86392,-0.160362070562
2024-09-01,microprice_deviation_bps,500ms,2,0.00525481208838,0.928180376633,0.0665648112782,86397,-0.0613099991898
2024-09-01,microprice_deviation_bps,500ms,3,0.00775498865688,0.945506736423,0.0467382749201,86396,-0.0389832862633
2024-09-01,microprice_deviation_bps,500ms,4,0.0108221350278,0.959304142505,0.0298737224672,86397,-0.0190515874394
2024-09-01,microprice_deviation_bps,500ms,5,0.0151743136256,0.963482105653,0.0213435807213,86396,-0.0061692670957
2024-09-01,microprice_deviation_bps,500ms,6,0.0230924159644,0.960112047412,0.0167955366238,86392,0.00629687934068
2024-09-01,microprice_deviation_bps,500ms,7,0.0339016401032,0.95355162795,0.0125467319467,86397,0.0213549081565
2024-09-01,microprice_deviation_bps,500ms,8,0.0483239964813,0.94241631557,0.00925968794852,86396,0.0390643085328
2024-09-01,microprice_deviation_bps,500ms,9,0.071333495376,0.922346840747,0.00631966387722,86397,0.0650138314988
2024-09-01,microprice_deviation_bps,500ms,10,0.157680911153,0.835594240474,0.00672484837261,86396,0.150956062781
2024-09-01,ofi_500ms,500ms,1,0.0195613172059,0.821170206609,0.159268476185,86395,-0.139707158979
2024-09-01,ofi_500ms,500ms,2,0.0223845183393,0.915936527043,0.0616789546175,86399,-0.0392944362782
2024-09-01,ofi_500ms,500ms,3,0.0170488084353,0.946538733087,0.0364124584775,86399,-0.0193636500422
2024-09-01,ofi_500ms,500ms,4,0.0138196043936,0.964316716629,0.0218636789778,86399,-0.0080440745842
2024-09-01,ofi_500ms,500ms,5,0.0125695899258,0.973043669487,0.0143867405873,86399,-0.00181715066147
2024-09-01,ofi_500ms,500ms,6,0.0180967708321,0.969815558823,0.0120876703447,86369,0.00600910048744
2024-09-01,ofi_500ms,500ms,7,0.0251970508918,0.960416208521,0.0143867405873,86399,0.0108103103045
2024-09-01,ofi_500ms,500ms,8,0.0392481394461,0.944131297816,0.016620562738,86399,0.0226275767081
2024-09-01,ofi_500ms,500ms,9,0.0580330790866,0.918390259147,0.0235766617669,86399,0.0344564173196
2024-09-01,ofi_500ms,500ms,10,0.152038796745,0.827058183544,0.0209030197109,86399,0.131135777034
2024-09-01,qi_1,500ms,1,0.0040281507547,0.834637466432,0.161334382813,86392,-0.157306232059
2024-09-01,qi_1,500ms,2,0.00520851418452,0.92658309895,0.0682083868653,86397,-0.0629998726808
2024-09-01,qi_1,500ms,3,0.00805592851521,0.944013611741,0.0479304597435,86396,-0.0398745312283
2024-09-01,qi_1,500ms,4,0.0110073266433,0.958482354711,0.0305103186453,86397,-0.019502992002
2024-09-01,qi_1,500ms,5,0.0153247835548,0.963123292745,0.0215519237002,86396,-0.00622714014538
2024-09-01,qi_1,500ms,6,0.0233817946106,0.959602740995,0.0170154643949,86392,0.00636633021576
2024-09-01,qi_1,500ms,7,0.0343877680938,0.95277613806,0.0128360938459,86397,0.0215516742479
2024-09-01,qi_1,500ms,8,0.0490763461271,0.941594518265,0.00932913560813,86396,0.039747210519
2024-09-01,qi_1,500ms,9,0.0741923909395,0.91915228538,0.00665532368022,86397,0.0675370672593
2024-09-01,qi_1,500ms,10,0.153340432427,0.840837538775,0.00582202879763,86396,0.14751840363
2024-09-01,trade_imbalance_500ms,500ms,1,0.00986216140188,0.954495060646,0.0356427779524,60433,-0.0257806165506
2024-09-01,trade_imbalance_500ms,500ms,2,0.0228021114292,0.918206939917,0.0589909486539,60433,-0.0361888372247
2024-09-01,trade_imbalance_500ms,500ms,3,0.0213955951219,0.918157298165,0.0604471067132,60433,-0.0390515115913
2024-09-01,trade_imbalance_500ms,500ms,4,0.029969054593,0.846480994225,0.123549951182,60429,-0.0935808965894
2024-09-01,trade_imbalance_500ms,500ms,5,0.0449769158213,0.89174430342,0.0632787807582,60431,-0.0183018649369
2024-09-01,trade_imbalance_500ms,500ms,6,0.0903479886817,0.869541475684,0.0401105356345,60433,0.0502374530472
2024-09-01,trade_imbalance_500ms,500ms,7,0.0682574090315,0.914798206278,0.0169443846905,60433,0.051313024341
2024-09-01,trade_imbalance_500ms,500ms,8,0.0373967865239,0.947396290106,0.0152069233697,60433,0.0221898631542
2024-09-01,trade_imbalance_500ms,500ms,9,0.0592557046647,0.918223487168,0.0225208081677,60433,0.0367348964969
2024-09-01,trade_imbalance_500ms,500ms,10,0.0691355573206,0.901260921366,0.0296035213132,60432,0.0395320360074
2024-09-01,di_10,5s,1,0.069076891019,0.453300456114,0.477622652867,86382,-0.408545761849
2024-09-01,di_10,5s,2,0.0840451883233,0.546438410075,0.369516401602,86394,-0.285471213279
2024-09-01,di_10,5s,3,0.0988827785818,0.610500723589,0.290616497829,86375,-0.191733719247
2024-09-01,di_10,5s,4,0.121605352719,0.654851480564,0.223543166717,86386,-0.101937813998
2024-09-01,di_10,5s,5,0.153687670725,0.678225843789,0.168086485485,86396,-0.0143988147599
2024-09-01,di_10,5s,6,0.20114124333,0.650994826209,0.147863930461,86397,0.0532773128697
2024-09-01,di_10,5s,7,0.227079643969,0.6472909939,0.125629362131,86397,0.101450281838
2024-09-01,di_10,5s,8,0.313058474929,0.583719153665,0.103222371406,86396,0.209836103523
2024-09-01,di_10,5s,9,0.385387482924,0.518581120193,0.0960313968835,86378,0.28935608604
2024-09-01,di_10,5s,10,0.492331377111,0.427880219004,0.0797884038847,86391,0.412542973226
2024-09-01,di_5,5s,1,0.0721678127388,0.438169989118,0.489662198143,86382,-0.417494385404
2024-09-01,di_5,5s,2,0.0792763386346,0.55855730722,0.362166354145,86394,-0.28289001551
2024-09-01,di_5,5s,3,0.0992926685266,0.613109364328,0.287597967146,86381,-0.188305298619
2024-09-01,di_5,5s,4,0.121509608706,0.656124102802,0.222366288493,86380,-0.100856679787
2024-09-01,di_5,5s,5,0.148814759943,0.68167507755,0.169510162508,86396,-0.0206954025649
2024-09-01,di_5,5s,6,0.204590437168,0.647360440756,0.148049122076,86397,0.056541315092
2024-09-01,di_5,5s,7,0.231883051495,0.640913457643,0.127203490862,86397,0.104679560633
2024-09-01,di_5,5s,8,0.305963239039,0.59001574147,0.104021019492,86396,0.201942219547
2024-09-01,di_5,5s,9,0.381846599132,0.525510853835,0.0926425470333,86375,0.289204052098
2024-09-01,di_5,5s,10,0.500949139987,0.420353265273,0.0786975947404,86394,0.422251545246
2024-09-01,microprice_deviation_bps,5s,1,0.0787788981373,0.419583010153,0.50163809171,86381,-0.422859193573
2024-09-01,microprice_deviation_bps,5s,2,0.0778517275305,0.564222466578,0.357925805892,86395,-0.280074078361
2024-09-01,microprice_deviation_bps,5s,3,0.0954067694587,0.622574894661,0.28201833588,86388,-0.186611566421
2024-09-01,microprice_deviation_bps,5s,4,0.11754830792,0.660287358318,0.222164333762,86373,-0.104616025841
2024-09-01,microprice_deviation_bps,5s,5,0.151893606185,0.674359924071,0.173746469744,86396,-0.0218528635585
2024-09-01,microprice_deviation_bps,5s,6,0.197749921872,0.657627000938,0.14462307719,86397,0.0531268446821
2024-09-01,microprice_deviation_bps,5s,7,0.241547738926,0.635716517935,0.122735743139,86397,0.118811995787
2024-09-01,microprice_deviation_bps,5s,8,0.297687392935,0.596381776934,0.105930830131,86396,0.191756562804
2024-09-01,microprice_deviation_bps,5s,9,0.376441305858,0.5361194721,0.0874392220421,86380,0.289002083816
2024-09-01,microprice_deviation_bps,5s,10,0.511396126822,0.404912662492,0.0836912106865,86389,0.427704916135
2024-09-01,ofi_5s,5s,1,0.169211181203,0.394953411656,0.435835407142,86395,-0.266624225939
2024-09-01,ofi_5s,5s,2,0.14713612523,0.481550093205,0.371313781565,86369,-0.224177656335
2024-09-01,ofi_5s,5s,3,0.122525067735,0.593636384688,0.283838547577,86366,-0.161313479842
2024-09-01,ofi_5s,5s,4,0.124545686043,0.679144385027,0.19630992893,86394,-0.0717642428872
2024-09-01,ofi_5s,5s,5,0.107884441769,0.750850714137,0.141264844094,86398,-0.0333804023241
2024-09-01,ofi_5s,5s,6,0.151623880182,0.735456839279,0.112919280539,86398,0.0387045996435
2024-09-01,ofi_5s,5s,7,0.202699105314,0.678387481337,0.11891341335,86399,0.083785691964
2024-09-01,ofi_5s,5s,8,0.297620150014,0.583097972034,0.119281877952,86392,0.178338272062
2024-09-01,ofi_5s,5s,9,0.387071380612,0.480748304045,0.132180315343,86382,0.254891065268
2024-09-01,ofi_5s,5s,10,0.435965694047,0.393939744673,0.17009456128,86399,0.265871132768
2024-09-01,qi_1,5s,1,0.075327321348,0.426704328398,0.497968350254,86383,-0.422641028906
2024-09-01,qi_1,5s,2,0.0789638169317,0.564286871774,0.356749311295,86394,-0.277785494363
2024-09-01,qi_1,5s,3,0.0961939158216,0.618905403528,0.28490068065,86388,-0.188706764828
2024-09-01,qi_1,5s,4,0.118603251054,0.658060482564,0.223336266383,86372,-0.104733015329
2024-09-01,qi_1,5s,5,0.152321866753,0.673144590027,0.17453354322,86396,-0.0222116764665
2024-09-01,qi_1,5s,6,0.198421241478,0.656353808581,0.14522494994,86397,0.0531962915379
2024-09-01,qi_1,5s,7,0.242172760628,0.63446647453,0.123360764841,86397,0.118811995787
2024-09-01,qi_1,5s,8,0.298185101162,0.594877077642,0.106937821195,86396,0.191247279967
2024-09-01,qi_1,5s,9,0.378386200509,0.532576985413,0.0890368140773,86380,0.289349386432
2024-09-01,qi_1,5s,10,0.507726678165,0.412413617474,0.0798597043605,86389,0.427866973805
2024-09-01,trade_imbalance_5s,5s,1,0.0996515437423,0.583866822565,0.316481633693,86381,-0.21683008995
2024-09-01,trade_imbalance_5s,5s,2,0.131532324367,0.586180942345,0.282286733288,86359,-0.150754408921
2024-09-01,trade_imbalance_5s,5s,3,0.152270569437,0.588101799319,0.259627631244,86366,-0.107357061807
2024-09-01,trade_imbalance_5s,5s,4,0.182739177251,0.567472125415,0.249788697334,86369,-0.0670495200824
2024-09-01,trade_imbalance_5s,5s,5,0.214165808028,0.570545399817,0.215288792155,86377,-0.00112298412772
2024-09-01,trade_imbalance_5s,5s,6,0.233573008209,0.573645026457,0.192781965334,86367,0.0407910428752
2024-09-01,trade_imbalance_5s,5s,7,0.25708462171,0.568124703239,0.174790675051,86349,0.0822939466583
2024-09-01,trade_imbalance_5s,5s,8,0.27126218538,0.574455275893,0.154282538727,86374,0.116979646653
2024-09-01,trade_imbalance_5s,5s,9,0.306992359342,0.563116462144,0.129891178514,86380,0.177101180829
2024-09-01,trade_imbalance_5s,5s,10,0.297267886085,0.596202824728,0.106529289187,86380,0.190738596897
2024-10-01,di_10,100ms,1,0.000625014467927,0.92778768027,0.0715873052617,86398,-0.0709622907938
2024-10-01,di_10,100ms,2,0.0010764262648,0.965473338195,0.0334502355406,86397,-0.0323738092758
2024-10-01,di_10,100ms,3,0.00179402300979,0.983853792912,0.0143521840783,86398,-0.0125581610685
2024-10-01,di_10,100ms,4,0.00289358549966,0.988772888261,0.00833352623903,86398,-0.00543994073937
2024-10-01,di_10,100ms,5,0.00375008680756,0.990323850089,0.00592606310331,86398,-0.00217597629575
2024-10-01,di_10,100ms,6,0.00552102503559,0.98993020591,0.00454876905448,86397,0.00097225598111
2024-10-01,di_10,100ms,7,0.00893539202296,0.988066853399,0.00299775457765,86398,0.00593763744531
2024-10-01,di_10,100ms,8,0.0163198222181,0.98199032385,0.0016898539318,86398,0.0146299682863
2024-10-01,di_10,100ms,9,0.034978066368,0.963945507367,0.0010764262648,86397,0.0339016401032
2024-10-01,di_10,100ms,10,0.0710664598718,0.928401120396,0.000532419731938,86398,0.0705340401398
2024-10-01,di_5,100ms,1,0.000752332229913,0.920009722447,0.0792379453228,86398,-0.0784856130929
2024-10-01,di_5,100ms,2,0.00097225598111,0.970022107249,0.0290056367698,86397,-0.0280333807887
2024-10-01,di_5,100ms,3,0.00167827958981,0.985161693558,0.0131600268525,86398,-0.0114817472627
2024-10-01,di_5,100ms,4,0.00253478089771,0.989930322461,0.00753489664113,86398,-0.00500011574342
2024-10-01,di_5,100ms,5,0.00359962036158,0.991029884951,0.00537049468738,86398,-0.00177087432579
2024-10-01,di_5,100ms,6,0.00503483876942,0.990728952059,0.00423620917151,86398,0.000798629597907
2024-10-01,di_5,100ms,7,0.00821787793558,0.989177864972,0.00260425709226,86397,0.00561362084332
2024-10-01,di_5,100ms,8,0.0143521840783,0.983981110674,0.00166670524781,86398,0.0126854788305
2024-10-01,di_5,100ms,9,0.0307881060685,0.968112318715,0.00109957521673,86397,0.0296885308518
2024-10-01,di_5,100ms,10,0.0790296071668,0.920391675733,0.000578717099933,86398,0.0784508900669
2024-10-01,microprice_deviation_bps,100ms,1,0.00146995844763,0.913747005104,0.084783036448,86397,-0.0833130780004
2024-10-01,microprice_deviation_bps,100ms,2,0.00108798814787,0.973888284451,0.0250237274011,86398,-0.0239357392532
2024-10-01,microprice_deviation_bps,100ms,3,0.00164355656381,0.986307553416,0.0120488900206,86398,-0.0104053334568
2024-10-01,microprice_deviation_bps,100ms,4,0.00222227366374,0.990601634297,0.00717609203917,86398,-0.00495381837543
2024-10-01,microprice_deviation_bps,100ms,5,0.00349545128359,0.991272946133,0.00523160258339,86398,-0.0017361512998
2024-10-01,microprice_deviation_bps,100ms,6,0.00464136486221,0.991608504925,0.00375013021285,86397,0.000891234649351
2024-10-01,microprice_deviation_bps,100ms,7,0.00712979467117,0.990161809301,0.00270839602769,86398,0.00442139864349
2024-10-01,microprice_deviation_bps,100ms,8,0.0132526215885,0.98528901132,0.00145836709183,86398,0.0117942544966
2024-10-01,microprice_deviation_bps,100ms,9,0.0260541453986,0.972892577289,0.00105327731287,86397,0.0250008680857
2024-10-01,microprice_deviation_bps,100ms,10,0.085962638024,0.912775758698,0.00126160327785,86398,0.0847010347462
2024-10-01,ofi_100ms,100ms,1,0.00465277777778,0.9190625,0.0762847222222,86400,-0.0716319444444
2024-10-01,ofi_100ms,100ms,2,0.00668989224412,0.969444090788,0.0238660169678,86399,-0.0171761247237
2024-10-01,ofi_100ms,100ms,3,0.00630794337897,0.981157189319,0.0125348673017,86399,-0.00622692392273
2024-10-01,ofi_100ms,100ms,4,0.00361152911217,0.991793031601,0.00459543928695,86390,-0.000983910174789
2024-10-01,ofi_100ms,100ms,5,0.00219922679816,0.996469662245,0.00133111095678,86394,0.000868115841378
2024-10-01,ofi_100ms,100ms,6,0.00586805555556,0.988599537037,0.00553240740741,86400,0.000335648148148
2024-10-01,ofi_100ms,100ms,7,0.0049190384148,0.991504531302,0.00357643028276,86399,0.00134260813204
2024-10-01,ofi_100ms,100ms,8,0.0125813097525,0.981689390958,0.00572929928934,86398,0.00685201046321
2024-10-01,ofi_100ms,100ms,9,0.023923888008,0.969756594405,0.00631951758701,86399,0.017604370421
2024-10-01,ofi_100ms,100ms,10,0.0762045857012,0.919073137421,0.0047222768782,86399,0.071482308823
2024-10-01,qi_1,100ms,1,0.000995404933042,0.916987858375,0.0820167366922,86397,-0.0810213317592
2024-10-01,qi_1,100ms,2,0.00126160327785,0.972071112757,0.0266672839649,86398,-0.0254056806871
2024-10-01,qi_1,100ms,3,0.00177087432579,0.985543646844,0.0126854788305,86398,-0.0109146045047
2024-10-01,qi_1,100ms,4,0.00225699668974,0.990277552721,0.00746545058913,86398,-0.0052084538994
2024-10-01,qi_1,100ms,5,0.00363434338758,0.990937290215,0.00542836639737,86398,-0.00179402300979
2024-10-01,qi_1,100ms,6,0.00489600333345,0.991272845122,0.00383115154461,86397,0.00106485178884
2024-10-01,qi_1,100ms,7,0.00747702493113,0.989721984305,0.00280099076368,86398,0.00467603416746
2024-10-01,qi_1,100ms,8,0.0137155952684,0.984721868562,0.00156253616982,86398,0.0121530590986
2024-10-01,qi_1,100ms,9,0.0284963598273,0.970404064956,0.00109957521673,86397,0.0273967846106
2024-10-01,qi_1,100ms,10,0.0824556123984,0.9166068659,0.000937521701891,86398,0.0815180906965
2024-10-01,trade_imbalance_100ms,100ms,1,0.00120685493604,0.972151822351,0.026641322713,33144,-0.025434467777
2024-10-01,trade_imbalance_100ms,100ms,2,0.000995595245278,0.973390454353,0.0256139504013,33146,-0.024618355156
2024-10-01,trade_imbalance_100ms,100ms,3,0.00482698283404,0.904848100884,0.090324916282,33147,-0.085497933448
2024-10-01,trade_imbalance_100ms,100ms,4,0.00301695528872,0.925330356604,0.0716526881072,33146,-0.0686357328184
2024-10-01,trade_imbalance_100ms,100ms,5,0.0143007995173,0.870991099713,0.114708100769,33145,-0.100407301252
2024-10-01,trade_imbalance_100ms,100ms,6,0.117993121342,0.871507874253,0.0104990044048,33146,0.107494116937
2024-10-01,trade_imbalance_100ms,100ms,7,0.0192180051892,0.980178603753,0.000603391057745,33146,0.0186146141314
2024-10-01,trade_imbalance_100ms,100ms,8,0.0241349141702,0.974718677407,0.00114640842309,33147,0.0229885057471
2024-10-01,trade_imbalance_100ms,100ms,9,0.0981113859893,0.89718216376,0.00470645025041,33146,0.0934049357389
2024-10-01,trade_imbalance_100ms,100ms,10,0.0700537018041,0.926989682013,0.00295661618295,33146,0.0670970856212
2024-10-01,di_10,1s,1,0.0265655747193,0.658131728209,0.315302697071,86390,-0.288737122352
2024-10-01,di_10,1s,2,0.0362632529284,0.754201583407,0.209535163665,86396,-0.173271910737
2024-10-01,di_10,1s,3,0.0486006620524,0.802483853793,0.148915484155,86398,-0.100314822102
2024-10-01,di_10,1s,4,0.0587860830112,0.830678950902,0.110534966087,86398,-0.051748883076
2024-10-01,di_10,1s,5,0.0714368388157,0.838676821223,0.0898863399616,86398,-0.0184495011459
2024-10-01,di_10,1s,6,0.0819877070528,0.84116401014,0.0768482828072,86391,0.00513942424558
2024-10-01,di_10,1s,7,0.107271001644,0.828248339082,0.0644806592745,86398,0.042790342369
2024-10-01,di_10,1s,8,0.140535660548,0.810261811616,0.0492025278363,86398,0.0913331327114
2024-10-01,di_10,1s,9,0.211563169165,0.752196307657,0.0362405231784,86395,0.175322645986
2024-10-01,di_10,1s,10,0.308583532026,0.667457580037,0.0239588879372,86398,0.284624644089
2024-10-01,di_5,1s,1,0.0287996295868,0.63804838523,0.333151985183,86390,-0.304352355597
2024-10-01,di_5,1s,2,0.0351169600796,0.761253284258,0.203629755663,86397,-0.168512795583
2024-10-01,di_5,1s,3,0.0446774772272,0.81019016864,0.145132354133,86397,-0.100454876905
2024-10-01,di_5,1s,4,0.0581610685433,0.831662769972,0.110176161485,86398,-0.052015092942
2024-10-01,di_5,1s,5,0.0693997546239,0.843954721174,0.0866455242019,86398,-0.017245769578
2024-10-01,di_5,1s,6,0.0805574203107,0.844313525776,0.0751290539133,86398,0.00542836639737
2024-10-01,di_5,1s,7,0.104571078006,0.833489599611,0.0619393223831,86391,0.0426317556227
2024-10-01,di_5,1s,8,0.137804115836,0.815146183939,0.0470497002245,86398,0.0907544156115
2024-10-01,di_5,1s,9,0.204132183575,0.760414375832,0.0354534405926,86395,0.168678742983
2024-10-01,di_5,1s,10,0.328375656844,0.645026505243,0.0265978379129,86398,0.301777818931
2024-10-01,microprice_deviation_bps,1s,1,0.034089593703,0.617687232319,0.348223173978,86390,-0.314133580275
2024-10-01,microprice_deviation_bps,1s,2,0.0325825269688,0.772223251076,0.195194221955,86396,-0.162611694986
2024-10-01,microprice_deviation_bps,1s,3,0.0417602259312,0.815863793143,0.142375980925,86398,-0.100615754994
2024-10-01,microprice_deviation_bps,1s,4,0.0575129053913,0.833618833769,0.108868260839,86398,-0.051355355448
2024-10-01,microprice_deviation_bps,1s,5,0.0673626704322,0.8480404639,0.0845968656682,86398,-0.017234195236
2024-10-01,microprice_deviation_bps,1s,6,0.0787350534199,0.845169056962,0.0760958896181,86391,0.00263916380178
2024-10-01,microprice_deviation_bps,1s,7,0.104273247066,0.836315655455,0.0594110974791,86398,0.0448621495868
2024-10-01,microprice_deviation_bps,1s,8,0.134054029028,0.821176416121,0.0447695548508,86398,0.0892844741776
2024-10-01,microprice_deviation_bps,1s,9,0.191168470398,0.776352798194,0.0324787314081,86395,0.15868973899
2024-10-01,microprice_deviation_bps,1s,10,0.350054399407,0.617051320632,0.0328942799602,86398,0.317160119447
2024-10-01,ofi_1s,1s,1,0.0794642960494,0.592712203818,0.327823500133,86391,-0.248359204084
2024-10-01,ofi_1s,1s,2,0.0854186439501,0.674610523392,0.239970832658,86398,-0.154552188708
2024-10-01,ofi_1s,1s,3,0.0610539473837,0.812520978252,0.126425074364,86399,-0.0653711269806
2024-10-01,ofi_1s,1s,4,0.0454750633688,0.880797231449,0.0737277051818,86399,-0.028252641813
2024-10-01,ofi_1s,1s,5,0.0366721844722,0.917499160753,0.0458286547744,86387,-0.00915647030224
2024-10-01,ofi_1s,1s,6,0.0460763888889,0.918819444444,0.0351041666667,86400,0.0109722222222
2024-10-01,ofi_1s,1s,7,0.0709970138198,0.882520428714,0.0464825574666,86398,0.0245144563532
2024-10-01,ofi_1s,1s,8,0.115420674329,0.826857414031,0.0577219116405,86397,0.0576987626885
2024-10-01,ofi_1s,1s,9,0.228729499184,0.681732427459,0.0895380733573,86399,0.139191425827
2024-10-01,ofi_1s,1s,10,0.322298360959,0.595425502361,0.0822761366793,86392,0.24002222428
2024-10-01,qi_1,1s,1,0.0310912016298,0.630887476705,0.338021321665,86391,-0.306930120036
2024-10-01,qi_1,1s,2,0.0337056542624,0.765044273395,0.201250072342,86395,-0.16754441808
2024-10-01,qi_1,1s,3,0.0424546864511,0.813734114216,0.143811199333,86398,-0.101356512882
2024-10-01,qi_1,1s,4,0.0579874534133,0.831628046946,0.110384499641,86398,-0.0523970462279
2024-10-01,qi_1,1s,5,0.0680687052941,0.846142271812,0.085789022894,86398,-0.0177203175999
2024-10-01,qi_1,1s,6,0.0799273072427,0.843189684111,0.0768830086467,86391,0.00304429859592
2024-10-01,qi_1,1s,7,0.105812634552,0.834255422579,0.059931942869,86398,0.0458806916827
2024-10-01,qi_1,1s,8,0.136750850714,0.817692539179,0.0455566101067,86398,0.0911942406074
2024-10-01,qi_1,1s,9,0.197569303779,0.768921812605,0.0335088836159,86395,0.164060420163
2024-10-01,qi_1,1s,10,0.338225421885,0.632005370495,0.0297692076205,86398,0.308456214264
2024-10-01,trade_imbalance_1s,1s,1,0.0381306894783,0.874882183805,0.0869871267165,83817,-0.0488564372383
2024-10-01,trade_imbalance_1s,1s,2,0.0643910470555,0.716128185549,0.219480767395,83816,-0.15508972034
2024-10-01,trade_imbalance_1s,1s,3,0.0837171562895,0.723659403861,0.192623439849,83806,-0.10890628356
2024-10-01,trade_imbalance_1s,1s,4,0.101856491756,0.741343928222,0.156799580022,83814,-0.0549430882669
2024-10-01,trade_imbalance_1s,1s,5,0.11475683673,0.75731398845,0.12792917482,83812,-0.01317233809
2024-10-01,trade_imbalance_1s,1s,6,0.135471477491,0.757418477288,0.107110045221,83811,0.0283614322702
2024-10-01,trade_imbalance_1s,1s,7,0.151880309249,0.758995895772,0.0891237949795,83816,0.0627565142694
2024-10-01,trade_imbalance_1s,1s,8,0.186934733325,0.737465696218,0.075599570457,83810,0.111335162868
2024-10-01,trade_imbalance_1s,1s,9,0.151253385513,0.80176106332,0.0469855511675,83813,0.104267834346
2024-10-01,trade_imbalance_1s,1s,10,0.0854968025198,0.869237377112,0.0452658203684,83816,0.0402309821514
2024-10-01,di_10,30s,1,0.27905926492,0.140994464902,0.579946270178,86358,-0.300887005257
2024-10-01,di_10,30s,2,0.323402088108,0.156272426326,0.520325485566,86394,-0.196923397458
2024-10-01,di_10,30s,3,0.345685161589,0.172941040195,0.481373798216,86330,-0.135688636627
2024-10-01,di_10,30s,4,0.348826699114,0.186766324816,0.46440697607,86295,-0.115580276957
2024-10-01,di_10,30s,5,0.37269547897,0.214853159162,0.412451361868,86352,-0.0397558828979
2024-10-01,di_10,30s,6,0.406441380428,0.213188390697,0.380370228875,86379,0.026071151553
2024-10-01,di_10,30s,7,0.430089725036,0.200984081042,0.368926193922,86375,0.0611635311143
2024-10-01,di_10,30s,8,0.458878818395,0.167262793578,0.373858388027,86391,0.0850204303689
2024-10-01,di_10,30s,9,0.513715595268,0.151508136762,0.334776267969,86398,0.178939327299
2024-10-01,di_10,30s,10,0.546227921943,0.129968286303,0.323803791754,86398,0.222424130188
2024-10-01,di_5,30s,1,0.28682753989,0.134248859452,0.578923600658,86362,-0.292096060767
2024-10-01,di_5,30s,2,0.317168887397,0.158179271384,0.524651841219,86383,-0.207482953822
2024-10-01,di_5,30s,3,0.338791865475,0.175255941076,0.48595219345,86348,-0.147160327975
2024-10-01,di_5,30s,4,0.356187872188,0.188011214867,0.455800912946,86314,-0.0996130407582
2024-10-01,di_5,30s,5,0.363817488909,0.216590021893,0.419592489198,86329,-0.0557750002896
2024-10-01,di_5,30s,6,0.404818691243,0.218346223313,0.376835085444,86372,0.0279836057982
2024-10-01,di_5,30s,7,0.429719247467,0.196619392185,0.373661360347,86375,0.0560578871201
2024-10-01,di_5,30s,8,0.464446527995,0.171325716799,0.364227755206,86391,0.100218772789
2024-10-01,di_5,30s,9,0.511030347925,0.157549943286,0.33141970879,86398,0.179610639135
2024-10-01,di_5,30s,10,0.552223431098,0.118625431144,0.329151137758,86398,0.22307229334
2024-10-01,microprice_deviation_bps,30s,1,0.297723535814,0.126942405225,0.575334058961,86362,-0.277610523147
2024-10-01,microprice_deviation_bps,30s,2,0.311296073347,0.159057232821,0.529646693832,86384,-0.218350620485
2024-10-01,microprice_deviation_bps,30s,3,0.331128436222,0.182338426607,0.486533137171,86323,-0.155404700949
2024-10-01,microprice_deviation_bps,30s,4,0.347258576359,0.195663755762,0.457077667879,86342,-0.10981909152
2024-10-01,microprice_deviation_bps,30s,5,0.371567923261,0.214879862833,0.413552213907,86318,-0.0419842906462
2024-10-01,microprice_deviation_bps,30s,6,0.405204245813,0.216654512623,0.378141241565,86391,0.0270630042481
2024-10-01,microprice_deviation_bps,30s,7,0.429791963324,0.196760786765,0.37344724991,86379,0.0563447134141
2024-10-01,microprice_deviation_bps,30s,8,0.464690900671,0.174751099792,0.360557999537,86380,0.104132901135
2024-10-01,microprice_deviation_bps,30s,9,0.522171935226,0.159272163254,0.31855590152,86393,0.203616033706
2024-10-01,microprice_deviation_bps,30s,10,0.544202412093,0.108428435843,0.347369152064,86398,0.196833260029
2024-10-01,ofi_30s,30s,1,0.390358796296,0.128217592593,0.481423611111,86400,-0.0910648148148
2024-10-01,ofi_30s,30s,2,0.380288049645,0.145576215065,0.474135735291,86374,-0.0938476856461
2024-10-01,ofi_30s,30s,3,0.377225682465,0.156370835166,0.466403482368,86378,-0.0891777999028
2024-10-01,ofi_30s,30s,4,0.352941858712,0.182229387272,0.464828754016,86221,-0.111886895304
2024-10-01,ofi_30s,30s,5,0.368614871516,0.219772329855,0.411612798629,86353,-0.0429979271131
2024-10-01,ofi_30s,30s,6,0.405859194071,0.235213061603,0.358927744326,86360,0.0469314497453
2024-10-01,ofi_30s,30s,7,0.40932924359,0.215498582094,0.375172174316,86395,0.0341570692748
2024-10-01,ofi_30s,30s,8,0.432220948941,0.183051475269,0.384727575789,86391,0.0474933731523
2024-10-01,ofi_30s,30s,9,0.436093010336,0.152223984074,0.41168300559,86399,0.0244100047454
2024-10-01,ofi_30s,30s,10,0.472135094156,0.116610145951,0.411254759893,86399,0.0608803342631
2024-10-01,qi_1,30s,1,0.290708041452,0.132518960227,0.576772998321,86365,-0.286064956869
2024-10-01,qi_1,30s,2,0.312851619475,0.159586044035,0.52756233649,86386,-0.214710717014
2024-10-01,qi_1,30s,3,0.333870014942,0.179548955787,0.48658102927,86333,-0.152711014328
2024-10-01,qi_1,30s,4,0.34861630776,0.193658994289,0.457724697951,86327,-0.109108390191
2024-10-01,qi_1,30s,5,0.37295813156,0.213582335087,0.413459533353,86318,-0.0405014017934
2024-10-01,qi_1,30s,6,0.405493627808,0.214605688093,0.379900684099,86391,0.0255929437094
2024-10-01,qi_1,30s,7,0.430220308177,0.196563979671,0.373215712152,86379,0.0570045960245
2024-10-01,qi_1,30s,8,0.466462144015,0.171220189859,0.362317666126,86380,0.104144477888
2024-10-01,qi_1,30s,9,0.515805678701,0.156170060074,0.328024261225,86393,0.187781417476
2024-10-01,qi_1,30s,10,0.548056667978,0.117294381814,0.334648950207,86398,0.213407717771
2024-10-01,trade_imbalance_30s,30s,1,0.332200874274,0.22092227775,0.446876847976,86243,-0.114675973702
2024-10-01,trade_imbalance_30s,30s,2,0.383643794066,0.172997441449,0.443358764486,86377,-0.0597149704204
2024-10-01,trade_imbalance_30s,30s,3,0.417684693665,0.144753007719,0.437562298616,86278,-0.0198776049514
2024-10-01,trade_imbalance_30s,30s,4,0.410514010579,0.127455178879,0.462030810542,86399,-0.051516799963
2024-10-01,trade_imbalance_30s,30s,5,0.389559580994,0.143110133688,0.467330285317,86395,-0.0777707043232
2024-10-01,trade_imbalance_30s,30s,6,0.410072108985,0.141370649444,0.448557241571,86397,-0.0384851325856
2024-10-01,trade_imbalance_30s,30s,7,0.414125163486,0.150036458755,0.435838377759,86399,-0.0217132142733
2024-10-01,trade_imbalance_30s,30s,8,0.408604266253,0.18887950092,0.402516232827,86399,0.00608803342631
2024-10-01,trade_imbalance_30s,30s,9,0.432198092239,0.206137710687,0.361664197074,86384,0.0705338951658
2024-10-01,trade_imbalance_30s,30s,10,0.426486417667,0.239088415375,0.334425166958,86399,0.0920612507089
2024-10-01,di_10,500ms,1,0.0093523930783,0.768516696568,0.222130910354,86395,-0.212778517275
2024-10-01,di_10,500ms,2,0.0143293671003,0.849425899347,0.136244733552,86396,-0.121915366452
2024-10-01,di_10,500ms,3,0.0213662353295,0.891779902313,0.0868538623579,86398,-0.0654876270284
2024-10-01,di_10,500ms,4,0.0284844556587,0.913817449478,0.0576980948633,86398,-0.0292136392046
2024-10-01,di_10,500ms,5,0.0351975740179,0.917718002732,0.0470844232505,86398,-0.0118868492326
2024-10-01,di_10,500ms,6,0.0427002187677,0.918291991249,0.039007789983,86393,0.00369242878474
2024-10-01,di_10,500ms,7,0.0590522928771,0.909384476493,0.0315632306303,86398,0.0274890622468
2024-10-01,di_10,500ms,8,0.0850366906641,0.893354012824,0.0216092965115,86398,0.0634273941526
2024-10-01,di_10,500ms,9,0.138399212917,0.846773540135,0.0148272469472,86395,0.12357196597
2024-10-01,di_10,500ms,10,0.218419407857,0.773270214588,0.00831037755504,86398,0.210109030302
2024-10-01,di_5,500ms,1,0.0103595157071,0.751591545709,0.238048938584,86394,-0.227689422877
2024-10-01,di_5,500ms,2,0.0139356690626,0.856626966214,0.129437364723,86397,-0.115501695661
2024-10-01,di_5,500ms,3,0.0193407254798,0.897289289104,0.0833699854163,86398,-0.0640292599366
2024-10-01,di_5,500ms,4,0.0281256510567,0.914245700132,0.0576286488113,86398,-0.0295029977546
2024-10-01,di_5,500ms,5,0.0337044839001,0.921850042825,0.0444454732748,86398,-0.0107409893748
2024-10-01,di_5,500ms,6,0.0410078937012,0.920738905993,0.0382532003056,86398,0.00275469339568
2024-10-01,di_5,500ms,7,0.056590233005,0.913395761231,0.0300140057644,86393,0.0265762272406
2024-10-01,di_5,500ms,8,0.0822241255585,0.897474478576,0.0203013958656,86398,0.0619227296928
2024-10-01,di_5,500ms,9,0.131581688755,0.854019329822,0.0143989814225,86395,0.117182707333
2024-10-01,di_5,500ms,10,0.235468413621,0.75509849765,0.00943308872891,86398,0.226035324892
2024-10-01,microprice_deviation_bps,500ms,1,0.0131143366437,0.736208533,0.250677130356,86394,-0.237562793713
2024-10-01,microprice_deviation_bps,500ms,2,0.0131486046969,0.864682801486,0.122168593817,86397,-0.10901998912
2024-10-01,microprice_deviation_bps,500ms,3,0.0179402300979,0.901236139725,0.0808236301766,86398,-0.0628834000787
2024-10-01,microprice_deviation_bps,500ms,4,0.0264010740989,0.917046690896,0.0565522350054,86398,-0.0301511609065
2024-10-01,microprice_deviation_bps,500ms,5,0.0335887404801,0.923123220445,0.043288039075,86398,-0.00969929859487
2024-10-01,microprice_deviation_bps,500ms,6,0.039517090505,0.922586320651,0.037896588844,86393,0.00162050166101
2024-10-01,microprice_deviation_bps,500ms,7,0.0556957336975,0.91533368828,0.0289705780226,86398,0.0267251556749
2024-10-01,microprice_deviation_bps,500ms,8,0.0791106275608,0.901513923933,0.0193754485058,86398,0.0597351790551
2024-10-01,microprice_deviation_bps,500ms,9,0.120134267029,0.86677469761,0.0130910353608,86395,0.107043231668
2024-10-01,microprice_deviation_bps,500ms,10,0.253686427927,0.733824857057,0.0124887150166,86398,0.24119771291
2024-10-01,ofi_500ms,500ms,1,0.0364715959072,0.722776517431,0.240751886661,86396,-0.204280290754
2024-10-01,ofi_500ms,500ms,2,0.0451746568208,0.817634667469,0.13719067571,86398,-0.0920160188893
2024-10-01,ofi_500ms,500ms,3,0.0280095834443,0.906376231206,0.0656141853494,86399,-0.0376046019051
2024-10-01,ofi_500ms,500ms,4,0.0283452354773,0.926029236449,0.0456255280732,86399,-0.017280292596
2024-10-01,ofi_500ms,500ms,5,0.0176431771611,0.962004653909,0.0203521689299,86379,-0.00270899176883
2024-10-01,ofi_500ms,500ms,6,0.0205324074074,0.963113425926,0.0163541666667,86400,0.00417824074074
2024-10-01,ofi_500ms,500ms,7,0.0444681072698,0.927510735078,0.0280211576523,86399,0.0164469496175
2024-10-01,ofi_500ms,500ms,8,0.0608571858471,0.909732751536,0.0294100626165,86399,0.0314471232306
2024-10-01,ofi_500ms,500ms,9,0.128195928194,0.828261901179,0.043542170627,86399,0.0846537575666
2024-10-01,ofi_500ms,500ms,10,0.242630123034,0.718908783666,0.0384610932997,86399,0.204169029734
2024-10-01,qi_1,500ms,1,0.0115978933966,0.745552404653,0.24284970195,86395,-0.231251808554
2024-10-01,qi_1,500ms,2,0.0135307190148,0.859900921339,0.126568359646,86396,-0.113037640632
2024-10-01,qi_1,500ms,3,0.0182758860159,0.899337947638,0.0823861663464,86398,-0.0641102803306
2024-10-01,qi_1,500ms,4,0.0267830273849,0.91550730341,0.0577096692053,86398,-0.0309266418204
2024-10-01,qi_1,500ms,5,0.0340054167921,0.922000509271,0.0439940739369,86398,-0.00998865714484
2024-10-01,qi_1,500ms,6,0.0402810412881,0.921370944405,0.0383480143067,86393,0.00193302698135
2024-10-01,qi_1,500ms,7,0.0567952961874,0.913910044214,0.0292946595986,86398,0.0275006365888
2024-10-01,qi_1,500ms,8,0.0811361374106,0.899013866062,0.0198499965277,86398,0.0612861408829
2024-10-01,qi_1,500ms,9,0.126014236935,0.860570634875,0.0134151281903,86395,0.112599108745
2024-10-01,qi_1,500ms,10,0.24391768328,0.745167712216,0.0109146045047,86398,0.233003078775
2024-10-01,trade_imbalance_500ms,500ms,1,0.0121585089185,0.948920677616,0.0389208134654,73611,-0.0267623045469
2024-10-01,trade_imbalance_500ms,500ms,2,0.0386621746454,0.864302015976,0.0970358093789,73612,-0.0583736347335
2024-10-01,trade_imbalance_500ms,500ms,3,0.0374279969569,0.793976198239,0.168595804804,73608,-0.131167807847
2024-10-01,trade_imbalance_500ms,500ms,4,0.0572779392984,0.797041002092,0.145681058609,73606,-0.0884031193109
2024-10-01,trade_imbalance_500ms,500ms,5,0.0773818418943,0.828906791289,0.0937113668166,73609,-0.0163295249222
2024-10-01,trade_imbalance_500ms,500ms,6,0.103259023787,0.830283517409,0.0664574588037,73611,0.0368015649835
2024-10-01,trade_imbalance_500ms,500ms,7,0.154191006657,0.794457274827,0.0513517185165,73610,0.10283928814
2024-10-01,trade_imbalance_500ms,500ms,8,0.108603801269,0.869645550016,0.0217506487155,73607,0.0868531525534
2024-10-01,trade_imbalance_500ms,500ms,9,0.0196166333836,0.97360448846,0.0067788781568,73611,0.0128377552268
2024-10-01,trade_imbalance_500ms,500ms,10,0.116042439309,0.833340125796,0.0506174348942,73611,0.0654250044151
2024-10-01,di_10,5s,1,0.1303381195,0.386706808708,0.482955071792,86360,-0.352616952293
2024-10-01,di_10,5s,2,0.152113523774,0.470195379416,0.37769109681,86396,-0.225577573036
2024-10-01,di_10,5s,3,0.177793467441,0.502094955902,0.320111576657,86398,-0.142318109215
2024-10-01,di_10,5s,4,0.194992649867,0.530100818353,0.274906531779,86393,-0.0799138819117
2024-10-01,di_10,5s,5,0.202806107683,0.562425477235,0.234768415082,86383,-0.0319623073984
2024-10-01,di_10,5s,6,0.215398504595,0.569191416468,0.215410078937,86398,-1.15743419987e-05
2024-10-01,di_10,5s,7,0.264045464015,0.530741452348,0.205213083636,86398,0.0588323803792
2024-10-01,di_10,5s,8,0.296661959768,0.517407810366,0.185930229866,86398,0.110731729901
2024-10-01,di_10,5s,9,0.388076112873,0.459790735897,0.15213315123,86398,0.235942961643
2024-10-01,di_10,5s,10,0.483020440288,0.390553022061,0.126426537651,86398,0.356593902637
2024-10-01,di_5,5s,1,0.138644126672,0.362959532218,0.49839634111,86365,-0.359752214439
2024-10-01,di_5,5s,2,0.144978701732,0.479164737476,0.375856560793,86392,-0.230877859061
2024-10-01,di_5,5s,3,0.170677222589,0.516071159878,0.313251617533,86397,-0.142574394944
2024-10-01,di_5,5s,4,0.192786285608,0.531004387031,0.27620932736,86391,-0.083423041752
2024-10-01,di_5,5s,5,0.203345488221,0.565318052903,0.231336458876,86385,-0.0279909706546
2024-10-01,di_5,5s,6,0.211636843445,0.57267529341,0.215687863145,86398,-0.00405101969953
2024-10-01,di_5,5s,7,0.265098729137,0.533496145744,0.201405125119,86398,0.0636936040186
2024-10-01,di_5,5s,8,0.297842542651,0.522963494525,0.179193962823,86398,0.118648579828
2024-10-01,di_5,5s,9,0.384129262251,0.46548531216,0.150385425589,86398,0.233743836663
2024-10-01,di_5,5s,10,0.496111021088,0.370066436723,0.133822542188,86398,0.3622884789
2024-10-01,microprice_deviation_bps,5s,1,0.149273432525,0.33919990737,0.511526660105,86365,-0.362253227581
2024-10-01,microprice_deviation_bps,5s,2,0.140107187091,0.491625285041,0.368267527867,86391,-0.228160340776
2024-10-01,microprice_deviation_bps,5s,3,0.163082478761,0.526516817519,0.31040070372,86398,-0.147318224959
2024-10-01,microprice_deviation_bps,5s,4,0.189278975819,0.53660682247,0.274114201711,86391,-0.0848352258916
2024-10-01,microprice_deviation_bps,5s,5,0.196237772761,0.574046420096,0.229715807142,86385,-0.033478034381
2024-10-01,microprice_deviation_bps,5s,6,0.215780457881,0.568462232922,0.215757309197,86398,2.31486839973e-05
2024-10-01,microprice_deviation_bps,5s,7,0.267344151485,0.5302321813,0.202423667215,86398,0.0649204842705
2024-10-01,microprice_deviation_bps,5s,8,0.295180443992,0.532685941804,0.172133614204,86398,0.123046829788
2024-10-01,microprice_deviation_bps,5s,9,0.37503182944,0.485150119216,0.139818051344,86398,0.235213778097
2024-10-01,microprice_deviation_bps,5s,10,0.513935507766,0.334672098891,0.151392393342,86398,0.362543114424
2024-10-01,ofi_5s,5s,1,0.251163436827,0.316234863745,0.432601699428,86382,-0.181438262601
2024-10-01,ofi_5s,5s,2,0.24470659057,0.377328347669,0.377965061761,86381,-0.133258471192
2024-10-01,ofi_5s,5s,3,0.210571402112,0.464310520467,0.325118077422,86384,-0.11454667531
2024-10-01,ofi_5s,5s,4,0.171277433096,0.58871191777,0.240010649134,86392,-0.0687332160385
2024-10-01,ofi_5s,5s,5,0.136256308162,0.694002037131,0.169741654706,86396,-0.0334853465438
2024-10-01,ofi_5s,5s,6,0.15788316183,0.709675552417,0.132441285752,86393,0.0254418760779
2024-10-01,ofi_5s,5s,7,0.22409981597,0.60622229424,0.16967788979,86399,0.0544219261797
2024-10-01,ofi_5s,5s,8,0.323768736617,0.461392441692,0.214838821691,86395,0.108929914926
2024-10-01,ofi_5s,5s,9,0.371346890589,0.388696628433,0.239956480978,86399,0.131390409611
2024-10-01,ofi_5s,5s,10,0.41421775715,0.312630933228,0.273151309622,86399,0.141066447528
2024-10-01,qi_1,5s,1,0.140713466949,0.358504984543,0.500781548508,86367,-0.360068081559
2024-10-01,qi_1,5s,2,0.142958015488,0.48266561715,0.374376367362,86389,-0.231418351874
2024-10-01,qi_1,5s,3,0.165281603741,0.523044514919,0.31167388134,86398,-0.146392277599
2024-10-01,qi_1,5s,4,0.191501429547,0.533030061002,0.275468509451,86391,-0.0839670799042
2024-10-01,qi_1,5s,5,0.197511141981,0.570805116629,0.23168374139,86385,-0.0341725994096
2024-10-01,qi_1,5s,6,0.217505034839,0.565105673742,0.217389291419,86398,0.000115743419987
2024-10-01,qi_1,5s,7,0.268362693581,0.527454339221,0.204182967198,86398,0.0641797263826
2024-10-01,qi_1,5s,8,0.297830968309,0.528646496447,0.173522535244,86398,0.124308433066
2024-10-01,qi_1,5s,9,0.37977730966,0.475647584435,0.144575105905,86398,0.235202203755
2024-10-01,qi_1,5s,10,0.503807958518,0.354302182921,0.141889858562,86398,0.361918099956
2024-10-01,trade_imbalance_5s,5s,1,0.150851891291,0.540846798463,0.308301310246,86396,-0.157449418955
2024-10-01,trade_imbalance_5s,5s,2,0.195835599949,0.495862220628,0.308302179423,86399,-0.112466579474
2024-10-01,trade_imbalance_5s,5s,3,0.239735620609,0.460256276695,0.300008102696,86391,-0.0602724820873
2024-10-01,trade_imbalance_5s,5s,4,0.252757555064,0.457609463072,0.289632981863,86399,-0.0368754267989
2024-10-01,trade_imbalance_5s,5s,5,0.275888413011,0.437886329436,0.286225257553,86390,-0.0103368445422
2024-10-01,trade_imbalance_5s,5s,6,0.282461217875,0.45071775874,0.266821023385,86380,0.0156401944895
2024-10-01,trade_imbalance_5s,5s,7,0.279430834067,0.468936692447,0.251632473487,86372,0.0277983605798
2024-10-01,trade_imbalance_5s,5s,8,0.272248521395,0.500306716513,0.227444762092,86399,0.0448037593028
2024-10-01,trade_imbalance_5s,5s,9,0.26645060478,0.539151571271,0.194397823948,86395,0.0720527808322
2024-10-01,trade_imbalance_5s,5s,10,0.289667704487,0.567645458859,0.142686836653,86399,0.146980867834
2024-11-01,di_10,100ms,1,0.000393541292899,0.936975519417,0.0626309392905,86395,-0.0622373979976
2024-11-01,di_10,100ms,2,0.000856531049251,0.975681463048,0.0234620059031,86395,-0.0226054748539
2024-11-01,di_10,100ms,3,0.00158575827025,0.985485103132,0.0129291385976,86394,-0.0113433803273
2024-11-01,di_10,100ms,4,0.00217605185485,0.988911395335,0.00891255280977,86395,-0.00673650095492
2024-11-01,di_10,100ms,5,0.00387753920944,0.989860524336,0.00626193645466,86395,-0.00238439724521
2024-11-01,di_10,100ms,6,0.00606516580821,0.989710052665,0.00422478152671,86395,0.0018403842815
2024-11-01,di_10,100ms,7,0.00893570229759,0.988668325713,0.00239597198912,86395,0.00653973030847
2024-11-01,di_10,100ms,8,0.0136466230685,0.985080155102,0.00127322182997,86395,0.0123734012385
2024-11-01,di_10,100ms,9,0.0268071068928,0.972359511546,0.000833381561433,86395,0.0259737253313
2024-11-01,di_10,100ms,10,0.0640314833034,0.935355055269,0.000613461427166,86395,0.0634180218763
2024-11-01,di_5,100ms,1,0.00038196654899,0.933665142659,0.0659528907923,86395,-0.0655709242433
2024-11-01,di_5,100ms,2,0.000914404768794,0.976653741536,0.0224318536952,86395,-0.0215174489264
2024-11-01,di_5,100ms,3,0.00142369350078,0.986399675907,0.012176630592,86395,-0.0107529370913
2024-11-01,di_5,100ms,4,0.00209505289719,0.989408986735,0.00849596036762,86394,-0.00640090747043
2024-11-01,di_5,100ms,5,0.00371549279472,0.990693905897,0.00559060130795,86395,-0.00187510851322
2024-11-01,di_5,100ms,6,0.00559060130795,0.990427686787,0.00398171190462,86395,0.00160888940332
2024-11-01,di_5,100ms,7,0.00836853984606,0.989432258811,0.00219920134267,86395,0.00616933850339
2024-11-01,di_5,100ms,8,0.0128479657388,0.985901961919,0.00125007234215,86395,0.0115978933966
2024-11-01,di_5,100ms,9,0.02614734649,0.972996122461,0.000856531049251,86395,0.0252908154407
2024-11-01,di_5,100ms,10,0.0668904450489,0.932507668268,0.000601886683257,86395,0.0662885583656
2024-11-01,microprice_deviation_bps,100ms,1,0.000914404768794,0.932762312634,0.0663232825974,86395,-0.0654088778286
2024-11-01,microprice_deviation_bps,100ms,2,0.000775507841889,0.976445396146,0.0227790960125,86395,-0.0220035881706
2024-11-01,microprice_deviation_bps,100ms,3,0.00136581978124,0.986989987847,0.0116441923722,86395,-0.010278372591
2024-11-01,microprice_deviation_bps,100ms,4,0.00199087899623,0.989686783804,0.00832233719934,86394,-0.00633145820312
2024-11-01,microprice_deviation_bps,100ms,5,0.00359974535563,0.990589733202,0.00581052144221,86395,-0.00221077608658
2024-11-01,microprice_deviation_bps,100ms,6,0.00523178424677,0.991133746166,0.00363446958736,86395,0.00159731465941
2024-11-01,microprice_deviation_bps,100ms,7,0.00835696510215,0.989559580994,0.00208345390358,86395,0.00627351119856
2024-11-01,microprice_deviation_bps,100ms,8,0.0128826899705,0.985878812431,0.00123849759824,86395,0.0116441923722
2024-11-01,microprice_deviation_bps,100ms,9,0.0253486891603,0.97391052723,0.000740783610163,86395,0.0246079055501
2024-11-01,microprice_deviation_bps,100ms,10,0.0679090225129,0.931130273743,0.00096070374443,86395,0.0669483187684
2024-11-01,ofi_100ms,100ms,1,0.00363446958736,0.931280745414,0.0650847849991,86395,-0.0614503154118
2024-11-01,ofi_100ms,100ms,2,0.0047456450026,0.977382950402,0.0178714045952,86395,-0.0131257595926
2024-11-01,ofi_100ms,100ms,3,0.00466462179524,0.98700156259,0.00833381561433,86395,-0.00366919381909
2024-11-01,ofi_100ms,100ms,4,0.00454887435615,0.98939753458,0.0060535910643,86395,-0.00150471670814
2024-11-01,ofi_100ms,100ms,5,0.00275478905029,0.994513571387,0.00273163956247,86395,2.31494878176e-05
2024-11-01,ofi_100ms,100ms,6,0.0073731118699,0.985971410383,0.00665547774755,86395,0.000717634122345
2024-11-01,ofi_100ms,100ms,7,0.00620406273511,0.989675328433,0.00412060883153,86395,0.00208345390358
2024-11-01,ofi_100ms,100ms,8,0.00956073846866,0.985473696394,0.00496556513687,86395,0.00459517333179
2024-11-01,ofi_100ms,100ms,9,0.0194110702132,0.975889529365,0.00469940042133,86394,0.0147116697919
2024-11-01,ofi_100ms,100ms,10,0.065478326292,0.931500665548,0.00302100816019,86395,0.0624573181318
2024-11-01,qi_1,100ms,1,0.000532438219804,0.933375774061,0.0660917877192,86395,-0.0655593494994
2024-11-01,qi_1,100ms,2,0.000868105793159,0.976271774987,0.0228601192199,86395,-0.0219920134267
2024-11-01,qi_1,100ms,3,0.00142369350078,0.986908964639,0.0116673418601,86395,-0.0102436483593
2024-11-01,qi_1,100ms,4,0.00204875338565,0.989617334537,0.00833391207723,86394,-0.00628515869158
2024-11-01,qi_1,100ms,5,0.00377336651427,0.990300364604,0.0059262688813,86395,-0.00215290236704
2024-11-01,qi_1,100ms,6,0.00528965796632,0.990994849239,0.00371549279472,86395,0.0015741651716
2024-11-01,qi_1,100ms,7,0.00828751663869,0.989594305226,0.00211817813531,86395,0.00616933850339
2024-11-01,qi_1,100ms,8,0.0129637131778,0.985763064992,0.00127322182997,86395,0.0116904913479
2024-11-01,qi_1,100ms,9,0.025256091209,0.973898952486,0.000844956305342,86395,0.0244111349036
2024-11-01,qi_1,100ms,10,0.0679321720007,0.931361768621,0.000706059378436,86395,0.0672261126223
2024-11-01,trade_imbalance_100ms,100ms,1,0.003973727422,0.9639408867,0.0320853858785,30450,-0.0281116584565
2024-11-01,trade_imbalance_100ms,100ms,2,0.00328418010444,0.973496666557,0.0232191533384,30449,-0.0199349732339
2024-11-01,trade_imbalance_100ms,100ms,3,0.0105090311987,0.912413793103,0.0770771756979,30450,-0.0665681444992
2024-11-01,trade_imbalance_100ms,100ms,4,0.00463069394726,0.93175473743,0.0636145686229,30449,-0.0589838746757
2024-11-01,trade_imbalance_100ms,100ms,5,0.0327432756412,0.931065059608,0.0361916647509,30449,-0.00344838910966
2024-11-01,trade_imbalance_100ms,100ms,6,0.0551067323481,0.939540229885,0.00535303776683,30450,0.0497536945813
2024-11-01,trade_imbalance_100ms,100ms,7,0.0167821603337,0.981214489803,0.00200334986371,30449,0.01477881047
2024-11-01,trade_imbalance_100ms,100ms,8,0.0247619047619,0.972118226601,0.00311986863711,30450,0.0216420361248
2024-11-01,trade_imbalance_100ms,100ms,9,0.0831225984433,0.903379421327,0.0134979802292,30449,0.0696246182141
2024-11-01,trade_imbalance_100ms,100ms,10,0.034779467306,0.961180991166,0.00403954152846,30449,0.0307399257775
2024-11-01,di_10,1s,1,0.0213091035361,0.687597661902,0.291093234562,86395,-0.269784131026
2024-11-01,di_10,1s,2,0.0297821607982,0.804129916429,0.166087922772,86394,-0.136305761974
2024-11-01,di_10,1s,3,0.0406315838215,0.833954575973,0.125413840206,86386,-0.0847822563841
2024-11-01,di_10,1s,4,0.0546443659934,0.841460732681,0.103894901325,86395,-0.0492505353319
2024-11-01,di_10,1s,5,0.0689854736964,0.848220383124,0.0827941431796,86395,-0.0138086694832
2024-11-01,di_10,1s,6,0.0827941431796,0.847016609758,0.0701892470629,86395,0.0126048961167
2024-11-01,di_10,1s,7,0.106638115632,0.840881995486,0.0524798888825,86395,0.0541582267492
2024-11-01,di_10,1s,8,0.134567972684,0.826922854332,0.0385091729845,86395,0.0960587996991
2024-11-01,di_10,1s,9,0.194247352277,0.777568146305,0.0281845014179,86395,0.166062850859
2024-11-01,di_10,1s,10,0.312471786562,0.665281555646,0.0222466577927,86395,0.290225128769
2024-11-01,di_5,1s,1,0.0223624052318,0.680351872215,0.297285722553,86395,-0.274923317322
2024-11-01,di_5,1s,2,0.0276639581452,0.806167094937,0.166168946918,86394,-0.138504988772
2024-11-01,di_5,1s,3,0.040561189054,0.835706348104,0.123732462842,86388,-0.083171273788
2024-11-01,di_5,1s,4,0.0539511302999,0.841190837221,0.104858032479,86393,-0.0509069021796
2024-11-01,di_5,1s,5,0.0701082238555,0.848903293015,0.0809884831298,86395,-0.0108802592743
2024-11-01,di_5,1s,6,0.0806875397882,0.850743677296,0.0685687829157,86395,0.0121187568725
2024-11-01,di_5,1s,7,0.106198275363,0.841113490364,0.0526882342728,86395,0.0535100410903
2024-11-01,di_5,1s,8,0.13429017883,0.828821112333,0.0368887088373,86395,0.0974014699925
2024-11-01,di_5,1s,9,0.192731060825,0.78048498177,0.0267839574049,86395,0.16594710342
2024-11-01,di_5,1s,10,0.317518374906,0.659552057411,0.0229295676833,86395,0.294588807223
2024-11-01,microprice_deviation_bps,1s,1,0.0231726373054,0.679761560275,0.297065802419,86395,-0.273893165114
2024-11-01,microprice_deviation_bps,1s,2,0.0265990693798,0.808227423201,0.165173507419,86394,-0.13857443804
2024-11-01,microprice_deviation_bps,1s,3,0.0391600782507,0.836391207214,0.124448714535,86389,-0.0852886362847
2024-11-01,microprice_deviation_bps,1s,4,0.0543337346051,0.840066209834,0.105600055561,86392,-0.0512663209556
2024-11-01,microprice_deviation_bps,1s,5,0.0714277446611,0.845708663696,0.082863591643,86395,-0.0114358469819
2024-11-01,microprice_deviation_bps,1s,6,0.0811273800567,0.850952022686,0.0679205972568,86395,0.0132067827999
2024-11-01,microprice_deviation_bps,1s,7,0.107378899242,0.841067191388,0.0515539093698,86395,0.0558249898721
2024-11-01,microprice_deviation_bps,1s,8,0.134996238208,0.827536315759,0.0374674460328,86395,0.0975287921755
2024-11-01,microprice_deviation_bps,1s,9,0.192592163898,0.782151744893,0.025256091209,86395,0.167336072689
2024-11-01,microprice_deviation_bps,1s,10,0.315284449332,0.661172521558,0.0235430291105,86395,0.291741420221
2024-11-01,ofi_1s,1s,1,0.0654204525725,0.660813704497,0.273765842931,86395,-0.208345390358
2024-11-01,ofi_1s,1s,2,0.0708721569535,0.742867064066,0.18626077898,86395,-0.115388622027
2024-11-01,ofi_1s,1s,3,0.0570988726069,0.833368057967,0.109533069426,86394,-0.0524341968192
2024-11-01,ofi_1s,1s,4,0.051521570534,0.8715491197,0.0769293097661,86391,-0.0254077392321
2024-11-01,ofi_1s,1s,5,0.0457444468881,0.905246952878,0.0490086002338,86393,-0.00326415334576
2024-11-01,ofi_1s,1s,6,0.0605937843625,0.893917472076,0.0454887435615,86395,0.015105040801
2024-11-01,ofi_1s,1s,7,0.0843471114558,0.864827011448,0.0508258770965,86393,0.0335212343593
2024-11-01,ofi_1s,1s,8,0.118711947589,0.826446280992,0.0548417714193,86394,0.0638701761696
2024-11-01,ofi_1s,1s,9,0.202060304416,0.730366340645,0.0675733549395,86395,0.134486949476
2024-11-01,ofi_1s,1s,10,0.289704265293,0.643636784536,0.0666589501707,86395,0.223045315122
2024-11-01,qi_1,1s,1,0.0227906707564,0.679912031946,0.297297297297,86395,-0.274506626541
2024-11-01,qi_1,1s,2,0.0267611176702,0.80752135565,0.16571752668,86394,-0.13895640901
2024-11-01,qi_1,1s,3,0.039391589207,0.836541689335,0.124066721458,86389,-0.0846751322506
2024-11-01,qi_1,1s,4,0.0544263357718,0.840262987314,0.105310676915,86392,-0.0508843411427
2024-11-01,qi_1,1s,5,0.071323571966,0.845917009086,0.0827594189479,86395,-0.0114358469819
2024-11-01,qi_1,1s,6,0.0807454135077,0.85128769026,0.0679668962324,86395,0.0127785172753
2024-11-01,qi_1,1s,7,0.106985357949,0.84142600845,0.0515886336015,86395,0.0553967243475
2024-11-01,qi_1,1s,8,0.135019387696,0.827790960125,0.0371896521789,86395,0.0978297355171
2024-11-01,qi_1,1s,9,0.19141154002,0.782950402222,0.025638057758,86395,0.165773482262
2024-11-01,qi_1,1s,10,0.317217431564,0.659424735228,0.0233578332079,86395,0.293859598356
2024-11-01,trade_imbalance_1s,1s,1,0.0555088821517,0.840863985584,0.103627132264,82131,-0.0481182501126
2024-11-01,trade_imbalance_1s,1s,2,0.0573230570674,0.777306985182,0.16536995775,82131,-0.108046900683
2024-11-01,trade_imbalance_1s,1s,3,0.0798358719606,0.759445276449,0.160718851591,82131,-0.0808829796301
2024-11-01,trade_imbalance_1s,1s,4,0.0966382973542,0.766580219406,0.13678148324,82131,-0.040143185886
2024-11-01,trade_imbalance_1s,1s,5,0.102531321913,0.797116801208,0.10035187688,82131,0.00217944503294
2024-11-01,trade_imbalance_1s,1s,6,0.123838745419,0.783078253035,0.0930830015463,82131,0.0307557438726
2024-11-01,trade_imbalance_1s,1s,7,0.151733206706,0.771377433612,0.0768893596815,82131,0.0748438470249
2024-11-01,trade_imbalance_1s,1s,8,0.193816667478,0.73197847158,0.074204860942,82124,0.119611806536
2024-11-01,trade_imbalance_1s,1s,9,0.0837199108741,0.881238509211,0.035041579915,82131,0.0486783309591
2024-11-01,trade_imbalance_1s,1s,10,0.127753357605,0.809770233906,0.0624764084893,82127,0.0652769491154
2024-11-01,di_10,30s,1,0.330640026856,0.126350029518,0.543009943626,86387,-0.21236991677
2024-11-01,di_10,30s,2,0.33465692687,0.150947546335,0.514395526794,86381,-0.179738599924
2024-11-01,di_10,30s,3,0.372026122563,0.162987623102,0.464986254335,86209,-0.0929601317728
2024-11-01,di_10,30s,4,0.392554090504,0.174779759906,0.43266614959,86383,-0.0401120590857
2024-11-01,di_10,30s,5,0.437698940911,0.1680768563,0.39422420279,86395,0.0434747381214
2024-11-01,di_10,30s,6,0.422729219479,0.15608107326,0.421189707261,86391,0.00153951221771
2024-11-01,di_10,30s,7,0.443960877366,0.152682446901,0.403356675734,86395,0.040604201632
2024-11-01,di_10,30s,8,0.470722468695,0.156274253148,0.373003278157,86329,0.0977191905385
2024-11-01,di_10,30s,9,0.517184696417,0.137130288823,0.34568501476,86385,0.171499681658
2024-11-01,di_10,30s,10,0.553504253718,0.115411771515,0.331083974767,86395,0.222420278951
2024-11-01,di_5,30s,1,0.331018116571,0.126352954795,0.542628928633,86385,-0.211610812062
2024-11-01,di_5,30s,2,0.335579249586,0.151402539969,0.513018210445,86379,-0.177438960859
2024-11-01,di_5,30s,3,0.373248747449,0.161625533494,0.465125719057,86224,-0.0918769716088
2024-11-01,di_5,30s,4,0.391603857687,0.176362983803,0.43203315851,86373,-0.0404293008232
2024-11-01,di_5,30s,5,0.429925689284,0.165578628145,0.404495682571,86394,0.0254300067134
2024-11-01,di_5,30s,6,0.420093755426,0.161745471381,0.418160773193,86395,0.00193298223277
2024-11-01,di_5,30s,7,0.446632172333,0.148152006575,0.405215821092,86391,0.0414163512403
2024-11-01,di_5,30s,8,0.473985763065,0.156513687135,0.3695005498,86395,0.104485213265
2024-11-01,di_5,30s,9,0.522936842593,0.135072517492,0.341990639915,86324,0.180946202678
2024-11-01,di_5,30s,10,0.550700312536,0.117895589767,0.331404097696,86390,0.21929621484
2024-11-01,microprice_deviation_bps,30s,1,0.330539476731,0.127054873813,0.542405649456,86380,-0.211866172725
2024-11-01,microprice_deviation_bps,30s,2,0.337018429339,0.153049175773,0.509932394888,86384,-0.172913965549
2024-11-01,microprice_deviation_bps,30s,3,0.368930800102,0.159568051593,0.471501148305,86214,-0.102570348203
2024-11-01,microprice_deviation_bps,30s,4,0.390602208793,0.175001736473,0.434396054734,86382,-0.0437938459401
2024-11-01,microprice_deviation_bps,30s,5,0.426737658429,0.164905376469,0.408356965102,86395,0.0183806933272
2024-11-01,microprice_deviation_bps,30s,6,0.421150106491,0.161855264376,0.416994629132,86392,0.00415547735901
2024-11-01,microprice_deviation_bps,30s,7,0.45227677848,0.151179480056,0.396543741464,86394,0.0557330370165
2024-11-01,microprice_deviation_bps,30s,8,0.474448752821,0.153585276926,0.371965970253,86395,0.102482782568
2024-11-01,microprice_deviation_bps,30s,9,0.523828830916,0.134933506325,0.341237662759,86324,0.182591168157
2024-11-01,microprice_deviation_bps,30s,10,0.550179418914,0.119562449358,0.330258131728,86390,0.219921287186
2024-11-01,ofi_30s,30s,1,0.429897563516,0.126778170033,0.443324266451,86395,-0.0134267029342
2024-11-01,ofi_30s,30s,2,0.418579880287,0.128836557721,0.452583561993,86373,-0.0340036817061
2024-11-01,ofi_30s,30s,3,0.429077521534,0.151940353802,0.418982124664,86376,0.0100953968695
2024-11-01,ofi_30s,30s,4,0.410697749792,0.16382303917,0.425479211038,86392,-0.0147814612464
2024-11-01,ofi_30s,30s,5,0.390839393623,0.199716993168,0.409443613209,86217,-0.0186042195855
2024-11-01,ofi_30s,30s,6,0.407741232897,0.20037767763,0.391881089473,86317,0.0158601434248
2024-11-01,ofi_30s,30s,7,0.437490595521,0.167775912958,0.394733491522,86395,0.0427571039991
2024-11-01,ofi_30s,30s,8,0.442236240523,0.147242317264,0.410521442213,86395,0.0317147983101
2024-11-01,ofi_30s,30s,9,0.443254817987,0.119914346895,0.436830835118,86395,0.00642398286938
2024-11-01,ofi_30s,30s,10,0.465871867585,0.0944267608079,0.439701371607,86395,0.0261704959778
2024-11-01,qi_1,30s,1,0.331349849502,0.126105579995,0.542544570502,86380,-0.211194721
2024-11-01,qi_1,30s,2,0.337099462863,0.153083904427,0.50981663271,86384,-0.172717169846
2024-11-01,qi_1,30s,3,0.367770895678,0.160414781822,0.4718143225,86214,-0.104043426822
2024-11-01,qi_1,30s,4,0.390683244194,0.175059618902,0.434257136904,86382,-0.0435738927091
2024-11-01,qi_1,30s,5,0.426911279588,0.164905376469,0.408183343944,86395,0.0187279356444
2024-11-01,qi_1,30s,6,0.420941753866,0.161924715251,0.417133530882,86392,0.00380822298361
2024-11-01,qi_1,30s,7,0.452554575549,0.151735074195,0.395710350256,86394,0.0568442252934
2024-11-01,qi_1,30s,8,0.474240407431,0.153400081023,0.372359511546,86395,0.101880895885
2024-11-01,qi_1,30s,9,0.524326954265,0.135315787035,0.3403572587,86324,0.183969695566
2024-11-01,qi_1,30s,10,0.5498321565,0.11875217039,0.33141567311,86390,0.218416483389
2024-11-01,trade_imbalance_30s,30s,1,0.427605764222,0.184269923028,0.38812431275,86395,0.0394814514729
2024-11-01,trade_imbalance_30s,30s,2,0.418797384108,0.181028994733,0.400173621159,86395,0.0186237629492
2024-11-01,trade_imbalance_30s,30s,3,0.432178556123,0.144028631989,0.423792811888,86337,0.0083857442348
2024-11-01,trade_imbalance_30s,30s,4,0.421144629917,0.146262125807,0.432593244276,86386,-0.0114486143588
2024-11-01,trade_imbalance_30s,30s,5,0.432161269768,0.121531599374,0.446307130858,86315,-0.0141458610902
2024-11-01,trade_imbalance_30s,30s,6,0.445103376383,0.121283372908,0.433613250709,86335,0.0114901256732
2024-11-01,trade_imbalance_30s,30s,7,0.415564256423,0.117600722841,0.466835020735,86326,-0.051270764312
2024-11-01,trade_imbalance_30s,30s,8,0.439646189826,0.134508069558,0.425845740616,86374,0.0138004492093
2024-11-01,trade_imbalance_30s,30s,9,0.40418094268,0.166913603111,0.428905454209,86392,-0.0247245115288
2024-11-01,trade_imbalance_30s,30s,10,0.439412003009,0.183181897101,0.37740609989,86395,0.0620059031194
2024-11-01,di_10,500ms,1,0.0072457896869,0.792603738642,0.200150471671,86395,-0.192904681984
2024-11-01,di_10,500ms,2,0.0107183369215,0.889089520106,0.100192142973,86394,-0.0894738060513
2024-11-01,di_10,500ms,3,0.0179648342999,0.912780266463,0.0692548992372,86391,-0.0512900649373
2024-11-01,di_10,500ms,4,0.0258232536605,0.918895769431,0.0552809769084,86395,-0.0294577232479
2024-11-01,di_10,500ms,5,0.033497308872,0.923676138665,0.0428265524625,86395,-0.00932924359049
2024-11-01,di_10,500ms,6,0.0427339545113,0.922541813762,0.0347242317264,86395,0.00800972278488
2024-11-01,di_10,500ms,7,0.0566699461774,0.919023091614,0.0243069622085,86395,0.032362983969
2024-11-01,di_10,500ms,8,0.0745182012848,0.909323456219,0.0161583424967,86395,0.0583598587881
2024-11-01,di_10,500ms,9,0.116904913479,0.872666242259,0.0104288442618,86395,0.106476069217
2024-11-01,di_10,500ms,10,0.211597893397,0.780241912148,0.0081601944557,86395,0.203437698941
2024-11-01,di_5,500ms,1,0.00725736443081,0.786445974883,0.206296660686,86395,-0.199039296256
2024-11-01,di_5,500ms,2,0.0105562886312,0.890397481307,0.0990462300623,86394,-0.0884899414311
2024-11-01,di_5,500ms,3,0.0171890915826,0.914563848504,0.068247059913,86392,-0.0510579683304
2024-11-01,di_5,500ms,4,0.0247586637961,0.919774521379,0.0554668148251,86394,-0.030708151029
2024-11-01,di_5,500ms,5,0.0345969095434,0.924393772788,0.0410093176688,86395,-0.00641240812547
2024-11-01,di_5,500ms,6,0.0407430985589,0.925389200764,0.0338677006771,86395,0.00687539788182
2024-11-01,di_5,500ms,7,0.0563574280919,0.919775449968,0.0238671219399,86395,0.032490306152
2024-11-01,di_5,500ms,8,0.0741478094797,0.910411482146,0.0154407083743,86395,0.0587071011054
2024-11-01,di_5,500ms,9,0.115840037039,0.874008912553,0.010151050408,86395,0.105688986631
2024-11-01,di_5,500ms,10,0.21622779096,0.775681463048,0.00809074599224,86395,0.208137044968
2024-11-01,microprice_deviation_bps,500ms,1,0.00826436715088,0.784547716882,0.207187915967,86395,-0.198923548816
2024-11-01,microprice_deviation_bps,500ms,2,0.00956084913304,0.891844341042,0.0985948098248,86394,-0.0890339606917
2024-11-01,microprice_deviation_bps,500ms,3,0.0162978053523,0.915443559589,0.0682586350588,86392,-0.0519608297065
2024-11-01,microprice_deviation_bps,500ms,4,0.0248744125749,0.919670347478,0.0554552399472,86394,-0.0305808273723
2024-11-01,microprice_deviation_bps,500ms,5,0.035025175068,0.922680710689,0.0422941142427,86395,-0.00726893917472
2024-11-01,microprice_deviation_bps,500ms,6,0.0409398692054,0.926141559118,0.0329185716766,86395,0.00802129752879
2024-11-01,microprice_deviation_bps,500ms,7,0.0569361652873,0.919624978297,0.0234388564153,86395,0.033497308872
2024-11-01,microprice_deviation_bps,500ms,8,0.074240407431,0.910492505353,0.0152670872157,86395,0.0589733202153
2024-11-01,microprice_deviation_bps,500ms,9,0.116291452052,0.874506626541,0.00920192140749,86395,0.107089530644
2024-11-01,microprice_deviation_bps,500ms,10,0.215243937728,0.775889808438,0.00886625383413,86395,0.206377683894
2024-11-01,ofi_500ms,500ms,1,0.0290294577232,0.768991261068,0.201979281208,86395,-0.172949823485
2024-11-01,ofi_500ms,500ms,2,0.0317961895502,0.867259300414,0.100944510035,86394,-0.0691483204852
2024-11-01,ofi_500ms,500ms,3,0.0278031784983,0.91376616161,0.0584306598914,86393,-0.0306274813932
2024-11-01,ofi_500ms,500ms,4,0.027281671393,0.93141964234,0.0412986862666,86395,-0.0140170148735
2024-11-01,ofi_500ms,500ms,5,0.0222929567683,0.953620001157,0.0240870420742,86395,-0.00179408530586
2024-11-01,ofi_500ms,500ms,6,0.0308003935413,0.947508536374,0.0216910700851,86395,0.00910932345622
2024-11-01,ofi_500ms,500ms,7,0.0455929162567,0.928595404827,0.0258116789166,86395,0.0197812373401
2024-11-01,ofi_500ms,500ms,8,0.0649010915236,0.908233305939,0.0268656025372,86393,0.0380354889864
2024-11-01,ofi_500ms,500ms,9,0.110145263036,0.858822848544,0.0310318884195,86395,0.0791133746166
2024-11-01,ofi_500ms,500ms,10,0.208032872273,0.762625151919,0.0293419758088,86395,0.178690896464
2024-11-01,qi_1,500ms,1,0.00768562995544,0.785103304589,0.207211065455,86395,-0.1995254355
2024-11-01,qi_1,500ms,2,0.00987337083594,0.891335046415,0.0987915827488,86394,-0.0889182119129
2024-11-01,qi_1,500ms,3,0.0162746550607,0.915721363089,0.0680039818502,86392,-0.0517293267895
2024-11-01,qi_1,500ms,4,0.025071185499,0.919473574554,0.0554552399472,86394,-0.0303840544482
2024-11-01,qi_1,500ms,5,0.0351177730193,0.922553388506,0.0423288384744,86395,-0.00721106545518
2024-11-01,qi_1,500ms,6,0.0407546733029,0.926257306557,0.0329880201401,86395,0.0077666531628
2024-11-01,qi_1,500ms,7,0.056727819897,0.919694426761,0.0235777533422,86395,0.0331500665548
2024-11-01,qi_1,500ms,8,0.074367729614,0.910480930609,0.0151513397766,86395,0.0592163898374
2024-11-01,qi_1,500ms,9,0.115029804966,0.875490479773,0.0094797152613,86395,0.105550089704
2024-11-01,qi_1,500ms,10,0.216771803924,0.774732334047,0.00849586202905,86395,0.208275941895
2024-11-01,trade_imbalance_500ms,500ms,1,0.0188977489239,0.935742008327,0.0453602427493,70855,-0.0264624938254
2024-11-01,trade_imbalance_500ms,500ms,2,0.0467151224331,0.851203161386,0.102081716181,70855,-0.0553665937478
2024-11-01,trade_imbalance_500ms,500ms,3,0.0361865782231,0.837456777927,0.12635664385,70855,-0.090170065627
2024-11-01,trade_imbalance_500ms,500ms,4,0.0538282407734,0.843102109943,0.103069649284,70855,-0.0492414085103
2024-11-01,trade_imbalance_500ms,500ms,5,0.0652468456262,0.867205803483,0.0675473508906,70854,-0.00230050526435
2024-11-01,trade_imbalance_500ms,500ms,6,0.0966904241056,0.850680968174,0.05262860772,70855,0.0440618163856
2024-11-01,trade_imbalance_500ms,500ms,7,0.131465669325,0.830188412956,0.0383459177193,70855,0.0931197516054
2024-11-01,trade_imbalance_500ms,500ms,8,0.0512878413662,0.927485710253,0.0212264483805,70855,0.0300613929857
2024-11-01,trade_imbalance_500ms,500ms,9,0.0818996542234,0.885696140004,0.0324042057724,70855,0.0494954484511
2024-11-01,trade_imbalance_500ms,500ms,10,0.0795895611918,0.885407404271,0.0350030345373,70851,0.0445865266545
2024-11-01,di_10,5s,1,0.118246958454,0.374917522312,0.506835519233,86387,-0.388588560779
2024-11-01,di_10,5s,2,0.138931014922,0.484956182494,0.376112802584,86381,-0.237181787662
2024-11-01,di_10,5s,3,0.16613984508,0.513679993516,0.320180161404,86367,-0.154040316325
2024-11-01,di_10,5s,4,0.187568725042,0.535054111928,0.27737716303,86395,-0.0898084379883
2024-11-01,di_10,5s,5,0.220221077609,0.536269460038,0.243509462353,86395,-0.0232883847445
2024-11-01,di_10,5s,6,0.244747959951,0.529359337925,0.225892702124,86395,0.0188552578274
2024-11-01,di_10,5s,7,0.285873025059,0.52463684241,0.189490132531,86395,0.0963828925285
2024-11-01,di_10,5s,8,0.34489264425,0.493419758088,0.161687597662,86395,0.183205046588
2024-11-01,di_10,5s,9,0.419746513108,0.442525609121,0.137727877771,86395,0.282018635338
2024-11-01,di_10,5s,10,0.530308466925,0.342103130968,0.127588402107,86395,0.402720064819
2024-11-01,di_5,5s,1,0.120530184639,0.370156855936,0.509312959426,86385,-0.388782774787
2024-11-01,di_5,5s,2,0.139443614767,0.482385765059,0.378170620174,86379,-0.238727005406
2024-11-01,di_5,5s,3,0.164397517829,0.517041770862,0.318560711309,86376,-0.15416319348
2024-11-01,di_5,5s,4,0.185935872207,0.534980900567,0.279083227225,86390,-0.0931473550179
2024-11-01,di_5,5s,5,0.222617049598,0.531107124255,0.246275826147,86395,-0.0236587765496
2024-11-01,di_5,5s,6,0.23903003646,0.540251171943,0.220718791597,86395,0.0183112448637
2024-11-01,di_5,5s,7,0.289252850281,0.521777880664,0.188969269055,86395,0.100283581226
2024-11-01,di_5,5s,8,0.342450373285,0.494102667978,0.163446958736,86395,0.179003414549
2024-11-01,di_5,5s,9,0.422200358817,0.446599918977,0.131199722206,86395,0.291000636611
2024-11-01,di_5,5s,10,0.530817755657,0.338514960357,0.130667283986,86395,0.400150471671
2024-11-01,microprice_deviation_bps,5s,1,0.121023385043,0.370363510072,0.508613104885,86380,-0.387589719843
2024-11-01,microprice_deviation_bps,5s,2,0.13635626968,0.487543989628,0.376099740693,86384,-0.239743471013
2024-11-01,microprice_deviation_bps,5s,3,0.163538905033,0.512983780405,0.323477314563,86377,-0.15993840953
2024-11-01,microprice_deviation_bps,5s,4,0.187766961071,0.533713783005,0.278519255924,86389,-0.0907522948524
2024-11-01,microprice_deviation_bps,5s,5,0.222235083049,0.527518953643,0.250245963308,86395,-0.0280108802593
2024-11-01,microprice_deviation_bps,5s,6,0.242676080792,0.537172290063,0.220151629145,86395,0.0225244516465
2024-11-01,microprice_deviation_bps,5s,7,0.291498350599,0.523004803519,0.185496845882,86395,0.106001504717
2024-11-01,microprice_deviation_bps,5s,8,0.34006597604,0.49600092598,0.16393309798,86395,0.17613287806
2024-11-01,microprice_deviation_bps,5s,9,0.422154059841,0.449319983795,0.128525956363,86395,0.293628103478
2024-11-01,microprice_deviation_bps,5s,10,0.529359337925,0.339290468198,0.131350193877,86395,0.398009144048
2024-11-01,ofi_5s,5s,1,0.231993144657,0.340636435222,0.427370420121,86356,-0.195377275464
2024-11-01,ofi_5s,5s,2,0.217763218817,0.400650523197,0.381586257987,86392,-0.16382303917
2024-11-01,ofi_5s,5s,3,0.195293600176,0.480733392752,0.323973007072,86393,-0.128679406896
2024-11-01,ofi_5s,5s,4,0.167474969616,0.580045141501,0.252479888882,86395,-0.0850049192662
2024-11-01,ofi_5s,5s,5,0.162046093831,0.648080195395,0.189873710773,86389,-0.027827616942
2024-11-01,ofi_5s,5s,6,0.203298802014,0.630453151224,0.166248046762,86395,0.037050755252
2024-11-01,ofi_5s,5s,7,0.273441750101,0.546015394409,0.180542855489,86395,0.092898894612
2024-11-01,ofi_5s,5s,8,0.354349210024,0.448174084148,0.197476705828,86395,0.156872504196
2024-11-01,ofi_5s,5s,9,0.388980843799,0.392997279935,0.218021876266,86395,0.170958967533
2024-11-01,ofi_5s,5s,10,0.462075351583,0.309080386596,0.228844261821,86395,0.233231089762
2024-11-01,qi_1,5s,1,0.121127575828,0.36821023385,0.510662190322,86380,-0.389534614494
2024-11-01,qi_1,5s,2,0.137027690313,0.487706056677,0.37526625301,86384,-0.238238562697
2024-11-01,qi_1,5s,3,0.163075818794,0.514720353798,0.322203827408,86377,-0.159128008613
2024-11-01,qi_1,5s,4,0.187801687715,0.533285487736,0.278912824549,86389,-0.0911111368346
2024-11-01,qi_1,5s,5,0.221887840732,0.528213438278,0.249898720991,86395,-0.0280108802593
2024-11-01,qi_1,5s,6,0.242328838474,0.537670004051,0.220001157474,86395,0.0223276810001
2024-11-01,qi_1,5s,7,0.291266855721,0.523004803519,0.18572834076,86395,0.10553851496
2024-11-01,qi_1,5s,8,0.339973378089,0.497575091151,0.16245153076,86395,0.177521847329
2024-11-01,qi_1,5s,9,0.422582325366,0.447757393368,0.129660281266,86395,0.2929220441
2024-11-01,qi_1,5s,10,0.529602407547,0.338769604722,0.131627987731,86395,0.397974419816
2024-11-01,trade_imbalance_5s,5s,1,0.174788748698,0.503623104526,0.321588146776,86390,-0.146799398078
2024-11-01,trade_imbalance_5s,5s,2,0.202852082923,0.487007049182,0.310140867894,86393,-0.107288784971
2024-11-01,trade_imbalance_5s,5s,3,0.228421929987,0.469496666049,0.302081403964,86384,-0.0736594739767
2024-11-01,trade_imbalance_5s,5s,4,0.254121706108,0.443361274487,0.302517019404,86372,-0.048395313296
2024-11-01,trade_imbalance_5s,5s,5,0.274707973003,0.453489852858,0.27180217414,86379,0.00290579886315
2024-11-01,trade_imbalance_5s,5s,6,0.280245856098,0.4573571627,0.262396981202,86392,0.0178488748958
2024-11-01,trade_imbalance_5s,5s,7,0.292548819873,0.467177534177,0.24027364595,86389,0.0522751739226
2024-11-01,trade_imbalance_5s,5s,8,0.303925086523,0.499195536675,0.196879376801,86393,0.107045709722
2024-11-01,trade_imbalance_5s,5s,9,0.315523248411,0.500769738289,0.1837070133,86393,0.131816235112
2024-11-01,trade_imbalance_5s,5s,10,0.329671728864,0.495393091953,0.174935179183,86392,0.154736549681
2024-12-01,di_10,100ms,1,0.000150464704453,0.976110834616,0.0237387006794,86399,-0.023588235975
2024-12-01,di_10,100ms,2,0.000208335744627,0.993692056621,0.00609960763435,86399,-0.00589127188972
2024-12-01,di_10,100ms,3,0.000393523073184,0.996550886006,0.00305559092119,86399,-0.00266206784801
2024-12-01,di_10,100ms,4,0.00034723025996,0.998136530938,0.00151623880182,86398,-0.00116900854186
2024-12-01,di_10,100ms,5,0.000567136193706,0.998287017211,0.00114584659545,86399,-0.000578710401741
2024-12-01,di_10,100ms,6,0.000752332229913,0.99843746383,0.000810203939906,86398,-5.78717099933e-05
2024-12-01,di_10,100ms,7,0.00149309011783,0.997951341466,0.000555568415936,86398,0.000937521701891
2024-12-01,di_10,100ms,8,0.00233799002303,0.99717589324,0.000486116737462,86399,0.00185187328557
2024-12-01,di_10,100ms,9,0.0062847949629,0.993263810924,0.000451394113358,86399,0.00583340084955
2024-12-01,di_10,100ms,10,0.0265515405449,0.973263269983,0.000185189471979,86398,0.0263663510729
2024-12-01,di_5,100ms,1,0.000162038912487,0.9760876862,0.0237502748874,86399,-0.023588235975
2024-12-01,di_5,100ms,2,0.000231484160696,0.993518443501,0.0062500723388,86399,-0.0060185881781
2024-12-01,di_5,100ms,3,0.000300929408905,0.996851815415,0.00284725517656,86399,-0.00254632576766
2024-12-01,di_5,100ms,4,0.00042825065395,0.997928192782,0.00164355656381,86398,-0.00121530590986
2024-12-01,di_5,100ms,5,0.000636581441915,0.998194423547,0.00116899501152,86399,-0.000532413569601
2024-12-01,di_5,100ms,6,0.000752323522263,0.998472204539,0.000775471938333,86399,-2.31484160696e-05
2024-12-01,di_5,100ms,7,0.00128476683218,0.998240679653,0.00047455351459,86397,0.000810213317592
2024-12-01,di_5,100ms,8,0.00221067373465,0.997268486904,0.000520839361567,86399,0.00168983437308
2024-12-01,di_5,100ms,9,0.00650470491557,0.993055475179,0.000439819905323,86399,0.00606488501024
2024-12-01,di_5,100ms,10,0.0265746892289,0.973251695641,0.00017361512998,86398,0.0264010740989
2024-12-01,microprice_deviation_bps,100ms,1,0.000520839361567,0.97543953055,0.0240396300883,86399,-0.0235187907267
2024-12-01,microprice_deviation_bps,100ms,2,0.000231484160696,0.993749927661,0.0060185881781,86399,-0.00578710401741
2024-12-01,microprice_deviation_bps,100ms,3,0.000254632576766,0.996874963831,0.00287040359263,86399,-0.00261577101587
2024-12-01,microprice_deviation_bps,100ms,4,0.00025463552397,0.998113382254,0.00163198222181,86398,-0.00137734669784
2024-12-01,microprice_deviation_bps,100ms,5,0.000532413569601,0.998391185083,0.00107640134724,86399,-0.000543987777636
2024-12-01,microprice_deviation_bps,100ms,6,0.000682878274054,0.998599520828,0.000717600898159,86399,-3.47226241044e-05
2024-12-01,microprice_deviation_bps,100ms,7,0.00108800074077,0.998495318124,0.000416681134762,86397,0.000671319606005
2024-12-01,microprice_deviation_bps,100ms,8,0.0020949316543,0.997488396856,0.000416671489253,86399,0.00167826016505
2024-12-01,microprice_deviation_bps,100ms,9,0.00605331080221,0.993576314541,0.000370374657114,86399,0.00568293614509
2024-12-01,microprice_deviation_bps,100ms,10,0.0273733188268,0.972140558809,0.000486122363944,86398,0.0268871964629
2024-12-01,ofi_100ms,100ms,1,0.0015972407088,0.980300697925,0.0181020613665,86399,-0.0165048206576
2024-12-01,ofi_100ms,100ms,2,0.00138890496418,0.993136494635,0.00547460040047,86399,-0.00408569543629
2024-12-01,ofi_100ms,100ms,3,0.00149307283649,0.995555504115,0.00295142304888,86399,-0.00145835021239
2024-12-01,ofi_100ms,100ms,4,0.00196763813977,0.995960554642,0.00207180721776,86398,-0.000104169077988
2024-12-01,ofi_100ms,100ms,5,0.00119214342759,0.997708306809,0.00109954976331,86399,9.25936642785e-05
2024-12-01,ofi_100ms,100ms,6,0.00111112397134,0.99746524844,0.00142362758828,86399,-0.00031250361694
2024-12-01,ofi_100ms,100ms,7,0.00167827958981,0.996666589504,0.00165513090581,86398,2.31486839973e-05
2024-12-01,ofi_100ms,100ms,8,0.00248845472749,0.995705968819,0.00180557645343,86399,0.000682878274054
2024-12-01,ofi_100ms,100ms,9,0.00479172212641,0.993217514092,0.00199076378199,86399,0.00280095834443
2024-12-01,ofi_100ms,100ms,10,0.0213780571085,0.977151984444,0.00146995844763,86397,0.0199080986608
2024-12-01,qi_1,100ms,1,0.000266206784801,0.976006666744,0.0237271264714,86399,-0.0234609196866
2024-12-01,qi_1,100ms,2,0.000300929408905,0.993645759789,0.00605331080221,86399,-0.0057523813933
2024-12-01,qi_1,100ms,3,0.00028935520087,0.996678202294,0.00303244250512,86399,-0.00274308730425
2024-12-01,qi_1,100ms,4,0.00034723025996,0.997962915808,0.0016898539318,86398,-0.00134262367184
2024-12-01,qi_1,100ms,5,0.000555561985671,0.998321739835,0.00112269817938,86399,-0.000567136193706
2024-12-01,qi_1,100ms,6,0.000763897730298,0.998437481915,0.000798620354402,86399,-3.47226241044e-05
2024-12-01,qi_1,100ms,7,0.00115744759656,0.998402722317,0.000439830086693,86397,0.000717617509867
2024-12-01,qi_1,100ms,8,0.00219909952661,0.99734950636,0.000451394113358,86399,0.00174770541326
2024-12-01,qi_1,100ms,9,0.00618062709059,0.993414275628,0.000405097281219,86399,0.00577552980937
2024-12-01,qi_1,100ms,10,0.0270260885669,0.972649829857,0.000324081575962,86398,0.0267020069909
2024-12-01,trade_imbalance_100ms,100ms,1,0.000894197298247,0.976750870246,0.0223549324562,31313,-0.0214607351579
2024-12-01,trade_imbalance_100ms,100ms,2,0.00105390904446,0.986522738886,0.0124233520695,31312,-0.011369443025
2024-12-01,trade_imbalance_100ms,100ms,3,0.000542922841083,0.99009964231,0.00935743484926,31312,-0.00881451200818
2024-12-01,trade_imbalance_100ms,100ms,4,0.000447112927951,0.9924629535,0.00708993357179,31312,-0.00664282064384
2024-12-01,trade_imbalance_100ms,100ms,5,0.00150102197241,0.972502554931,0.0259964230966,31312,-0.0244954011242
2024-12-01,trade_imbalance_100ms,100ms,6,0.0252291380577,0.969341806917,0.00542905502507,31313,0.0198000830326
2024-12-01,trade_imbalance_100ms,100ms,7,0.0229305058763,0.975760091978,0.00130940214614,31312,0.0216211037302
2024-12-01,trade_imbalance_100ms,100ms,8,0.014467296883,0.984606540623,0.000926162493613,31312,0.0135411343894
2024-12-01,trade_imbalance_100ms,100ms,9,0.0107945835462,0.988119570772,0.00108584568217,31312,0.00970873786408
2024-12-01,trade_imbalance_100ms,100ms,10,0.0156170158406,0.983041645376,0.00134133878385,31312,0.0142756770567
2024-12-01,di_10,1s,1,0.0036227271149,0.830657762243,0.165719510642,86399,-0.162096783528
2024-12-01,di_10,1s,2,0.00459496058982,0.921874095765,0.0735309436452,86399,-0.0689359830554
2024-12-01,di_10,1s,3,0.00615747867452,0.94746466973,0.0463778515955,86399,-0.040220372921
2024-12-01,di_10,1s,4,0.00925947359893,0.958864788537,0.0318757378643,86398,-0.0226162642654
2024-12-01,di_10,1s,5,0.0142480150003,0.963621843098,0.0221301419014,86398,-0.00788212690109
2024-12-01,di_10,1s,6,0.0196187367617,0.964605252497,0.0157760107411,86397,0.00384272602058
2024-12-01,di_10,1s,7,0.0315867449101,0.957255460259,0.0111577948308,86397,0.0204289500793
2024-12-01,di_10,1s,8,0.046091697244,0.946673920341,0.00723438241524,86393,0.0388573148287
2024-12-01,di_10,1s,9,0.0813551082767,0.913135568699,0.00550932302457,86399,0.0758457852521
2024-12-01,di_10,1s,10,0.17187897868,0.824671867404,0.0034491539156,86398,0.168429824764
2024-12-01,di_5,1s,1,0.00386578548363,0.830599891202,0.165534323314,86399,-0.16166853783
2024-12-01,di_5,1s,2,0.00450236692554,0.922545399831,0.0729522332434,86399,-0.0684498663179
2024-12-01,di_5,1s,3,0.00579867822544,0.947649857059,0.046551464716,86399,-0.0407527864906
2024-12-01,di_5,1s,4,0.00920160188893,0.958529132619,0.0322692654923,86398,-0.0230676636033
2024-12-01,di_5,1s,5,0.0150234959143,0.962267645084,0.0227088590014,86398,-0.00768536308711
2024-12-01,di_5,1s,6,0.0188777517998,0.964976041112,0.0161462070881,86398,0.00273154471168
2024-12-01,di_5,1s,7,0.0313205319629,0.958389758904,0.0102897091334,86397,0.0210308228295
2024-12-01,di_5,1s,8,0.0464626354292,0.946082970645,0.00745439392536,86392,0.0390082415038
2024-12-01,di_5,1s,9,0.0812046435723,0.913297607611,0.00549774881654,86399,0.0757068947557
2024-12-01,di_5,1s,10,0.172156762888,0.824486677932,0.00335655917961,86398,0.168800203708
2024-12-01,microprice_deviation_bps,1s,1,0.00452551534161,0.82984756768,0.165626916978,86399,-0.161101401637
2024-12-01,microprice_deviation_bps,1s,2,0.00434032801306,0.92343661385,0.0722230581372,86399,-0.0678827301242
2024-12-01,microprice_deviation_bps,1s,3,0.00552089723261,0.945682241693,0.0487968610748,86399,-0.0432759638422
2024-12-01,microprice_deviation_bps,1s,4,0.00915530452094,0.960473622075,0.0303710734045,86398,-0.0212157688835
2024-12-01,microprice_deviation_bps,1s,5,0.0142711636843,0.962510706266,0.0232181300493,86398,-0.00894696636496
2024-12-01,microprice_deviation_bps,1s,6,0.0191092386398,0.964374175328,0.0165165860321,86398,0.0025926526077
2024-12-01,microprice_deviation_bps,1s,7,0.0307649571166,0.959431461741,0.00980358114286,86397,0.0209613759737
2024-12-01,microprice_deviation_bps,1s,8,0.0470298175757,0.945712565978,0.00725761644597,86392,0.0397722011297
2024-12-01,microprice_deviation_bps,1s,9,0.0819453928865,0.912788342458,0.00526626465584,86399,0.0766791282307
2024-12-01,microprice_deviation_bps,1s,10,0.171751660918,0.824567698326,0.00368064075557,86398,0.168071020163
2024-12-01,ofi_1s,1s,1,0.0120257413366,0.841952360008,0.146021898655,86398,-0.133996157318
2024-12-01,ofi_1s,1s,2,0.0143176267694,0.93054156973,0.0551408035001,86397,-0.0408231767307
2024-12-01,ofi_1s,1s,3,0.0165511174898,0.940959964814,0.0424889176958,86399,-0.025937800206
2024-12-01,ofi_1s,1s,4,0.016944836686,0.94886455705,0.034190606264,86398,-0.017245769578
2024-12-01,ofi_1s,1s,5,0.0198960636118,0.954420768759,0.0256831676293,86399,-0.00578710401741
2024-12-01,ofi_1s,1s,6,0.0266322526881,0.955485595898,0.0178821514138,86399,0.00875010127432
2024-12-01,ofi_1s,1s,7,0.0306025602445,0.951190999792,0.0182064399639,86398,0.0123961202806
2024-12-01,ofi_1s,1s,8,0.0396893374693,0.942288994861,0.0180216676698,86396,0.0216676697995
2024-12-01,ofi_1s,1s,9,0.0579547427513,0.928468082644,0.013577174605,86395,0.0443775681463
2024-12-01,ofi_1s,1s,10,0.153799856478,0.834648950207,0.0115511933147,86398,0.142248663163
2024-12-01,qi_1,1s,1,0.00412041806039,0.831016562692,0.164863019248,86399,-0.160742601188
2024-12-01,qi_1,1s,2,0.00456023796572,0.92284632924,0.0725934327944,86399,-0.0680331948286
2024-12-01,qi_1,1s,3,0.00559034248082,0.945485480156,0.0489241773632,86399,-0.0433338348823
2024-12-01,qi_1,1s,4,0.00925947359893,0.960195837867,0.0305446885345,86398,-0.0212852149355
2024-12-01,qi_1,1s,5,0.0142364406583,0.962487557582,0.0232760017593,86398,-0.00903956110095
2024-12-01,qi_1,1s,6,0.0192134077178,0.964142688488,0.0166439037941,86398,0.0025695039237
2024-12-01,qi_1,1s,7,0.0309385742561,0.959269419077,0.0097920066669,86397,0.0211465675892
2024-12-01,qi_1,1s,8,0.0471455690342,0.945619964812,0.00723446615427,86392,0.0399111028799
2024-12-01,qi_1,1s,9,0.0818875218463,0.912765194042,0.00534728411208,86399,0.0765402377342
2024-12-01,qi_1,1s,10,0.171462302368,0.82499594898,0.00354174865159,86398,0.167920553717
2024-12-01,trade_imbalance_1s,1s,1,0.0202004496962,0.940164091279,0.039635459025,83612,-0.0194350093288
2024-12-01,trade_imbalance_1s,1s,2,0.0149742853726,0.91430450903,0.0707212055974,83610,-0.0557469202249
2024-12-01,trade_imbalance_1s,1s,3,0.022102090609,0.910299956944,0.067597952447,83612,-0.045495861838
2024-12-01,trade_imbalance_1s,1s,4,0.026121589781,0.923560860673,0.0503175495461,83609,-0.0241959597651
2024-12-01,trade_imbalance_1s,1s,5,0.0313116695172,0.930140770951,0.0385475595316,83611,-0.00723589001447
2024-12-01,trade_imbalance_1s,1s,6,0.0364212666707,0.929717122182,0.0338616111477,83605,0.002559655523
2024-12-01,trade_imbalance_1s,1s,7,0.0458073698437,0.926588606762,0.0276040233941,83611,0.0182033464496
2024-12-01,trade_imbalance_1s,1s,8,0.062706310099,0.912536478018,0.0247572118835,83612,0.0379490982156
2024-12-01,trade_imbalance_1s,1s,9,0.098121060626,0.882013132243,0.0198658071306,83611,0.0782552534954
2024-12-01,trade_imbalance_1s,1s,10,0.0360000478406,0.947877671598,0.0161222805612,83611,0.0198777672794
2024-12-01,di_10,30s,1,0.218918261715,0.224094209192,0.556987529093,86361,-0.338069267378
2024-12-01,di_10,30s,2,0.239743322445,0.277434151088,0.482822526467,86334,-0.243079204022
2024-12-01,di_10,30s,3,0.274274007801,0.289389923494,0.436336068704,86399,-0.162062060903
2024-12-01,di_10,30s,4,0.29549507817,0.313723219456,0.390781702374,86350,-0.0952866242038
2024-12-01,di_10,30s,5,0.319518747539,0.329014104078,0.351467148382,86358,-0.031948400843
2024-12-01,di_10,30s,6,0.344450620715,0.342505095423,0.313044283861,86352,0.0314063368538
2024-12-01,di_10,30s,7,0.395922572877,0.318298640858,0.285778786265,86378,0.110143786612
2024-12-01,di_10,30s,8,0.453883382734,0.30404779548,0.242068821786,86368,0.211814560948
2024-12-01,di_10,30s,9,0.52309740147,0.261230395278,0.215672203253,86395,0.307425198217
2024-12-01,di_10,30s,10,0.593955458839,0.212971108436,0.193073432725,86392,0.400882026114
2024-12-01,di_5,30s,1,0.219438750101,0.219392423242,0.561168826656,86343,-0.341730076555
2024-12-01,di_5,30s,2,0.238917454141,0.282020103761,0.479062442097,86352,-0.240144987956
2024-12-01,di_5,30s,3,0.276329497835,0.292859954159,0.430810548005,86386,-0.15448105017
2024-12-01,di_5,30s,4,0.293585097885,0.316160551999,0.390254350116,86377,-0.0966692522315
2024-12-01,di_5,30s,5,0.321007099262,0.320543852132,0.358449048606,86347,-0.0374419493439
2024-12-01,di_5,30s,6,0.341999513613,0.346967608945,0.311032877442,86351,0.030966636171
2024-12-01,di_5,30s,7,0.395978049458,0.322936926924,0.281085023618,86376,0.114893025841
2024-12-01,di_5,30s,8,0.45607169322,0.297123934791,0.24680437199,86368,0.20926732123
2024-12-01,di_5,30s,9,0.520493084091,0.264193529718,0.215313386191,86395,0.305179697899
2024-12-01,di_5,30s,10,0.595437077507,0.210494027225,0.194068895268,86392,0.401368182239
2024-12-01,microprice_deviation_bps,30s,1,0.21424600417,0.222561964327,0.563192031503,86340,-0.348946027334
2024-12-01,microprice_deviation_bps,30s,2,0.24109779399,0.275757049389,0.483145156621,86355,-0.242047362631
2024-12-01,microprice_deviation_bps,30s,3,0.275563017426,0.296381636079,0.428055346495,86365,-0.152492329068
2024-12-01,microprice_deviation_bps,30s,4,0.302738489317,0.310203939906,0.387057570777,86398,-0.0843190814602
2024-12-01,microprice_deviation_bps,30s,5,0.316374627955,0.326253373018,0.357371999027,86347,-0.0409973710725
2024-12-01,microprice_deviation_bps,30s,6,0.34055931909,0.341497307625,0.317943373285,86355,0.0226159458051
2024-12-01,microprice_deviation_bps,30s,7,0.401398666173,0.322596331975,0.276005001853,86368,0.12539366432
2024-12-01,microprice_deviation_bps,30s,8,0.453491872366,0.299819385912,0.246688741722,86372,0.206803130644
2024-12-01,microprice_deviation_bps,30s,9,0.517680421321,0.266635800683,0.215683777996,86395,0.301996643324
2024-12-01,microprice_deviation_bps,30s,10,0.59609686082,0.21098018335,0.192922955829,86392,0.403173904991
2024-12-01,ofi_30s,30s,1,0.3401202182,0.206119778094,0.453760003706,86343,-0.113639785507
2024-12-01,ofi_30s,30s,2,0.344548329916,0.243323717169,0.412127952916,86313,-0.067579623
2024-12-01,ofi_30s,30s,3,0.305607963424,0.289519069391,0.404872967186,86395,-0.0992650037618
2024-12-01,ofi_30s,30s,4,0.304440431541,0.321317775617,0.374241792842,86388,-0.0698013613002
2024-12-01,ofi_30s,30s,5,0.289338750188,0.37830017246,0.332361077352,86397,-0.0430223271641
2024-12-01,ofi_30s,30s,6,0.333433644297,0.367172851223,0.299393504479,86398,0.0340401398181
2024-12-01,ofi_30s,30s,7,0.407687766936,0.309154253041,0.283157980022,86397,0.124529786914
2024-12-01,ofi_30s,30s,8,0.409935875177,0.282982614533,0.30708151029,86394,0.102854364886
2024-12-01,ofi_30s,30s,9,0.440839915684,0.244052720576,0.31510736374,86342,0.125732551945
2024-12-01,ofi_30s,30s,10,0.483584337349,0.230560704356,0.285854958295,86320,0.197729379055
2024-12-01,qi_1,30s,1,0.212942157567,0.221930088721,0.565127753712,86338,-0.352185596145
2024-12-01,qi_1,30s,2,0.242887085008,0.275553805713,0.481559109279,86357,-0.238672024271
2024-12-01,qi_1,30s,3,0.274625137498,0.298130029526,0.427244832976,86365,-0.152619695478
2024-12-01,qi_1,30s,4,0.302680617607,0.309625222806,0.387694159587,86398,-0.0850135419801
2024-12-01,qi_1,30s,5,0.31687261862,0.325952262383,0.357175118997,86347,-0.0403025003764
2024-12-01,qi_1,30s,6,0.34055931909,0.341578368363,0.317862312547,86355,0.0226970065428
2024-12-01,qi_1,30s,7,0.401526028159,0.322167932568,0.276306039274,86368,0.125219988885
2024-12-01,qi_1,30s,8,0.454134972735,0.300035890846,0.24582913642,86373,0.208305836315
2024-12-01,qi_1,30s,9,0.516771998055,0.266685186471,0.216542815473,86394,0.300229182582
2024-12-01,qi_1,30s,10,0.596247337716,0.211026483934,0.19272617835,86392,0.403521159367
2024-12-01,trade_imbalance_30s,30s,1,0.284922279193,0.304702600725,0.410375120082,86399,-0.125452840889
2024-12-01,trade_imbalance_30s,30s,2,0.319066192896,0.298811328835,0.382122478269,86399,-0.0630562853737
2024-12-01,trade_imbalance_30s,30s,3,0.340165974143,0.280003240778,0.379830785079,86399,-0.0396648109353
2024-12-01,trade_imbalance_30s,30s,4,0.368735387393,0.259878700896,0.371385911711,86398,-0.00265052431769
2024-12-01,trade_imbalance_30s,30s,5,0.377223374547,0.261184949999,0.361591675454,86299,0.0156316990927
2024-12-01,trade_imbalance_30s,30s,6,0.359247154811,0.294949354472,0.345803490717,86286,0.0134436640938
2024-12-01,trade_imbalance_30s,30s,7,0.415045590944,0.260812642653,0.324141766403,86311,0.0909038245415
2024-12-01,trade_imbalance_30s,30s,8,0.370617715483,0.294783504439,0.334598780078,86399,0.0360189354043
2024-12-01,trade_imbalance_30s,30s,9,0.403222259517,0.312283706987,0.284494033496,86399,0.118728226021
2024-12-01,trade_imbalance_30s,30s,10,0.421236602699,0.305215398505,0.273547998796,86398,0.147688603903
2024-12-01,di_10,500ms,1,0.00126158867579,0.901839141657,0.0968992696675,86399,-0.0956376809917
2024-12-01,di_10,500ms,2,0.00168983437308,0.961909281357,0.0364008842695,86399,-0.0347110498964
2024-12-01,di_10,500ms,3,0.00226854477482,0.974918691189,0.0228127640366,86399,-0.0205442192618
2024-12-01,di_10,500ms,4,0.00322924141763,0.982950994236,0.0138197643464,86398,-0.0105905229288
2024-12-01,di_10,500ms,5,0.00581031968333,0.985034375796,0.00915530452094,86398,-0.00334498483761
2024-12-01,di_10,500ms,6,0.00776647337292,0.985821266942,0.00641225968494,86397,0.00135421368798
2024-12-01,di_10,500ms,7,0.0136231582115,0.981712327974,0.00466451381414,86397,0.00895864439737
2024-12-01,di_10,500ms,8,0.0210537280956,0.976122132457,0.00282413944767,86398,0.0182295886479
2024-12-01,di_10,500ms,9,0.0412736258522,0.956480977789,0.00224539635875,86399,0.0390282294934
2024-12-01,di_10,500ms,10,0.102664413528,0.896073983194,0.00126160327785,86398,0.10140281025
2024-12-01,di_5,500ms,1,0.00137733075614,0.902047477401,0.0965751918425,86399,-0.0951978610864
2024-12-01,di_5,500ms,2,0.00171298278915,0.961585203532,0.0367018136784,86399,-0.0349888308892
2024-12-01,di_5,500ms,3,0.00203706061413,0.97532378847,0.0226391509161,86399,-0.020602090302
2024-12-01,di_5,500ms,4,0.00319451839163,0.98274265608,0.0140628255284,86398,-0.0108683071367
2024-12-01,di_5,500ms,5,0.00608810389129,0.98471029422,0.00920160188893,86398,-0.00311349799764
2024-12-01,di_5,500ms,6,0.00738443019514,0.985948748814,0.00666682099123,86398,0.000717609203917
2024-12-01,di_5,500ms,7,0.0134842644999,0.982267902821,0.00424783267938,86397,0.00923643182055
2024-12-01,di_5,500ms,8,0.0210886952093,0.975936664468,0.00297464032316,86397,0.0181140548862
2024-12-01,di_5,500ms,9,0.0413777937245,0.956411532541,0.00221067373465,86399,0.0391671199898
2024-12-01,di_5,500ms,10,0.102895900368,0.895888793722,0.00121530590986,86398,0.101680594458
2024-12-01,microprice_deviation_bps,500ms,1,0.00194446694985,0.901225708631,0.0968298244193,86399,-0.0948853574694
2024-12-01,microprice_deviation_bps,500ms,2,0.00163196333291,0.962372249679,0.0359957869883,86399,-0.0343638236554
2024-12-01,microprice_deviation_bps,500ms,3,0.00187502170164,0.974478871283,0.0236461070151,86399,-0.0217710853135
2024-12-01,microprice_deviation_bps,500ms,4,0.00325239010162,0.983240352786,0.0135072571124,86398,-0.0102548670108
2024-12-01,microprice_deviation_bps,500ms,5,0.00561355586935,0.985196416584,0.00919002754693,86398,-0.00357647167759
2024-12-01,microprice_deviation_bps,500ms,6,0.00781268084909,0.985381606056,0.00680571309521,86398,0.00100696775388
2024-12-01,microprice_deviation_bps,500ms,7,0.0129286896536,0.982985520331,0.00408579001586,86397,0.00884289963772
2024-12-01,microprice_deviation_bps,500ms,8,0.0213780571085,0.975925089992,0.00269685289998,86397,0.0186812042085
2024-12-01,microprice_deviation_bps,500ms,9,0.0410652901075,0.95682820403,0.00210650586234,86399,0.0389587842452
2024-12-01,microprice_deviation_bps,500ms,10,0.10313896155,0.895229056228,0.00163198222181,86398,0.101506979328
2024-12-01,ofi_500ms,500ms,1,0.00615769248576,0.918167507755,0.0756747997592,86396,-0.0695171072735
2024-12-01,ofi_500ms,500ms,2,0.00671304066019,0.96531209852,0.0279748608201,86399,-0.02126182016
2024-12-01,ofi_500ms,500ms,3,0.00888919754158,0.96852899985,0.0225818026089,86397,-0.0136926050673
2024-12-01,ofi_500ms,500ms,4,0.0101159749068,0.971990092363,0.0178939327299,86398,-0.0077779578231
2024-12-01,ofi_500ms,500ms,5,0.00886584335467,0.980022916932,0.0111112397134,86399,-0.00224539635875
2024-12-01,ofi_500ms,500ms,6,0.0121529184366,0.979189573953,0.00865750761004,86399,0.00349541082651
2024-12-01,ofi_500ms,500ms,7,0.0162966735341,0.973228546957,0.0104747795088,86398,0.00582189402532
2024-12-01,ofi_500ms,500ms,8,0.0206483871341,0.970705679464,0.00864593340201,86399,0.0120024537321
2024-12-01,ofi_500ms,500ms,9,0.0280211576523,0.964548200789,0.00743064155835,86399,0.0205905160939
2024-12-01,ofi_500ms,500ms,10,0.0827796939744,0.91116692516,0.0060533808653,86398,0.0767263131091
2024-12-01,qi_1,500ms,1,0.0015625180847,0.902047477401,0.0963900045139,86399,-0.0948274864292
2024-12-01,qi_1,500ms,2,0.00174770541326,0.962140765518,0.0361115290686,86399,-0.0343638236554
2024-12-01,qi_1,500ms,3,0.00195604115788,0.974189516082,0.0238544427598,86399,-0.0218984016019
2024-12-01,qi_1,500ms,4,0.00331026181162,0.983136183708,0.0135535544804,86398,-0.0102432926688
2024-12-01,qi_1,500ms,5,0.00570615060534,0.985080673164,0.00921317623093,86398,-0.00350702562559
2024-12-01,qi_1,500ms,6,0.00791684992708,0.985138544874,0.00694460519919,86398,0.000972244727887
2024-12-01,qi_1,500ms,7,0.0130791578411,0.982858201095,0.00406264106393,86397,0.0090165167772
2024-12-01,qi_1,500ms,8,0.0214012060604,0.975855643136,0.00274315080385,86397,0.0186580552565
2024-12-01,qi_1,500ms,9,0.0411231611477,0.956700887742,0.00217595111055,86399,0.0389472100372
2024-12-01,qi_1,500ms,10,0.102838028658,0.895715178592,0.00144679274983,86398,0.101391235908
2024-12-01,trade_imbalance_500ms,500ms,1,0.0106155084665,0.960089508658,0.029294982876,73289,-0.0186794744095
2024-12-01,trade_imbalance_500ms,500ms,2,0.00987883418841,0.970977513372,0.0191436524397,73288,-0.00926481825128
2024-12-01,trade_imbalance_500ms,500ms,3,0.00851435432813,0.956882436415,0.0346032092566,73288,-0.0260888549285
2024-12-01,trade_imbalance_500ms,500ms,4,0.0114348093061,0.947028723477,0.041536467217,73285,-0.0301016579109
2024-12-01,trade_imbalance_500ms,500ms,5,0.0148453383182,0.960785383891,0.0243692777907,73289,-0.0095239394725
2024-12-01,trade_imbalance_500ms,500ms,6,0.0216270057854,0.960048029691,0.0183249645235,73288,0.00330204126187
2024-12-01,trade_imbalance_500ms,500ms,7,0.0316691454379,0.953007954809,0.015322899753,73289,0.0163462456849
2024-12-01,trade_imbalance_500ms,500ms,8,0.0643898046065,0.923166139068,0.0124440563257,73288,0.0519457482808
2024-12-01,trade_imbalance_500ms,500ms,9,0.0189387220456,0.972929088949,0.00813218900517,73289,0.0108065330404
2024-12-01,trade_imbalance_500ms,500ms,10,0.0252292326165,0.965055670778,0.00971509660517,73288,0.0155141360114
2024-12-01,di_10,5s,1,0.0388546163729,0.549659139573,0.411486244054,86399,-0.372631627681
2024-12-01,di_10,5s,2,0.0496417782613,0.690158450908,0.260199770831,86399,-0.210557992569
2024-12-01,di_10,5s,3,0.0609497795113,0.734950636003,0.204099584486,86399,-0.143149804975
2024-12-01,di_10,5s,4,0.0797240676868,0.768571031737,0.151704900576,86398,-0.0719808328897
2024-12-01,di_10,5s,5,0.0879499942123,0.798194235444,0.113855770344,86390,-0.0259057761315
2024-12-01,di_10,5s,6,0.112512011856,0.789424936033,0.0980630521112,86373,0.0144489597444
2024-12-01,di_10,5s,7,0.149114480843,0.770158583169,0.080726935988,86390,0.0683875448547
2024-12-01,di_10,5s,8,0.202551132615,0.744817288438,0.0526315789474,86393,0.149919553668
2024-12-01,di_10,5s,9,0.27264520012,0.680270376629,0.0470844232505,86398,0.22556077687
2024-12-01,di_10,5s,10,0.427833977638,0.536841130582,0.0353248917799,86398,0.392509085858
2024-12-01,di_5,5s,1,0.0380559960185,0.547610504751,0.41433349923,86399,-0.376277503212
2024-12-01,di_5,5s,2,0.0490514936515,0.696362226415,0.254586279934,86399,-0.205534786282
2024-12-01,di_5,5s,3,0.0612854315443,0.735529346404,0.203185222051,86399,-0.141899790507
2024-12-01,di_5,5s,4,0.0794578578208,0.767170536355,0.153371605824,86398,-0.0739137480034
2024-12-01,di_5,5s,5,0.0905281677914,0.792517912331,0.116953919878,86393,-0.0264257520864
2024-12-01,di_5,5s,6,0.111054508406,0.790881304126,0.0980641874682,86372,0.0129903209373
2024-12-01,di_5,5s,7,0.146847399553,0.7761289053,0.0770236951464,86389,0.0698237044068
2024-12-01,di_5,5s,8,0.2033174368,0.741469117511,0.0552134456894,86392,0.14810399111
2024-12-01,di_5,5s,9,0.273235491562,0.680015741105,0.0467487673326,86398,0.22648672423
2024-12-01,di_5,5s,10,0.42894511447,0.535359614806,0.0356952707239,86398,0.393249843746
2024-12-01,microprice_deviation_bps,5s,1,0.0377203439855,0.547923008368,0.414356647646,86399,-0.376636303661
2024-12-01,microprice_deviation_bps,5s,2,0.0501047465827,0.695864535469,0.254030717948,86399,-0.203925971365
2024-12-01,microprice_deviation_bps,5s,3,0.0602553270292,0.734649706594,0.205094966377,86399,-0.144839639348
2024-12-01,microprice_deviation_bps,5s,4,0.0803027847867,0.769161323179,0.150535892035,86398,-0.0702331072479
2024-12-01,microprice_deviation_bps,5s,5,0.0886993159168,0.790307085065,0.120993599018,86393,-0.0322942831016
2024-12-01,microprice_deviation_bps,5s,6,0.112136332589,0.78950415041,0.0983595170011,86377,0.0137768155875
2024-12-01,microprice_deviation_bps,5s,7,0.145756158548,0.780943230228,0.0733006112243,86384,0.0724555473236
2024-12-01,microprice_deviation_bps,5s,8,0.203224835633,0.740994536531,0.0557806278359,86392,0.147444207797
2024-12-01,microprice_deviation_bps,5s,9,0.276568902058,0.676971689159,0.0464594087826,86398,0.230109493275
2024-12-01,microprice_deviation_bps,5s,10,0.427012199356,0.536725387162,0.0362624134818,86398,0.390749785875
2024-12-01,ofi_5s,5s,1,0.104341485434,0.542841931041,0.352816583525,86399,-0.248475098091
2024-12-01,ofi_5s,5s,2,0.0829986458177,0.65633861503,0.260662739152,86399,-0.177664093334
2024-12-01,ofi_5s,5s,3,0.0773388580886,0.749707751247,0.172953390664,86399,-0.0956145325756
2024-12-01,ofi_5s,5s,4,0.0809981828073,0.783464703636,0.135537113557,86397,-0.0545389307499
2024-12-01,ofi_5s,5s,5,0.09151938146,0.79202981585,0.11645080269,86397,-0.0249314212299
2024-12-01,ofi_5s,5s,6,0.111764433539,0.803555720172,0.0846798462892,86396,0.0270845872494
2024-12-01,ofi_5s,5s,7,0.14319121103,0.779199129438,0.0776096595316,86381,0.0655815514986
2024-12-01,ofi_5s,5s,8,0.196082063632,0.733513175566,0.0704047608021,86372,0.12567730283
2024-12-01,ofi_5s,5s,9,0.283915323094,0.64167409345,0.0744105834558,86399,0.209504739638
2024-12-01,ofi_5s,5s,10,0.30964837149,0.580707886757,0.109643741753,86398,0.200004629737
2024-12-01,qi_1,5s,1,0.0371532077918,0.549115151796,0.413731640413,86399,-0.376578432621
2024-12-01,qi_1,5s,2,0.0504751212398,0.695320547692,0.254204331069,86399,-0.203729209829
2024-12-01,qi_1,5s,3,0.0602321786132,0.734360351393,0.205407469994,86399,-0.145175291381
2024-12-01,qi_1,5s,4,0.0805805689947,0.768559457395,0.150859973611,86398,-0.0702794046158
2024-12-01,qi_1,5s,5,0.0886414408575,0.790677485444,0.120681073698,86393,-0.0320396328406
2024-12-01,qi_1,5s,6,0.112228949836,0.789295761603,0.0984752885606,86377,0.0137536612756
2024-12-01,qi_1,5s,7,0.146230783478,0.780433876644,0.0733353398778,86384,0.0728954436007
2024-12-01,qi_1,5s,8,0.20317853505,0.741145013427,0.0556764515233,86392,0.147502083526
2024-12-01,qi_1,5s,9,0.275839718512,0.677492534549,0.0466677469386,86398,0.229171971573
2024-12-01,qi_1,5s,10,0.427220537512,0.536644366768,0.0361350957198,86398,0.391085441793
2024-12-01,trade_imbalance_5s,5s,1,0.0868644313013,0.69003113462,0.223104434079,86399,-0.136240002778
2024-12-01,trade_imbalance_5s,5s,2,0.0994455954351,0.699996527738,0.200557876827,86399,-0.101112281392
2024-12-01,trade_imbalance_5s,5s,3,0.109642472714,0.70816791861,0.182189608676,86399,-0.0725471359622
2024-12-01,trade_imbalance_5s,5s,4,0.127167295539,0.711949350679,0.160883353781,86398,-0.0337160582421
2024-12-01,trade_imbalance_5s,5s,5,0.127193388583,0.724408537432,0.148398073985,86396,-0.0212046854021
2024-12-01,trade_imbalance_5s,5s,6,0.148543385919,0.714429565157,0.137027048924,86399,0.0115163369946
2024-12-01,trade_imbalance_5s,5s,7,0.158977267466,0.726873929349,0.114148803185,86396,0.0448284642808
2024-12-01,trade_imbalance_5s,5s,8,0.188956685848,0.702427954474,0.108615359678,86369,0.0803413261703
2024-12-01,trade_imbalance_5s,5s,9,0.206045100945,0.694318392295,0.0996365067605,86384,0.106408594184
2024-12-01,trade_imbalance_5s,5s,10,0.228975207759,0.690397925878,0.0806268663626,86398,0.148348341397
2025-01-01,di_10,100ms,1,0.000173611111111,0.975509259259,0.0243171296296,86400,-0.0241435185185
2025-01-01,di_10,100ms,2,0.000185187328557,0.994895774257,0.0049190384148,86399,-0.00473385108624
2025-01-01,di_10,100ms,3,0.000219909952661,0.996955983287,0.00282410676049,86399,-0.00260419680783
2025-01-01,di_10,100ms,4,0.000300929408905,0.997916642554,0.00178242803736,86399,-0.00148149862846
2025-01-01,di_10,100ms,5,0.000706026690124,0.998449056123,0.000844917186542,86399,-0.000138890496418
2025-01-01,di_10,100ms,6,0.000717592592593,0.99869212963,0.000590277777778,86400,0.000127314814815
2025-01-01,di_10,100ms,7,0.00153936966863,0.99805553305,0.000405097281219,86399,0.00113427238741
2025-01-01,di_10,100ms,8,0.00291673418366,0.996909650686,0.00017361512998,86398,0.00274311905368
2025-01-01,di_10,100ms,9,0.00482644475052,0.994965219505,0.000208335744627,86399,0.00461810900589
2025-01-01,di_10,100ms,10,0.0252896445561,0.97461776178,9.25936642785e-05,86399,0.0251970508918
2025-01-01,di_5,100ms,1,0.000196759259259,0.975266203704,0.024537037037,86400,-0.0243402777778
2025-01-01,di_5,100ms,2,0.000173613120522,0.994999942129,0.00482644475052,86399,-0.00465283163
2025-01-01,di_5,100ms,3,0.000196761536592,0.997037002743,0.00276623572032,86399,-0.00256947418373
2025-01-01,di_5,100ms,4,0.000347226241044,0.997835623097,0.00181715066147,86399,-0.00146992442042
2025-01-01,di_5,100ms,5,0.000682878274054,0.998576372412,0.000740749314228,86399,-5.78710401741e-05
2025-01-01,di_5,100ms,6,0.000706018518519,0.998726851852,0.00056712962963,86400,0.000138888888889
2025-01-01,di_5,100ms,7,0.00160881491684,0.997951365178,0.000439819905323,86399,0.00116899501152
2025-01-01,di_5,100ms,8,0.00273154471168,0.997083265816,0.000185189471979,86398,0.0025463552397
2025-01-01,di_5,100ms,9,0.00461810900589,0.995173555249,0.000208335744627,86399,0.00440977326126
2025-01-01,di_5,100ms,10,0.025613722381,0.974316832371,6.94452482089e-05,86399,0.0255442771328
2025-01-01,microprice_deviation_bps,100ms,1,0.000219907407407,0.974872685185,0.0249074074074,86400,-0.0246875
2025-01-01,microprice_deviation_bps,100ms,2,0.000231484160696,0.995300871538,0.00446764430144,86399,-0.00423616014074
2025-01-01,microprice_deviation_bps,100ms,3,0.000208335744627,0.997002280119,0.00278938413639,86399,-0.00258104839176
2025-01-01,microprice_deviation_bps,100ms,4,0.00028935520087,0.99799766201,0.00171298278915,86399,-0.00142362758828
2025-01-01,microprice_deviation_bps,100ms,5,0.00064815564995,0.99858794662,0.000763897730298,86399,-0.000115742080348
2025-01-01,microprice_deviation_bps,100ms,6,0.000775462962963,0.998680555556,0.000543981481481,86400,0.000231481481481
2025-01-01,microprice_deviation_bps,100ms,7,0.00164353754094,0.997893494138,0.000462968321393,86399,0.00118056921955
2025-01-01,microprice_deviation_bps,100ms,8,0.00248848352971,0.99733790134,0.00017361512998,86398,0.00231486839973
2025-01-01,microprice_deviation_bps,100ms,9,0.00435190222109,0.99546291045,0.000185187328557,86399,0.00416671489253
2025-01-01,microprice_deviation_bps,100ms,10,0.0260188196623,0.973830715633,0.000150464704453,86399,0.0258683549578
2025-01-01,ofi_100ms,100ms,1,0.00125,0.979641203704,0.0191087962963,86400,-0.0178587962963
2025-01-01,ofi_100ms,100ms,2,0.00165511174898,0.993888818158,0.0044560700934,86399,-0.00280095834443
2025-01-01,ofi_100ms,100ms,3,0.00172455699719,0.996099491892,0.00217595111055,86399,-0.000451394113358
2025-01-01,ofi_100ms,100ms,4,0.00130788550793,0.997453674232,0.00123844025973,86399,6.94452482089e-05
2025-01-01,ofi_100ms,100ms,5,0.000972233474924,0.99793979097,0.00108797555527,86399,-0.000115742080348
2025-01-01,ofi_100ms,100ms,6,0.00206018518519,0.996446759259,0.00149305555556,86400,0.00056712962963
2025-01-01,ofi_100ms,100ms,7,0.00167827958981,0.996388805296,0.00193291511378,86398,-0.00025463552397
2025-01-01,ofi_100ms,100ms,8,0.00207178323823,0.996145788724,0.00178242803736,86399,0.00028935520087
2025-01-01,ofi_100ms,100ms,9,0.00427088276485,0.994027708654,0.00170140858112,86399,0.00256947418373
2025-01-01,ofi_100ms,100ms,10,0.0198844894038,0.978934941377,0.00118056921955,86399,0.0187039201843
2025-01-01,qi_1,100ms,1,0.000196759259259,0.975023148148,0.0247800925926,86400,-0.0245833333333
2025-01-01,qi_1,100ms,2,0.000219909952661,0.995185129458,0.00459496058982,86399,-0.00437505063716
2025-01-01,qi_1,100ms,3,0.000219909952661,0.996990705911,0.00278938413639,86399,-0.00256947418373
2025-01-01,qi_1,100ms,4,0.000300929408905,0.997974513594,0.00172455699719,86399,-0.00142362758828
2025-01-01,qi_1,100ms,5,0.000659729857984,0.99858794662,0.000752323522263,86399,-9.25936642785e-05
2025-01-01,qi_1,100ms,6,0.000810185185185,0.998634259259,0.000555555555556,86400,0.00025462962963
2025-01-01,qi_1,100ms,7,0.00167826016505,0.997824048889,0.000497690945497,86399,0.00118056921955
2025-01-01,qi_1,100ms,8,0.00246533484571,0.99733790134,0.000196763813977,86398,0.00226857103174
2025-01-01,qi_1,100ms,9,0.00450236692554,0.995324019954,0.000173613120522,86399,0.00432875380502
2025-01-01,qi_1,100ms,10,0.0258220581257,0.97408534821,9.25936642785e-05,86399,0.0257294644614
2025-01-01,trade_imbalance_100ms,100ms,1,0.000193423597679,0.97335589942,0.0264506769826,20680,-0.0262572533849
2025-01-01,trade_imbalance_100ms,100ms,2,0.000338491295938,0.97669245648,0.0229690522244,20680,-0.0226305609284
2025-01-01,trade_imbalance_100ms,100ms,3,0.000290149426955,0.968083563035,0.0316262875381,20679,-0.0313361381111
2025-01-01,trade_imbalance_100ms,100ms,4,0.000193423597679,0.976257253385,0.0235493230174,20680,-0.0233558994197
2025-01-01,trade_imbalance_100ms,100ms,5,0.00101552299434,0.962280574496,0.0367039025098,20679,-0.0356883795155
2025-01-01,trade_imbalance_100ms,100ms,6,0.0467117988395,0.951740812379,0.00154738878143,20680,0.045164410058
2025-01-01,trade_imbalance_100ms,100ms,7,0.0135880077369,0.986170212766,0.000241779497099,20680,0.0133462282398
2025-01-01,trade_imbalance_100ms,100ms,8,0.0256782242855,0.974128342763,0.000193432951303,20679,0.0254847913342
2025-01-01,trade_imbalance_100ms,100ms,9,0.0335589941973,0.966199226306,0.000241779497099,20680,0.0333172147002
2025-01-01,trade_imbalance_100ms,100ms,10,0.0256298660477,0.973838193336,0.000531940616084,20679,0.0250979254316
2025-01-01,di_10,1s,1,0.00438657407407,0.833900462963,0.161712962963,86400,-0.157326388889
2025-01-01,di_10,1s,2,0.00457181217375,0.932892741814,0.0625354460121,86399,-0.0579636338384
2025-01-01,di_10,1s,3,0.00537043252815,0.95205963032,0.0425699371521,86399,-0.0371995046239
2025-01-01,di_10,1s,4,0.00936353430017,0.962707901712,0.027928563988,86399,-0.0185650296878
2025-01-01,di_10,1s,5,0.0137848817695,0.967025081309,0.0191900369217,86399,-0.00540515515226
2025-01-01,di_10,1s,6,0.0149189814815,0.971712962963,0.0133680555556,86400,0.00155092592593
2025-01-01,di_10,1s,7,0.0269350526084,0.962740036809,0.010324910583,86393,0.0166101420254
2025-01-01,di_10,1s,8,0.0431274958042,0.951293477632,0.00557902656404,86395,0.0375484692401
2025-01-01,di_10,1s,9,0.0619798840264,0.933841826873,0.00417828910057,86399,0.0578015949259
2025-01-01,di_10,1s,10,0.164689406127,0.831699440966,0.00361115290686,86399,0.161078253221
2025-01-01,di_5,1s,1,0.00445601851852,0.832395833333,0.163148148148,86400,-0.15869212963
2025-01-01,di_5,1s,2,0.00446764430144,0.933135800183,0.0623965555157,86399,-0.0579289112143
2025-01-01,di_5,1s,3,0.00524311623977,0.952788805426,0.0419680783342,86399,-0.0367249620945
2025-01-01,di_5,1s,4,0.0096065926689,0.962430120719,0.0279632866121,86399,-0.0183566939432
2025-01-01,di_5,1s,5,0.0136922881052,0.967221842845,0.0190858690494,86399,-0.00539358094422
2025-01-01,di_5,1s,6,0.0145486111111,0.972534722222,0.0129166666667,86400,0.00163194444444
2025-01-01,di_5,1s,7,0.0272128528932,0.962450661512,0.0103364855949,86393,0.0168763672983
2025-01-01,di_5,1s,8,0.0424214364257,0.951687018925,0.00589154464957,86395,0.0365298917761
2025-01-01,di_5,1s,9,0.0620146066505,0.933957568953,0.00402782439612,86399,0.0579867822544
2025-01-01,di_5,1s,10,0.165464878066,0.831271195268,0.00326392666582,86399,0.1622009514
2025-01-01,microprice_deviation_bps,1s,1,0.00461805555556,0.831909722222,0.163472222222,86400,-0.158854166667
2025-01-01,microprice_deviation_bps,1s,2,0.00459496058982,0.932765425526,0.0626396138844,86399,-0.0580446532946
2025-01-01,microprice_deviation_bps,1s,3,0.00510422574335,0.953274922163,0.0416208520932,86399,-0.0365166263498
2025-01-01,microprice_deviation_bps,1s,4,0.00930566325999,0.96277734696,0.02791698978,86399,-0.01861132652
2025-01-01,microprice_deviation_bps,1s,5,0.0135071007766,0.967719533791,0.0187733654325,86399,-0.00526626465584
2025-01-01,microprice_deviation_bps,1s,6,0.0146759259259,0.971851851852,0.0134722222222,86400,0.0012037037037
2025-01-01,microprice_deviation_bps,1s,7,0.0272012778813,0.962890511963,0.00990821015592,86393,0.0172930677254
2025-01-01,microprice_deviation_bps,1s,8,0.0420394698767,0.952219457145,0.00574107297876,86395,0.036298396898
2025-01-01,microprice_deviation_bps,1s,9,0.0606257016864,0.93539277075,0.00398152756398,86399,0.0566441741224
2025-01-01,microprice_deviation_bps,1s,10,0.167455641848,0.829072095742,0.00347226241044,86399,0.163983379437
2025-01-01,ofi_1s,1s,1,0.0114009907866,0.850050928284,0.13854808093,86396,-0.127147090143
2025-01-01,ofi_1s,1s,2,0.0151513397766,0.935875918745,0.0489727414781,86395,-0.0338214017015
2025-01-01,ofi_1s,1s,3,0.0192599280068,0.945831452481,0.0349086195123,86397,-0.0156486915055
2025-01-01,ofi_1s,1s,4,0.0184724360236,0.950960080556,0.0305674834199,86399,-0.0120950473964
2025-01-01,ofi_1s,1s,5,0.017303441012,0.959559717126,0.0231368418616,86399,-0.00583340084955
2025-01-01,ofi_1s,1s,6,0.0186111111111,0.964965277778,0.0164236111111,86400,0.0021875
2025-01-01,ofi_1s,1s,7,0.0303012766351,0.950798041644,0.0189006817209,86399,0.0114005949143
2025-01-01,ofi_1s,1s,8,0.0384495190917,0.946145210014,0.0154052708943,86399,0.0230442481973
2025-01-01,ofi_1s,1s,9,0.0497227977176,0.935867313279,0.0144098890033,86399,0.0353129087142
2025-01-01,ofi_1s,1s,10,0.13045289876,0.859813192282,0.00973390895728,86399,0.120718989803
2025-01-01,qi_1,1s,1,0.00460648148148,0.831782407407,0.163611111111,86400,-0.15900462963
2025-01-01,qi_1,1s,2,0.00453708954965,0.93280014815,0.0626627623005,86399,-0.0581256727508
2025-01-01,qi_1,1s,3,0.00513894836746,0.953425386868,0.0414356647646,86399,-0.0362967163972
2025-01-01,qi_1,1s,4,0.0093751085082,0.962638456464,0.0279864350282,86399,-0.01861132652
2025-01-01,qi_1,1s,5,0.0134723781525,0.967800553247,0.0187270686003,86399,-0.00525469044781
2025-01-01,qi_1,1s,6,0.0147106481481,0.97181712963,0.0134722222222,86400,0.00123842592593
2025-01-01,qi_1,1s,7,0.0272707279525,0.96275161182,0.0099776602271,86393,0.0172930677254
2025-01-01,qi_1,1s,8,0.0418542739742,0.95226575612,0.00587996990567,86395,0.0359743040685
2025-01-01,qi_1,1s,9,0.0607182953506,0.935415919166,0.00386578548363,86399,0.056852509867
2025-01-01,qi_1,1s,10,0.16744406764,0.829176263614,0.00337966874617,86399,0.164064398894
2025-01-01,trade_imbalance_1s,1s,1,0.0148026743672,0.953692864018,0.0315044616145,76878,-0.0167017872473
2025-01-01,trade_imbalance_1s,1s,2,0.0234790639593,0.927806756247,0.0487141797937,76877,-0.0252351158344
2025-01-01,trade_imbalance_1s,1s,3,0.0197726149283,0.886814787835,0.093412597237,76874,-0.0736399823087
2025-01-01,trade_imbalance_1s,1s,4,0.0216322389302,0.921171757115,0.0571960039544,76876,-0.0355637650242
2025-01-01,trade_imbalance_1s,1s,5,0.0292032520325,0.93125203252,0.0395447154472,76875,-0.0103414634146
2025-01-01,trade_imbalance_1s,1s,6,0.0371772357724,0.933151219512,0.0296715447154,76875,0.00750569105691
2025-01-01,trade_imbalance_1s,1s,7,0.0616569325026,0.915306268455,0.0230367990426,76877,0.0386201334599
2025-01-01,trade_imbalance_1s,1s,8,0.0940723493373,0.886936274829,0.0189913758341,76877,0.0750809735031
2025-01-01,trade_imbalance_1s,1s,9,0.0223994172509,0.966166733874,0.0114338488755,76877,0.0109655683755
2025-01-01,trade_imbalance_1s,1s,10,0.047062190252,0.932970849539,0.0199669602092,76877,0.0270952300428
2025-01-01,di_10,30s,1,0.214484131577,0.221845413088,0.563670455335,86398,-0.349186323757
2025-01-01,di_10,30s,2,0.219523489777,0.298374586121,0.482101924101,86378,-0.262578434324
2025-01-01,di_10,30s,3,0.234003126991,0.326330418669,0.43966645434,86345,-0.20566332735
2025-01-01,di_10,30s,4,0.273934044549,0.337885579919,0.388180375531,86331,-0.114246330982
2025-01-01,di_10,30s,5,0.290999594837,0.36130115182,0.347699253343,86385,-0.0566996585055
2025-01-01,di_10,30s,6,0.316237930955,0.365440274144,0.318321794901,86378,-0.00208386394684
2025-01-01,di_10,30s,7,0.36185482284,0.340961442743,0.297183734417,86391,0.0646710884236
2025-01-01,di_10,30s,8,0.42116598159,0.310507728825,0.268326289585,86365,0.152839692005
2025-01-01,di_10,30s,9,0.480144529757,0.279667396264,0.240188073979,86349,0.239956455778
2025-01-01,di_10,30s,10,0.570416338628,0.213008845459,0.216574815913,86372,0.353841522716
2025-01-01,di_5,30s,1,0.218171296296,0.219236111111,0.562592592593,86400,-0.344421296296
2025-01-01,di_5,30s,2,0.215311946467,0.299709413386,0.484978640147,86377,-0.26966669368
2025-01-01,di_5,30s,3,0.23600945057,0.332831464838,0.431159084592,86344,-0.195149634022
2025-01-01,di_5,30s,4,0.270690713649,0.336738830779,0.392570455572,86331,-0.121879741924
2025-01-01,di_5,30s,5,0.297780967484,0.3524754309,0.349743601616,86389,-0.0519626341317
2025-01-01,di_5,30s,6,0.315523189849,0.363766874291,0.32070993586,86374,-0.00518674601153
2025-01-01,di_5,30s,7,0.359690245512,0.346158743388,0.294151011101,86391,0.065539234411
2025-01-01,di_5,30s,8,0.417999096919,0.310717717752,0.271283185328,86371,0.146715911591
2025-01-01,di_5,30s,9,0.480385911676,0.277052616949,0.242561471375,86341,0.237824440301
2025-01-01,di_5,30s,10,0.571201982078,0.216639266446,0.212158751476,86374,0.359043230602
2025-01-01,microprice_deviation_bps,30s,1,0.219305555556,0.220219907407,0.560474537037,86400,-0.341168981481
2025-01-01,microprice_deviation_bps,30s,2,0.21347117867,0.300925014761,0.485603806569,86377,-0.272132627899
2025-01-01,microprice_deviation_bps,30s,3,0.237703683973,0.331986056261,0.430310259766,86347,-0.192606575793
2025-01-01,microprice_deviation_bps,30s,4,0.269877675841,0.339727550737,0.390394773422,86328,-0.120517097581
2025-01-01,microprice_deviation_bps,30s,5,0.298232413849,0.350391832293,0.351375753858,86389,-0.0531433400086
2025-01-01,microprice_deviation_bps,30s,6,0.317746080997,0.361416630004,0.320837288999,86374,-0.00309120800241
2025-01-01,microprice_deviation_bps,30s,7,0.356472317718,0.345811484993,0.297716197289,86391,0.0587561204292
2025-01-01,microprice_deviation_bps,30s,8,0.420091006982,0.311380504128,0.26852848889,86367,0.151562518091
2025-01-01,microprice_deviation_bps,30s,9,0.477079520975,0.277199972204,0.245720506822,86342,0.231359014153
2025-01-01,microprice_deviation_bps,30s,10,0.572779790917,0.216272850412,0.210947358672,86377,0.361832432245
2025-01-01,ofi_30s,30s,1,0.334074074074,0.192650462963,0.473275462963,86400,-0.139201388889
2025-01-01,ofi_30s,30s,2,0.302202571789,0.238440259725,0.459357168486,86399,-0.157154596697
2025-01-01,ofi_30s,30s,3,0.278672206854,0.316624035,0.404703758145,86399,-0.126031551291
2025-01-01,ofi_30s,30s,4,0.271712704624,0.356363888953,0.371923406423,86378,-0.100210701799
2025-01-01,ofi_30s,30s,5,0.255632130654,0.419018937858,0.325348931488,86335,-0.069716800834
2025-01-01,ofi_30s,30s,6,0.270179502027,0.456143601621,0.273676896352,86350,-0.00349739432542
2025-01-01,ofi_30s,30s,7,0.336911088726,0.354614609747,0.308474301527,86367,0.0284367871988
2025-01-01,ofi_30s,30s,8,0.433956361024,0.275611536634,0.290432102342,86299,0.143524258682
2025-01-01,ofi_30s,30s,9,0.433990227636,0.243857536531,0.322152235834,86366,0.111837991802
2025-01-01,ofi_30s,30s,10,0.465433627704,0.202120394912,0.332445977384,86399,0.13298765032
2025-01-01,qi_1,30s,1,0.21994212963,0.218645833333,0.561412037037,86400,-0.341469907407
2025-01-01,qi_1,30s,2,0.213019669588,0.302163770448,0.484816559964,86377,-0.271796890376
2025-01-01,qi_1,30s,3,0.237124625059,0.332067124509,0.430808250431,86347,-0.193683625372
2025-01-01,qi_1,30s,4,0.270433694746,0.339530627375,0.39003567788,86328,-0.119601983134
2025-01-01,qi_1,30s,5,0.298058780632,0.350878005302,0.351063214067,86389,-0.0530044334348
2025-01-01,qi_1,30s,6,0.317433486929,0.361497672911,0.32106884016,86374,-0.0036353532313
2025-01-01,qi_1,30s,7,0.356298688521,0.347050039935,0.296651271544,86391,0.0596474169763
2025-01-01,qi_1,30s,8,0.420866766242,0.310604744868,0.26852848889,86367,0.152338277351
2025-01-01,qi_1,30s,9,0.475886590535,0.276875680434,0.247237729031,86342,0.228648861504
2025-01-01,qi_1,30s,10,0.573694386237,0.216018152981,0.210287460782,86377,0.363406925455
2025-01-01,trade_imbalance_30s,30s,1,0.282474226804,0.305131472258,0.412394300938,86330,-0.129920074134
2025-01-01,trade_imbalance_30s,30s,2,0.295695187785,0.291142466579,0.413162345636,86322,-0.117467157851
2025-01-01,trade_imbalance_30s,30s,3,0.30809484116,0.31773872372,0.374166435121,86376,-0.0660715939613
2025-01-01,trade_imbalance_30s,30s,4,0.302468778574,0.33511961944,0.362411601986,86399,-0.0599428234123
2025-01-01,trade_imbalance_30s,30s,5,0.313039953677,0.324667052693,0.362292993631,86350,-0.0492530399537
2025-01-01,trade_imbalance_30s,30s,6,0.34874484739,0.300877680515,0.350377472095,86364,-0.00163262470474
2025-01-01,trade_imbalance_30s,30s,7,0.362619937731,0.296971029757,0.340409032512,86399,0.0222109052188
2025-01-01,trade_imbalance_30s,30s,8,0.392070586601,0.295060327459,0.312869085941,86362,0.07920150066
2025-01-01,trade_imbalance_30s,30s,9,0.381462748411,0.285038021273,0.333499230315,86399,0.0479635180963
2025-01-01,trade_imbalance_30s,30s,10,0.395990323066,0.303550138325,0.300459538609,86391,0.0955307844567
2025-01-01,di_10,500ms,1,0.0016087962963,0.901770833333,0.0966203703704,86400,-0.0950115740741
2025-01-01,di_10,500ms,2,0.00173613120522,0.967638514335,0.0306253544601,86399,-0.0288892232549
2025-01-01,di_10,500ms,3,0.00203706061413,0.978390953599,0.0195719857869,86399,-0.0175349251727
2025-01-01,di_10,500ms,4,0.00377319181935,0.983761386127,0.0124654220535,86399,-0.00869223023415
2025-01-01,di_10,500ms,5,0.00565978772902,0.986191969814,0.00814824245651,86399,-0.00248845472749
2025-01-01,di_10,500ms,6,0.0066087962963,0.9878125,0.0055787037037,86400,0.00103009259259
2025-01-01,di_10,500ms,7,0.0124192689646,0.9834371166,0.00414361443552,86398,0.00827565452904
2025-01-01,di_10,500ms,8,0.0197696625962,0.978274205683,0.00195613172059,86395,0.0178135308756
2025-01-01,di_10,500ms,9,0.0302318313869,0.967904721119,0.00186344749361,86399,0.0283683838933
2025-01-01,di_10,500ms,10,0.0984965103763,0.900241900948,0.00126158867579,86399,0.0972349217005
2025-01-01,di_5,500ms,1,0.00157407407407,0.901145833333,0.0972800925926,86400,-0.0957060185185
2025-01-01,di_5,500ms,2,0.00178242803736,0.967326010718,0.0308915612449,86399,-0.0291091332076
2025-01-01,di_5,500ms,3,0.00197918957395,0.979131702913,0.0188891075128,86399,-0.0169099179389
2025-01-01,di_5,500ms,4,0.00391208231577,0.983356288846,0.0127316288383,86399,-0.00881954652253
2025-01-01,di_5,500ms,5,0.0054514519844,0.986608641304,0.00793990671188,86399,-0.00248845472749
2025-01-01,di_5,500ms,6,0.00664351851852,0.987962962963,0.00539351851852,86400,0.00125
2025-01-01,di_5,500ms,7,0.0122225051506,0.983714900808,0.00406259404153,86398,0.00815991110905
2025-01-01,di_5,500ms,8,0.0192372243764,0.978633022744,0.00212975287922,86395,0.0171074714972
2025-01-01,di_5,500ms,9,0.0300929408905,0.968101482656,0.00180557645343,86399,0.0282873644371
2025-01-01,di_5,500ms,10,0.0994455954351,0.899443280594,0.00111112397134,86399,0.0983344714638
2025-01-01,microprice_deviation_bps,500ms,1,0.00164351851852,0.900497685185,0.0978587962963,86400,-0.0962152777778
2025-01-01,microprice_deviation_bps,500ms,2,0.00187502170164,0.967569069086,0.0305559092119,86399,-0.0286808875103
2025-01-01,microprice_deviation_bps,500ms,3,0.00200233799002,0.979177999745,0.0188196622646,86399,-0.0168173242746
2025-01-01,microprice_deviation_bps,500ms,4,0.00369217236311,0.983634069839,0.0126737577981,86399,-0.00898158543502
2025-01-01,microprice_deviation_bps,500ms,5,0.00549774881654,0.986770680216,0.00773157096726,86399,-0.00223382215072
2025-01-01,microprice_deviation_bps,500ms,6,0.00652777777778,0.987847222222,0.005625,86400,0.000902777777778
2025-01-01,microprice_deviation_bps,500ms,7,0.0124771406746,0.983633880414,0.00388897891155,86398,0.008588161763
2025-01-01,microprice_deviation_bps,500ms,8,0.0187510851322,0.97915388622,0.00209502864749,86395,0.0166560564848
2025-01-01,microprice_deviation_bps,500ms,9,0.0290859847915,0.969177884003,0.00173613120522,86399,0.0273498535863
2025-01-01,microprice_deviation_bps,500ms,10,0.100788203567,0.897961781965,0.00125001446776,86399,0.0995381890994
2025-01-01,ofi_500ms,500ms,1,0.00550925925926,0.919803240741,0.0746875,86400,-0.0691782407407
2025-01-01,ofi_500ms,500ms,2,0.00969918633318,0.965994976794,0.0243058368731,86399,-0.0146066505399
2025-01-01,ofi_500ms,500ms,3,0.0091089017234,0.972360791213,0.0185303070637,86399,-0.00942140534034
2025-01-01,ofi_500ms,500ms,4,0.0101853030706,0.974305258163,0.0155094387667,86399,-0.00532413569601
2025-01-01,ofi_500ms,500ms,5,0.00864593340201,0.981805344969,0.00954872162872,86399,-0.000902788226716
2025-01-01,ofi_500ms,500ms,6,0.00840277777778,0.983645833333,0.00795138888889,86400,0.000451388888889
2025-01-01,ofi_500ms,500ms,7,0.0144100557883,0.976110558115,0.0094793860969,86398,0.00493066969143
2025-01-01,ofi_500ms,500ms,8,0.0180100930599,0.972764942821,0.00922496411871,86396,0.00878512894115
2025-01-01,ofi_500ms,500ms,9,0.025752910947,0.966422833862,0.00782425519109,86398,0.0179286557559
2025-01-01,ofi_500ms,500ms,10,0.0726165812104,0.922209747798,0.00517367099156,86399,0.0674429102189
2025-01-01,qi_1,500ms,1,0.0016087962963,0.900520833333,0.0978703703704,86400,-0.0962615740741
2025-01-01,qi_1,500ms,2,0.00188659590967,0.967511198046,0.0306022060441,86399,-0.0287156101344
2025-01-01,qi_1,500ms,3,0.00200233799002,0.979235870786,0.0187617912244,86399,-0.0167594532344
2025-01-01,qi_1,500ms,4,0.00369217236311,0.983576198799,0.0127316288383,86399,-0.00903945647519
2025-01-01,qi_1,500ms,5,0.00552089723261,0.98680540284,0.00767369992708,86399,-0.00215280269448
2025-01-01,qi_1,500ms,6,0.00655092592593,0.987824074074,0.005625,86400,0.000925925925926
2025-01-01,qi_1,500ms,7,0.0125581610685,0.983506562652,0.00393527627954,86398,0.008622884789
2025-01-01,qi_1,500ms,8,0.0186816366688,0.979107587245,0.00221077608658,86395,0.0164708605822
2025-01-01,qi_1,500ms,9,0.0291554300397,0.969224180835,0.00162038912487,86399,0.0275350409148
2025-01-01,qi_1,500ms,10,0.100684035695,0.89811224667,0.00120371763562,86399,0.0994803180592
2025-01-01,trade_imbalance_500ms,500ms,1,0.00660642670527,0.972109896327,0.0212836769674,60093,-0.0146772502621
2025-01-01,trade_imbalance_500ms,500ms,2,0.0126470637179,0.951258882066,0.036094054216,60093,-0.0234469904981
2025-01-01,trade_imbalance_500ms,500ms,3,0.00918576206879,0.95881383855,0.032000399381,60093,-0.0228146373122
2025-01-01,trade_imbalance_500ms,500ms,4,0.00911919857554,0.931622651557,0.0592581498677,60093,-0.0501389512922
2025-01-01,trade_imbalance_500ms,500ms,5,0.0150599903483,0.958381175844,0.0265588338076,60093,-0.0114988434593
2025-01-01,trade_imbalance_500ms,500ms,6,0.0255603814088,0.960244953655,0.014194664936,60093,0.0113657164728
2025-01-01,trade_imbalance_500ms,500ms,7,0.0670294377049,0.92315244704,0.00981811525469,60093,0.0572113224502
2025-01-01,trade_imbalance_500ms,500ms,8,0.0120479922786,0.982909823108,0.00504218461385,60093,0.00700580766479
2025-01-01,trade_imbalance_500ms,500ms,9,0.0350456791972,0.954986437688,0.00996788311451,60093,0.0250777960827
2025-01-01,trade_imbalance_500ms,500ms,10,0.030072560245,0.959942084942,0.00998535481294,60088,0.020087205432
2025-01-01,di_10,5s,1,0.04,0.588819444444,0.371180555556,86400,-0.331180555556
2025-01-01,di_10,5s,2,0.0450583918795,0.720286114423,0.234655493698,86399,-0.189597101818
2025-01-01,di_10,5s,3,0.0475005497749,0.767867683654,0.184631766571,86399,-0.137131216796
2025-01-01,di_10,5s,4,0.071135082582,0.786571603838,0.14229331358,86399,-0.071158230998
2025-01-01,di_10,5s,5,0.0859963656987,0.80334263128,0.110661003021,86399,-0.0246646373222
2025-01-01,di_10,5s,6,0.0964583333333,0.812256944444,0.0912847222222,86400,0.00517361111111
2025-01-01,di_10,5s,7,0.132707511025,0.788698158416,0.0785943305592,86393,0.054113180466
2025-01-01,di_10,5s,8,0.181279373973,0.760840876994,0.0578797490334,86386,0.123399624939
2025-01-01,di_10,5s,9,0.235862707646,0.716293337964,0.0478439543902,86385,0.188018753256
2025-01-01,di_10,5s,10,0.388263758653,0.573186543493,0.0385496978537,86382,0.3497140608
2025-01-01,di_5,5s,1,0.0408333333333,0.58650462963,0.372662037037,86400,-0.331828703704
2025-01-01,di_5,5s,2,0.0442481973171,0.722230581372,0.23352122131,86399,-0.189273023993
2025-01-01,di_5,5s,3,0.0479403696802,0.768955659209,0.183103971111,86399,-0.135163601431
2025-01-01,di_5,5s,4,0.0700355328187,0.784742878969,0.145221588213,86399,-0.0751860553942
2025-01-01,di_5,5s,5,0.0871769349182,0.801710667948,0.111112397134,86399,-0.023935462216
2025-01-01,di_5,5s,6,0.0958333333333,0.813402777778,0.0907638888889,86400,0.00506944444444
2025-01-01,di_5,5s,7,0.134640538007,0.788200432905,0.077159029088,86393,0.0574815089185
2025-01-01,di_5,5s,8,0.178159256387,0.761879405943,0.0599613376703,86389,0.118197918717
2025-01-01,di_5,5s,9,0.236559388747,0.716971521185,0.0464690900671,86380,0.19009029868
2025-01-01,di_5,5s,10,0.388833580293,0.573566864234,0.0375995554732,86384,0.351234024819
2025-01-01,microprice_deviation_bps,5s,1,0.0413888888889,0.585324074074,0.373287037037,86400,-0.331898148148
2025-01-01,microprice_deviation_bps,5s,2,0.0434380027547,0.721651870971,0.234910126275,86399,-0.19147212352
2025-01-01,microprice_deviation_bps,5s,3,0.0502320628711,0.768967233417,0.180800703712,86399,-0.130568640841
2025-01-01,microprice_deviation_bps,5s,4,0.0668410514011,0.788539219204,0.144619729395,86399,-0.077778677994
2025-01-01,microprice_deviation_bps,5s,5,0.086771837637,0.800854176553,0.11237398581,86399,-0.025602148173
2025-01-01,microprice_deviation_bps,5s,6,0.0985069444444,0.812719907407,0.0887731481481,86400,0.0097337962963
2025-01-01,microprice_deviation_bps,5s,7,0.133158936488,0.786950331624,0.079890731888,86393,0.0532682045999
2025-01-01,microprice_deviation_bps,5s,8,0.177773919083,0.765271748567,0.0569543323494,86385,0.120819586734
2025-01-01,microprice_deviation_bps,5s,9,0.23325731353,0.718595524479,0.0481471619916,86381,0.185110151538
2025-01-01,microprice_deviation_bps,5s,10,0.392883188443,0.56929862132,0.037818190237,86387,0.355064998206
2025-01-01,ofi_5s,5s,1,0.0953356481481,0.60875,0.295914351852,86400,-0.200578703704
2025-01-01,ofi_5s,5s,2,0.0778134006181,0.678584242873,0.243602356509,86399,-0.165788955891
2025-01-01,ofi_5s,5s,3,0.0717369413998,0.752011018646,0.176252039954,86399,-0.104515098554
2025-01-01,ofi_5s,5s,4,0.071135082582,0.80511348511,0.123751432308,86399,-0.0526163497263
2025-01-01,ofi_5s,5s,5,0.0805564879223,0.814963136147,0.10448037593,86399,-0.023923888008
2025-01-01,ofi_5s,5s,6,0.0955902777778,0.821585648148,0.0828240740741,86400,0.0127662037037
2025-01-01,ofi_5s,5s,7,0.118068496163,0.803481521777,0.07844998206,86399,0.0396185141032
2025-01-01,ofi_5s,5s,8,0.156425421591,0.769221865994,0.0743527124157,86399,0.0820727091749
2025-01-01,ofi_5s,5s,9,0.240602461246,0.683372115908,0.0760254228458,86379,0.164577038401
2025-01-01,ofi_5s,5s,10,0.31701189084,0.581041808982,0.101946300177,86369,0.215065590663
2025-01-01,qi_1,5s,1,0.0415277777778,0.584340277778,0.374131944444,86400,-0.332604166667
2025-01-01,qi_1,5s,2,0.04322966701,0.721918077756,0.234852255234,86399,-0.191622588224
2025-01-01,qi_1,5s,3,0.0502204886631,0.769349182282,0.180430329055,86399,-0.130209840392
2025-01-01,qi_1,5s,4,0.0671072581859,0.788597090244,0.14429565157,86399,-0.0771883933842
2025-01-01,qi_1,5s,5,0.0865866503085,0.801155105962,0.11225824373,86399,-0.0256715934212
2025-01-01,qi_1,5s,6,0.0984606481481,0.812916666667,0.0886226851852,86400,0.00983796296296
2025-01-01,qi_1,5s,7,0.133309411642,0.786961906636,0.0797286817219,86393,0.0535807299202
2025-01-01,qi_1,5s,8,0.176894136714,0.765862128842,0.0572437344446,86385,0.119650402269
2025-01-01,qi_1,5s,9,0.233847721142,0.717553628691,0.0485986501661,86381,0.185249070976
2025-01-01,qi_1,5s,10,0.393068401496,0.569518561821,0.0374130366838,86387,0.355655364812
2025-01-01,trade_imbalance_5s,5s,1,0.0835446262142,0.723177381821,0.193277991965,86373,-0.109733365751
2025-01-01,trade_imbalance_5s,5s,2,0.085211813877,0.723258425665,0.191529760458,86373,-0.106317946581
2025-01-01,trade_imbalance_5s,5s,3,0.0977504544244,0.730911280145,0.17133826543,86373,-0.0735878110058
2025-01-01,trade_imbalance_5s,5s,4,0.0970684944195,0.755186866114,0.147744639466,86372,-0.050676145047
2025-01-01,trade_imbalance_5s,5s,5,0.112303613398,0.753881421277,0.133814965325,86373,-0.0215113519271
2025-01-01,trade_imbalance_5s,5s,6,0.128952334642,0.751832169775,0.119215495583,86373,0.0097368390585
2025-01-01,trade_imbalance_5s,5s,7,0.150453850785,0.734752002964,0.114794146251,86372,0.0356597045339
2025-01-01,trade_imbalance_5s,5s,8,0.17156686777,0.724330395915,0.104102736316,86357,0.0674641314543
2025-01-01,trade_imbalance_5s,5s,9,0.194766701401,0.703658677782,0.101574620817,86370,0.0931920805835
2025-01-01,trade_imbalance_5s,5s,10,0.203008999201,0.716797350042,0.0801936507569,86341,0.122815348444
2025-02-01,di_10,100ms,1,0.000104166666667,0.975127314815,0.0247685185185,86400,-0.0246643518519
2025-02-01,di_10,100ms,2,0.000196761536592,0.993252236716,0.00655100174771,86399,-0.00635424021111
2025-02-01,di_10,100ms,3,0.000266206784801,0.996458292341,0.00327550087385,86399,-0.00300929408905
2025-02-01,di_10,100ms,4,0.000370374657114,0.997905068346,0.00172455699719,86399,-0.00135418234007
2025-02-01,di_10,100ms,5,0.000682886177921,0.998472186856,0.000844926965902,86398,-0.000162040787981
2025-02-01,di_10,100ms,6,0.00109953703704,0.998356481481,0.000543981481481,86400,0.000555555555556
2025-02-01,di_10,100ms,7,0.00175927962129,0.997951365178,0.00028935520087,86399,0.00146992442042
2025-02-01,di_10,100ms,8,0.0033912429542,0.996446718133,0.000162038912487,86399,0.00322920404171
2025-02-01,di_10,100ms,9,0.00637738862718,0.99346057246,0.000162038912487,86399,0.0062153497147
2025-02-01,di_10,100ms,10,0.0226275767081,0.97732612646,4.62968321393e-05,86399,0.0225812798759
2025-02-01,di_5,100ms,1,0.000115740740741,0.974861111111,0.0250231481481,86400,-0.0249074074074
2025-02-01,di_5,100ms,2,0.000138890496418,0.993657333997,0.00620377550666,86399,-0.00606488501024
2025-02-01,di_5,100ms,3,0.000324077824975,0.996330976053,0.00334494612206,86399,-0.00302086829709
2025-02-01,di_5,100ms,4,0.000358800449079,0.99793979097,0.00170140858112,86399,-0.00134260813204
2025-02-01,di_5,100ms,5,0.000682886177921,0.998460612514,0.000856501307901,86398,-0.00017361512998
2025-02-01,di_5,100ms,6,0.00107638888889,0.998333333333,0.000590277777778,86400,0.000486111111111
2025-02-01,di_5,100ms,7,0.00186344749361,0.99788191993,0.000254632576766,86399,0.00160881491684
2025-02-01,di_5,100ms,8,0.00333337191403,0.996481440757,0.000185187328557,86399,0.00314818458547
2025-02-01,di_5,100ms,9,0.00603016238614,0.993807798701,0.000162038912487,86399,0.00586812347365
2025-02-01,di_5,100ms,10,0.022951654533,0.977002048635,4.62968321393e-05,86399,0.0229053577009
2025-02-01,microprice_deviation_bps,100ms,1,0.000185185185185,0.974525462963,0.0252893518519,86400,-0.0251041666667
2025-02-01,microprice_deviation_bps,100ms,2,0.000162038912487,0.993749927661,0.00608803342631,86399,-0.00592599451383
2025-02-01,microprice_deviation_bps,100ms,3,0.00031250361694,0.996493014965,0.00319448141761,86399,-0.00288197780067
2025-02-01,microprice_deviation_bps,100ms,4,0.00033565203301,0.998020810426,0.00164353754094,86399,-0.00130788550793
2025-02-01,microprice_deviation_bps,100ms,5,0.000671304066019,0.998472204539,0.000856491394576,86399,-0.000185187328557
2025-02-01,microprice_deviation_bps,100ms,6,0.0010648271392,0.998391185083,0.000543987777636,86399,0.000520839361567
2025-02-01,microprice_deviation_bps,100ms,7,0.00180557645343,0.997962939386,0.000231484160696,86399,0.00157409229273
2025-02-01,microprice_deviation_bps,100ms,8,0.00337966874617,0.996423569717,0.000196761536592,86399,0.00318290720957
2025-02-01,microprice_deviation_bps,100ms,9,0.00569451035313,0.994131876526,0.000173613120522,86399,0.00552089723261
2025-02-01,microprice_deviation_bps,100ms,10,0.02326415815,0.976585377146,0.000150464704453,86399,0.0231136934455
2025-02-01,ofi_100ms,100ms,1,0.00123842592593,0.979548611111,0.019212962963,86400,-0.017974537037
2025-02-01,ofi_100ms,100ms,2,0.00177085382933,0.993425849836,0.00480329633445,86399,-0.00303244250512
2025-02-01,ofi_100ms,100ms,3,0.00145835021239,0.996006898228,0.00253475155962,86399,-0.00107640134724
2025-02-01,ofi_100ms,100ms,4,0.0015972407088,0.996411995509,0.00199076378199,86399,-0.000393523073184
2025-02-01,ofi_100ms,100ms,5,0.00151622125256,0.997268486904,0.00121529184366,86399,0.000300929408905
2025-02-01,ofi_100ms,100ms,6,0.00202546296296,0.996689814815,0.00128472222222,86400,0.000740740740741
2025-02-01,ofi_100ms,100ms,7,0.00325235245778,0.994178173358,0.00256947418373,86399,0.000682878274054
2025-02-01,ofi_100ms,100ms,8,0.00271993888818,0.995578652531,0.00170140858112,86399,0.00101853030706
2025-02-01,ofi_100ms,100ms,9,0.00414361443552,0.994050788213,0.00180559735179,86398,0.00233801708373
2025-02-01,ofi_100ms,100ms,10,0.0171529763076,0.981597009225,0.00125001446776,86399,0.0159029618398
2025-02-01,qi_1,100ms,1,0.000127314814815,0.974826388889,0.0250462962963,86400,-0.0249189814815
2025-02-01,qi_1,100ms,2,0.000185187328557,0.993726779245,0.00608803342631,86399,-0.00590284609776
2025-02-01,qi_1,100ms,3,0.00031250361694,0.996296253429,0.0033912429542,86399,-0.00307873933726
2025-02-01,qi_1,100ms,4,0.000358800449079,0.997974513594,0.00166668595701,86399,-0.00130788550793
2025-02-01,qi_1,100ms,5,0.000694452482089,0.998414333499,0.000891214018681,86399,-0.000196761536592
2025-02-01,qi_1,100ms,6,0.00108797555527,0.998368036667,0.000543987777636,86399,0.000543987777636
2025-02-01,qi_1,100ms,7,0.00181715066147,0.997928216762,0.000254632576766,86399,0.0015625180847
2025-02-01,qi_1,100ms,8,0.00344911399437,0.996307827637,0.000243058368731,86399,0.00320605562564
2025-02-01,qi_1,100ms,9,0.00583340084955,0.993981411822,0.000185187328557,86399,0.00564821352099
2025-02-01,qi_1,100ms,10,0.0230095255732,0.976932603387,5.78710401741e-05,86399,0.022951654533
2025-02-01,trade_imbalance_100ms,100ms,1,0.000102204204,0.984533097128,0.0153646986679,29353,-0.0152624944639
2025-02-01,trade_imbalance_100ms,100ms,2,0.000340680679999,0.985657343372,0.0140019759479,29353,-0.0136612952679
2025-02-01,trade_imbalance_100ms,100ms,3,0.000204408407999,0.986440908936,0.0133546826559,29353,-0.0131502742479
2025-02-01,trade_imbalance_100ms,100ms,4,0.000442899972745,0.975674570728,0.0238825292995,29352,-0.0234396293268
2025-02-01,trade_imbalance_100ms,100ms,5,0.00292985384799,0.957142370456,0.0399277756958,29353,-0.0369979218479
2025-02-01,trade_imbalance_100ms,100ms,6,0.0327053452799,0.966749565632,0.000545089087998,29353,0.0321602561919
2025-02-01,trade_imbalance_100ms,100ms,7,0.01154946852,0.988348323794,0.000102207686018,29352,0.011447260834
2025-02-01,trade_imbalance_100ms,100ms,8,0.012298572548,0.987326678704,0.000374748747999,29353,0.0119238238
2025-02-01,trade_imbalance_100ms,100ms,9,0.0136272271999,0.98603209212,0.000340680679999,29353,0.0132865465199
2025-02-01,trade_imbalance_100ms,100ms,10,0.0277664213682,0.971892886345,0.000340692286727,29352,0.0274257290815
2025-02-01,di_10,1s,1,0.001875,0.825115740741,0.173009259259,86400,-0.171134259259
2025-02-01,di_10,1s,2,0.00333337191403,0.920218984016,0.07644764407,86399,-0.0731142721559
2025-02-01,di_10,1s,3,0.00555561985671,0.945265570203,0.0491788099399,86399,-0.0436231900832
2025-02-01,di_10,1s,4,0.00805564879223,0.961434738828,0.0305096123798,86399,-0.0224539635875
2025-02-01,di_10,1s,5,0.0125241628373,0.969372518607,0.0181033185559,86393,-0.00557915571863
2025-02-01,di_10,1s,6,0.0180906965439,0.969953008171,0.0119562952846,86398,0.00613440125929
2025-02-01,di_10,1s,7,0.0305913399771,0.961711633506,0.00769702651712,86397,0.02289431346
2025-02-01,di_10,1s,8,0.0474079561106,0.948332735333,0.00425930855681,86399,0.0431486475538
2025-02-01,di_10,1s,9,0.0755795784673,0.920867139666,0.00355328186669,86399,0.0720262966007
2025-02-01,di_10,1s,10,0.168879269436,0.829303579903,0.00181715066147,86399,0.167062118775
2025-02-01,di_5,1s,1,0.00195601851852,0.824027777778,0.174016203704,86400,-0.172060185185
2025-02-01,di_5,1s,2,0.00319448141761,0.922094005718,0.0747115128647,86399,-0.0715170314471
2025-02-01,di_5,1s,3,0.00557876827278,0.944837324506,0.0495839072211,86399,-0.0440051389484
2025-02-01,di_5,1s,4,0.0080787972083,0.961156957835,0.0307642449565,86399,-0.0226854477482
2025-02-01,di_5,1s,5,0.0127672380864,0.968967393192,0.018265368722,86393,-0.00549813063558
2025-02-01,di_5,1s,6,0.0178939327299,0.969953008171,0.0121530590986,86398,0.00574087363133
2025-02-01,di_5,1s,7,0.030950148732,0.961410697131,0.0076391541373,86397,0.0233109945947
2025-02-01,di_5,1s,8,0.0473269366544,0.948668387366,0.00400467598005,86399,0.0433222606743
2025-02-01,di_5,1s,9,0.0738318730541,0.922545399831,0.0036227271149,86399,0.0702091459392
2025-02-01,di_5,1s,10,0.170314471232,0.827914674938,0.00177085382933,86399,0.168543617403
2025-02-01,microprice_deviation_bps,1s,1,0.00226851851852,0.820972222222,0.176759259259,86400,-0.174490740741
2025-02-01,microprice_deviation_bps,1s,2,0.00322920404171,0.924582460445,0.0721883355131,86399,-0.0689591314714
2025-02-01,microprice_deviation_bps,1s,3,0.00528941307191,0.944559543513,0.0501510434149,86399,-0.0448616303429
2025-02-01,microprice_deviation_bps,1s,4,0.00819453928865,0.96148103566,0.0303244250512,86399,-0.0221298857626
2025-02-01,microprice_deviation_bps,1s,5,0.0125008681158,0.969893742621,0.0176053892631,86394,-0.0051045211473
2025-02-01,microprice_deviation_bps,1s,6,0.0172691181407,0.970566107619,0.0121647742398,86397,0.00510434390083
2025-02-01,microprice_deviation_bps,1s,7,0.0302441056981,0.962371378636,0.00738451566605,86397,0.0228595900321
2025-02-01,microprice_deviation_bps,1s,8,0.048553802706,0.947163740321,0.00428245697288,86399,0.0442713457332
2025-02-01,microprice_deviation_bps,1s,9,0.0721767613051,0.924350976284,0.00347226241044,86399,0.0687044988947
2025-02-01,microprice_deviation_bps,1s,10,0.172166344518,0.825634555956,0.00219909952661,86399,0.169967244991
2025-02-01,ofi_1s,1s,1,0.00895833333333,0.85244212963,0.138599537037,86400,-0.129641203704
2025-02-01,ofi_1s,1s,2,0.0118992499305,0.937517362719,0.0505833873507,86392,-0.0386841374201
2025-02-01,ofi_1s,1s,3,0.020510208806,0.938376776703,0.0411130144914,86396,-0.0206028056854
2025-02-01,ofi_1s,1s,4,0.0201738446047,0.942487760275,0.0373383951203,86399,-0.0171645505156
2025-02-01,ofi_1s,1s,5,0.0207757034225,0.953888355189,0.0253359413882,86399,-0.00456023796572
2025-02-01,ofi_1s,1s,6,0.025787037037,0.95431712963,0.0198958333333,86400,0.0058912037037
2025-02-01,ofi_1s,1s,7,0.0326276924501,0.945369738076,0.0220025694742,86399,0.010625122976
2025-02-01,ofi_1s,1s,8,0.0397805530157,0.941735436753,0.0184840102316,86399,0.0212965427841
2025-02-01,ofi_1s,1s,9,0.0513547610505,0.935184435005,0.0134608039445,86399,0.037893957106
2025-02-01,ofi_1s,1s,10,0.140024768805,0.850252896446,0.00972233474924,86399,0.130302434056
2025-02-01,qi_1,1s,1,0.00210648148148,0.82255787037,0.175335648148,86400,-0.173229166667
2025-02-01,qi_1,1s,2,0.00320605562564,0.924212085788,0.0725818585863,86399,-0.0693758029607
2025-02-01,qi_1,1s,3,0.00533570990405,0.943610458454,0.0510538316416,86399,-0.0457181217375
2025-02-01,qi_1,1s,4,0.00832185557703,0.961284274124,0.0303938702994,86399,-0.0220720147224
2025-02-01,qi_1,1s,5,0.0125240178716,0.969754844086,0.017721138042,86394,-0.00519712017038
2025-02-01,qi_1,1s,6,0.0175816289917,0.970265171244,0.0121531997639,86397,0.00542842922787
2025-02-01,qi_1,1s,7,0.0303714249337,0.962197761496,0.00743081356992,86397,0.0229406113638
2025-02-01,qi_1,1s,8,0.0490977904837,0.946434565215,0.00446764430144,86399,0.0446301461822
2025-02-01,qi_1,1s,9,0.0730564011158,0.923506059098,0.00343753978634,86399,0.0696188613294
2025-02-01,qi_1,1s,10,0.170291322816,0.827752636026,0.00195604115788,86399,0.168335281658
2025-02-01,trade_imbalance_1s,1s,1,0.0159823378369,0.954848695736,0.0291689664275,83342,-0.0131866285906
2025-02-01,trade_imbalance_1s,1s,2,0.0216120864483,0.874191496766,0.104196416786,83333,-0.0825843303373
2025-02-01,trade_imbalance_1s,1s,3,0.0239137999304,0.912180079433,0.0639061206369,83341,-0.0399923207065
2025-02-01,trade_imbalance_1s,1s,4,0.0273451561038,0.928235463512,0.0444193803844,83342,-0.0170742242807
2025-02-01,trade_imbalance_1s,1s,5,0.0304172016175,0.934294044948,0.0352887534347,83341,-0.00487155181723
2025-02-01,trade_imbalance_1s,1s,6,0.0396083560312,0.93142630878,0.0289653351892,83341,0.0106430208421
2025-02-01,trade_imbalance_1s,1s,7,0.0498428163471,0.924815819155,0.0253413644981,83342,0.024501451849
2025-02-01,trade_imbalance_1s,1s,8,0.0719231092286,0.90922617262,0.0188507181512,83339,0.0530723910774
2025-02-01,trade_imbalance_1s,1s,9,0.0522311947301,0.933706099039,0.014062706231,83341,0.0381684884991
2025-02-01,trade_imbalance_1s,1s,10,0.0448878703159,0.935589925727,0.0195222039572,83341,0.0253656663587
2025-02-01,di_10,30s,1,0.207264561533,0.203710991758,0.589024446708,86392,-0.381759885175
2025-02-01,di_10,30s,2,0.233028924615,0.260194219707,0.506776855678,86397,-0.273747931062
2025-02-01,di_10,30s,3,0.268693860543,0.276808037781,0.454498101676,86392,-0.185804241133
2025-02-01,di_10,30s,4,0.30294611333,0.308328992302,0.388724894368,86385,-0.0857787810384
2025-02-01,di_10,30s,5,0.337447272053,0.313795021555,0.348757706392,86292,-0.0113104343392
2025-02-01,di_10,30s,6,0.361858785121,0.334421560796,0.303719654083,86379,0.0581391310388
2025-02-01,di_10,30s,7,0.405832377111,0.301412891037,0.292754731852,86277,0.113077645259
2025-02-01,di_10,30s,8,0.440542605153,0.303884349175,0.255573045672,86398,0.184969559481
2025-02-01,di_10,30s,9,0.511061460275,0.262754540929,0.226183998796,86381,0.284877461479
2025-02-01,di_10,30s,10,0.57659232167,0.217340478478,0.206067199852,86399,0.370525121819
2025-02-01,di_5,30s,1,0.207748312942,0.205051335178,0.58720035188,86393,-0.379452038938
2025-02-01,di_5,30s,2,0.234388564153,0.255674518201,0.509936917646,86395,-0.275548353493
2025-02-01,di_5,30s,3,0.266202122857,0.279548111537,0.454249765606,86393,-0.188047642749
2025-02-01,di_5,30s,4,0.308327159922,0.306822390962,0.384850449116,86392,-0.0765232891934
2025-02-01,di_5,30s,5,0.328589804503,0.320813971006,0.350596224491,86293,-0.0220064199877
2025-02-01,di_5,30s,6,0.366581375693,0.329115096502,0.304303527804,86371,0.0622778478888
2025-02-01,di_5,30s,7,0.401706132573,0.301378119313,0.296915748114,86277,0.104790384459
2025-02-01,di_5,30s,8,0.447457666354,0.302441056981,0.250101276665,86397,0.197356389689
2025-02-01,di_5,30s,9,0.512942511171,0.261281285453,0.225776203376,86382,0.287166307796
2025-02-01,di_5,30s,10,0.571314482807,0.220534959895,0.208150557298,86399,0.363163925508
2025-02-01,microprice_deviation_bps,30s,1,0.207334012409,0.202021020465,0.590644967127,86392,-0.383310954718
2025-02-01,microprice_deviation_bps,30s,2,0.230809296727,0.266077133201,0.503113570073,86396,-0.272304273346
2025-02-01,microprice_deviation_bps,30s,3,0.267429074115,0.273436505272,0.459134420613,86393,-0.191705346498
2025-02-01,microprice_deviation_bps,30s,4,0.307736827484,0.309079544402,0.383183628114,86392,-0.0754468006297
2025-02-01,microprice_deviation_bps,30s,5,0.325515099543,0.321598257121,0.352886643336,86294,-0.0273715437922
2025-02-01,microprice_deviation_bps,30s,6,0.365901381219,0.330114734929,0.303983883853,86373,0.0619174973661
2025-02-01,microprice_deviation_bps,30s,7,0.407422862044,0.297111528386,0.29546560957,86274,0.111957252475
2025-02-01,microprice_deviation_bps,30s,8,0.450693303086,0.301800967615,0.247505729299,86398,0.203187573786
2025-02-01,microprice_deviation_bps,30s,9,0.511837093805,0.265718155613,0.222444750582,86381,0.289392343224
2025-02-01,microprice_deviation_bps,30s,10,0.5705853077,0.215696940937,0.213717751363,86399,0.356867556337
2025-02-01,ofi_30s,30s,1,0.336961304217,0.184910728759,0.478127967024,86366,-0.141166662807
2025-02-01,ofi_30s,30s,2,0.33821685628,0.22990480613,0.43187833759,86140,-0.0936614813095
2025-02-01,ofi_30s,30s,3,0.325365774609,0.264318455413,0.410315769979,86392,-0.0849499953699
2025-02-01,ofi_30s,30s,4,0.296820565053,0.32510792949,0.378071505457,86399,-0.0812509404044
2025-02-01,ofi_30s,30s,5,0.300721073161,0.362075949953,0.337202976886,86399,-0.0364819037257
2025-02-01,ofi_30s,30s,6,0.359953703704,0.355868055556,0.284178240741,86400,0.075775462963
2025-02-01,ofi_30s,30s,7,0.393557795808,0.323904211854,0.282537992338,86399,0.11101980347
2025-02-01,ofi_30s,30s,8,0.390606372759,0.298510399426,0.310883227815,86399,0.0797231449438
2025-02-01,ofi_30s,30s,9,0.429727195917,0.239493512656,0.330779291427,86399,0.0989479044896
2025-02-01,ofi_30s,30s,10,0.473223069711,0.198289332052,0.328487598236,86399,0.144735471475
2025-02-01,qi_1,30s,1,0.206590811756,0.204761959881,0.588647228363,86393,-0.382056416608
2025-02-01,qi_1,30s,2,0.230950865212,0.264888014353,0.504161120435,86395,-0.273210255223
2025-02-01,qi_1,30s,3,0.267567974257,0.272846179667,0.459585846075,86393,-0.192017871818
2025-02-01,qi_1,30s,4,0.308176683026,0.308315584776,0.383507732197,86392,-0.0753310491712
2025-02-01,qi_1,30s,5,0.325573040999,0.321192666929,0.353234292071,86294,-0.0276612510719
2025-02-01,qi_1,30s,6,0.366736135232,0.329269422253,0.303994442515,86370,0.0627416927174
2025-02-01,qi_1,30s,7,0.407397104674,0.296637574325,0.295965321001,86277,0.111431783674
2025-02-01,qi_1,30s,8,0.450675370673,0.30069331111,0.248631318217,86397,0.202044052456
2025-02-01,qi_1,30s,9,0.511078696951,0.266039221134,0.222882081915,86382,0.288196615036
2025-02-01,qi_1,30s,10,0.570515862452,0.218011782544,0.211472355004,86399,0.359043507448
2025-02-01,trade_imbalance_30s,30s,1,0.290511405786,0.258902077151,0.450586517062,86272,-0.160075111276
2025-02-01,trade_imbalance_30s,30s,2,0.338584318858,0.274645848053,0.386769833088,86333,-0.0481855142298
2025-02-01,trade_imbalance_30s,30s,3,0.364817110614,0.261594966921,0.373587922465,86309,-0.00877081185044
2025-02-01,trade_imbalance_30s,30s,4,0.363891043377,0.275609784333,0.360499172291,86383,0.00339187108575
2025-02-01,trade_imbalance_30s,30s,5,0.376647877869,0.259725228301,0.36362689383,86399,0.0130209840392
2025-02-01,trade_imbalance_30s,30s,6,0.36818287037,0.287083333333,0.344733796296,86400,0.0234490740741
2025-02-01,trade_imbalance_30s,30s,7,0.381983587773,0.276936075649,0.341080336578,86399,0.040903251195
2025-02-01,trade_imbalance_30s,30s,8,0.395976805287,0.277711547587,0.326311647126,86399,0.0696651581616
2025-02-01,trade_imbalance_30s,30s,9,0.377215014063,0.295813608954,0.326971376984,86399,0.0502436370791
2025-02-01,trade_imbalance_30s,30s,10,0.387307723469,0.314494380722,0.298197895809,86399,0.08910982766
2025-02-01,di_10,500ms,1,0.000717592592593,0.898240740741,0.101041666667,86400,-0.100324074074
2025-02-01,di_10,500ms,2,0.00140047917221,0.959721756039,0.0388777647889,86399,-0.0374772856167
2025-02-01,di_10,500ms,3,0.00208335744627,0.974270535539,0.0236461070151,86399,-0.0215627495689
2025-02-01,di_10,500ms,4,0.00336809453813,0.983483605134,0.0131483003276,86399,-0.00978020578942
2025-02-01,di_10,500ms,5,0.005336018705,0.986955112624,0.00770886867144,86394,-0.00237284996643
2025-02-01,di_10,500ms,6,0.00795138888889,0.987175925926,0.00487268518519,86400,0.0030787037037
2025-02-01,di_10,500ms,7,0.0135533976088,0.983715089295,0.00273151309622,86399,0.0108218845126
2025-02-01,di_10,500ms,8,0.0227433187884,0.975798330999,0.00145835021239,86399,0.021284968576
2025-02-01,di_10,500ms,9,0.0376856213614,0.960937047882,0.00137733075614,86399,0.0363082906052
2025-02-01,di_10,500ms,10,0.0964594497622,0.90293869142,0.00060185881781,86399,0.0958575909443
2025-02-01,di_5,500ms,1,0.000763888888889,0.897662037037,0.101574074074,86400,-0.100810185185
2025-02-01,di_5,500ms,2,0.00131945971597,0.960913899466,0.0377666408176,86399,-0.0364471811016
2025-02-01,di_5,500ms,3,0.00204863482216,0.973992754546,0.0239586106321,86399,-0.0219099758099
2025-02-01,di_5,500ms,4,0.00328707508189,0.983437308302,0.0132756166159,86399,-0.00998854153405
2025-02-01,di_5,500ms,5,0.00568326504155,0.98653841702,0.00777831793875,86394,-0.00209505289719
2025-02-01,di_5,500ms,6,0.00765046296296,0.987210648148,0.00513888888889,86400,0.00251157407407
2025-02-01,di_5,500ms,7,0.013946920682,0.983460456718,0.0025926225998,86399,0.0113542980822
2025-02-01,di_5,500ms,8,0.0227085961643,0.975890924663,0.00140047917221,86399,0.0213081169921
2025-02-01,di_5,500ms,9,0.0363430132293,0.962302804431,0.00135418234007,86399,0.0349888308892
2025-02-01,di_5,500ms,10,0.0975474253174,0.901827567449,0.00062500723388,86399,0.0969224180835
2025-02-01,microprice_deviation_bps,500ms,1,0.00100694444444,0.895532407407,0.103460648148,86400,-0.102453703704
2025-02-01,microprice_deviation_bps,500ms,2,0.00122686605169,0.962754198544,0.0360189354043,86399,-0.0347920693527
2025-02-01,microprice_deviation_bps,500ms,3,0.00201391219806,0.973853864049,0.0241322237526,86399,-0.0221183115545
2025-02-01,microprice_deviation_bps,500ms,4,0.0033565203301,0.983564624591,0.0130788550793,86399,-0.00972233474924
2025-02-01,microprice_deviation_bps,500ms,5,0.00535910642977,0.987163609005,0.00747728456508,86395,-0.00211817813531
2025-02-01,microprice_deviation_bps,500ms,6,0.00753480943066,0.98745355849,0.00501163207907,86399,0.00252317735159
2025-02-01,microprice_deviation_bps,500ms,7,0.0135071007766,0.983969721872,0.00252317735159,86399,0.010983923425
2025-02-01,microprice_deviation_bps,500ms,8,0.0231831386937,0.975219620597,0.0015972407088,86399,0.0215858979849
2025-02-01,microprice_deviation_bps,500ms,9,0.0354865218347,0.963240315281,0.00127316288383,86399,0.0342133589509
2025-02-01,microprice_deviation_bps,500ms,10,0.0986238266647,0.900484959317,0.000891214018681,86399,0.097732612646
2025-02-01,ofi_500ms,500ms,1,0.00408579001586,0.923041309305,0.0728729006794,86397,-0.0687871106636
2025-02-01,ofi_500ms,500ms,2,0.00866918215699,0.965103358874,0.026227458969,86398,-0.017558276812
2025-02-01,ofi_500ms,500ms,3,0.00988437366173,0.967441752798,0.0226738735402,86399,-0.0127894998785
2025-02-01,ofi_500ms,500ms,4,0.00986122524566,0.971064479913,0.0190742948414,86399,-0.00921306959571
2025-02-01,ofi_500ms,500ms,5,0.0109376265929,0.978159469438,0.0109029039688,86399,3.47226241044e-05
2025-02-01,ofi_500ms,500ms,6,0.0133217592593,0.97662037037,0.0100578703704,86400,0.00326388888889
2025-02-01,ofi_500ms,500ms,7,0.0172108473478,0.971920971308,0.0108681813447,86399,0.00634266600308
2025-02-01,ofi_500ms,500ms,8,0.0220720147224,0.967013507101,0.0109144781768,86399,0.0111575365456
2025-02-01,ofi_500ms,500ms,9,0.0264820944929,0.966318664784,0.00719924072316,86398,0.0192828537698
2025-02-01,ofi_500ms,500ms,10,0.0687739441429,0.926550075811,0.00467598004607,86399,0.0640979640968
2025-02-01,qi_1,500ms,1,0.000914351851852,0.896400462963,0.102685185185,86400,-0.101770833333
2025-02-01,qi_1,500ms,2,0.00123844025973,0.96271947592,0.0360420838204,86399,-0.0348036435607
2025-02-01,qi_1,500ms,3,0.00203706061413,0.973170985775,0.0247919536106,86399,-0.0227548929964
2025-02-01,qi_1,500ms,4,0.00340281716224,0.98344888251,0.0131483003276,86399,-0.00974548316531
2025-02-01,qi_1,500ms,5,0.00538225591759,0.987071011054,0.00754673302853,86395,-0.00216447711094
2025-02-01,qi_1,500ms,6,0.00770842255119,0.98727994537,0.00501163207907,86399,0.00269679047211
2025-02-01,qi_1,500ms,7,0.0135996944409,0.983865553999,0.00253475155962,86399,0.0110649428813
2025-02-01,qi_1,500ms,8,0.0234261970625,0.974895542772,0.00167826016505,86399,0.0217479368974
2025-02-01,qi_1,500ms,9,0.0359494901561,0.962754198544,0.0012963112999,86399,0.0346531788562
2025-02-01,qi_1,500ms,10,0.0976400189817,0.901630805912,0.000729175106193,86399,0.0969108438755
2025-02-01,trade_imbalance_500ms,500ms,1,0.00622088281239,0.976858315938,0.0169208012497,72337,-0.0106999184373
2025-02-01,trade_imbalance_500ms,500ms,2,0.00877835685749,0.970983037726,0.0202386054163,72337,-0.0114602485588
2025-02-01,trade_imbalance_500ms,500ms,3,0.0141982221116,0.910455808552,0.0753459693363,72333,-0.0611477472246
2025-02-01,trade_imbalance_500ms,500ms,4,0.0137412389234,0.952265092553,0.0339936685237,72337,-0.0202524296003
2025-02-01,trade_imbalance_500ms,500ms,5,0.0165198999129,0.964499495417,0.0189806046698,72337,-0.0024607047569
2025-02-01,trade_imbalance_500ms,500ms,6,0.0232664233577,0.961623534616,0.0151100420261,72336,0.00815638133156
2025-02-01,trade_imbalance_500ms,500ms,7,0.0579924519955,0.931210860279,0.0107966877255,72337,0.04719576427
2025-02-01,trade_imbalance_500ms,500ms,8,0.0162157678643,0.977397459115,0.00638677302072,72337,0.00982899484358
2025-02-01,trade_imbalance_500ms,500ms,9,0.0195059236629,0.972904599306,0.00758947703112,72337,0.0119164466317
2025-02-01,trade_imbalance_500ms,500ms,10,0.0330121514578,0.954850214966,0.0121376335762,72337,0.0208745178816
2025-02-01,di_10,5s,1,0.0254976851852,0.540983796296,0.433518518519,86400,-0.408020833333
2025-02-01,di_10,5s,2,0.0320489820484,0.689475572634,0.278475445318,86399,-0.246426463269
2025-02-01,di_10,5s,3,0.0477783307677,0.736860380328,0.215361288904,86399,-0.167582958136
2025-02-01,di_10,5s,4,0.0721188902649,0.783157212468,0.144723897267,86399,-0.0726050070024
2025-02-01,di_10,5s,5,0.093201995532,0.798085493038,0.10871251143,86393,-0.0155105158983
2025-02-01,di_10,5s,6,0.113136785082,0.807167413272,0.079695801646,86391,0.0334409834358
2025-02-01,di_10,5s,7,0.158154936263,0.777448449132,0.0643966146044,86371,0.0937583216589
2025-02-01,di_10,5s,8,0.19295585546,0.763871848885,0.043172295655,86398,0.149783559805
2025-02-01,di_10,5s,9,0.274327781186,0.688562730777,0.0371094880372,86393,0.237218293149
2025-02-01,di_10,5s,10,0.430329054734,0.539034016597,0.0306369286682,86399,0.399692126066
2025-02-01,di_5,5s,1,0.0253009259259,0.539027777778,0.435671296296,86400,-0.41037037037
2025-02-01,di_5,5s,2,0.0322804662091,0.693885345895,0.273834187896,86399,-0.241553721687
2025-02-01,di_5,5s,3,0.0481255570088,0.73602703735,0.215847405641,86399,-0.167721848633
2025-02-01,di_5,5s,4,0.0715980509034,0.782462759986,0.145939189111,86399,-0.0743411382076
2025-02-01,di_5,5s,5,0.0922875695948,0.799578669568,0.108133760837,86393,-0.0158461912423
2025-02-01,di_5,5s,6,0.114004931069,0.803474899006,0.0825201699251,86391,0.0314847611441
2025-02-01,di_5,5s,7,0.156950828403,0.780018756296,0.0630304153014,86371,0.0939204131016
2025-02-01,di_5,5s,8,0.195166554781,0.761394939698,0.043438505521,86398,0.15172804926
2025-02-01,di_5,5s,9,0.276422858333,0.687659879851,0.0359172618152,86393,0.240505596518
2025-02-01,di_5,5s,10,0.42741235431,0.541117374044,0.0314702716467,86399,0.395942082663
2025-02-01,microprice_deviation_bps,5s,1,0.0262384259259,0.533599537037,0.440162037037,86400,-0.413923611111
2025-02-01,microprice_deviation_bps,5s,2,0.0309378580771,0.701593768446,0.267468373477,86399,-0.236530515399
2025-02-01,microprice_deviation_bps,5s,3,0.0475121239829,0.733295524254,0.219192351763,86399,-0.17168022778
2025-02-01,microprice_deviation_bps,5s,4,0.0716790703596,0.783585458165,0.144735471475,86399,-0.0730564011158
2025-02-01,microprice_deviation_bps,5s,5,0.0914299604139,0.800900525499,0.107669514087,86394,-0.0162395536727
2025-02-01,microprice_deviation_bps,5s,6,0.113496932515,0.804676467184,0.081826600301,86390,0.0316703322144
2025-02-01,microprice_deviation_bps,5s,7,0.155052042931,0.78209121117,0.0628567458985,86371,0.0921952970326
2025-02-01,microprice_deviation_bps,5s,8,0.200259265261,0.756452695664,0.043288039075,86398,0.156971226186
2025-02-01,microprice_deviation_bps,5s,9,0.273806905652,0.690090632343,0.036102462005,86393,0.237704443647
2025-02-01,microprice_deviation_bps,5s,10,0.429136911307,0.538362712531,0.0325003761618,86399,0.396636535145
2025-02-01,ofi_5s,5s,1,0.0872222222222,0.560381944444,0.352395833333,86400,-0.265173611111
2025-02-01,ofi_5s,5s,2,0.060789851382,0.667773971017,0.271436177601,86396,-0.210646326219
2025-02-01,ofi_5s,5s,3,0.0666736118346,0.759998147955,0.17332824021,86391,-0.106654628376
2025-02-01,ofi_5s,5s,4,0.0835359499826,0.775222878314,0.141241171703,86370,-0.0577052217205
2025-02-01,ofi_5s,5s,5,0.0908291180998,0.802402972463,0.106767909437,86393,-0.0159387913373
2025-02-01,ofi_5s,5s,6,0.117687909442,0.788907150628,0.0934049399292,86398,0.0242829695132
2025-02-01,ofi_5s,5s,7,0.139021030823,0.779888190562,0.081090778615,86397,0.0579302522078
2025-02-01,ofi_5s,5s,8,0.181066910497,0.755575874721,0.0633572147826,86399,0.117709695714
2025-02-01,ofi_5s,5s,9,0.261079410641,0.675331890415,0.0635886989433,86399,0.197490711698
2025-02-01,ofi_5s,5s,10,0.351601291682,0.55916156437,0.0892371439484,86399,0.262364147733
2025-02-01,qi_1,5s,1,0.0257407407407,0.53744212963,0.43681712963,86400,-0.411076388889
2025-02-01,qi_1,5s,2,0.0308568386208,0.699637727289,0.269505434091,86399,-0.23864859547
2025-02-01,qi_1,5s,3,0.0477320339356,0.732369587611,0.219898378453,86399,-0.172166344518
2025-02-01,qi_1,5s,4,0.0719568513524,0.782763689395,0.145279459253,86399,-0.0733226079006
2025-02-01,qi_1,5s,5,0.091522559437,0.800553279163,0.1079241614,86394,-0.0164016019631
2025-02-01,qi_1,5s,6,0.114365088552,0.80387776363,0.081757147818,86390,0.0326079407339
2025-02-01,qi_1,5s,7,0.155364647856,0.781188130275,0.0634472218685,86371,0.0919174259879
2025-02-01,qi_1,5s,8,0.201335679067,0.754681821338,0.0439824995949,86398,0.157353179472
2025-02-01,qi_1,5s,9,0.274501406364,0.689291956524,0.0362066371118,86393,0.238294769252
2025-02-01,qi_1,5s,10,0.42617391405,0.542841931041,0.0309841549092,86399,0.395189759141
2025-02-01,trade_imbalance_5s,5s,1,0.0763371150729,0.675584626071,0.248078258856,86380,-0.171741143783
2025-02-01,trade_imbalance_5s,5s,2,0.0974401130009,0.689884336178,0.212675550821,86371,-0.115235437821
2025-02-01,trade_imbalance_5s,5s,3,0.102275620992,0.716276593282,0.181447785726,86394,-0.0791721647337
2025-02-01,trade_imbalance_5s,5s,4,0.118393944304,0.72486631635,0.156739739346,86398,-0.0383457950416
2025-02-01,trade_imbalance_5s,5s,5,0.132317877729,0.72359313873,0.144088983541,86398,-0.0117711058126
2025-02-01,trade_imbalance_5s,5s,6,0.148140003241,0.724727424246,0.127132572513,86398,0.0210074307276
2025-02-01,trade_imbalance_5s,5s,7,0.17158962013,0.718234218385,0.110176161485,86398,0.0614134586449
2025-02-01,trade_imbalance_5s,5s,8,0.177712447047,0.730259959721,0.0920275932313,86398,0.0856848538161
2025-02-01,trade_imbalance_5s,5s,9,0.199287020533,0.712886872381,0.0878261070858,86398,0.111460913447
2025-02-01,trade_imbalance_5s,5s,10,0.216035093405,0.70824556124,0.0757193453552,86398,0.14031574805
2025-03-01,di_10,100ms,1,0.000462973679946,0.934292460474,0.0652445658464,86398,-0.0647815921665
2025-03-01,di_10,100ms,2,0.000590298274246,0.986284245981,0.013125455745,86397,-0.0125351574707
2025-03-01,di_10,100ms,3,0.000868075649899,0.994641079655,0.00449084469548,86398,-0.00362276904558
2025-03-01,di_10,100ms,4,0.00108800074077,0.996342465595,0.00256953366436,86397,-0.0014815329236
2025-03-01,di_10,100ms,5,0.00128475196185,0.997117988842,0.00159725919581,86398,-0.000312507233964
2025-03-01,di_10,100ms,6,0.00175934071022,0.997303115885,0.000937543404787,86396,0.000821797305431
2025-03-01,di_10,100ms,7,0.00283571378967,0.996597143452,0.000567142757934,86398,0.00226857103174
2025-03-01,di_10,100ms,8,0.00522008866049,0.994270634397,0.000509276942486,86397,0.004710811718
2025-03-01,di_10,100ms,9,0.0152549827542,0.98447880738,0.000266209865969,86398,0.0149887728883
2025-03-01,di_10,100ms,10,0.0549099495347,0.944881707486,0.000208342978842,86396,0.0547016065559
2025-03-01,di_5,100ms,1,0.000497696705942,0.932903539434,0.0665987638603,86398,-0.0661010671543
2025-03-01,di_5,100ms,2,0.000567149322314,0.987071310346,0.0123615403313,86397,-0.0117943910089
2025-03-01,di_5,100ms,3,0.000844926965902,0.995080904651,0.00407416838353,86398,-0.00322924141763
2025-03-01,di_5,100ms,4,0.00108800074077,0.996446635879,0.00246536338067,86397,-0.00137736263991
2025-03-01,di_5,100ms,5,0.00135419801384,0.997094840158,0.00155096182782,86398,-0.000196763813977
2025-03-01,di_5,100ms,6,0.00182878836983,0.997210519006,0.000960692624659,86396,0.000868095745173
2025-03-01,di_5,100ms,7,0.0025463552397,0.99693279937,0.00052084538994,86398,0.00202550984977
2025-03-01,di_5,100ms,8,0.00502332256907,0.99449054944,0.000486127990555,86397,0.00453719457852
2025-03-01,di_5,100ms,9,0.0149656242043,0.984745017246,0.000289358549966,86398,0.0146762656543
2025-03-01,di_5,100ms,10,0.0555581276911,0.94423352933,0.000208342978842,86396,0.0553497847123
2025-03-01,microprice_deviation_bps,100ms,1,0.000682886177921,0.93224380194,0.0670733118822,86398,-0.0663904257043
2025-03-01,microprice_deviation_bps,100ms,2,0.000706043033902,0.987256501962,0.0120374550042,86397,-0.0113314119703
2025-03-01,microprice_deviation_bps,100ms,3,0.000740757887914,0.995219796755,0.00403944535753,86398,-0.00329868746962
2025-03-01,microprice_deviation_bps,100ms,4,0.00109957521673,0.99658552959,0.00231489519312,86397,-0.00121531997639
2025-03-01,microprice_deviation_bps,100ms,5,0.00120373156786,0.997361050024,0.00143521840783,86398,-0.000231486839973
2025-03-01,microprice_deviation_bps,100ms,6,0.00189823602945,0.997152645956,0.000949118014723,86396,0.000949118014723
2025-03-01,microprice_deviation_bps,100ms,7,0.00246533484571,0.99699067108,0.000543994073937,86398,0.00192134077178
2025-03-01,microprice_deviation_bps,100ms,8,0.00488442885748,0.994710464484,0.000405106658796,86397,0.00447932219869
2025-03-01,microprice_deviation_bps,100ms,9,0.0152202597282,0.98447880738,0.000300932891965,86398,0.0149193268363
2025-03-01,microprice_deviation_bps,100ms,10,0.0553729339321,0.94421038011,0.000416685957683,86396,0.0549562479744
2025-03-01,ofi_100ms,100ms,1,0.0016087962963,0.956354166667,0.042037037037,86400,-0.0404282407407
2025-03-01,ofi_100ms,100ms,2,0.00277780992836,0.979768284355,0.0174539057165,86399,-0.0146760957881
2025-03-01,ofi_100ms,100ms,3,0.00342596557831,0.988506811421,0.00806722300027,86399,-0.00464125742196
2025-03-01,ofi_100ms,100ms,4,0.00383106285952,0.991597124967,0.00457181217375,86399,-0.000740749314228
2025-03-01,ofi_100ms,100ms,5,0.00372767159445,0.992567810051,0.00370451835473,86381,2.31532397171e-05
2025-03-01,ofi_100ms,100ms,6,0.00443292167733,0.992314725865,0.00325235245778,86399,0.00118056921955
2025-03-01,ofi_100ms,100ms,7,0.00543987777636,0.99145823447,0.00310188775333,86399,0.00233799002303
2025-03-01,ofi_100ms,100ms,8,0.00858806236183,0.987916526812,0.00349541082651,86399,0.00509265153532
2025-03-01,ofi_100ms,100ms,9,0.0156830518872,0.98192108705,0.00239586106321,86399,0.013287190824
2025-03-01,ofi_100ms,100ms,10,0.0347573467286,0.963807451475,0.00143520179632,86399,0.0333221449322
2025-03-01,qi_1,100ms,1,0.000543994073937,0.932614180884,0.0668418250422,86398,-0.0662978309683
2025-03-01,qi_1,100ms,2,0.000729191985833,0.98711760825,0.0121531997639,86397,-0.011424007778
2025-03-01,qi_1,100ms,3,0.00077548091391,0.995092478993,0.00413204009352,86398,-0.00335655917961
2025-03-01,qi_1,100ms,4,0.00116902207253,0.996492933782,0.00233804414505,86397,-0.00116902207253
2025-03-01,qi_1,100ms,5,0.00125002893585,0.997314752656,0.00143521840783,86398,-0.000185189471979
2025-03-01,qi_1,100ms,6,0.00195610907912,0.997060049076,0.00098384184453,86396,0.000972267234594
2025-03-01,qi_1,100ms,7,0.00253478089771,0.996886502002,0.000578717099933,86398,0.00195606379777
2025-03-01,qi_1,100ms,8,0.00490757780941,0.994629443152,0.000462979038624,86397,0.00444459877079
2025-03-01,qi_1,100ms,9,0.0149656242043,0.984698719878,0.000335655917961,86398,0.0146299682863
2025-03-01,qi_1,100ms,10,0.0554423815917,0.94430297699,0.000254641418584,86396,0.0551877401732
2025-03-01,trade_imbalance_100ms,100ms,1,0.000197310006906,0.948041698181,0.0517609918116,30409,-0.0515636818047
2025-03-01,trade_imbalance_100ms,100ms,2,0.000164425005755,0.966819033839,0.0330165411556,30409,-0.0328521161498
2025-03-01,trade_imbalance_100ms,100ms,3,0.000197316495659,0.956360168377,0.0434425151276,30408,-0.0432451986319
2025-03-01,trade_imbalance_100ms,100ms,4,0.000164425005755,0.95399388339,0.0458416916045,30409,-0.0456772665987
2025-03-01,trade_imbalance_100ms,100ms,5,0.00956985003946,0.914759273875,0.0756708760852,30408,-0.0661010260458
2025-03-01,trade_imbalance_100ms,100ms,6,0.0790226577658,0.919168667171,0.0018086750633,30409,0.0772139827025
2025-03-01,trade_imbalance_100ms,100ms,7,0.0417310664606,0.95800585353,0.000263080009208,30409,0.0414679864514
2025-03-01,trade_imbalance_100ms,100ms,8,0.0228229413312,0.977045514338,0.000131544330439,30408,0.0226913970008
2025-03-01,trade_imbalance_100ms,100ms,9,0.0446907165642,0.955177743431,0.000131540004604,30409,0.0445591765596
2025-03-01,trade_imbalance_100ms,100ms,10,0.0369968429361,0.962970270981,3.28860826098e-05,30408,0.0369639568535
2025-03-01,di_10,1s,1,0.00995393411885,0.658533762356,0.331512303526,86398,-0.321558369407
2025-03-01,di_10,1s,2,0.0140977117261,0.835804483952,0.150097804322,86397,-0.136000092596
2025-03-01,di_10,1s,3,0.0188430287738,0.890830806269,0.0903261649575,86398,-0.0714831361837
2025-03-01,di_10,1s,4,0.0264948954789,0.908639488853,0.0648656156678,86394,-0.0383707201889
2025-03-01,di_10,1s,5,0.0351066046253,0.917447970924,0.0474454244508,86394,-0.0123388198255
2025-03-01,di_10,1s,6,0.0473412505498,0.917991990185,0.0346667592657,86394,0.0126744912841
2025-03-01,di_10,1s,7,0.0680802796361,0.907798791639,0.0241209287252,86398,0.0439593509109
2025-03-01,di_10,1s,8,0.0956051714759,0.883757537877,0.0206372906467,86397,0.0749678808292
2025-03-01,di_10,1s,9,0.155501284752,0.831118775898,0.0133799393504,86398,0.142121345402
2025-03-01,di_10,1s,10,0.313357333858,0.677266255339,0.00937641080255,86387,0.303980923056
2025-03-01,di_5,1s,1,0.0107757124008,0.653649390032,0.335574897567,86398,-0.324799185166
2025-03-01,di_5,1s,2,0.0137504774471,0.837853166198,0.148396356355,86397,-0.134645878908
2025-03-01,di_5,1s,3,0.0185883932498,0.892266024676,0.0891455820737,86398,-0.0705571888238
2025-03-01,di_5,1s,4,0.0262740604419,0.910783939257,0.0629420003009,86397,-0.036667939859
2025-03-01,di_5,1s,5,0.036102462005,0.915930688829,0.047966849166,86393,-0.011864387161
2025-03-01,di_5,1s,6,0.0475969997222,0.917353458654,0.0350495416242,86392,0.012547458098
2025-03-01,di_5,1s,7,0.0661242158383,0.910136808722,0.0237389754392,86398,0.0423852403991
2025-03-01,di_5,1s,8,0.095223213769,0.884139495584,0.0206372906467,86397,0.0745859231223
2025-03-01,di_5,1s,9,0.157075395264,0.829590962754,0.0133336419825,86398,0.143741753281
2025-03-01,di_5,1s,10,0.312871149594,0.67748619584,0.00964265456608,86387,0.303228495028
2025-03-01,microprice_deviation_bps,1s,1,0.0112618347647,0.651403967684,0.337334197551,86398,-0.326072362786
2025-03-01,microprice_deviation_bps,1s,2,0.0141671585819,0.837772144866,0.148060696552,86397,-0.13389353797
2025-03-01,microprice_deviation_bps,1s,3,0.0177550406259,0.894222088474,0.0880228708998,86398,-0.0702678302738
2025-03-01,microprice_deviation_bps,1s,4,0.025579591884,0.911756195238,0.0626642128778,86397,-0.0370846209938
2025-03-01,microprice_deviation_bps,1s,5,0.0366812125982,0.915525563414,0.0477932239881,86393,-0.0111120113898
2025-03-01,microprice_deviation_bps,1s,6,0.047458097972,0.917098805445,0.035443096583,86392,0.012015001389
2025-03-01,microprice_deviation_bps,1s,7,0.0659737493923,0.910159957406,0.0238662932012,86398,0.0421074561911
2025-03-01,microprice_deviation_bps,1s,8,0.0940657661724,0.886153454402,0.0197807794252,86397,0.0742849867472
2025-03-01,microprice_deviation_bps,1s,9,0.159100905114,0.827820088428,0.0130790064585,86398,0.146021898655
2025-03-01,microprice_deviation_bps,1s,10,0.312338662067,0.677277831155,0.0103835067776,86387,0.30195515529
2025-03-01,ofi_1s,1s,1,0.031712962963,0.695243055556,0.273043981481,86400,-0.241331018519
2025-03-01,ofi_1s,1s,2,0.0275003182907,0.831236472644,0.141263209065,86399,-0.113762890774
2025-03-01,ofi_1s,1s,3,0.0328024445576,0.883733043196,0.0834645122459,86396,-0.0506620676883
2025-03-01,ofi_1s,1s,4,0.0397967333804,0.896908171179,0.0632950954404,86389,-0.02349836206
2025-03-01,ofi_1s,1s,5,0.0425677240102,0.908057420699,0.0493748552906,86380,-0.00680713128039
2025-03-01,ofi_1s,1s,6,0.0533236107735,0.90704538352,0.0396310057062,86397,0.0136926050673
2025-03-01,ofi_1s,1s,7,0.0695394516013,0.891396692015,0.0390638563839,86397,0.0304755952174
2025-03-01,ofi_1s,1s,8,0.0845148670702,0.880612044121,0.0348730888089,86399,0.0496417782613
2025-03-01,ofi_1s,1s,9,0.13575388604,0.832764268105,0.0314818458547,86399,0.104272040186
2025-03-01,ofi_1s,1s,10,0.266831792035,0.702230349888,0.0309378580771,86399,0.235893933958
2025-03-01,qi_1,1s,1,0.0110303479247,0.6531169703,0.335852681775,86398,-0.32482233385
2025-03-01,qi_1,1s,2,0.0141555841059,0.836336909846,0.149507506048,86397,-0.135351921942
2025-03-01,qi_1,1s,3,0.0178013379939,0.894210514132,0.0879881478738,86398,-0.0701868098799
2025-03-01,qi_1,1s,4,0.0257763579754,0.911478407815,0.0627452342095,86397,-0.0369688762341
2025-03-01,qi_1,1s,5,0.0367969627169,0.915409813295,0.0477932239881,86393,-0.0109962612712
2025-03-01,qi_1,1s,6,0.0474812482637,0.916971478841,0.0355472728956,86392,0.0119339753681
2025-03-01,qi_1,1s,7,0.0652908632144,0.910796546216,0.0239125905692,86398,0.0413782726452
2025-03-01,qi_1,1s,8,0.0948412560621,0.885250645277,0.0199080986608,86397,0.0749331574013
2025-03-01,qi_1,1s,9,0.158799972222,0.82806314961,0.0131368781685,86398,0.145663094053
2025-03-01,qi_1,1s,10,0.312408116962,0.677555650734,0.0100362323035,86387,0.302371884659
2025-03-01,trade_imbalance_1s,1s,1,0.0382311190241,0.874636094603,0.0871327863725,83126,-0.0489016673484
2025-03-01,trade_imbalance_1s,1s,2,0.0365353383459,0.808372932331,0.155091729323,83125,-0.118556390977
2025-03-01,trade_imbalance_1s,1s,3,0.0451002093208,0.823051752761,0.131848037918,83126,-0.0867478285976
2025-03-01,trade_imbalance_1s,1s,4,0.0577563909774,0.840312781955,0.101930827068,83125,-0.0441744360902
2025-03-01,trade_imbalance_1s,1s,5,0.073407518797,0.842357894737,0.0842345864662,83125,-0.0108270676692
2025-03-01,trade_imbalance_1s,1s,6,0.0936763078108,0.839790172771,0.0665335194186,83116,0.0271427883921
2025-03-01,trade_imbalance_1s,1s,7,0.108246616541,0.833780451128,0.0579729323308,83125,0.0502736842105
2025-03-01,trade_imbalance_1s,1s,8,0.153634241994,0.800652022231,0.0457137357746,83126,0.107920506219
2025-03-01,trade_imbalance_1s,1s,9,0.111460025266,0.846321361968,0.0422186127654,83115,0.0692414125008
2025-03-01,trade_imbalance_1s,1s,10,0.082045112782,0.887807518797,0.0301473684211,83125,0.0518977443609
2025-03-01,di_10,30s,1,0.310352415255,0.138279268533,0.551368316212,86347,-0.241015900958
2025-03-01,di_10,30s,2,0.338125079637,0.150922633182,0.51095228718,86329,-0.172827207543
2025-03-01,di_10,30s,3,0.351478728085,0.183619352,0.464901919915,86358,-0.113423191829
2025-03-01,di_10,30s,4,0.381294214359,0.186224223969,0.432481561671,86369,-0.0511873473121
2025-03-01,di_10,30s,5,0.401494699033,0.183674178785,0.414831122183,86305,-0.0133364231505
2025-03-01,di_10,30s,6,0.423167766586,0.201400949404,0.375431284011,86370,0.047736482575
2025-03-01,di_10,30s,7,0.442515365117,0.194520643078,0.362963991805,86397,0.0795513733116
2025-03-01,di_10,30s,8,0.476868409783,0.185886084008,0.33724550621,86397,0.139622903573
2025-03-01,di_10,30s,9,0.498720961189,0.191253921035,0.310025117776,86393,0.188695843413
2025-03-01,di_10,30s,10,0.545396671065,0.133388892747,0.321214436188,86394,0.224182234877
2025-03-01,di_5,30s,1,0.310493398193,0.136159369933,0.553347231874,86340,-0.242853833681
2025-03-01,di_5,30s,2,0.339749012155,0.152272911621,0.507978076223,86299,-0.168229064068
2025-03-01,di_5,30s,3,0.352136316807,0.182573766886,0.465289916307,86387,-0.1131535995
2025-03-01,di_5,30s,4,0.377939166493,0.188813213798,0.43324761971,86334,-0.0553084532166
2025-03-01,di_5,30s,5,0.400412318597,0.186516255313,0.41307142609,86341,-0.0126591074924
2025-03-01,di_5,30s,6,0.425344709819,0.19984486611,0.374810424071,86377,0.0505342857474
2025-03-01,di_5,30s,7,0.439563873746,0.195851707814,0.36458441844,86397,0.0749794553052
2025-03-01,di_5,30s,8,0.474703982777,0.190631619153,0.334664398069,86397,0.140039584708
2025-03-01,di_5,30s,9,0.505272417904,0.18283888741,0.311888694686,86393,0.193383723218
2025-03-01,di_5,30s,10,0.543776188161,0.133655114939,0.3225686969,86394,0.221207491261
2025-03-01,microprice_deviation_bps,30s,1,0.310624399171,0.13433095125,0.555044649579,86339,-0.244420250408
2025-03-01,microprice_deviation_bps,30s,2,0.34315179606,0.153870220162,0.502977983778,86300,-0.159826187717
2025-03-01,microprice_deviation_bps,30s,3,0.347749583256,0.187372661604,0.46487775514,86384,-0.117128171884
2025-03-01,microprice_deviation_bps,30s,4,0.378767170887,0.185723551623,0.435509277491,86338,-0.0567421066043
2025-03-01,microprice_deviation_bps,30s,5,0.398355434594,0.189391394985,0.412253170421,86345,-0.0138977358272
2025-03-01,microprice_deviation_bps,30s,6,0.422891677859,0.201153151484,0.375955170657,86372,0.0469365072014
2025-03-01,microprice_deviation_bps,30s,7,0.446948389412,0.193444216813,0.359607393775,86397,0.0873409956364
2025-03-01,microprice_deviation_bps,30s,8,0.470699214093,0.19107144924,0.338229336667,86397,0.132469877426
2025-03-01,microprice_deviation_bps,30s,9,0.505642818284,0.18041970993,0.313937471786,86393,0.191705346498
2025-03-01,microprice_deviation_bps,30s,10,0.544563279857,0.132381878371,0.323054841771,86394,0.221508438086
2025-03-01,ofi_30s,30s,1,0.370211138665,0.18795049482,0.441838366514,86294,-0.071627227849
2025-03-01,ofi_30s,30s,2,0.353622248724,0.179022565967,0.46735518531,86369,-0.113732936586
2025-03-01,ofi_30s,30s,3,0.369778642215,0.185803927017,0.444417430768,86376,-0.0746387885524
2025-03-01,ofi_30s,30s,4,0.379084512756,0.211565879612,0.409349607632,86271,-0.0302650948755
2025-03-01,ofi_30s,30s,5,0.408561572477,0.202903248212,0.388535179311,86386,0.0200263931656
2025-03-01,ofi_30s,30s,6,0.434212962963,0.182361111111,0.383425925926,86400,0.050787037037
2025-03-01,ofi_30s,30s,7,0.464587529809,0.165370100252,0.370042369938,86382,0.0945451598713
2025-03-01,ofi_30s,30s,8,0.463952129076,0.156888389912,0.379159481013,86399,0.0847926480631
2025-03-01,ofi_30s,30s,9,0.471926758412,0.151842035209,0.37623120638,86399,0.0956955520319
2025-03-01,ofi_30s,30s,10,0.453515159233,0.12554553558,0.420939305187,86383,0.0325758540454
2025-03-01,qi_1,30s,1,0.311064524722,0.135176455599,0.553759019678,86339,-0.242694494956
2025-03-01,qi_1,30s,2,0.342873696408,0.152966396292,0.5041599073,86300,-0.161286210892
2025-03-01,qi_1,30s,3,0.348027412484,0.18739581404,0.464576773477,86384,-0.116549360993
2025-03-01,qi_1,30s,4,0.378188051611,0.185989946489,0.4358220019,86338,-0.0576339502884
2025-03-01,qi_1,30s,5,0.398714459436,0.189136603162,0.412148937402,86345,-0.0134344779663
2025-03-01,qi_1,30s,6,0.423019033946,0.200840550178,0.376140415876,86372,0.0468786180707
2025-03-01,qi_1,30s,7,0.446763197796,0.193340046529,0.359896755674,86397,0.0868664421218
2025-03-01,qi_1,30s,8,0.470398277718,0.191372385615,0.338229336667,86397,0.132168941051
2025-03-01,qi_1,30s,9,0.50816617087,0.177838482284,0.313995346845,86393,0.194170824025
2025-03-01,qi_1,30s,10,0.542178855013,0.135101974674,0.322719170313,86394,0.2194596847
2025-03-01,trade_imbalance_30s,30s,1,0.364361732927,0.246493960695,0.389144306377,86351,-0.0247825734502
2025-03-01,trade_imbalance_30s,30s,2,0.399105373553,0.200294346007,0.40060028044,86293,-0.001494906887
2025-03-01,trade_imbalance_30s,30s,3,0.387916444486,0.172315860246,0.439767695268,86266,-0.0518512507825
2025-03-01,trade_imbalance_30s,30s,4,0.394298545122,0.161055104804,0.444646350073,86399,-0.0503478049514
2025-03-01,trade_imbalance_30s,30s,5,0.423257213625,0.166425537333,0.410317249042,86399,0.0129399645829
2025-03-01,trade_imbalance_30s,30s,6,0.446099537037,0.154560185185,0.399340277778,86400,0.0467592592593
2025-03-01,trade_imbalance_30s,30s,7,0.408650563085,0.16885612102,0.422493315895,86399,-0.0138427528096
2025-03-01,trade_imbalance_30s,30s,8,0.424981770622,0.158497204829,0.416521024549,86399,0.00846074607345
2025-03-01,trade_imbalance_30s,30s,9,0.44239988883,0.152604395859,0.404995715311,86354,0.0374041735183
2025-03-01,trade_imbalance_30s,30s,10,0.478431463327,0.168138520122,0.353430016551,86399,0.125001446776
2025-03-01,di_10,500ms,1,0.00332183615361,0.770318757379,0.226359406468,86398,-0.223037570314
2025-03-01,di_10,500ms,2,0.00493072676135,0.914707686609,0.0803615866292,86397,-0.0754308598678
2025-03-01,di_10,500ms,3,0.00732655848515,0.95094793861,0.0417255029052,86398,-0.03439894442
2025-03-01,di_10,500ms,4,0.00971098533514,0.962024144357,0.028264870308,86397,-0.0185538849729
2025-03-01,di_10,500ms,5,0.013854808093,0.965716005371,0.0204291865364,86396,-0.00657437844345
2025-03-01,di_10,500ms,6,0.019330046068,0.967694515823,0.0129754381091,86394,0.00635460795889
2025-03-01,di_10,500ms,7,0.0278941642168,0.963679714808,0.00842612097502,86398,0.0194680432417
2025-03-01,di_10,500ms,8,0.0431496463998,0.950183455444,0.00666689815619,86397,0.0364827482436
2025-03-01,di_10,500ms,9,0.085974212366,0.910136808722,0.00388897891155,86398,0.0820852334545
2025-03-01,di_10,500ms,10,0.208572553014,0.788915640337,0.00251180664876,86392,0.206060746365
2025-03-01,di_5,500ms,1,0.00372693812357,0.766892752147,0.229380309729,86398,-0.225653371606
2025-03-01,di_5,500ms,2,0.00481498200169,0.916119772677,0.079065245321,86397,-0.0742502633193
2025-03-01,di_5,500ms,3,0.00700247690919,0.952325285308,0.0406722377833,86398,-0.0336697608741
2025-03-01,di_5,500ms,4,0.00995404933042,0.962591293679,0.0274546569904,86397,-0.01750060766
2025-03-01,di_5,500ms,5,0.0139011065327,0.965692856151,0.0204060373165,86396,-0.00650493078383
2025-03-01,di_5,500ms,6,0.0194573697247,0.967312544853,0.0132300854226,86394,0.00622728430215
2025-03-01,di_5,500ms,7,0.0272344267228,0.96461723651,0.00814833676705,86398,0.0190860899558
2025-03-01,di_5,500ms,8,0.0422699862264,0.951086264569,0.00664374920425,86397,0.0356262370221
2025-03-01,di_5,500ms,9,0.08646033473,0.909511794254,0.00402787101553,86398,0.0824324637144
2025-03-01,di_5,500ms,10,0.209243911473,0.788174831003,0.00258125752384,86392,0.206662653949
2025-03-01,microprice_deviation_bps,500ms,1,0.00409731706752,0.765075580453,0.230827102479,86398,-0.226729785412
2025-03-01,microprice_deviation_bps,500ms,2,0.00500017361714,0.916721645428,0.0782781809554,86397,-0.0732780073382
2025-03-01,microprice_deviation_bps,500ms,3,0.00665524664923,0.952776684645,0.0405680687053,86398,-0.0339128220561
2025-03-01,microprice_deviation_bps,500ms,4,0.0097225598111,0.962984825862,0.0272926143269,86397,-0.0175700545158
2025-03-01,microprice_deviation_bps,500ms,5,0.0139589795824,0.966028519839,0.0200125005787,86396,-0.00605352099634
2025-03-01,microprice_deviation_bps,500ms,6,0.019630992893,0.967277820219,0.013091186888,86394,0.00653980600505
2025-03-01,microprice_deviation_bps,500ms,7,0.0272344267228,0.9645593648,0.00820620847705,86398,0.0190282182458
2025-03-01,microprice_deviation_bps,500ms,8,0.0416102410963,0.951989073695,0.00640068520898,86397,0.0352095558874
2025-03-01,microprice_deviation_bps,500ms,9,0.0878261070858,0.908342785713,0.00383110720156,86398,0.0839949998843
2025-03-01,microprice_deviation_bps,500ms,10,0.208329474951,0.788568385962,0.00310213908695,86392,0.205227335864
2025-03-01,ofi_500ms,500ms,1,0.0103125,0.808414351852,0.181273148148,86400,-0.170960648148
2025-03-01,ofi_500ms,500ms,2,0.011967731108,0.921052326995,0.0669799418975,86399,-0.0550122107895
2025-03-01,ofi_500ms,500ms,3,0.0179867356505,0.937416808454,0.0445964558955,86397,-0.0266097202449
2025-03-01,ofi_500ms,500ms,4,0.0192134077178,0.945901525498,0.034885066784,86398,-0.0156716590662
2025-03-01,ofi_500ms,500ms,5,0.0210935781516,0.95330933003,0.0255970918184,86377,-0.00450351366683
2025-03-01,ofi_500ms,500ms,6,0.0261689814815,0.954548611111,0.0192824074074,86400,0.00688657407407
2025-03-01,ofi_500ms,500ms,7,0.0387041516684,0.943031748053,0.0182641002789,86399,0.0204400513895
2025-03-01,ofi_500ms,500ms,8,0.0458806916827,0.937405958471,0.0167133498461,86398,0.0291673418366
2025-03-01,ofi_500ms,500ms,9,0.0612977152249,0.923979721753,0.0147225630223,86398,0.0465751522026
2025-03-01,ofi_500ms,500ms,10,0.171425595204,0.819280315744,0.00929408905196,86399,0.162131506152
2025-03-01,qi_1,500ms,1,0.00391212759555,0.766348758073,0.229739114331,86398,-0.225826986736
2025-03-01,qi_1,500ms,2,0.00501174809311,0.915691517067,0.0792967348403,86397,-0.0742849867472
2025-03-01,qi_1,500ms,3,0.00666682099123,0.952765110303,0.0405680687053,86398,-0.0339012477141
2025-03-01,qi_1,500ms,4,0.00988460247462,0.962753336343,0.0273620611827,86397,-0.0174774587081
2025-03-01,qi_1,500ms,5,0.0140515764619,0.965924348349,0.0200240751887,86396,-0.00597249872679
2025-03-01,qi_1,500ms,6,0.0197004421603,0.967173646318,0.0131259115216,86394,0.0065745306387
2025-03-01,qi_1,500ms,7,0.0270145142249,0.96479085164,0.00819463413505,86398,0.0188198800898
2025-03-01,qi_1,500ms,8,0.0419111774714,0.951537669132,0.00655115339653,86397,0.0353600240749
2025-03-01,qi_1,500ms,9,0.0877566610338,0.908354360055,0.00388897891155,86398,0.0838676821223
2025-03-01,qi_1,500ms,10,0.208155847764,0.788985091212,0.00285906102417,86392,0.20529678674
2025-03-01,trade_imbalance_500ms,500ms,1,0.0166481687014,0.927136514983,0.0562153163152,72080,-0.0395671476138
2025-03-01,trade_imbalance_500ms,500ms,2,0.0207272575924,0.912998238044,0.0662745043633,72079,-0.0455472467709
2025-03-01,trade_imbalance_500ms,500ms,3,0.0168155835507,0.87442421888,0.108760197569,72076,-0.0919446140185
2025-03-01,trade_imbalance_500ms,500ms,4,0.0241263058588,0.888955174184,0.0869185199573,72079,-0.0627922140984
2025-03-01,trade_imbalance_500ms,500ms,5,0.0390404972322,0.907254540157,0.0537049626105,72079,-0.0146644653783
2025-03-01,trade_imbalance_500ms,500ms,6,0.0621834982033,0.901397116972,0.0364193848246,72077,0.0257641133787
2025-03-01,trade_imbalance_500ms,500ms,7,0.121921780269,0.857323214806,0.0207550049252,72079,0.101166775344
2025-03-01,trade_imbalance_500ms,500ms,8,0.0637356234132,0.912443291389,0.0238210851982,72079,0.039914538215
2025-03-01,trade_imbalance_500ms,500ms,9,0.053441362949,0.93236587633,0.0141927607209,72079,0.0392486022281
2025-03-01,trade_imbalance_500ms,500ms,10,0.0501255566809,0.935889787594,0.013984655725,72079,0.0361409009559
2025-03-01,di_10,5s,1,0.0910900715294,0.368202967661,0.540706960809,86398,-0.44961688928
2025-03-01,di_10,5s,2,0.112626484822,0.502384976961,0.384988538218,86374,-0.272362053396
2025-03-01,di_10,5s,3,0.125419569897,0.573508646033,0.301071784069,86398,-0.175652214172
2025-03-01,di_10,5s,4,0.15746764522,0.59339476304,0.249137591739,86386,-0.0916699465191
2025-03-01,di_10,5s,5,0.191630491405,0.601620651734,0.206748856862,86385,-0.015118365457
2025-03-01,di_10,5s,6,0.223244669769,0.606975021414,0.169780308818,86394,0.053464360951
2025-03-01,di_10,5s,7,0.27160350934,0.584342230144,0.144054260515,86398,0.127549248825
2025-03-01,di_10,5s,8,0.317395279929,0.550204289501,0.132400430571,86397,0.184994849358
2025-03-01,di_10,5s,9,0.393786102076,0.50427726394,0.101936633984,86387,0.291849468091
2025-03-01,di_10,5s,10,0.531484396703,0.36925872766,0.0992568756366,86392,0.432227521067
2025-03-01,di_5,5s,1,0.0925368642793,0.36547142295,0.541991712771,86398,-0.449454848492
2025-03-01,di_5,5s,2,0.112545441915,0.500694653484,0.386759904601,86374,-0.274214462686
2025-03-01,di_5,5s,3,0.127352485011,0.573497071691,0.299150443297,86398,-0.171797958286
2025-03-01,di_5,5s,4,0.155746148593,0.595437341574,0.248816509833,86397,-0.0930703612394
2025-03-01,di_5,5s,5,0.189734210039,0.606929523986,0.203336265975,86384,-0.0136020559363
2025-03-01,di_5,5s,6,0.222911650306,0.606582237451,0.170506112243,86384,0.0524055380626
2025-03-01,di_5,5s,7,0.268073335031,0.585036690664,0.146889974305,86398,0.121183360726
2025-03-01,di_5,5s,8,0.316504045279,0.552241397271,0.13125455745,86397,0.185249487829
2025-03-01,di_5,5s,9,0.400083345874,0.49823468809,0.101681966037,86387,0.298401379837
2025-03-01,di_5,5s,10,0.530269006389,0.370045837578,0.099685156033,86392,0.430583850357
2025-03-01,microprice_deviation_bps,5s,1,0.0928725201972,0.363885738096,0.543241741707,86398,-0.45036922151
2025-03-01,microprice_deviation_bps,5s,2,0.113101164702,0.50113460069,0.385764234608,86374,-0.272663069905
2025-03-01,microprice_deviation_bps,5s,3,0.124528345564,0.576170744693,0.299300909743,86398,-0.17477256418
2025-03-01,microprice_deviation_bps,5s,4,0.155456786694,0.598411981898,0.246131231408,86397,-0.0906744447145
2025-03-01,microprice_deviation_bps,5s,5,0.187777829228,0.60770513058,0.204517040193,86384,-0.016739210965
2025-03-01,microprice_deviation_bps,5s,6,0.224104000741,0.605123634006,0.170772365253,86384,0.0533316354881
2025-03-01,microprice_deviation_bps,5s,7,0.268050186347,0.586379314336,0.145570499317,86398,0.12247968703
2025-03-01,microprice_deviation_bps,5s,8,0.314096554279,0.552924291353,0.132979154369,86397,0.18111739991
2025-03-01,microprice_deviation_bps,5s,9,0.404873531284,0.493222202929,0.101904265787,86385,0.302969265497
2025-03-01,microprice_deviation_bps,5s,10,0.530893349075,0.369215454777,0.0998911961479,86394,0.431002152927
2025-03-01,ofi_5s,5s,1,0.202974537037,0.42037037037,0.376655092593,86400,-0.173680555556
2025-03-01,ofi_5s,5s,2,0.177096957141,0.46957719418,0.353325848679,86399,-0.176228891538
2025-03-01,ofi_5s,5s,3,0.145881318071,0.536557136078,0.317561545851,86399,-0.17168022778
2025-03-01,ofi_5s,5s,4,0.142814152942,0.614474704568,0.24271114249,86399,-0.0998969895485
2025-03-01,ofi_5s,5s,5,0.162098342439,0.664586998796,0.173314658765,86392,-0.0112163163256
2025-03-01,ofi_5s,5s,6,0.212455569578,0.638559238633,0.148985191789,86371,0.0634703777888
2025-03-01,ofi_5s,5s,7,0.263991478917,0.582142774446,0.153865746637,86374,0.110125732281
2025-03-01,ofi_5s,5s,8,0.342747349414,0.491249594889,0.166003055697,86396,0.176744293717
2025-03-01,ofi_5s,5s,9,0.368598944347,0.44197379387,0.189427261783,86392,0.179171682563
2025-03-01,ofi_5s,5s,10,0.397131512843,0.39471216734,0.208156319817,86387,0.188975193027
2025-03-01,qi_1,5s,1,0.0928146484872,0.365621889396,0.541563462117,86398,-0.44874881363
2025-03-01,qi_1,5s,2,0.113135897377,0.499548475236,0.387315627388,86374,-0.274179730011
2025-03-01,qi_1,5s,3,0.124482048196,0.575962406537,0.299555545267,86398,-0.175073497072
2025-03-01,qi_1,5s,4,0.155433637742,0.598689769321,0.245876592937,86397,-0.0904429551952
2025-03-01,qi_1,5s,5,0.188206149287,0.60717262456,0.204621226153,86384,-0.0164150768661
2025-03-01,qi_1,5s,6,0.223872476385,0.605227819967,0.170899703649,86384,0.0529727727357
2025-03-01,qi_1,5s,7,0.267737679113,0.586877011042,0.145385309845,86398,0.122352369268
2025-03-01,qi_1,5s,8,0.314084979803,0.552681227357,0.13323379284,86397,0.180851186963
2025-03-01,qi_1,5s,9,0.405331882481,0.492730303521,0.101937813998,86386,0.303394068483
2025-03-01,qi_1,5s,10,0.530656418923,0.369659578901,0.0996840021761,86393,0.430972416747
2025-03-01,trade_imbalance_5s,5s,1,0.166657021493,0.557575897869,0.275767080638,86399,-0.109110059144
2025-03-01,trade_imbalance_5s,5s,2,0.182131737636,0.542529427424,0.27533883494,86399,-0.0932070973044
2025-03-01,trade_imbalance_5s,5s,3,0.198995358743,0.533721455109,0.267283186148,86399,-0.0682878274054
2025-03-01,trade_imbalance_5s,5s,4,0.222271091101,0.515445780622,0.262283128277,86399,-0.0400120371764
2025-03-01,trade_imbalance_5s,5s,5,0.23298802014,0.524509520227,0.242502459633,86395,-0.00951443949303
2025-03-01,trade_imbalance_5s,5s,6,0.264027319558,0.515031544828,0.220941135614,86385,0.043086183944
2025-03-01,trade_imbalance_5s,5s,7,0.264160772374,0.512172533948,0.223666693678,86383,0.040494078696
2025-03-01,trade_imbalance_5s,5s,8,0.275098704396,0.509696766201,0.215204529403,86369,0.0598941749933
2025-03-01,trade_imbalance_5s,5s,9,0.295348783368,0.516680943671,0.187970272961,86386,0.107378510407
2025-03-01,trade_imbalance_5s,5s,10,0.314126307991,0.526773312344,0.159100379665,86392,0.155025928327
2025-04-01,di_10,100ms,1,0.000162037037037,0.945335648148,0.0545023148148,86400,-0.0543402777778
2025-04-01,di_10,100ms,2,0.000196761536592,0.986967441753,0.0128357967106,86399,-0.012639035174
2025-04-01,di_10,100ms,3,0.000300929408905,0.993842521325,0.00585654926562,86399,-0.00555561985671
2025-04-01,di_10,100ms,4,0.000393523073184,0.997106447991,0.00250002893552,86399,-0.00210650586234
2025-04-01,di_10,100ms,5,0.000671304066019,0.997916642554,0.00141205338025,86399,-0.000740749314228
2025-04-01,di_10,100ms,6,0.00123842592593,0.998032407407,0.000729166666667,86400,0.000509259259259
2025-04-01,di_10,100ms,7,0.00241900947928,0.997083299575,0.000497690945497,86399,0.00192131853378
2025-04-01,di_10,100ms,8,0.00545151508137,0.994235977685,0.000312507233964,86398,0.0051390078474
2025-04-01,di_10,100ms,9,0.0135418234007,0.986284563479,0.000173613120522,86399,0.0133682102802
2025-04-01,di_10,100ms,10,0.0587043831526,0.941168300559,0.000127316288383,86399,0.0585770668642
2025-04-01,di_5,100ms,1,0.000162037037037,0.945648148148,0.0541898148148,86400,-0.0540277777778
2025-04-01,di_5,100ms,2,0.000185187328557,0.987013738585,0.0128010740865,86399,-0.0126158867579
2025-04-01,di_5,100ms,3,0.000324077824975,0.993622611373,0.00605331080221,86399,-0.00572923297723
2025-04-01,di_5,100ms,4,0.000405097281219,0.996909686455,0.00268521626408,86399,-0.00228011898286
2025-04-01,di_5,100ms,5,0.00064815564995,0.998067107258,0.00128473709186,86399,-0.000636581441915
2025-04-01,di_5,100ms,6,0.00127314814815,0.997905092593,0.000821759259259,86400,0.000451388888889
2025-04-01,di_5,100ms,7,0.00250002893552,0.997002280119,0.000497690945497,86399,0.00200233799002
2025-04-01,di_5,100ms,8,0.00555568415936,0.994154957291,0.000289358549966,86398,0.00526632560939
2025-04-01,di_5,100ms,9,0.0134492297365,0.986342434519,0.000208335744627,86399,0.0132408939918
2025-04-01,di_5,100ms,10,0.0585770668642,0.941307191055,0.000115742080348,86399,0.0584613247839
2025-04-01,microprice_deviation_bps,100ms,1,0.0003125,0.944826388889,0.0548611111111,86400,-0.0545486111111
2025-04-01,microprice_deviation_bps,100ms,2,0.000173613120522,0.987777636315,0.0120487505642,86399,-0.0118751374437
2025-04-01,microprice_deviation_bps,100ms,3,0.000300929408905,0.993680482413,0.0060185881781,86399,-0.0057176587692
2025-04-01,microprice_deviation_bps,100ms,4,0.000428245697288,0.996898112247,0.00267364205604,86399,-0.00224539635875
2025-04-01,microprice_deviation_bps,100ms,5,0.00064815564995,0.997962939386,0.00138890496418,86399,-0.000740749314228
2025-04-01,microprice_deviation_bps,100ms,6,0.00123842592593,0.997962962963,0.000798611111111,86400,0.000439814814815
2025-04-01,microprice_deviation_bps,100ms,7,0.00250002893552,0.997002280119,0.000497690945497,86399,0.00200233799002
2025-04-01,microprice_deviation_bps,100ms,8,0.00552096113336,0.994189680317,0.000289358549966,86398,0.00523160258339
2025-04-01,microprice_deviation_bps,100ms,9,0.0138196043936,0.985948911446,0.000231484160696,86399,0.0135881202329
2025-04-01,microprice_deviation_bps,100ms,10,0.0581372469589,0.941723862545,0.000138890496418,86399,0.0579983564625
2025-04-01,ofi_100ms,100ms,1,0.00127314814815,0.957199074074,0.0415277777778,86400,-0.0402546296296
2025-04-01,ofi_100ms,100ms,2,0.00234956423107,0.985775298325,0.0118751374437,86399,-0.00952557321265
2025-04-01,ofi_100ms,100ms,3,0.00281253255246,0.989259134944,0.00792833250385,86399,-0.00511579995139
2025-04-01,ofi_100ms,100ms,4,0.00358800449079,0.992175835368,0.00423616014074,86399,-0.00064815564995
2025-04-01,ofi_100ms,100ms,5,0.00165511174898,0.996620331254,0.00172455699719,86399,-6.94452482089e-05
2025-04-01,ofi_100ms,100ms,6,0.00237268518519,0.995451388889,0.00217592592593,86400,0.000196759259259
2025-04-01,ofi_100ms,100ms,7,0.00459496058982,0.992198983785,0.00320605562564,86399,0.00138890496418
2025-04-01,ofi_100ms,100ms,8,0.00876167548236,0.988425791965,0.00281253255246,86399,0.0059491429299
2025-04-01,ofi_100ms,100ms,9,0.0124538478455,0.985358626836,0.00218752531858,86399,0.0102663225269
2025-04-01,ofi_100ms,100ms,10,0.043218593023,0.955508229357,0.00127317761985,86398,0.0419454154031
2025-04-01,qi_1,100ms,1,0.000185185185185,0.945266203704,0.0545486111111,86400,-0.0543634259259
2025-04-01,qi_1,100ms,2,0.000185187328557,0.987488281114,0.0123265315571,86399,-0.0121413442285
2025-04-01,qi_1,100ms,3,0.000324077824975,0.993668908205,0.00600701397007,86399,-0.00568293614509
2025-04-01,qi_1,100ms,4,0.000462968321393,0.996840241206,0.00269679047211,86399,-0.00223382215072
2025-04-01,qi_1,100ms,5,0.000706026690124,0.99788191993,0.00141205338025,86399,-0.000706026690124
2025-04-01,qi_1,100ms,6,0.00126157407407,0.997928240741,0.000810185185185,86400,0.000451388888889
2025-04-01,qi_1,100ms,7,0.00250002893552,0.996990705911,0.000509265153532,86399,0.00199076378199
2025-04-01,qi_1,100ms,8,0.00559040718535,0.994108659923,0.000300932891965,86398,0.00528947429339
2025-04-01,qi_1,100ms,9,0.0133566360722,0.986423453975,0.000219909952661,86399,0.0131367261195
2025-04-01,qi_1,100ms,10,0.058507621616,0.941376636304,0.000115742080348,86399,0.0583918795356
2025-04-01,trade_imbalance_100ms,100ms,1,0.00074181224732,0.970253328882,0.0290048588702,26961,-0.0282630466229
2025-04-01,trade_imbalance_100ms,100ms,2,0.00107566765579,0.977225519288,0.0216988130564,26960,-0.0206231454006
2025-04-01,trade_imbalance_100ms,100ms,3,0.00389465875371,0.938464391691,0.0576409495549,26960,-0.0537462908012
2025-04-01,trade_imbalance_100ms,100ms,4,0.000927299703264,0.96884272997,0.0302299703264,26960,-0.0293026706231
2025-04-01,trade_imbalance_100ms,100ms,5,0.00760385756677,0.918175074184,0.0742210682493,26960,-0.0666172106825
2025-04-01,trade_imbalance_100ms,100ms,6,0.096064686028,0.902117873966,0.00181744000593,26961,0.094247246022
2025-04-01,trade_imbalance_100ms,100ms,7,0.0165801186944,0.982715133531,0.000704747774481,26960,0.0158753709199
2025-04-01,trade_imbalance_100ms,100ms,8,0.0193620178042,0.979339762611,0.00129821958457,26960,0.0180637982196
2025-04-01,trade_imbalance_100ms,100ms,9,0.0609050445104,0.935385756677,0.00370919881306,26960,0.0571958456973
2025-04-01,trade_imbalance_100ms,100ms,10,0.0250380206981,0.974034645202,0.00092733409993,26959,0.0241106865982
2025-04-01,di_10,1s,1,0.0104050925926,0.713333333333,0.276261574074,86400,-0.265856481481
2025-04-01,di_10,1s,2,0.0146992442042,0.844697276589,0.140603479207,86399,-0.125904235003
2025-04-01,di_10,1s,3,0.0200581025243,0.882672253151,0.0972696443246,86399,-0.0772115418003
2025-04-01,di_10,1s,4,0.0243058368731,0.911630921654,0.0640632414727,86399,-0.0397574045996
2025-04-01,di_10,1s,5,0.0329633444832,0.920265280848,0.0467713746687,86399,-0.0138080301855
2025-04-01,di_10,1s,6,0.0430555555556,0.924375,0.0325694444444,86400,0.0104861111111
2025-04-01,di_10,1s,7,0.0682878274054,0.906272063334,0.0254401092605,86399,0.0428477181449
2025-04-01,di_10,1s,8,0.0986712655386,0.882508854372,0.0188198800898,86398,0.0798513854487
2025-04-01,di_10,1s,9,0.153670760078,0.829974883969,0.0163543559532,86399,0.137316404125
2025-04-01,di_10,1s,10,0.292695913879,0.697673341822,0.00963074429911,86390,0.28306516958
2025-04-01,di_5,1s,1,0.0102893518519,0.714305555556,0.275405092593,86400,-0.265115740741
2025-04-01,di_5,1s,2,0.0149423025729,0.843713468906,0.141344228521,86399,-0.126401925948
2025-04-01,di_5,1s,3,0.0203590319332,0.882996330976,0.0966446370907,86399,-0.0762856051575
2025-04-01,di_5,1s,4,0.0238312943437,0.911573050614,0.0645956550423,86399,-0.0407643606986
2025-04-01,di_5,1s,5,0.0325582472019,0.920762971794,0.0466787810044,86399,-0.0141205338025
2025-04-01,di_5,1s,6,0.0436689814815,0.922824074074,0.0335069444444,86400,0.010162037037
2025-04-01,di_5,1s,7,0.067477632843,0.907140128937,0.0253822382203,86399,0.0420953946226
2025-04-01,di_5,1s,8,0.0999675918424,0.881640778722,0.0183916294359,86398,0.0815759624065
2025-04-01,di_5,1s,9,0.15224713249,0.832301299784,0.0154515677265,86399,0.136795564763
2025-04-01,di_5,1s,10,0.293471466605,0.696145387198,0.0103831461975,86390,0.283088320407
2025-04-01,microprice_deviation_bps,1s,1,0.0103240740741,0.71255787037,0.277118055556,86400,-0.266793981481
2025-04-01,microprice_deviation_bps,1s,2,0.0152200835658,0.844176437227,0.140603479207,86399,-0.125383395641
2025-04-01,microprice_deviation_bps,1s,3,0.0201275477725,0.883945416035,0.0959270361925,86399,-0.07579948842
2025-04-01,microprice_deviation_bps,1s,4,0.0240975011285,0.911619347446,0.0642831514254,86399,-0.0401856502969
2025-04-01,microprice_deviation_bps,1s,5,0.0320605562564,0.92143427586,0.0465051678839,86399,-0.0144446116274
2025-04-01,microprice_deviation_bps,1s,6,0.0446180555556,0.921736111111,0.0336458333333,86400,0.0109722222222
2025-04-01,microprice_deviation_bps,1s,7,0.0670609613537,0.907302167849,0.0256368707971,86399,0.0414240905566
2025-04-01,microprice_deviation_bps,1s,8,0.101449107618,0.880656959652,0.0178939327299,86398,0.0835551748883
2025-04-01,microprice_deviation_bps,1s,9,0.152410935438,0.831778513392,0.0158105511702,86398,0.136600384268
2025-04-01,microprice_deviation_bps,1s,10,0.29144239562,0.69819772893,0.01035987545,86391,0.28108252017
2025-04-01,ofi_1s,1s,1,0.0326388888889,0.72599537037,0.241365740741,86400,-0.208726851852
2025-04-01,ofi_1s,1s,2,0.036562923182,0.827231796664,0.136205280154,86399,-0.0996423569717
2025-04-01,ofi_1s,1s,3,0.0360420838204,0.883123647264,0.0808342689151,86399,-0.0447921850947
2025-04-01,ofi_1s,1s,4,0.0339471521661,0.908216530284,0.05783631755,86399,-0.0238891653839
2025-04-01,ofi_1s,1s,5,0.0326624150742,0.921156494867,0.0461810900589,86399,-0.0135186749847
2025-04-01,ofi_1s,1s,6,0.0413773148148,0.926284722222,0.032337962963,86400,0.00903935185185
2025-04-01,ofi_1s,1s,7,0.0565059376374,0.908678441631,0.034815620732,86398,0.0216903169055
2025-04-01,ofi_1s,1s,8,0.0835088775203,0.885495034607,0.0309960878724,86398,0.0525127896479
2025-04-01,ofi_1s,1s,9,0.148163151925,0.816558253663,0.0352785944119,86398,0.112884557513
2025-04-01,ofi_1s,1s,10,0.257396518196,0.710667654412,0.0319358273914,86392,0.225460690805
2025-04-01,qi_1,1s,1,0.0103935185185,0.711597222222,0.278009259259,86400,-0.267615740741
2025-04-01,qi_1,1s,2,0.0150927672774,0.844674128173,0.14023310455,86399,-0.125140337272
2025-04-01,qi_1,1s,3,0.0200812509404,0.88415375178,0.0957649972801,86399,-0.0756837463397
2025-04-01,qi_1,1s,4,0.0241437979606,0.911769812151,0.0640863898888,86399,-0.0399425919281
2025-04-01,qi_1,1s,5,0.0321184272966,0.921573166356,0.0463084063473,86399,-0.0141899790507
2025-04-01,qi_1,1s,6,0.0444328703704,0.921793981481,0.0337731481481,86400,0.0106597222222
2025-04-01,qi_1,1s,7,0.0671998518501,0.907024386856,0.0257757612935,86399,0.0414240905566
2025-04-01,qi_1,1s,8,0.100662052362,0.881606055696,0.0177318919419,86398,0.0829301604204
2025-04-01,qi_1,1s,9,0.150661465989,0.833667056332,0.0156714776791,86399,0.13498998831
2025-04-01,qi_1,1s,10,0.294027086468,0.695543465679,0.0104294478528,86390,0.283597638616
2025-04-01,trade_imbalance_1s,1s,1,0.0379218715077,0.887786524946,0.0742916035463,80534,-0.0363697320386
2025-04-01,trade_imbalance_1s,1s,2,0.0350920763433,0.843141150613,0.121766773044,80531,-0.0866746967006
2025-04-01,trade_imbalance_1s,1s,3,0.0492468925782,0.805620056374,0.145133051047,80533,-0.0958861584692
2025-04-01,trade_imbalance_1s,1s,4,0.060695615462,0.832093675884,0.107210708654,80533,-0.0465150931916
2025-04-01,trade_imbalance_1s,1s,5,0.0725416909838,0.845901680057,0.0815566289596,80533,-0.00901493797574
2025-04-01,trade_imbalance_1s,1s,6,0.0911788809695,0.843519507289,0.0653016117416,80534,0.0258772692279
2025-04-01,trade_imbalance_1s,1s,7,0.121353979114,0.824059702234,0.054586318652,80533,0.0667676604622
2025-04-01,trade_imbalance_1s,1s,8,0.17832971127,0.777174790438,0.0444954982925,80525,0.133834212977
2025-04-01,trade_imbalance_1s,1s,9,0.0679721356463,0.907528590764,0.0244992735897,80533,0.0434728620565
2025-04-01,trade_imbalance_1s,1s,10,0.0753355767201,0.884767734966,0.0398966883141,80533,0.035438888406
2025-04-01,di_10,30s,1,0.30573049317,0.128027321139,0.566242185691,86380,-0.260511692521
2025-04-01,di_10,30s,2,0.328079217094,0.162360298801,0.509560484104,86345,-0.18148126701
2025-04-01,di_10,30s,3,0.353255205318,0.173668851472,0.473075943211,86354,-0.119820737893
2025-04-01,di_10,30s,4,0.369607025349,0.190578803466,0.439814171185,86316,-0.0702071458362
2025-04-01,di_10,30s,5,0.402347548271,0.189818030282,0.407834421447,86388,-0.00548687317683
2025-04-01,di_10,30s,6,0.428754992186,0.18077212479,0.390472883024,86385,0.0382821091625
2025-04-01,di_10,30s,7,0.463691613127,0.168698269375,0.367610117497,86385,0.09608149563
2025-04-01,di_10,30s,8,0.494883430185,0.160118537726,0.344998032089,86386,0.149885398097
2025-04-01,di_10,30s,9,0.522005442019,0.154588085451,0.323406472529,86365,0.19859896949
2025-04-01,di_10,30s,10,0.558457193129,0.134625179423,0.306917627448,86388,0.25153956568
2025-04-01,di_5,30s,1,0.301817550359,0.128397777263,0.569784672378,86380,-0.267967122019
2025-04-01,di_5,30s,2,0.330340281077,0.162065090197,0.507594628726,86311,-0.17725434765
2025-04-01,di_5,30s,3,0.352050560822,0.180018751953,0.467930687224,86391,-0.115880126402
2025-04-01,di_5,30s,4,0.372094909285,0.184257478509,0.443647612207,86314,-0.0715527029219
2025-04-01,di_5,30s,5,0.400460712136,0.190825114599,0.408714173265,86388,-0.00825346112886
2025-04-01,di_5,30s,6,0.433286256714,0.180033339507,0.386680403778,86384,0.0466058529357
2025-04-01,di_5,30s,7,0.463038847988,0.168183080983,0.368778071028,86388,0.0942607769598
2025-04-01,di_5,30s,8,0.493644950688,0.159547622355,0.346807426957,86388,0.14683752373
2025-04-01,di_5,30s,9,0.519683763355,0.156162100219,0.324154136426,86391,0.195529626929
2025-04-01,di_5,30s,10,0.560406220689,0.133747119515,0.305846659796,86357,0.254559560893
2025-04-01,microprice_deviation_bps,30s,1,0.301643708763,0.130524366246,0.567831924991,86390,-0.266188216229
2025-04-01,microprice_deviation_bps,30s,2,0.329200750817,0.158158181355,0.512641067828,86306,-0.183440317012
2025-04-01,microprice_deviation_bps,30s,3,0.352344681491,0.182238068228,0.465417250281,86387,-0.113072568789
2025-04-01,microprice_deviation_bps,30s,4,0.373455038284,0.182128832721,0.444416128995,86329,-0.0709610907111
2025-04-01,microprice_deviation_bps,30s,5,0.398022507294,0.192076135785,0.409901356921,86372,-0.0118788496272
2025-04-01,microprice_deviation_bps,30s,6,0.4323022782,0.180357473606,0.387340248194,86384,0.0449620300056
2025-04-01,microprice_deviation_bps,30s,7,0.464069083669,0.170139371209,0.365791545122,86388,0.098277538547
2025-04-01,microprice_deviation_bps,30s,8,0.497297047009,0.158391887668,0.344311065322,86387,0.152985981687
2025-04-01,microprice_deviation_bps,30s,9,0.520031494604,0.153350933259,0.326617572137,86364,0.193413922468
2025-04-01,microprice_deviation_bps,30s,10,0.558453435203,0.135880071772,0.305666493025,86385,0.252786942177
2025-04-01,ofi_30s,30s,1,0.380972222222,0.109837962963,0.509189814815,86400,-0.128217592593
2025-04-01,ofi_30s,30s,2,0.395374946469,0.142050255211,0.462574798319,86399,-0.0671998518501
2025-04-01,ofi_30s,30s,3,0.404356531904,0.16078889802,0.434854570076,86399,-0.0304980381717
2025-04-01,ofi_30s,30s,4,0.402451599449,0.171878439596,0.425669960955,86311,-0.0232183615066
2025-04-01,ofi_30s,30s,5,0.416150075895,0.220386313338,0.363463610767,86303,0.0526864651287
2025-04-01,ofi_30s,30s,6,0.426136034397,0.209776675513,0.36408729009,86287,0.0620487443068
2025-04-01,ofi_30s,30s,7,0.432300106486,0.17989258762,0.387807305894,86396,0.0444928005926
2025-04-01,ofi_30s,30s,8,0.452563108369,0.14965450989,0.397782381741,86399,0.0547807266288
2025-04-01,ofi_30s,30s,9,0.446752855936,0.161842150951,0.391404993113,86399,0.0553478628225
2025-04-01,ofi_30s,30s,10,0.469831826757,0.137258533085,0.392909640158,86399,0.0769221865994
2025-04-01,qi_1,30s,1,0.301832621355,0.128827608562,0.569339770083,86379,-0.267507148728
2025-04-01,qi_1,30s,2,0.328834412688,0.159481909705,0.511683677607,86317,-0.182849264919
2025-04-01,qi_1,30s,3,0.352807714124,0.181867642122,0.465324643754,86387,-0.112516929631
2025-04-01,qi_1,30s,4,0.372746651837,0.183361138144,0.443892210019,86316,-0.0711455581816
2025-04-01,qi_1,30s,5,0.398437228686,0.191688371824,0.409874399491,86385,-0.0114371708051
2025-04-01,qi_1,30s,6,0.432575099844,0.180077559762,0.387347340395,86385,0.045227759449
2025-04-01,qi_1,30s,7,0.464792156227,0.170118189079,0.365089654693,86387,0.0997025015338
2025-04-01,qi_1,30s,8,0.497291290457,0.157857572811,0.344851136732,86388,0.152440153725
2025-04-01,qi_1,30s,9,0.517553911866,0.156231551898,0.326214536236,86391,0.191339375629
2025-04-01,qi_1,30s,10,0.559954607038,0.133723959841,0.306321433121,86357,0.253633173918
2025-04-01,trade_imbalance_30s,30s,1,0.379501192599,0.199036657944,0.421462149457,86366,-0.041960956858
2025-04-01,trade_imbalance_30s,30s,2,0.428789685066,0.162895403882,0.408314911052,86399,0.0204747740136
2025-04-01,trade_imbalance_30s,30s,3,0.416036588896,0.150130261101,0.433833150003,86365,-0.0177965611069
2025-04-01,trade_imbalance_30s,30s,4,0.422690077431,0.152918436556,0.424391486013,86399,-0.00170140858112
2025-04-01,trade_imbalance_30s,30s,5,0.43606986192,0.159932406625,0.403997731455,86399,0.0320721304645
2025-04-01,trade_imbalance_30s,30s,6,0.445127314815,0.163425925926,0.391446759259,86400,0.0536805555556
2025-04-01,trade_imbalance_30s,30s,7,0.426000300929,0.142131274668,0.431868424403,86399,-0.00586812347365
2025-04-01,trade_imbalance_30s,30s,8,0.419150784916,0.157400220124,0.42344899496,86315,-0.0042982100446
2025-04-01,trade_imbalance_30s,30s,9,0.405659831178,0.177379201741,0.416960967081,86363,-0.0113011359031
2025-04-01,trade_imbalance_30s,30s,10,0.447889021521,0.178010592557,0.374100385921,86287,0.0737886355998
2025-04-01,di_10,500ms,1,0.00259259259259,0.810717592593,0.186689814815,86400,-0.184097222222
2025-04-01,di_10,500ms,2,0.00398152756398,0.917672658248,0.0783458141877,86399,-0.0743642866237
2025-04-01,di_10,500ms,3,0.00626164654684,0.945531776988,0.048206576465,86399,-0.0419449299182
2025-04-01,di_10,500ms,4,0.00828713295293,0.963031979537,0.0286808875103,86399,-0.0203937545573
2025-04-01,di_10,500ms,5,0.0114121691223,0.969779742821,0.0188080880566,86399,-0.00739591893425
2025-04-01,di_10,500ms,6,0.016724537037,0.970694444444,0.0125810185185,86400,0.00414351851852
2025-04-01,di_10,500ms,7,0.0301160893066,0.961156957835,0.00872695285825,86399,0.0213891364483
2025-04-01,di_10,500ms,8,0.0482534317924,0.945658464316,0.00608810389129,86398,0.0421653279011
2025-04-01,di_10,500ms,9,0.0857185847058,0.909755899953,0.00452551534161,86399,0.0811930693642
2025-04-01,di_10,500ms,10,0.200821806818,0.796793795937,0.00238439724521,86395,0.198437409572
2025-04-01,di_5,500ms,1,0.00251157407407,0.811342592593,0.186145833333,86400,-0.183634259259
2025-04-01,di_5,500ms,2,0.00405097281219,0.91766108404,0.0782879431475,86399,-0.0742369703353
2025-04-01,di_5,500ms,3,0.0064815564995,0.945265570203,0.0482528732971,86399,-0.0417713167976
2025-04-01,di_5,500ms,4,0.00796305512795,0.962684753296,0.0293521915763,86399,-0.0213891364483
2025-04-01,di_5,500ms,5,0.0114121691223,0.970312156391,0.018275674487,86399,-0.00686350536465
2025-04-01,di_5,500ms,6,0.0168402777778,0.970034722222,0.013125,86400,0.00371527777778
2025-04-01,di_5,500ms,7,0.0301855345548,0.961006493131,0.00880797231449,86399,0.0213775622403
2025-04-01,di_5,500ms,8,0.0488090002083,0.945299659714,0.00589134007732,86398,0.042917660131
2025-04-01,di_5,500ms,9,0.084098195581,0.91171194111,0.0041898633086,86399,0.0799083322724
2025-04-01,di_5,500ms,10,0.201817234794,0.795474275132,0.00270849007466,86395,0.199108744719
2025-04-01,microprice_deviation_bps,500ms,1,0.00269675925926,0.810069444444,0.187233796296,86400,-0.184537037037
2025-04-01,microprice_deviation_bps,500ms,2,0.00407412122825,0.918378684938,0.0775471938333,86399,-0.073473072605
2025-04-01,microprice_deviation_bps,500ms,3,0.00649313070753,0.945601222236,0.0479056470561,86399,-0.0414125163486
2025-04-01,microprice_deviation_bps,500ms,4,0.00811351983241,0.96266160488,0.0292248752879,86399,-0.0211113554555
2025-04-01,microprice_deviation_bps,500ms,5,0.0111228139215,0.970346879015,0.0185303070637,86399,-0.00740749314228
2025-04-01,microprice_deviation_bps,500ms,6,0.0172106481481,0.96974537037,0.0130439814815,86400,0.00416666666667
2025-04-01,microprice_deviation_bps,500ms,7,0.0298846051459,0.961180106251,0.00893528860288,86399,0.020949316543
2025-04-01,microprice_deviation_bps,500ms,8,0.0496307784902,0.944894557744,0.00547466376536,86398,0.0441561147249
2025-04-01,microprice_deviation_bps,500ms,9,0.0840171761247,0.911492031158,0.00449079271751,86399,0.0795263834072
2025-04-01,microprice_deviation_bps,500ms,10,0.200925979513,0.796423404132,0.00265061635511,86395,0.198275363158
2025-04-01,ofi_500ms,500ms,1,0.0104166666667,0.824131944444,0.165451388889,86400,-0.155034722222
2025-04-01,ofi_500ms,500ms,2,0.0147455410364,0.919640273614,0.0656141853494,86399,-0.050868644313
2025-04-01,ofi_500ms,500ms,3,0.0151737867336,0.945832706397,0.0389935068693,86399,-0.0238197201356
2025-04-01,ofi_500ms,500ms,4,0.017615944629,0.950994803181,0.0313892521904,86399,-0.0137733075614
2025-04-01,ofi_500ms,500ms,5,0.0150001736131,0.964363013461,0.0206368129261,86399,-0.00563663931296
2025-04-01,ofi_500ms,500ms,6,0.0192013888889,0.964375,0.0164236111111,86400,0.00277777777778
2025-04-01,ofi_500ms,500ms,7,0.0329301464205,0.950402222351,0.0166676312287,86395,0.0162625151919
2025-04-01,ofi_500ms,500ms,8,0.0393060104862,0.945161402331,0.0155325871827,86399,0.0237734233035
2025-04-01,ofi_500ms,500ms,9,0.0718295350641,0.913853169597,0.0143172953391,86399,0.057512239725
2025-04-01,ofi_500ms,500ms,10,0.177943933887,0.812044260284,0.0100118058288,86398,0.167932128059
2025-04-01,qi_1,500ms,1,0.00256944444444,0.810011574074,0.187418981481,86400,-0.184849537037
2025-04-01,qi_1,500ms,2,0.00408569543629,0.918355536522,0.0775587680413,86399,-0.073473072605
2025-04-01,qi_1,500ms,3,0.00643525966736,0.945682241693,0.04788249864,86399,-0.0414472389727
2025-04-01,qi_1,500ms,4,0.00815981666454,0.962800495376,0.0290396879594,86399,-0.0208798712948
2025-04-01,qi_1,500ms,5,0.0112501302098,0.970219562726,0.0185303070637,86399,-0.0072801768539
2025-04-01,qi_1,500ms,6,0.0172106481481,0.969675925926,0.0131134259259,86400,0.00409722222222
2025-04-01,qi_1,500ms,7,0.0298961793539,0.961064364171,0.00903945647519,86399,0.0208567228787
2025-04-01,qi_1,500ms,8,0.0490983587583,0.945426977476,0.00547466376536,86398,0.0436236949929
2025-04-01,qi_1,500ms,9,0.0835542078033,0.912093889976,0.00435190222109,86399,0.0792023055822
2025-04-01,qi_1,500ms,10,0.201909832745,0.795462700388,0.0026274668673,86395,0.199282365878
2025-04-01,trade_imbalance_500ms,500ms,1,0.0129922195165,0.950837441349,0.0361703391341,67348,-0.0231781196175
2025-04-01,trade_imbalance_500ms,500ms,2,0.0316713191186,0.896819504662,0.071509176219,67348,-0.0398378571004
2025-04-01,trade_imbalance_500ms,500ms,3,0.0147146166182,0.895601948091,0.0896834352913,67348,-0.0749688186732
2025-04-01,trade_imbalance_500ms,500ms,4,0.0295187610436,0.872481328047,0.0979999109092,67347,-0.0684811498656
2025-04-01,trade_imbalance_500ms,500ms,5,0.0420947912336,0.905060283899,0.0528449248679,67348,-0.0107501336343
2025-04-01,trade_imbalance_500ms,500ms,6,0.0647086773178,0.900204905862,0.0350864168201,67348,0.0296222604977
2025-04-01,trade_imbalance_500ms,500ms,7,0.154186526497,0.825975915779,0.0198375577234,67347,0.134348968774
2025-04-01,trade_imbalance_500ms,500ms,8,0.0295628674942,0.958202173784,0.0122349587219,67348,0.0173279087723
2025-04-01,trade_imbalance_500ms,500ms,9,0.0524885668468,0.926144800143,0.0213666330106,67348,0.0311219338362
2025-04-01,trade_imbalance_500ms,500ms,10,0.0512279868144,0.92771656817,0.0210554450153,67346,0.0301725417991
2025-04-01,di_10,5s,1,0.0934606481481,0.401087962963,0.505451388889,86400,-0.411990740741
2025-04-01,di_10,5s,2,0.108265141958,0.52052685795,0.371208000093,86399,-0.262942858135
2025-04-01,di_10,5s,3,0.127582495168,0.571835322168,0.300582182664,86399,-0.172999687496
2025-04-01,di_10,5s,4,0.150348962372,0.608710748967,0.240940288661,86399,-0.0905913262885
2025-04-01,di_10,5s,5,0.167513512888,0.636778203451,0.195708283661,86399,-0.0281947707728
2025-04-01,di_10,5s,6,0.2090625,0.626712962963,0.164224537037,86400,0.044837962963
2025-04-01,di_10,5s,7,0.257178902534,0.603618097432,0.139203000035,86399,0.117975902499
2025-04-01,di_10,5s,8,0.307324582726,0.571150774359,0.121524642915,86394,0.185799939811
2025-04-01,di_10,5s,9,0.393075898802,0.499299484745,0.107624616453,86365,0.285451282348
2025-04-01,di_10,5s,10,0.511193684308,0.402787424179,0.0860188915127,86388,0.425174792795
2025-04-01,di_5,5s,1,0.0948611111111,0.400497685185,0.504641203704,86400,-0.409780092593
2025-04-01,di_5,5s,2,0.108265141958,0.521128716768,0.370606141275,86399,-0.262340999317
2025-04-01,di_5,5s,3,0.127524624128,0.57182374796,0.300651627912,86399,-0.173127003785
2025-04-01,di_5,5s,4,0.149446174146,0.610979293742,0.239574532113,86399,-0.0901283579671
2025-04-01,di_5,5s,5,0.168508894779,0.633039734256,0.198451370965,86399,-0.0299424761861
2025-04-01,di_5,5s,6,0.207835648148,0.62974537037,0.162418981481,86400,0.0454166666667
2025-04-01,di_5,5s,7,0.255303880832,0.602194469843,0.142501649325,86399,0.112802231507
2025-04-01,di_5,5s,8,0.309833560962,0.571066459872,0.119099979166,86398,0.190733581796
2025-04-01,di_5,5s,9,0.39331188073,0.499444392999,0.107243726271,86392,0.286068154459
2025-04-01,di_5,5s,10,0.510161307132,0.402549880149,0.0872888127193,86357,0.422872494413
2025-04-01,microprice_deviation_bps,5s,1,0.0938425925926,0.403599537037,0.50255787037,86400,-0.408715277778
2025-04-01,microprice_deviation_bps,5s,2,0.110070718411,0.514311508235,0.375617773354,86399,-0.265547054943
2025-04-01,microprice_deviation_bps,5s,3,0.126506093821,0.575782127108,0.297711779072,86399,-0.171205685251
2025-04-01,microprice_deviation_bps,5s,4,0.147953101309,0.612136714545,0.239910184146,86399,-0.0919570828366
2025-04-01,microprice_deviation_bps,5s,5,0.171124665795,0.629417007141,0.199458327064,86399,-0.0283336612692
2025-04-01,microprice_deviation_bps,5s,6,0.208425925926,0.629131944444,0.16244212963,86400,0.0459837962963
2025-04-01,microprice_deviation_bps,5s,7,0.252364031991,0.605446822301,0.142189145708,86399,0.110174886283
2025-04-01,microprice_deviation_bps,5s,8,0.315427619015,0.567866939824,0.116705441161,86397,0.198722177853
2025-04-01,microprice_deviation_bps,5s,9,0.390655937012,0.499496323742,0.109847739246,86365,0.280808197765
2025-04-01,microprice_deviation_bps,5s,10,0.508641546565,0.405313422469,0.086045030966,86385,0.422596515599
2025-04-01,ofi_5s,5s,1,0.187986111111,0.419224537037,0.392789351852,86400,-0.204803240741
2025-04-01,ofi_5s,5s,2,0.164434773551,0.486463963703,0.349101262746,86399,-0.184666489195
2025-04-01,ofi_5s,5s,3,0.151633699464,0.541545619741,0.306820680795,86399,-0.155186981331
2025-04-01,ofi_5s,5s,4,0.159515735136,0.614578872441,0.225905392424,86399,-0.0663896572877
2025-04-01,ofi_5s,5s,5,0.151436937928,0.670817949282,0.177745112791,86399,-0.0263081748631
2025-04-01,ofi_5s,5s,6,0.182411629899,0.665733003079,0.151855367022,86398,0.0305562628765
2025-04-01,ofi_5s,5s,7,0.243538974573,0.607984808485,0.148476216942,86364,0.0950627576305
2025-04-01,ofi_5s,5s,8,0.315846134256,0.542211212335,0.141942653408,86387,0.173903480848
2025-04-01,ofi_5s,5s,9,0.352091483599,0.490890992847,0.157017523554,86398,0.195073960045
2025-04-01,ofi_5s,5s,10,0.416023333603,0.403118091645,0.180858574752,86399,0.235164758851
2025-04-01,qi_1,5s,1,0.0952662037037,0.399675925926,0.50505787037,86400,-0.409791666667
2025-04-01,qi_1,5s,2,0.108739684487,0.51722820866,0.374032106853,86399,-0.265292422366
2025-04-01,qi_1,5s,3,0.126992210558,0.575990462853,0.297017326589,86399,-0.170025116031
2025-04-01,qi_1,5s,4,0.147328094075,0.612356624498,0.240315281427,86399,-0.0929871873517
2025-04-01,qi_1,5s,5,0.171251982083,0.629937846503,0.198810171414,86399,-0.0275581893309
2025-04-01,qi_1,5s,6,0.20787037037,0.62962962963,0.1625,86400,0.0453703703704
2025-04-01,qi_1,5s,7,0.253151078137,0.604995428188,0.141853493675,86399,0.111297584463
2025-04-01,qi_1,5s,8,0.314208662238,0.568554827658,0.117236510104,86398,0.196972152133
2025-04-01,qi_1,5s,9,0.38887859987,0.502650708399,0.108470691731,86392,0.28040790814
2025-04-01,qi_1,5s,10,0.5113656102,0.401449795616,0.0871845941846,86357,0.424181016015
2025-04-01,trade_imbalance_5s,5s,1,0.151071639475,0.562416775703,0.286511584822,86363,-0.135439945347
2025-04-01,trade_imbalance_5s,5s,2,0.167002338125,0.538370720189,0.294626941686,86394,-0.12762460356
2025-04-01,trade_imbalance_5s,5s,3,0.182582123759,0.547954719078,0.269463157164,86394,-0.0868810334051
2025-04-01,trade_imbalance_5s,5s,4,0.224006018867,0.520307888188,0.255686092945,86395,-0.0316800740784
2025-04-01,trade_imbalance_5s,5s,5,0.229691876751,0.531101696877,0.239206426372,86394,-0.0095145496215
2025-04-01,trade_imbalance_5s,5s,6,0.252563835452,0.514433872723,0.233002291826,86394,0.0195615436257
2025-04-01,trade_imbalance_5s,5s,7,0.259262688813,0.530181144742,0.210556166445,86395,0.0487065223682
2025-04-01,trade_imbalance_5s,5s,8,0.284350040514,0.547679129529,0.167970829957,86390,0.116379210557
2025-04-01,trade_imbalance_5s,5s,9,0.286463458399,0.562357462868,0.151179078733,86381,0.135284379667
2025-04-01,trade_imbalance_5s,5s,10,0.287974720174,0.587559177248,0.124466102578,86393,0.163508617596
2025-05-01,di_10,100ms,1,0.000219909952661,0.960416208521,0.0393638815264,86399,-0.0391439715737
2025-05-01,di_10,100ms,2,0.000277780992836,0.993506869292,0.0062153497147,86399,-0.00593756872186
2025-05-01,di_10,100ms,3,0.000416671489253,0.996631905462,0.00295142304888,86399,-0.00253475155962
2025-05-01,di_10,100ms,4,0.000740749314228,0.997071725367,0.00218752531858,86399,-0.00144677600435
2025-05-01,di_10,100ms,5,0.00116899501152,0.997476822648,0.00135418234007,86399,-0.000185187328557
2025-05-01,di_10,100ms,6,0.00162038912487,0.997592564729,0.000787046146367,86399,0.000833342978507
2025-05-01,di_10,100ms,7,0.00271993888818,0.996655053878,0.00062500723388,86399,0.0020949316543
2025-05-01,di_10,100ms,8,0.00428245697288,0.995335594162,0.000381948865149,86399,0.00390050810773
2025-05-01,di_10,100ms,9,0.00824083612079,0.991388789222,0.000370374657114,86399,0.00787046146367
2025-05-01,di_10,100ms,10,0.0403245407933,0.959397678214,0.000277780992836,86399,0.0400467598005
2025-05-01,di_5,100ms,1,0.000243058368731,0.960601395849,0.0391555457818,86399,-0.038912487413
2025-05-01,di_5,100ms,2,0.00028935520087,0.993391127212,0.00631951758701,86399,-0.00603016238614
2025-05-01,di_5,100ms,3,0.000462968321393,0.996504589173,0.00303244250512,86399,-0.00256947418373
2025-05-01,di_5,100ms,4,0.000671304066019,0.99717589324,0.00215280269448,86399,-0.00148149862846
2025-05-01,di_5,100ms,5,0.0010648271392,0.997569416313,0.00136575654811,86399,-0.000300929408905
2025-05-01,di_5,100ms,6,0.00188659590967,0.99729163532,0.000821768770472,86399,0.0010648271392
2025-05-01,di_5,100ms,7,0.00269679047211,0.996597182838,0.000706026690124,86399,0.00199076378199
2025-05-01,di_5,100ms,8,0.00421301172467,0.995439762034,0.000347226241044,86399,0.00386578548363
2025-05-01,di_5,100ms,9,0.00839130082524,0.991261472934,0.000347226241044,86399,0.0080440745842
2025-05-01,di_5,100ms,10,0.0400930566326,0.959640736583,0.000266206784801,86399,0.0398268498478
2025-05-01,microprice_deviation_bps,100ms,1,0.000416666666667,0.960636574074,0.0389467592593,86400,-0.0385300925926
2025-05-01,microprice_deviation_bps,100ms,2,0.000266209865969,0.993310030325,0.00642375980925,86398,-0.00615754994329
2025-05-01,microprice_deviation_bps,100ms,3,0.000474542529427,0.996562460214,0.00296299725691,86399,-0.00248845472749
2025-05-01,microprice_deviation_bps,100ms,4,0.00062500723388,0.997094873783,0.00228011898286,86399,-0.00165511174898
2025-05-01,microprice_deviation_bps,100ms,5,0.00114584659545,0.997476822648,0.00137733075614,86399,-0.000231484160696
2025-05-01,microprice_deviation_bps,100ms,6,0.00175927962129,0.997476822648,0.000763897730298,86399,0.000995381890994
2025-05-01,microprice_deviation_bps,100ms,7,0.00268521626408,0.996678202294,0.000636581441915,86399,0.00204863482216
2025-05-01,microprice_deviation_bps,100ms,8,0.00420143751664,0.995439762034,0.000358800449079,86399,0.00384263706756
2025-05-01,microprice_deviation_bps,100ms,9,0.0086112107779,0.990983691941,0.000405097281219,86399,0.00820611349668
2025-05-01,microprice_deviation_bps,100ms,10,0.0398268498478,0.959814349703,0.000358800449079,86399,0.0394680493987
2025-05-01,ofi_100ms,100ms,1,0.00209490740741,0.965821759259,0.0320833333333,86400,-0.0299884259259
2025-05-01,ofi_100ms,100ms,2,0.00211808007037,0.991411937638,0.00646998229146,86399,-0.00435190222109
2025-05-01,ofi_100ms,100ms,3,0.00207178323823,0.994594844848,0.00333337191403,86399,-0.00126158867579
2025-05-01,ofi_100ms,100ms,4,0.00241900947928,0.995833285107,0.00174770541326,86399,0.000671304066019
2025-05-01,ofi_100ms,100ms,5,0.00131945971597,0.997812474681,0.000868065602611,86399,0.000451394113358
2025-05-01,ofi_100ms,100ms,6,0.00267364205604,0.995173555249,0.00215280269448,86399,0.000520839361567
2025-05-01,ofi_100ms,100ms,7,0.00180559735179,0.996284636218,0.00190976642978,86398,-0.000104169077988
2025-05-01,ofi_100ms,100ms,8,0.00378476602738,0.994432805935,0.00178242803736,86399,0.00200233799002
2025-05-01,ofi_100ms,100ms,9,0.00642368545932,0.991435086054,0.00214122848644,86399,0.00428245697288
2025-05-01,ofi_100ms,100ms,10,0.0353013345062,0.962673179088,0.00202548640609,86399,0.0332758481001
2025-05-01,qi_1,100ms,1,0.000277777777778,0.960763888889,0.0389583333333,86400,-0.0386805555556
2025-05-01,qi_1,100ms,2,0.000312507233964,0.993333179009,0.00635431375726,86398,-0.0060418065233
2025-05-01,qi_1,100ms,3,0.000520839361567,0.996481440757,0.00299771988102,86399,-0.00247688051945
2025-05-01,qi_1,100ms,4,0.000659729857984,0.997060151159,0.00228011898286,86399,-0.00162038912487
2025-05-01,qi_1,100ms,5,0.00115742080348,0.997442100024,0.00140047917221,86399,-0.000243058368731
2025-05-01,qi_1,100ms,6,0.00178242803736,0.9974073774,0.000810194562437,86399,0.000972233474924
2025-05-01,qi_1,100ms,7,0.00271993888818,0.996620331254,0.000659729857984,86399,0.0020602090302
2025-05-01,qi_1,100ms,8,0.00420143751664,0.995439762034,0.000358800449079,86399,0.00384263706756
2025-05-01,qi_1,100ms,9,0.00841444924131,0.991168879269,0.000416671489253,86399,0.00799777775206
2025-05-01,qi_1,100ms,10,0.0399657403442,0.959756478663,0.000277780992836,86399,0.0396879593514
2025-05-01,trade_imbalance_100ms,100ms,1,0.00127374626974,0.983332120242,0.0153941334886,27478,-0.0141203872189
2025-05-01,trade_imbalance_100ms,100ms,2,0.00309349637879,0.980492775776,0.0164137278451,27477,-0.0133202314663
2025-05-01,trade_imbalance_100ms,100ms,3,0.00436728900535,0.969065036212,0.0265676747825,27477,-0.0222003857772
2025-05-01,trade_imbalance_100ms,100ms,4,0.00207446227754,0.976671397896,0.021254139826,27477,-0.0191796775485
2025-05-01,trade_imbalance_100ms,100ms,5,0.00320267860392,0.95952978855,0.0372675328457,27477,-0.0340648542417
2025-05-01,trade_imbalance_100ms,100ms,6,0.0424703399083,0.949377683965,0.00815197612636,27478,0.0343183637819
2025-05-01,trade_imbalance_100ms,100ms,7,0.0138297485169,0.985187611457,0.000982640026204,27477,0.0128471084907
2025-05-01,trade_imbalance_100ms,100ms,8,0.034319612767,0.961495068603,0.00418531863013,27477,0.0301342941369
2025-05-01,trade_imbalance_100ms,100ms,9,0.0238745132292,0.973395931142,0.00272955562834,27477,0.0211449576009
2025-05-01,trade_imbalance_100ms,100ms,10,0.0124103795902,0.986861738909,0.000727881500892,27477,0.0116824980893
2025-05-01,di_10,1s,1,0.00700280112045,0.80303030303,0.189966895849,86394,-0.182964094729
2025-05-01,di_10,1s,2,0.0100816019446,0.909323456219,0.0805949418369,86395,-0.0705133398924
2025-05-01,di_10,1s,3,0.0166668595701,0.93226773458,0.0510654058496,86399,-0.0343985462795
2025-05-01,di_10,1s,4,0.0204284771814,0.939478466186,0.0400930566326,86399,-0.0196645794512
2025-05-01,di_10,1s,5,0.025613722381,0.945913725853,0.0284725517656,86399,-0.0028588293846
2025-05-01,di_10,1s,6,0.0337966874617,0.94422389148,0.0219794210581,86399,0.0118172664035
2025-05-01,di_10,1s,7,0.0469912846213,0.934941376636,0.0180673387423,86399,0.028923945879
2025-05-01,di_10,1s,8,0.0612044120881,0.927742219239,0.0110533686732,86399,0.0501510434149
2025-05-01,di_10,1s,9,0.0845264412783,0.906804476904,0.00866908181808,86399,0.0758573594602
2025-05-01,di_10,1s,10,0.185013715437,0.809037141634,0.0059491429299,86399,0.179064572507
2025-05-01,di_5,1s,1,0.00678279993055,0.804525724868,0.188691475201,86395,-0.181908675271
2025-05-01,di_5,1s,2,0.0101395930273,0.908523740075,0.0813366668982,86394,-0.0711970738709
2025-05-01,di_5,1s,3,0.0161112975845,0.932128844084,0.0517598583317,86399,-0.0356485607472
2025-05-01,di_5,1s,4,0.0201738446047,0.939779395595,0.0400467598005,86399,-0.0198729151958
2025-05-01,di_5,1s,5,0.0266669753122,0.944675285594,0.0286577390942,86399,-0.00199076378199
2025-05-01,di_5,1s,6,0.0340744684545,0.943969258903,0.021956272642,86399,0.0121181958125
2025-05-01,di_5,1s,7,0.0467598004607,0.935404344958,0.0178358545817,86399,0.028923945879
2025-05-01,di_5,1s,8,0.0608803342631,0.927962129191,0.0111575365456,86399,0.0497227977176
2025-05-01,di_5,1s,9,0.086100533571,0.905380849315,0.00851861711362,86399,0.0775819164574
2025-05-01,di_5,1s,10,0.18363638468,0.81041447239,0.0059491429299,86399,0.17768724175
2025-05-01,microprice_deviation_bps,1s,1,0.00689814814815,0.805729166667,0.187372685185,86400,-0.180474537037
2025-05-01,microprice_deviation_bps,1s,2,0.0104758707706,0.907499797428,0.0820243318015,86389,-0.0715484610309
2025-05-01,microprice_deviation_bps,1s,3,0.0158335165916,0.932672831861,0.0514936515469,86399,-0.0356601349553
2025-05-01,microprice_deviation_bps,1s,4,0.0198034699476,0.939142814153,0.0410537158995,86399,-0.0212502459519
2025-05-01,microprice_deviation_bps,1s,5,0.026585955856,0.94481417609,0.028599868054,86399,-0.00201391219806
2025-05-01,microprice_deviation_bps,1s,6,0.0344679915277,0.943587310038,0.021944698434,86399,0.0125232930937
2025-05-01,microprice_deviation_bps,1s,7,0.0469449877892,0.935184435005,0.0178705772058,86399,0.0290744105835
2025-05-01,microprice_deviation_bps,1s,8,0.0617831224898,0.927290825125,0.0109260523849,86399,0.050857070105
2025-05-01,microprice_deviation_bps,1s,9,0.0868991539254,0.90440861584,0.00869223023415,86399,0.0782069236912
2025-05-01,microprice_deviation_bps,1s,10,0.18163404669,0.812439958796,0.00592599451383,86399,0.175708052177
2025-05-01,ofi_1s,1s,1,0.0288779832867,0.806314960994,0.164807055719,86398,-0.135929072432
2025-05-01,ofi_1s,1s,2,0.0282757902291,0.904570654753,0.067153555018,86399,-0.0388777647889
2025-05-01,ofi_1s,1s,3,0.0296088803491,0.921324644358,0.0490664752931,86393,-0.019457594944
2025-05-01,ofi_1s,1s,4,0.0263660459033,0.938830310536,0.0348036435607,86399,-0.00843759765738
2025-05-01,ofi_1s,1s,5,0.0226391509161,0.953876780981,0.0234840681026,86399,-0.000844917186542
2025-05-01,ofi_1s,1s,6,0.0249887151472,0.957372191808,0.0176390930451,86399,0.00734962210211
2025-05-01,ofi_1s,1s,7,0.03722265304,0.940531719117,0.0222456278429,86399,0.0149770251971
2025-05-01,ofi_1s,1s,8,0.0503605449263,0.925217310786,0.0244221442874,86397,0.0259384006389
2025-05-01,ofi_1s,1s,9,0.0703133138115,0.90488315837,0.0248035278186,86399,0.0455097859929
2025-05-01,ofi_1s,1s,10,0.172675609671,0.799847220454,0.0274771698747,86399,0.145198439797
2025-05-01,qi_1,1s,1,0.00685185185185,0.80474537037,0.188402777778,86400,-0.181550925926
2025-05-01,qi_1,1s,2,0.0102790864578,0.908379539062,0.0813413744805,86389,-0.0710622880228
2025-05-01,qi_1,1s,3,0.0160534265443,0.932557089781,0.0513894836746,86399,-0.0353360571303
2025-05-01,qi_1,1s,4,0.019942360444,0.939165962569,0.040891676987,86399,-0.020949316543
2025-05-01,qi_1,1s,5,0.0264702137756,0.945022511835,0.0285072743897,86399,-0.00203706061413
2025-05-01,qi_1,1s,6,0.034560585192,0.943448419542,0.0219909952661,86399,0.0125695899258
2025-05-01,qi_1,1s,7,0.0466556325883,0.93550851283,0.0178358545817,86399,0.0288197780067
2025-05-01,qi_1,1s,8,0.0615863609533,0.927510735078,0.0109029039688,86399,0.0506834569845
2025-05-01,qi_1,1s,9,0.0860079399067,0.905241958819,0.00875010127432,86399,0.0772578386324
2025-05-01,qi_1,1s,10,0.182918783782,0.811189944328,0.00589127188972,86399,0.177027511892
2025-05-01,trade_imbalance_1s,1s,1,0.0195226430655,0.952165831682,0.0283115252526,81239,-0.00878888218713
2025-05-01,trade_imbalance_1s,1s,2,0.0373224353135,0.893608902238,0.0690686624486,81238,-0.0317462271351
2025-05-01,trade_imbalance_1s,1s,3,0.0387990989549,0.869976242938,0.0912246581076,81239,-0.0524255591526
2025-05-01,trade_imbalance_1s,1s,4,0.0386390772905,0.897955415502,0.0634055072071,81239,-0.0247664299167
2025-05-01,trade_imbalance_1s,1s,5,0.0458288710809,0.901362679567,0.0528084493519,81237,-0.00697957827098
2025-05-01,trade_imbalance_1s,1s,6,0.0556902812827,0.895808456946,0.0485012617714,81235,0.00718901951129
2025-05-01,trade_imbalance_1s,1s,7,0.0670983148488,0.893142456209,0.0397592289418,81239,0.027339085907
2025-05-01,trade_imbalance_1s,1s,8,0.0951144154901,0.870431689213,0.0344538952966,81239,0.0606605201935
2025-05-01,trade_imbalance_1s,1s,9,0.0648457021874,0.914289934637,0.0208643631753,81239,0.0439813390121
2025-05-01,trade_imbalance_1s,1s,10,0.0437603092149,0.933947167582,0.0222925232034,81238,0.0214677860115
2025-05-01,di_10,30s,1,0.237774947905,0.207490159759,0.554734892336,86380,-0.316959944432
2025-05-01,di_10,30s,2,0.291129863064,0.253232396893,0.455637740042,86391,-0.164507876978
2025-05-01,di_10,30s,3,0.314424935474,0.291959397678,0.393615666848,86399,-0.0791907313742
2025-05-01,di_10,30s,4,0.334378870126,0.305072975382,0.360548154493,86399,-0.0261692843667
2025-05-01,di_10,30s,5,0.358406926006,0.326682021783,0.314911052211,86399,0.0434958737948
2025-05-01,di_10,30s,6,0.40428463899,0.302657634184,0.293057726825,86355,0.111226912165
2025-05-01,di_10,30s,7,0.431275720165,0.293815568307,0.274908711528,86265,0.156367008636
2025-05-01,di_10,30s,8,0.441005735473,0.284305660159,0.274688604368,86305,0.166317131105
2025-05-01,di_10,30s,9,0.480618988646,0.270604983854,0.2487760275,86399,0.231842961145
2025-05-01,di_10,30s,10,0.542807208417,0.237051354761,0.220141436822,86399,0.322665771595
2025-05-01,di_5,30s,1,0.23974022065,0.210798671004,0.549461108346,86381,-0.309720887695
2025-05-01,di_5,30s,2,0.288667669869,0.248825095497,0.462507234634,86390,-0.173839564764
2025-05-01,di_5,30s,3,0.318024514173,0.294459426614,0.387516059214,86399,-0.069491545041
2025-05-01,di_5,30s,4,0.334899709487,0.302063681293,0.36303660922,86399,-0.0281368997326
2025-05-01,di_5,30s,5,0.350976284448,0.333985347053,0.3150383685,86399,0.0359379159481
2025-05-01,di_5,30s,6,0.405060506051,0.30482311389,0.290116380059,86355,0.114944125992
2025-05-01,di_5,30s,7,0.433993322823,0.285089956413,0.280916720764,86264,0.153076602059
2025-05-01,di_5,30s,8,0.440595091882,0.28184598985,0.277558918268,86306,0.163036173615
2025-05-01,di_5,30s,9,0.481822706281,0.272769360756,0.245407932962,86399,0.236414773319
2025-05-01,di_5,30s,10,0.542332665887,0.238197201356,0.219470132756,86399,0.322862533131
2025-05-01,microprice_deviation_bps,30s,1,0.238988760143,0.217492967855,0.543518272002,86389,-0.304529511859
2025-05-01,microprice_deviation_bps,30s,2,0.288474450696,0.250492000648,0.461033548656,86382,-0.17255909796
2025-05-01,microprice_deviation_bps,30s,3,0.317908772092,0.287815831202,0.394275396706,86399,-0.0763666246137
2025-05-01,microprice_deviation_bps,30s,4,0.332816352041,0.307214203868,0.359969444091,86399,-0.0271530920497
2025-05-01,microprice_deviation_bps,30s,5,0.353981173801,0.325649249152,0.320369577047,86369,0.0336115967535
2025-05-01,microprice_deviation_bps,30s,6,0.403473629364,0.307809876686,0.28871649395,86365,0.114757135414
2025-05-01,microprice_deviation_bps,30s,7,0.432991843696,0.282500493091,0.284507663213,86191,0.148484180483
2025-05-01,microprice_deviation_bps,30s,8,0.449079271751,0.276959224065,0.273961504184,86399,0.175117767567
2025-05-01,microprice_deviation_bps,30s,9,0.475202259285,0.277792567044,0.247005173671,86399,0.228197085614
2025-05-01,microprice_deviation_bps,30s,10,0.543166008866,0.239146286415,0.217687704719,86399,0.325478304147
2025-05-01,ofi_30s,30s,1,0.381030092593,0.158229166667,0.460740740741,86400,-0.0797106481481
2025-05-01,ofi_30s,30s,2,0.368557506453,0.216530283915,0.414912209632,86399,-0.0463547031794
2025-05-01,ofi_30s,30s,3,0.357689325108,0.2526649614,0.389645713492,86399,-0.0319563883841
2025-05-01,ofi_30s,30s,4,0.335502246098,0.308410132913,0.356087620988,86372,-0.02058537489
2025-05-01,ofi_30s,30s,5,0.326483965285,0.396226852926,0.277289181789,86188,0.0491947834965
2025-05-01,ofi_30s,30s,6,0.369401299559,0.377196335291,0.253402365151,86337,0.115998934408
2025-05-01,ofi_30s,30s,7,0.419449299182,0.32386948923,0.256681211588,86399,0.162768087594
2025-05-01,ofi_30s,30s,8,0.400594914293,0.305246588502,0.294158497205,86399,0.106436417088
2025-05-01,ofi_30s,30s,9,0.425826687809,0.233729557055,0.340443755136,86399,0.0853829326728
2025-05-01,ofi_30s,30s,10,0.451301519694,0.201113438813,0.347585041494,86399,0.1037164782
2025-05-01,qi_1,30s,1,0.238745673639,0.214807440762,0.546446885599,86389,-0.30770121196
2025-05-01,qi_1,30s,2,0.288161885578,0.251279201686,0.460558912736,86382,-0.172397027158
2025-05-01,qi_1,30s,3,0.31845275987,0.288961677797,0.392585562333,86399,-0.074132802463
2025-05-01,qi_1,30s,4,0.333082558826,0.307480410653,0.359437030521,86399,-0.0263544716953
2025-05-01,qi_1,30s,5,0.353680139865,0.326181847654,0.320138012481,86369,0.0335421273837
2025-05-01,qi_1,30s,6,0.402755745962,0.308817229202,0.288427024836,86365,0.114328721125
2025-05-01,qi_1,30s,7,0.4349642074,0.281154644917,0.283881147684,86191,0.151083059716
2025-05-01,qi_1,30s,8,0.447285269505,0.279250917256,0.273463813239,86399,0.173821456267
2025-05-01,qi_1,30s,9,0.475954582808,0.278336554821,0.245708862371,86399,0.230245720437
2025-05-01,qi_1,30s,10,0.543003969953,0.236599960648,0.220396069399,86399,0.322607900554
2025-05-01,trade_imbalance_30s,30s,1,0.346979166667,0.268541666667,0.384479166667,86400,-0.0375
2025-05-01,trade_imbalance_30s,30s,2,0.355015683052,0.281831965648,0.3631523513,86399,-0.00813666824848
2025-05-01,trade_imbalance_30s,30s,3,0.368835287445,0.249042234285,0.382122478269,86399,-0.013287190824
2025-05-01,trade_imbalance_30s,30s,4,0.386786334684,0.250828025478,0.362385639838,86350,0.0244006948466
2025-05-01,trade_imbalance_30s,30s,5,0.362106896392,0.26713676995,0.370756333658,86364,-0.00864943726553
2025-05-01,trade_imbalance_30s,30s,6,0.407770254603,0.258405602189,0.333824143208,86252,0.0739461113945
2025-05-01,trade_imbalance_30s,30s,7,0.385207923086,0.293571180354,0.32122089656,86330,0.0639870265261
2025-05-01,trade_imbalance_30s,30s,8,0.397782381741,0.274030949432,0.328186668827,86399,0.0695957129133
2025-05-01,trade_imbalance_30s,30s,9,0.399564809778,0.294193219829,0.306241970393,86399,0.0933228393847
2025-05-01,trade_imbalance_30s,30s,10,0.425988726721,0.335223787312,0.238787485966,86399,0.187201240755
2025-05-01,di_10,500ms,1,0.00216447711094,0.872562069564,0.125273453325,86395,-0.123108976214
2025-05-01,di_10,500ms,2,0.00355328186669,0.955057350201,0.0413893679325,86399,-0.0378360860658
2025-05-01,di_10,500ms,3,0.00600701397007,0.969212606627,0.0247803794025,86399,-0.0187733654325
2025-05-01,di_10,500ms,4,0.00864593340201,0.972430236461,0.0189238301369,86399,-0.0102778967349
2025-05-01,di_10,500ms,5,0.011296427042,0.976411764025,0.012291808933,86399,-0.000995381890994
2025-05-01,di_10,500ms,6,0.0159145360479,0.974745078068,0.0093403858841,86399,0.00657415016378
2025-05-01,di_10,500ms,7,0.0219909952661,0.970740402088,0.00726860264586,86399,0.0147223926203
2025-05-01,di_10,500ms,8,0.0307179481244,0.965184782231,0.00409726964432,86399,0.0266206784801
2025-05-01,di_10,500ms,9,0.0461347932268,0.950693873772,0.00317133300154,86399,0.0429634602252
2025-05-01,di_10,500ms,10,0.123230592947,0.874327249158,0.00244215789535,86399,0.120788435051
2025-05-01,di_5,500ms,1,0.00211815361822,0.873964072411,0.123917773971,86396,-0.121799620353
2025-05-01,di_5,500ms,2,0.00364591772958,0.953887821477,0.0424662607931,86398,-0.0388203430635
2025-05-01,di_5,500ms,3,0.00581025243348,0.969247329251,0.024942418315,86399,-0.0191321658815
2025-05-01,di_5,500ms,4,0.00835657820114,0.97278903691,0.0188543848887,86399,-0.0104978066876
2025-05-01,di_5,500ms,5,0.0115510596187,0.975960369912,0.0124885704696,86399,-0.00093751085082
2025-05-01,di_5,500ms,6,0.0163312075371,0.97420109029,0.00946770217248,86399,0.00686350536465
2025-05-01,di_5,500ms,7,0.0217942337296,0.970995034665,0.00721073160569,86399,0.0145835021239
2025-05-01,di_5,500ms,8,0.0305443350039,0.965277375896,0.00417828910057,86399,0.0263660459033
2025-05-01,di_5,500ms,9,0.0471301751178,0.949802659753,0.00306716512923,86399,0.0440630099885
2025-05-01,di_5,500ms,10,0.122374101552,0.875241611593,0.00238428685517,86399,0.119989814697
2025-05-01,microprice_deviation_bps,500ms,1,0.00232638888889,0.874502314815,0.123171296296,86400,-0.120844907407
2025-05-01,microprice_deviation_bps,500ms,2,0.00380813482418,0.953492140658,0.0426997245179,86394,-0.0388915896937
2025-05-01,microprice_deviation_bps,500ms,3,0.00562506510492,0.969397793956,0.0249771409391,86399,-0.0193520758342
2025-05-01,microprice_deviation_bps,500ms,4,0.00837972661721,0.972291345965,0.0193289274181,86399,-0.0109492008009
2025-05-01,microprice_deviation_bps,500ms,5,0.0114584659545,0.976122408824,0.0124191252214,86399,-0.00096065926689
2025-05-01,microprice_deviation_bps,500ms,6,0.0162617622889,0.974305258163,0.00943297954837,86399,0.00682878274054
2025-05-01,microprice_deviation_bps,500ms,7,0.0218289563537,0.971041331497,0.00712971214945,86399,0.0146992442042
2025-05-01,microprice_deviation_bps,500ms,8,0.0311114711976,0.964872278614,0.00401625018808,86399,0.0270952210095
2025-05-01,microprice_deviation_bps,500ms,9,0.0477320339356,0.949027187815,0.00324077824975,86399,0.0444912556858
2025-05-01,microprice_deviation_bps,500ms,10,0.121124087084,0.87631801294,0.00255789997569,86399,0.118566187109
2025-05-01,ofi_500ms,500ms,1,0.0126736111111,0.883125,0.104201388889,86400,-0.0915277777778
2025-05-01,ofi_500ms,500ms,2,0.0131484525105,0.952174818862,0.034676728628,86398,-0.0215282761175
2025-05-01,ofi_500ms,500ms,3,0.014213621001,0.961769063383,0.0240173156165,86396,-0.00980369461549
2025-05-01,ofi_500ms,500ms,4,0.0128242225026,0.969455664996,0.0177201125013,86399,-0.00489588999873
2025-05-01,ofi_500ms,500ms,5,0.0121644926446,0.977488165372,0.0103473419831,86399,0.00181715066147
2025-05-01,ofi_500ms,500ms,6,0.0107755876804,0.980972001991,0.00825241032882,86399,0.00252317735159
2025-05-01,ofi_500ms,500ms,7,0.0183337577259,0.970670617375,0.0109956248987,86398,0.00733813282715
2025-05-01,ofi_500ms,500ms,8,0.0253822382203,0.96224493339,0.0123728283892,86399,0.0130094098311
2025-05-01,ofi_500ms,500ms,9,0.0376508987373,0.949779511337,0.0125695899258,86399,0.0250813088114
2025-05-01,ofi_500ms,500ms,10,0.11248972789,0.873690667716,0.0138196043936,86399,0.0986701234968
2025-05-01,qi_1,500ms,1,0.0021875,0.874143518519,0.123668981481,86400,-0.121481481481
2025-05-01,qi_1,500ms,2,0.00377341019052,0.953769937727,0.0424566520823,86394,-0.0386832418918
2025-05-01,qi_1,500ms,3,0.0057523813933,0.969478813412,0.0247688051945,86399,-0.0190164238012
2025-05-01,qi_1,500ms,4,0.00837972661721,0.972314494381,0.0193057790021,86399,-0.0109260523849
2025-05-01,qi_1,500ms,5,0.0115047627866,0.976110834616,0.0123844025973,86399,-0.000879639810646
2025-05-01,qi_1,500ms,6,0.0162617622889,0.974258961331,0.00947927638051,86399,0.0067824859084
2025-05-01,qi_1,500ms,7,0.0218289563537,0.971006608873,0.00716443477355,86399,0.0146645215801
2025-05-01,qi_1,500ms,8,0.0309725807012,0.965034317527,0.00399310177201,86399,0.0269794789292
2025-05-01,qi_1,500ms,9,0.0471186009097,0.949559601384,0.00332179770599,86399,0.0437968032037
2025-05-01,qi_1,500ms,10,0.121876410607,0.875693005706,0.00243058368731,86399,0.119445826919
2025-05-01,trade_imbalance_500ms,500ms,1,0.0114411473212,0.968985017198,0.0195738354807,68612,-0.00813268815951
2025-05-01,trade_imbalance_500ms,500ms,2,0.0190054217921,0.949833848306,0.0311607299015,68612,-0.0121553081094
2025-05-01,trade_imbalance_500ms,500ms,3,0.018116628529,0.948259025521,0.0336243459504,68611,-0.0155077174214
2025-05-01,trade_imbalance_500ms,500ms,4,0.0213082259663,0.907144522824,0.0715472512097,68612,-0.0502390252434
2025-05-01,trade_imbalance_500ms,500ms,5,0.0251129572949,0.937020842443,0.0378662002624,68610,-0.0127532429675
2025-05-01,trade_imbalance_500ms,500ms,6,0.0364680503731,0.936159048507,0.0273729011194,68608,0.00909514925373
2025-05-01,trade_imbalance_500ms,500ms,7,0.0640121261587,0.91284323442,0.0231446394217,68612,0.040867486737
2025-05-01,trade_imbalance_500ms,500ms,8,0.0456195070761,0.9434930259,0.0108874670242,68611,0.0347320400519
2025-05-01,trade_imbalance_500ms,500ms,9,0.0393517169008,0.944003964321,0.0166443187781,68612,0.0227073981228
2025-05-01,trade_imbalance_500ms,500ms,10,0.0228534783052,0.967556222763,0.00959029893166,68611,0.0132631793736
2025-05-01,di_10,5s,1,0.0545033572586,0.530261634638,0.415235008104,86380,-0.360731650845
2025-05-01,di_10,5s,2,0.0768714333669,0.672836290817,0.250292275816,86391,-0.173420842449
2025-05-01,di_10,5s,3,0.0972927927407,0.707658653457,0.195048553803,86399,-0.097755761062
2025-05-01,di_10,5s,4,0.100637738863,0.729047789905,0.170314471232,86399,-0.0696767323696
2025-05-01,di_10,5s,5,0.124665794743,0.748758666188,0.126575539069,86399,-0.00190974432574
2025-05-01,di_10,5s,6,0.155886404946,0.733273903933,0.110839691121,86377,0.0450467138243
2025-05-01,di_10,5s,7,0.1835206426,0.717670343407,0.0988090139932,86399,0.0847116286068
2025-05-01,di_10,5s,8,0.214169145476,0.708283660691,0.0775471938333,86399,0.136621951643
2025-05-01,di_10,5s,9,0.259783099341,0.679417585852,0.0607993148069,86399,0.198983784535
2025-05-01,di_10,5s,10,0.393812428385,0.557055058508,0.0491325131078,86399,0.344679915277
2025-05-01,di_5,5s,1,0.0539933550202,0.533485372941,0.412521272039,86381,-0.358527917019
2025-05-01,di_5,5s,2,0.0769765019099,0.67049427017,0.25252922792,86390,-0.17555272601
2025-05-01,di_5,5s,3,0.0963900045139,0.70687160731,0.196738388176,86399,-0.100348383662
2025-05-01,di_5,5s,4,0.0995497633074,0.732207548698,0.168242687994,86399,-0.0686929246866
2025-05-01,di_5,5s,5,0.125695899258,0.745517887939,0.128786212803,86399,-0.0030903135453
2025-05-01,di_5,5s,6,0.157761904211,0.732602428887,0.109635666902,86377,0.0481262373085
2025-05-01,di_5,5s,7,0.184458153451,0.716107825322,0.0994340212271,86399,0.0850241322238
2025-05-01,di_5,5s,8,0.212178381694,0.710748967002,0.0770726513038,86399,0.13510573039
2025-05-01,di_5,5s,9,0.264794731421,0.673676778666,0.0615284899131,86399,0.203266241507
2025-05-01,di_5,5s,10,0.389344784083,0.562552807324,0.0481024085927,86399,0.34124237549
2025-05-01,microprice_deviation_bps,5s,1,0.0530507356261,0.538112491174,0.4088367732,86389,-0.355786037574
2025-05-01,microprice_deviation_bps,5s,2,0.0770762427358,0.669757588386,0.253166168878,86382,-0.176089926142
2025-05-01,microprice_deviation_bps,5s,3,0.0955219389113,0.706211877452,0.198266183636,86399,-0.102744244725
2025-05-01,microprice_deviation_bps,5s,4,0.10171414021,0.729140383569,0.169145476221,86399,-0.0674313360108
2025-05-01,microprice_deviation_bps,5s,5,0.127315243564,0.742880626042,0.129804130395,86384,-0.00248888683089
2025-05-01,microprice_deviation_bps,5s,6,0.155801463098,0.735415316233,0.108783220669,86392,0.0470182424299
2025-05-01,microprice_deviation_bps,5s,7,0.185314644845,0.713272144354,0.101413210801,86399,0.0839014340444
2025-05-01,microprice_deviation_bps,5s,8,0.216669174412,0.707612356624,0.0757184689638,86399,0.140950705448
2025-05-01,microprice_deviation_bps,5s,9,0.26208636674,0.675702265073,0.0622113681871,86399,0.199874998553
2025-05-01,microprice_deviation_bps,5s,10,0.386590122571,0.566175534439,0.0472343429901,86399,0.339355779581
2025-05-01,ofi_5s,5s,1,0.152743055556,0.498564814815,0.34869212963,86400,-0.195949074074
2025-05-01,ofi_5s,5s,2,0.116537001019,0.614453088821,0.26900991016,86376,-0.152472909141
2025-05-01,ofi_5s,5s,3,0.110007524454,0.719361000174,0.170631475372,86385,-0.0606239509174
2025-05-01,ofi_5s,5s,4,0.105480054638,0.759718009863,0.134801935499,86386,-0.0293218808603
2025-05-01,ofi_5s,5s,5,0.0941214597391,0.798412018658,0.107466521603,86399,-0.0133450618641
2025-05-01,ofi_5s,5s,6,0.109503582217,0.805437562935,0.0850588548479,86399,0.0244447273695
2025-05-01,ofi_5s,5s,7,0.148091991805,0.759383789164,0.0925242190303,86399,0.0555677727751
2025-05-01,ofi_5s,5s,8,0.198937487702,0.70227664672,0.0987858655771,86399,0.100151622125
2025-05-01,ofi_5s,5s,9,0.285663028507,0.612136714545,0.102200256947,86399,0.18346277156
2025-05-01,ofi_5s,5s,10,0.340061806271,0.514542992396,0.145395201333,86399,0.194666604938
2025-05-01,qi_1,5s,1,0.0532359443911,0.534917639977,0.411846415632,86389,-0.358610471241
2025-05-01,qi_1,5s,2,0.0763585006136,0.671644555579,0.251996943808,86382,-0.175638443194
2025-05-01,qi_1,5s,3,0.096424727138,0.70604983854,0.197525434322,86399,-0.101100707184
2025-05-01,qi_1,5s,4,0.102026643827,0.729672797139,0.168300559034,86399,-0.0662739152074
2025-05-01,qi_1,5s,5,0.126620670495,0.743841452121,0.129537877385,86384,-0.00291720689016
2025-05-01,qi_1,5s,6,0.155708861932,0.735473191962,0.108817946106,86392,0.0468909158255
2025-05-01,qi_1,5s,7,0.185372515886,0.713978171044,0.100649313071,86399,0.0847232028148
2025-05-01,qi_1,5s,8,0.214273313349,0.710077662936,0.0756490237156,86399,0.138624289633
2025-05-01,qi_1,5s,9,0.262665077142,0.674915218926,0.0624197039318,86399,0.20024537321
2025-05-01,qi_1,5s,10,0.388453570064,0.563710228128,0.0478362018079,86399,0.340617368257
2025-05-01,trade_imbalance_5s,5s,1,0.106295794701,0.676621407323,0.217082797977,86391,-0.110787003276
2025-05-01,trade_imbalance_5s,5s,2,0.123723751534,0.672493228069,0.203783020397,86386,-0.080059268863
2025-05-01,trade_imbalance_5s,5s,3,0.131334058659,0.685258918031,0.183407023311,86398,-0.052072964652
2025-05-01,trade_imbalance_5s,5s,4,0.144996816945,0.684565078998,0.170438104057,86395,-0.0254412871115
2025-05-01,trade_imbalance_5s,5s,5,0.160979958551,0.675041391208,0.163978650241,86371,-0.0029986916905
2025-05-01,trade_imbalance_5s,5s,6,0.167249241881,0.678534225329,0.15421653279,86398,0.0130327090905
2025-05-01,trade_imbalance_5s,5s,7,0.182758860159,0.673661427348,0.143579712493,86398,0.0391791476655
2025-05-01,trade_imbalance_5s,5s,8,0.202145883007,0.661751429431,0.136102687562,86398,0.0660431954443
2025-05-01,trade_imbalance_5s,5s,9,0.217553850249,0.675891524011,0.106554625739,86397,0.11099922451
2025-05-01,trade_imbalance_5s,5s,10,0.224148707146,0.700421306049,0.0754299868053,86398,0.148718720341
2025-06-01,di_10,100ms,1,6.94444444444e-05,0.977777777778,0.0221527777778,86400,-0.0220833333333
2025-06-01,di_10,100ms,2,0.000104167872313,0.996365698677,0.00353013345062,86399,-0.00342596557831
2025-06-01,di_10,100ms,3,0.000219909952661,0.998506927164,0.00127316288383,86399,-0.00105325293117
2025-06-01,di_10,100ms,4,0.000266209865969,0.99855320725,0.00118058288386,86398,-0.000914373017894
2025-06-01,di_10,100ms,5,0.000277780992836,0.999212953854,0.000509265153532,86399,-0.000231484160696
2025-06-01,di_10,100ms,6,0.000451388888889,0.999178240741,0.00037037037037,86400,8.10185185185e-05
2025-06-01,di_10,100ms,7,0.000821768770472,0.998946747069,0.000231484160696,86399,0.000590284609776
2025-06-01,di_10,100ms,8,0.00145835021239,0.998402759291,0.000138890496418,86399,0.00131945971597
2025-06-01,di_10,100ms,9,0.00337966874617,0.996504589173,0.000115742080348,86399,0.00326392666582
2025-06-01,di_10,100ms,10,0.0250002893552,0.974826097524,0.000173613120522,86399,0.0248266762347
2025-06-01,di_5,100ms,1,9.25925925926e-05,0.977708333333,0.0221990740741,86400,-0.0221064814815
2025-06-01,di_5,100ms,2,9.25936642785e-05,0.996423569717,0.00348383661848,86399,-0.0033912429542
2025-06-01,di_5,100ms,3,0.000208335744627,0.998483778747,0.00130788550793,86399,-0.00109954976331
2025-06-01,di_5,100ms,4,0.000266209865969,0.998634227644,0.00109956248987,86398,-0.000833352623903
2025-06-01,di_5,100ms,5,0.00031250361694,0.999189805438,0.000497690945497,86399,-0.000185187328557
2025-06-01,di_5,100ms,6,0.000474537037037,0.999108796296,0.000416666666667,86400,5.78703703704e-05
2025-06-01,di_5,100ms,7,0.000925936642785,0.998831004988,0.000243058368731,86399,0.000682878274054
2025-06-01,di_5,100ms,8,0.00138890496418,0.998483778747,0.000127316288383,86399,0.00126158867579
2025-06-01,di_5,100ms,9,0.00332179770599,0.996550886006,0.000127316288383,86399,0.00319448141761
2025-06-01,di_5,100ms,10,0.0249655667311,0.974860820148,0.000173613120522,86399,0.0247919536106
2025-06-01,microprice_deviation_bps,100ms,1,0.000138888888889,0.977905092593,0.0219560185185,86400,-0.0218171296296
2025-06-01,microprice_deviation_bps,100ms,2,8.10194562437e-05,0.996296253429,0.0036227271149,86399,-0.00354170765865
2025-06-01,microprice_deviation_bps,100ms,3,0.000196761536592,0.998518501372,0.00128473709186,86399,-0.00108797555527
2025-06-01,microprice_deviation_bps,100ms,4,0.000266209865969,0.998564781592,0.00116900854186,86398,-0.000902798675895
2025-06-01,microprice_deviation_bps,100ms,5,0.000277780992836,0.999247676478,0.000474542529427,86399,-0.000196761536592
2025-06-01,microprice_deviation_bps,100ms,6,0.000486111111111,0.999155092593,0.000358796296296,86400,0.000127314814815
2025-06-01,microprice_deviation_bps,100ms,7,0.00091436243475,0.998877301821,0.000208335744627,86399,0.000706026690124
2025-06-01,microprice_deviation_bps,100ms,8,0.00131945971597,0.99853007558,0.000150464704453,86399,0.00116899501152
2025-06-01,microprice_deviation_bps,100ms,9,0.00320605562564,0.996678202294,0.000115742080348,86399,0.0030903135453
2025-06-01,microprice_deviation_bps,100ms,10,0.0251623282677,0.974502019699,0.00033565203301,86399,0.0248266762347
2025-06-01,ofi_100ms,100ms,1,0.00131944444444,0.981909722222,0.0167708333333,86400,-0.0154513888889
2025-06-01,ofi_100ms,100ms,2,0.00114584659545,0.995983749812,0.00287040359263,86399,-0.00172455699719
2025-06-01,ofi_100ms,100ms,3,0.00136575654811,0.997187467448,0.00144677600435,86399,-8.10194562437e-05
2025-06-01,ofi_100ms,100ms,4,0.001331033924,0.997592564729,0.00107640134724,86399,0.000254632576766
2025-06-01,ofi_100ms,100ms,5,0.000844917186542,0.998148126714,0.00100695609903,86399,-0.000162038912487
2025-06-01,ofi_100ms,100ms,6,0.00141203703704,0.996851851852,0.00173611111111,86400,-0.000324074074074
2025-06-01,ofi_100ms,100ms,7,0.00114584659545,0.997523119481,0.001331033924,86399,-0.000185187328557
2025-06-01,ofi_100ms,100ms,8,0.00159725919581,0.997326326998,0.00107641380588,86398,0.00052084538994
2025-06-01,ofi_100ms,100ms,9,0.00283568096853,0.995960601396,0.00120371763562,86399,0.00163196333291
2025-06-01,ofi_100ms,100ms,10,0.0190511464253,0.979791432771,0.00115742080348,86399,0.0178937256218
2025-06-01,qi_1,100ms,1,0.000104166666667,0.977962962963,0.0219328703704,86400,-0.0218287037037
2025-06-01,qi_1,100ms,2,9.25936642785e-05,0.996307827637,0.00359957869883,86399,-0.00350698503455
2025-06-01,qi_1,100ms,3,0.000208335744627,0.998506927164,0.00128473709186,86399,-0.00107640134724
2025-06-01,qi_1,100ms,4,0.000277784207968,0.998518484224,0.00120373156786,86398,-0.000925947359893
2025-06-01,qi_1,100ms,5,0.000277780992836,0.999224528062,0.000497690945497,86399,-0.000219909952661
2025-06-01,qi_1,100ms,6,0.000497685185185,0.999108796296,0.000393518518519,86400,0.000104166666667
2025-06-01,qi_1,100ms,7,0.000925936642785,0.998854153405,0.000219909952661,86399,0.000706026690124
2025-06-01,qi_1,100ms,8,0.00134260813204,0.998483778747,0.000173613120522,86399,0.00116899501152
2025-06-01,qi_1,100ms,9,0.00322920404171,0.996631905462,0.000138890496418,86399,0.0030903135453
2025-06-01,qi_1,100ms,10,0.0250928830195,0.97467563282,0.000231484160696,86399,0.0248613988588
2025-06-01,trade_imbalance_100ms,100ms,1,0.000604566804632,0.985536901828,0.0138585313677,21503,-0.0132539645631
2025-06-01,trade_imbalance_100ms,100ms,2,0.000883597637539,0.983258150026,0.0158582523369,21503,-0.0149746546993
2025-06-01,trade_imbalance_100ms,100ms,3,0.0013022044461,0.982513254581,0.0161845409729,21502,-0.0148823365268
2025-06-01,trade_imbalance_100ms,100ms,4,0.00111612333163,0.980886387946,0.0179974887225,21503,-0.0168813653909
2025-06-01,trade_imbalance_100ms,100ms,5,0.00651102223049,0.972793228537,0.0206957492326,21502,-0.0141847270021
2025-06-01,trade_imbalance_100ms,100ms,6,0.0215783844115,0.977491512812,0.000930102776357,21503,0.0206482816351
2025-06-01,trade_imbalance_100ms,100ms,7,0.00985908942938,0.989675859182,0.000465051388178,21503,0.0093940380412
2025-06-01,trade_imbalance_100ms,100ms,8,0.0127895079527,0.985536229188,0.00167426285927,21502,0.0111152450935
2025-06-01,trade_imbalance_100ms,100ms,9,0.0191601171929,0.979770264614,0.00106961819281,21503,0.0180904990001
2025-06-01,trade_imbalance_100ms,100ms,10,0.0215803916097,0.977628947491,0.000790660899493,21501,0.0207897307102
2025-06-01,di_10,1s,1,0.00342592592593,0.865069444444,0.13150462963,86400,-0.128078703704
2025-06-01,di_10,1s,2,0.00440977326126,0.94628410051,0.0493061262283,86399,-0.044896352967
2025-06-01,di_10,1s,3,0.0059491429299,0.966168589914,0.0278822671559,86399,-0.021933124226
2025-06-01,di_10,1s,4,0.00912153167649,0.968618689879,0.022259778444,86389,-0.0131382467675
2025-06-01,di_10,1s,5,0.0108450329286,0.974606187572,0.0145487794998,86399,-0.00370374657114
2025-06-01,di_10,1s,6,0.0159143518519,0.973078703704,0.0110069444444,86400,0.00490740740741
2025-06-01,di_10,1s,7,0.0185881781039,0.973483489392,0.00792833250385,86399,0.0106598456001
2025-06-01,di_10,1s,8,0.0279980092362,0.966423222491,0.00557876827278,86399,0.0224192409634
2025-06-01,di_10,1s,9,0.0487737126587,0.947372076066,0.00385421127559,86399,0.0449195013831
2025-06-01,di_10,1s,10,0.147443836156,0.849546869755,0.00300929408905,86399,0.144434542066
2025-06-01,di_5,1s,1,0.00337962962963,0.864502314815,0.132118055556,86400,-0.128738425926
2025-06-01,di_5,1s,2,0.00444449588537,0.947476243938,0.0480792601766,86399,-0.0436347642913
2025-06-01,di_5,1s,3,0.00614590446649,0.965254227479,0.028599868054,86399,-0.0224539635875
2025-06-01,di_5,1s,4,0.00873953859866,0.968896503027,0.0223639583743,86389,-0.0136244197757
2025-06-01,di_5,1s,5,0.0108797555527,0.975069155893,0.0140510885543,86399,-0.00317133300154
2025-06-01,di_5,1s,6,0.0162384259259,0.97255787037,0.0112037037037,86400,0.00503472222222
2025-06-01,di_5,1s,7,0.0192131853378,0.972719591662,0.00806722300027,86399,0.0111459623375
2025-06-01,di_5,1s,8,0.0279632866121,0.966735726108,0.00530098727995,86399,0.0226622993322
2025-06-01,di_5,1s,9,0.0479866665123,0.947962360675,0.00405097281219,86399,0.0439356937002
2025-06-01,di_5,1s,10,0.14747855878,0.849477424507,0.00304401671316,86399,0.144434542066
2025-06-01,microprice_deviation_bps,1s,1,0.00351851851852,0.865914351852,0.13056712963,86400,-0.127048611111
2025-06-01,microprice_deviation_bps,1s,2,0.00439819905323,0.946538733087,0.0490630678596,86399,-0.0446648688064
2025-06-01,microprice_deviation_bps,1s,3,0.00579867822544,0.965636176345,0.0285651454299,86399,-0.0227664672045
2025-06-01,microprice_deviation_bps,1s,4,0.00905207838961,0.968016761393,0.0229311602172,86389,-0.0138790818275
2025-06-01,microprice_deviation_bps,1s,5,0.0106714198081,0.974826097524,0.0145024826676,86399,-0.00383106285952
2025-06-01,microprice_deviation_bps,1s,6,0.0164699074074,0.972858796296,0.0106712962963,86400,0.00579861111111
2025-06-01,microprice_deviation_bps,1s,7,0.0194793921226,0.972638572206,0.00788203567171,86399,0.0115973564509
2025-06-01,microprice_deviation_bps,1s,8,0.0268637368488,0.967326010718,0.00581025243348,86399,0.0210534844153
2025-06-01,microprice_deviation_bps,1s,9,0.0484264864177,0.947962360675,0.00361115290686,86399,0.0448153335108
2025-06-01,microprice_deviation_bps,1s,10,0.147791062397,0.84893343673,0.00327550087385,86399,0.144515561523
2025-06-01,ofi_1s,1s,1,0.0103125,0.880625,0.1090625,86400,-0.09875
2025-06-01,ofi_1s,1s,2,0.0118288406116,0.955427724858,0.0327434345305,86399,-0.0209145939189
2025-06-01,ofi_1s,1s,3,0.0164471399801,0.956711960925,0.0268408990949,86398,-0.0103937591148
2025-06-01,ofi_1s,1s,4,0.0167482667222,0.958077248053,0.0251744852252,86397,-0.00842621850296
2025-06-01,ofi_1s,1s,5,0.0156020324309,0.968622322018,0.0157756455515,86399,-0.000173613120522
2025-06-01,ofi_1s,1s,6,0.0164822445484,0.970855132182,0.0126626232696,86396,0.00381962127876
2025-06-01,ofi_1s,1s,7,0.0244108523543,0.961016713737,0.014572433909,86396,0.0098384184453
2025-06-01,ofi_1s,1s,8,0.0280443060684,0.956156899964,0.0157987939675,86399,0.0122455121008
2025-06-01,ofi_1s,1s,9,0.0367712589266,0.950219331242,0.0130094098311,86399,0.0237618490955
2025-06-01,ofi_1s,1s,10,0.115823099804,0.872938344194,0.0112385560018,86399,0.104584543803
2025-06-01,qi_1,1s,1,0.00337962962963,0.865729166667,0.130891203704,86400,-0.127511574074
2025-06-01,qi_1,1s,2,0.00443292167733,0.946885959328,0.0486811189944,86399,-0.0442481973171
2025-06-01,qi_1,1s,3,0.00591442030579,0.965532008472,0.0285535712219,86399,-0.0226391509161
2025-06-01,qi_1,1s,4,0.00906365393742,0.967866279272,0.0230700667909,86389,-0.0140064128535
2025-06-01,qi_1,1s,5,0.010648271392,0.974895542772,0.0144561858355,86399,-0.00380791444345
2025-06-01,qi_1,1s,6,0.0164814814815,0.9728125,0.0107060185185,86400,0.00577546296296
2025-06-01,qi_1,1s,7,0.0195141147467,0.972569126957,0.00791675829581,86399,0.0115973564509
2025-06-01,qi_1,1s,8,0.0267942916006,0.96737230755,0.00583340084955,86399,0.0209608907511
2025-06-01,qi_1,1s,9,0.0482760217132,0.948101251172,0.0036227271149,86399,0.0446532945983
2025-06-01,qi_1,1s,10,0.147964675517,0.848887139897,0.00314818458547,86399,0.144816490932
2025-06-01,trade_imbalance_1s,1s,1,0.0146061687484,0.955926586796,0.0294672444558,78460,-0.0148610757074
2025-06-01,trade_imbalance_1s,1s,2,0.0212210043334,0.934335967372,0.0444430282947,78460,-0.0232220239613
2025-06-01,trade_imbalance_1s,1s,3,0.0160848341172,0.911928523178,0.0719866427051,78459,-0.0559018085879
2025-06-01,trade_imbalance_1s,1s,4,0.0221769054295,0.94118021922,0.0366428753505,78460,-0.014465969921
2025-06-01,trade_imbalance_1s,1s,5,0.0233752660625,0.95084056641,0.025784167527,78459,-0.00240890146446
2025-06-01,trade_imbalance_1s,1s,6,0.029403517716,0.949872546521,0.0207239357634,78460,0.00867958195259
2025-06-01,trade_imbalance_1s,1s,7,0.048534284986,0.933991842977,0.0174738720367,78460,0.0310604129493
2025-06-01,trade_imbalance_1s,1s,8,0.0611402133598,0.924686779082,0.0141730075581,78459,0.0469672058018
2025-06-01,trade_imbalance_1s,1s,9,0.0248406831507,0.963280652562,0.0118786642875,78460,0.0129620188631
2025-06-01,trade_imbalance_1s,1s,10,0.0402549394519,0.943849585723,0.0158954748247,78450,0.0243594646272
2025-06-01,di_10,30s,1,0.19505787037,0.257847222222,0.547094907407,86400,-0.352037037037
2025-06-01,di_10,30s,2,0.210737105288,0.366480692657,0.422782202056,86392,-0.212045096768
2025-06-01,di_10,30s,3,0.230645385471,0.407350352113,0.362004262417,86336,-0.131358876946
2025-06-01,di_10,30s,4,0.261593010591,0.397765984566,0.340641004843,86302,-0.0790479942527
2025-06-01,di_10,30s,5,0.298096859761,0.390705540304,0.311197599935,86331,-0.0131007401744
2025-06-01,di_10,30s,6,0.324250807357,0.415612376003,0.26013681664,86393,0.0641139907168
2025-06-01,di_10,30s,7,0.351862570324,0.418667376658,0.229470053018,86386,0.122392517306
2025-06-01,di_10,30s,8,0.393307086614,0.398633626679,0.208059286707,86360,0.185247799907
2025-06-01,di_10,30s,9,0.469999305539,0.317518924049,0.212481770411,86398,0.257517535128
2025-06-01,di_10,30s,10,0.578570271084,0.225675394125,0.195754334792,86394,0.382815936292
2025-06-01,di_5,30s,1,0.19599537037,0.256064814815,0.547939814815,86400,-0.351944444444
2025-06-01,di_5,30s,2,0.211106479552,0.365453198092,0.423440322357,86364,-0.212333842805
2025-06-01,di_5,30s,3,0.228507573301,0.410857381074,0.360635045625,86356,-0.132127472324
2025-06-01,di_5,30s,4,0.263515235778,0.392503765496,0.343980998726,86310,-0.0804657629475
2025-06-01,di_5,30s,5,0.298532358767,0.393645240881,0.307822400352,86329,-0.0092900415851
2025-06-01,di_5,30s,6,0.328691807301,0.411220686622,0.260087506077,86394,0.0686043012246
2025-06-01,di_5,30s,7,0.347806961696,0.425445958304,0.22674708,86387,0.121059881695
2025-06-01,di_5,30s,8,0.395576655859,0.396618805002,0.207804539138,86360,0.187772116721
2025-06-01,di_5,30s,9,0.467371929906,0.318641635223,0.213986434871,86398,0.253385495035
2025-06-01,di_5,30s,10,0.577007662569,0.225791142903,0.197201194527,86394,0.379806468042
2025-06-01,microprice_deviation_bps,30s,1,0.19693287037,0.259710648148,0.543356481481,86400,-0.346423611111
2025-06-01,microprice_deviation_bps,30s,2,0.210513518208,0.36125745383,0.428229027963,86365,-0.217715509755
2025-06-01,microprice_deviation_bps,30s,3,0.229885589884,0.407742368799,0.362372041317,86356,-0.132486451434
2025-06-01,microprice_deviation_bps,30s,4,0.265609606268,0.384482538799,0.349907854932,86277,-0.0842982486642
2025-06-01,microprice_deviation_bps,30s,5,0.298792278922,0.398038466437,0.30316925464,86361,-0.00437697571821
2025-06-01,microprice_deviation_bps,30s,6,0.327364485549,0.415137800516,0.257497713935,86393,0.0698667716134
2025-06-01,microprice_deviation_bps,30s,7,0.348425561473,0.420456124103,0.231118314425,86380,0.117307247048
2025-06-01,microprice_deviation_bps,30s,8,0.393942200815,0.399997684328,0.206060114857,86368,0.187882085958
2025-06-01,microprice_deviation_bps,30s,9,0.46652700294,0.323410264126,0.210062732934,86398,0.256464270006
2025-06-01,microprice_deviation_bps,30s,10,0.576104822094,0.225999490705,0.197895687201,86394,0.378209134894
2025-06-01,ofi_30s,30s,1,0.3340625,0.248958333333,0.416979166667,86400,-0.0829166666667
2025-06-01,ofi_30s,30s,2,0.272063334066,0.335096471024,0.39284019491,86399,-0.120776860843
2025-06-01,ofi_30s,30s,3,0.273730020023,0.373858493733,0.352411486244,86399,-0.0786814662207
2025-06-01,ofi_30s,30s,4,0.275388319174,0.406699229149,0.317912451677,86398,-0.0425241325031
2025-06-01,ofi_30s,30s,5,0.290413337965,0.471795762418,0.237790899618,86370,0.0526224383466
2025-06-01,ofi_30s,30s,6,0.33504295274,0.446372751059,0.2185842962,86374,0.11645865654
2025-06-01,ofi_30s,30s,7,0.344666319384,0.401099727962,0.254233952654,86385,0.0904323667303
2025-06-01,ofi_30s,30s,8,0.375203082208,0.345901220814,0.278895696978,86172,0.0963073852295
2025-06-01,ofi_30s,30s,9,0.39389555072,0.306379924997,0.299724524284,86396,0.0941710264364
2025-06-01,ofi_30s,30s,10,0.419900693295,0.260003009294,0.320096297411,86399,0.0998043958842
2025-06-01,qi_1,30s,1,0.197476851852,0.258645833333,0.543877314815,86400,-0.346400462963
2025-06-01,qi_1,30s,2,0.210003243293,0.361244961312,0.428751795395,86332,-0.218748552101
2025-06-01,qi_1,30s,3,0.2305297032,0.408355327129,0.361114969672,86388,-0.130585266472
2025-06-01,qi_1,30s,4,0.265027005726,0.384988061847,0.349984932428,86278,-0.0849579267021
2025-06-01,qi_1,30s,5,0.29863016871,0.397887935526,0.303481895763,86361,-0.00485172705272
2025-06-01,qi_1,30s,6,0.32693621011,0.415774426169,0.257289363722,86393,0.069646846388
2025-06-01,qi_1,30s,7,0.349409585552,0.419634174577,0.23095623987,86380,0.118453345682
2025-06-01,qi_1,30s,8,0.392506483883,0.400715542794,0.206777973323,86368,0.185728510559
2025-06-01,qi_1,30s,9,0.467707585824,0.322264404269,0.210028009908,86398,0.257679575916
2025-06-01,qi_1,30s,10,0.575861749659,0.226705558256,0.197432692085,86394,0.378429057573
2025-06-01,trade_imbalance_30s,30s,1,0.27380787037,0.351585648148,0.374606481481,86400,-0.100798611111
2025-06-01,trade_imbalance_30s,30s,2,0.305038252758,0.354714753643,0.340246993599,86399,-0.0352087408419
2025-06-01,trade_imbalance_30s,30s,3,0.317989791549,0.329668167456,0.352342040996,86399,-0.0343522494473
2025-06-01,trade_imbalance_30s,30s,4,0.310836930983,0.371995046239,0.317168022778,86399,-0.00633109179504
2025-06-01,trade_imbalance_30s,30s,5,0.315848563062,0.365027373002,0.319124063936,86399,-0.00327550087385
2025-06-01,trade_imbalance_30s,30s,6,0.32755787037,0.369351851852,0.303090277778,86400,0.0244675925926
2025-06-01,trade_imbalance_30s,30s,7,0.366474149006,0.344182224331,0.289343626662,86399,0.077130522344
2025-06-01,trade_imbalance_30s,30s,8,0.374619453866,0.361076062925,0.26430448321,86389,0.110314970656
2025-06-01,trade_imbalance_30s,30s,9,0.366107114309,0.376174422781,0.257718462911,86319,0.108388651398
2025-06-01,trade_imbalance_30s,30s,10,0.356077921777,0.372402510761,0.271519567462,86189,0.0845583543144
2025-06-01,di_10,500ms,1,0.00108796296296,0.917430555556,0.0814814814815,86400,-0.0803935185185
2025-06-01,di_10,500ms,2,0.00127316288383,0.974363129203,0.0243637079133,86399,-0.0230905450295
2025-06-01,di_10,500ms,3,0.00204863482216,0.98539334946,0.0125580157178,86399,-0.0105093808956
2025-06-01,di_10,500ms,4,0.00307891751742,0.987117160914,0.00980392156863,86394,-0.00672500405121
2025-06-01,di_10,500ms,5,0.00410884385236,0.989965161634,0.00592599451383,86399,-0.00181715066147
2025-06-01,di_10,500ms,6,0.0066087962963,0.988981481481,0.00440972222222,86400,0.00219907407407
2025-06-01,di_10,500ms,7,0.008310281369,0.988981353951,0.00270836468015,86399,0.00560191668885
2025-06-01,di_10,500ms,8,0.0129168161669,0.985358626836,0.00172455699719,86399,0.0111922591697
2025-06-01,di_10,500ms,9,0.0243752821213,0.974397851827,0.00122686605169,86399,0.0231484160696
2025-06-01,di_10,500ms,10,0.091436243475,0.907394761513,0.00116899501152,86399,0.0902672484635
2025-06-01,di_5,500ms,1,0.00109953703704,0.917083333333,0.0818171296296,86400,-0.0807175925926
2025-06-01,di_5,500ms,2,0.00126158867579,0.975161749557,0.0235766617669,86399,-0.0223150730911
2025-06-01,di_5,500ms,3,0.00207178323823,0.984884084307,0.0130441324552,86399,-0.010972349217
2025-06-01,di_5,500ms,4,0.00309049239531,0.987094011158,0.00981549644651,86394,-0.00672500405121
2025-06-01,di_5,500ms,5,0.00408569543629,0.990208220003,0.00570608456116,86399,-0.00162038912487
2025-06-01,di_5,500ms,6,0.00666666666667,0.988796296296,0.00453703703704,86400,0.00212962962963
2025-06-01,di_5,500ms,7,0.00863435919397,0.988541534046,0.00282410676049,86399,0.00581025243348
2025-06-01,di_5,500ms,8,0.0129399645829,0.985497517332,0.0015625180847,86399,0.0113774464982
2025-06-01,di_5,500ms,9,0.0240512042963,0.974629335988,0.00131945971597,86399,0.0227317445804
2025-06-01,di_5,500ms,10,0.0913436498108,0.907487355178,0.00116899501152,86399,0.0901746547992
2025-06-01,microprice_deviation_bps,500ms,1,0.00121527777778,0.917962962963,0.0808217592593,86400,-0.0796064814815
2025-06-01,microprice_deviation_bps,500ms,2,0.00120371763562,0.974779800692,0.0240164816722,86399,-0.0228127640366
2025-06-01,microprice_deviation_bps,500ms,3,0.00193289274181,0.98486093589,0.0132061713677,86399,-0.0112732786259
2025-06-01,microprice_deviation_bps,500ms,4,0.0031715165405,0.986677315554,0.0101511679052,86394,-0.00697965136468
2025-06-01,microprice_deviation_bps,500ms,5,0.00395837914791,0.990312387875,0.00572923297723,86399,-0.00177085382933
2025-06-01,microprice_deviation_bps,500ms,6,0.00679398148148,0.988738425926,0.00446759259259,86400,0.00232638888889
2025-06-01,microprice_deviation_bps,500ms,7,0.00897001122698,0.988356346717,0.00267364205604,86399,0.00629636917094
2025-06-01,microprice_deviation_bps,500ms,8,0.0123265315571,0.98598363407,0.00168983437308,86399,0.010636697184
2025-06-01,microprice_deviation_bps,500ms,9,0.0239701848401,0.974837671732,0.00119214342759,86399,0.0227780414125
2025-06-01,microprice_deviation_bps,500ms,10,0.0917024502598,0.906873922152,0.00142362758828,86399,0.0902788226716
2025-06-01,ofi_500ms,500ms,1,0.005,0.932037037037,0.062962962963,86400,-0.057962962963
2025-06-01,ofi_500ms,500ms,2,0.00721073160569,0.975925647288,0.0168636211067,86399,-0.00965288950104
2025-06-01,ofi_500ms,500ms,3,0.00869233084099,0.975520266673,0.0157874024862,86398,-0.00709507164518
2025-06-01,ofi_500ms,500ms,4,0.00755795784673,0.981967383882,0.0104746582715,86399,-0.00291670042477
2025-06-01,ofi_500ms,500ms,5,0.00648163151925,0.986932567884,0.00658580059724,86398,-0.000104169077988
2025-06-01,ofi_500ms,500ms,6,0.00771999675922,0.986110950358,0.00616905288256,86399,0.00155094387667
2025-06-01,ofi_500ms,500ms,7,0.0102086878017,0.983436924893,0.00635438730511,86397,0.00385430049655
2025-06-01,ofi_500ms,500ms,8,0.0150811930694,0.977673352701,0.00724545422979,86399,0.00783573883957
2025-06-01,ofi_500ms,500ms,9,0.0179284482459,0.973946457714,0.00812509404044,86399,0.00980335420549
2025-06-01,ofi_500ms,500ms,10,0.0693642287526,0.925832474913,0.00480329633445,86399,0.0645609324182
2025-06-01,qi_1,500ms,1,0.00111111111111,0.917905092593,0.0809837962963,86400,-0.0798726851852
2025-06-01,qi_1,500ms,2,0.00122686605169,0.974988136437,0.0237849975115,86399,-0.0225581314599
2025-06-01,qi_1,500ms,3,0.00195604115788,0.98486093589,0.0131830229517,86399,-0.0112269817938
2025-06-01,qi_1,500ms,4,0.00318309141839,0.986596291409,0.0102206171725,86394,-0.0070375257541
2025-06-01,qi_1,500ms,5,0.00400467598005,0.990219794211,0.00577552980937,86399,-0.00177085382933
2025-06-01,qi_1,500ms,6,0.00681712962963,0.988680555556,0.00450231481481,86400,0.00231481481481
2025-06-01,qi_1,500ms,7,0.00900473385109,0.988298475677,0.00269679047211,86399,0.00630794337897
2025-06-01,qi_1,500ms,8,0.012314957349,0.98598363407,0.00170140858112,86399,0.0106135487679
2025-06-01,qi_1,500ms,9,0.0238891653839,0.974872394356,0.00123844025973,86399,0.0226507251241
2025-06-01,qi_1,500ms,10,0.0917371728839,0.906978090024,0.00128473709186,86399,0.0904524357921
2025-06-01,trade_imbalance_500ms,500ms,1,0.00563643390879,0.97758309714,0.0167804689513,62096,-0.0111440350425
2025-06-01,trade_imbalance_500ms,500ms,2,0.0107738143168,0.965150173122,0.0240760125614,62095,-0.0133021982446
2025-06-01,trade_imbalance_500ms,500ms,3,0.00942104839359,0.966261373702,0.0243175779048,62095,-0.0148965295112
2025-06-01,trade_imbalance_500ms,500ms,4,0.00924375161041,0.938868848235,0.0518874001546,62096,-0.0426436485442
2025-06-01,trade_imbalance_500ms,500ms,5,0.0138819550688,0.97122151542,0.0148965295112,62095,-0.00101457444239
2025-06-01,trade_imbalance_500ms,500ms,6,0.0248007085917,0.964844190353,0.0103551010548,62095,0.0144456075368
2025-06-01,trade_imbalance_500ms,500ms,7,0.039793223396,0.951832646225,0.00837413037877,62096,0.0314190930173
2025-06-01,trade_imbalance_500ms,500ms,8,0.0163781302842,0.977953136323,0.00566873339238,62095,0.0107093968919
2025-06-01,trade_imbalance_500ms,500ms,9,0.0245752476045,0.967388678638,0.00803607375795,62095,0.0165391738465
2025-06-01,trade_imbalance_500ms,500ms,10,0.0266692434052,0.965568331884,0.00776242471092,62094,0.0189068186942
2025-06-01,di_10,5s,1,0.0353703703704,0.633587962963,0.331041666667,86400,-0.295671296296
2025-06-01,di_10,5s,2,0.0436151495509,0.767455319937,0.188929530512,86392,-0.145314380961
2025-06-01,di_10,5s,3,0.0492025278363,0.812437787912,0.138359684252,86398,-0.0891571564157
2025-06-01,di_10,5s,4,0.0633625081041,0.828193016579,0.108444475317,86376,-0.0450819672131
2025-06-01,di_10,5s,5,0.0772729903351,0.841344985242,0.0813820244227,86395,-0.00410903408762
2025-06-01,di_10,5s,6,0.0860572248715,0.843372378351,0.0705703967776,86396,0.0154868280939
2025-06-01,di_10,5s,7,0.0998067062514,0.841614870887,0.0585784228619,86397,0.0412282833895
2025-06-01,di_10,5s,8,0.133607268939,0.821934139707,0.0444585913537,86395,0.0891486775855
2025-06-01,di_10,5s,9,0.19282630586,0.76718480538,0.0399888887603,86399,0.1528374171
2025-06-01,di_10,5s,10,0.365511493854,0.602773340741,0.031715165405,86394,0.333796328449
2025-06-01,di_5,5s,1,0.0342708333333,0.633819444444,0.331909722222,86400,-0.297638888889
2025-06-01,di_5,5s,2,0.0434067969256,0.764850912121,0.191742290953,86392,-0.148335494027
2025-06-01,di_5,5s,3,0.0510312738721,0.815377670779,0.133591055349,86398,-0.0825597814764
2025-06-01,di_5,5s,4,0.0630499212744,0.8268963601,0.110053718626,86376,-0.0470037973511
2025-06-01,di_5,5s,5,0.0764876783999,0.843899389997,0.0796129316033,86393,-0.00312525320338
2025-06-01,di_5,5s,6,0.0879881478738,0.841801893562,0.0702099585639,86398,0.0177781893099
2025-06-01,di_5,5s,7,0.101184068891,0.838582358184,0.060233572925,86397,0.0409504959663
2025-06-01,di_5,5s,8,0.131720585682,0.825337114416,0.0429422999016,86395,0.0887782857804
2025-06-01,di_5,5s,9,0.191796201345,0.767207953796,0.0409958448593,86399,0.150800356486
2025-06-01,di_5,5s,10,0.3656966919,0.60212514758,0.0321781605204,86394,0.333518531379
2025-06-01,microprice_deviation_bps,5s,1,0.0343287037037,0.635902777778,0.329768518519,86400,-0.295439814815
2025-06-01,microprice_deviation_bps,5s,2,0.0430711176961,0.764943513288,0.191985369016,86392,-0.14891425132
2025-06-01,microprice_deviation_bps,5s,3,0.0505220028241,0.814035047108,0.135442950068,86398,-0.0849209472441
2025-06-01,microprice_deviation_bps,5s,4,0.0650643697323,0.824360933593,0.110574696675,86376,-0.0455103269427
2025-06-01,microprice_deviation_bps,5s,5,0.0759320778304,0.844142465246,0.0799254569236,86393,-0.00399337909321
2025-06-01,microprice_deviation_bps,5s,6,0.0873399847219,0.843306558022,0.069353457256,86398,0.0179865274659
2025-06-01,microprice_deviation_bps,5s,7,0.101832239545,0.836487378034,0.0616803824207,86397,0.0401518571247
2025-06-01,microprice_deviation_bps,5s,8,0.129695005498,0.827547890503,0.0427571039991,86395,0.0869379014989
2025-06-01,microprice_deviation_bps,5s,9,0.194898089098,0.765622287295,0.0394796236068,86399,0.155418465491
2025-06-01,microprice_deviation_bps,5s,10,0.363948885339,0.60354885756,0.0325022571012,86394,0.331446628238
2025-06-01,ofi_5s,5s,1,0.0827546296296,0.631678240741,0.28556712963,86400,-0.2028125
2025-06-01,ofi_5s,5s,2,0.0675470780912,0.736652044584,0.195800877325,86399,-0.128253799234
2025-06-01,ofi_5s,5s,3,0.0678364332921,0.81918772208,0.112975844628,86399,-0.0451394113358
2025-06-01,ofi_5s,5s,4,0.070859762026,0.833209870827,0.0959303671466,86396,-0.0250706051206
2025-06-01,ofi_5s,5s,5,0.0765170893182,0.841641685668,0.0818412250142,86399,-0.00532413569601
2025-06-01,ofi_5s,5s,6,0.0865519276843,0.849188069306,0.0642600030093,86399,0.0222919246751
2025-06-01,ofi_5s,5s,7,0.101216449264,0.834222618317,0.0645609324182,86399,0.0366555168463
2025-06-01,ofi_5s,5s,8,0.132526215885,0.809949304382,0.0575244797333,86398,0.0750017361513
2025-06-01,ofi_5s,5s,9,0.191927960462,0.747803743186,0.0602682963529,86397,0.131659664109
2025-06-01,ofi_5s,5s,10,0.268979572931,0.656294872389,0.0747255546806,86356,0.19425401825
2025-06-01,qi_1,5s,1,0.0344444444444,0.63525462963,0.330300925926,86400,-0.295856481481
2025-06-01,qi_1,5s,2,0.0429553662376,0.765394943976,0.191649689786,86392,-0.148694323548
2025-06-01,qi_1,5s,3,0.0509849765041,0.813884580662,0.135130442834,86398,-0.0841454663302
2025-06-01,qi_1,5s,4,0.0648907103825,0.824187274243,0.110922015375,86376,-0.0460313049921
2025-06-01,qi_1,5s,5,0.0756427025338,0.844593890709,0.0797634067575,86393,-0.00412070422372
2025-06-01,qi_1,5s,6,0.0872705386699,0.84335285539,0.06937660594,86398,0.0178939327299
2025-06-01,qi_1,5s,7,0.10153130317,0.836718867553,0.0617498292765,86397,0.0397814738938
2025-06-01,qi_1,5s,8,0.130435789108,0.826911279588,0.0426529313039,86395,0.0877828578043
2025-06-01,qi_1,5s,9,0.193567055174,0.766571372354,0.0398615724719,86399,0.153705482702
2025-06-01,qi_1,5s,10,0.364909600204,0.603027988055,0.0320624117416,86394,0.332847188462
2025-06-01,trade_imbalance_5s,5s,1,0.0722487152183,0.735068753183,0.192682531599,86396,-0.12043381638
2025-06-01,trade_imbalance_5s,5s,2,0.0747844203947,0.760657445454,0.164558134151,86395,-0.0897737137566
2025-06-01,trade_imbalance_5s,5s,3,0.081474622374,0.783413391979,0.135111985647,86395,-0.0536373632733
2025-06-01,trade_imbalance_5s,5s,4,0.0904103246716,0.794351524973,0.115238150356,86395,-0.0248278256844
2025-06-01,trade_imbalance_5s,5s,5,0.107124254876,0.795011285375,0.0978644597488,86395,0.00925979512703
2025-06-01,trade_imbalance_5s,5s,6,0.107296634103,0.796634103431,0.0960692624659,86396,0.0112273716376
2025-06-01,trade_imbalance_5s,5s,7,0.117190846057,0.801340448437,0.0814687055065,86389,0.0357221405503
2025-06-01,trade_imbalance_5s,5s,8,0.148105266814,0.777726320177,0.074168413009,86371,0.0739368538051
2025-06-01,trade_imbalance_5s,5s,9,0.16754441808,0.760425950576,0.0720296313444,86395,0.0955147867353
2025-06-01,trade_imbalance_5s,5s,10,0.180538350217,0.755149059334,0.0643125904486,86375,0.116225759768
2025-07-01,di_10,100ms,1,6.94476596139e-05,0.975971109774,0.0239594425668,86396,-0.0238899949072
2025-07-01,di_10,100ms,2,6.94492673102e-05,0.995844618839,0.00408593189342,86394,-0.00401648262611
2025-07-01,di_10,100ms,3,0.000115746099356,0.997835547942,0.00204870595861,86396,-0.00193295985925
2025-07-01,di_10,100ms,4,0.000185195902541,0.998738352914,0.00107645118352,86395,-0.000891255280977
2025-07-01,di_10,100ms,5,0.000162044539099,0.999143478865,0.000694476596139,86396,-0.00053243205704
2025-07-01,di_10,100ms,6,0.000324092829446,0.999236066902,0.000439840268534,86395,-0.000115747439088
2025-07-01,di_10,100ms,7,0.000613454326589,0.999131904255,0.000254641418584,86396,0.000358812908005
2025-07-01,di_10,100ms,8,0.00141210241215,0.998414278439,0.000173619149035,86396,0.00123848326311
2025-07-01,di_10,100ms,9,0.00390064354831,0.995937311913,0.000162044539099,86396,0.00373859900921
2025-07-01,di_10,100ms,10,0.0261936454656,0.973690607095,0.000115747439088,86395,0.0260778980265
2025-07-01,di_5,100ms,1,6.94476596139e-05,0.976214176582,0.0237163757581,86396,-0.0236469280985
2025-07-01,di_5,100ms,2,6.94484634527e-05,0.995740494242,0.00419005729498,86395,-0.00412060883153
2025-07-01,di_5,100ms,3,0.000127322182997,0.997696625962,0.00217605185485,86395,-0.00204872967186
2025-07-01,di_5,100ms,4,0.000219920134267,0.998738352914,0.00104172695179,86395,-0.000821806817524
2025-07-01,di_5,100ms,5,0.000127320709292,0.999236075744,0.00063660354646,86396,-0.000509282837168
2025-07-01,di_5,100ms,6,0.00028936859772,0.999131894207,0.00057873719544,86395,-0.00028936859772
2025-07-01,di_5,100ms,7,0.000613454326589,0.999155053475,0.000231492198713,86396,0.000381962127876
2025-07-01,di_5,100ms,8,0.00146997546183,0.998356405389,0.000173619149035,86396,0.00129635631279
2025-07-01,di_5,100ms,9,0.0038311958887,0.996018334182,0.000150469929163,86396,0.00368072595954
2025-07-01,di_5,100ms,10,0.0262283696973,0.973655882864,0.000115747439088,86395,0.0261126222582
2025-07-01,microprice_deviation_bps,100ms,1,9.25968794852e-05,0.975982684384,0.023924718737,86396,-0.0238321218575
2025-07-01,microprice_deviation_bps,100ms,2,6.94492673102e-05,0.995890918351,0.00403963238188,86394,-0.00397018311457
2025-07-01,microprice_deviation_bps,100ms,3,0.000115746099356,0.997742951063,0.00214130283809,86396,-0.00202555673874
2025-07-01,microprice_deviation_bps,100ms,4,0.000196770646449,0.998830950865,0.000972278488338,86395,-0.000775507841889
2025-07-01,microprice_deviation_bps,100ms,5,0.000150469929163,0.999270799574,0.000578730496782,86396,-0.000428260567619
2025-07-01,microprice_deviation_bps,100ms,6,0.000243069622085,0.999178193182,0.00057873719544,86395,-0.000335667573355
2025-07-01,microprice_deviation_bps,100ms,7,0.000601879716654,0.999131904255,0.00026621602852,86396,0.000335663688134
2025-07-01,microprice_deviation_bps,100ms,8,0.00148155007176,0.998344830779,0.000173619149035,86396,0.00130793092273
2025-07-01,microprice_deviation_bps,100ms,9,0.00380804666883,0.996029908792,0.000162044539099,86396,0.00364600212973
2025-07-01,microprice_deviation_bps,100ms,10,0.0262862434169,0.973540135425,0.000173621158632,86395,0.0261126222582
2025-07-01,ofi_100ms,100ms,1,0.00138888888889,0.980590277778,0.0180208333333,86400,-0.0166319444444
2025-07-01,ofi_100ms,100ms,2,0.000879639810646,0.995891156148,0.00322920404171,86399,-0.00234956423107
2025-07-01,ofi_100ms,100ms,3,0.00096065926689,0.99723376428,0.00180557645343,86399,-0.000844917186542
2025-07-01,ofi_100ms,100ms,4,0.00113428551587,0.99751151647,0.00135419801384,86398,-0.000219912497974
2025-07-01,ofi_100ms,100ms,5,0.000972267234594,0.997812398722,0.00121533404324,86396,-0.000243066808649
2025-07-01,ofi_100ms,100ms,6,0.00253566135606,0.994859207114,0.0026051315302,86368,-6.94701741386e-05
2025-07-01,ofi_100ms,100ms,7,0.000821768770472,0.998136552506,0.00104167872313,86399,-0.000219909952661
2025-07-01,ofi_100ms,100ms,8,0.00164353754094,0.997141170615,0.00121529184366,86399,0.000428245697288
2025-07-01,ofi_100ms,100ms,9,0.00315979536563,0.995786939512,0.00105326512188,86398,0.00210653024376
2025-07-01,ofi_100ms,100ms,10,0.0195488373708,0.978981238209,0.00146992442042,86399,0.0180789129504
2025-07-01,qi_1,100ms,1,6.94476596139e-05,0.976341497292,0.0235890550488,86396,-0.0235196073892
2025-07-01,qi_1,100ms,2,6.94492673102e-05,0.995624696159,0.00430585457323,86394,-0.00423640530592
2025-07-01,qi_1,100ms,3,0.000115746099356,0.997742951063,0.00214130283809,86396,-0.00202555673874
2025-07-01,qi_1,100ms,4,0.000208345390358,0.998749927658,0.00104172695179,86395,-0.000833381561433
2025-07-01,qi_1,100ms,5,0.000162044539099,0.999259224964,0.000578730496782,86396,-0.000416685957683
2025-07-01,qi_1,100ms,6,0.000266219109902,0.999131894207,0.000601886683257,86395,-0.000335667573355
2025-07-01,qi_1,100ms,7,0.000613454326589,0.999120329645,0.00026621602852,86396,0.000347238298069
2025-07-01,qi_1,100ms,8,0.00150469929163,0.998321681559,0.000173619149035,86396,0.0013310801426
2025-07-01,qi_1,100ms,9,0.00386591971851,0.995948886523,0.00018519375897,86396,0.00368072595954
2025-07-01,qi_1,100ms,10,0.0261704959778,0.973702181839,0.000127322182997,86395,0.0260431737948
2025-07-01,trade_imbalance_100ms,100ms,1,0.000806348936893,0.990748206935,0.00844544412851,23563,-0.00763909519161
2025-07-01,trade_imbalance_100ms,100ms,2,0.00101858925388,0.992742551566,0.00623885918004,23562,-0.00522026992615
2025-07-01,trade_imbalance_100ms,100ms,3,0.00199465263337,0.97793150278,0.0200738445869,23563,-0.0180791919535
2025-07-01,trade_imbalance_100ms,100ms,4,0.00195229606994,0.978609625668,0.0194380782616,23562,-0.0174857821917
2025-07-01,trade_imbalance_100ms,100ms,5,0.00305576776165,0.97699685935,0.0199473728885,23562,-0.0168916051269
2025-07-01,trade_imbalance_100ms,100ms,6,0.0194796927386,0.979077367059,0.00144294020286,23563,0.0180367525358
2025-07-01,trade_imbalance_100ms,100ms,7,0.00793718166384,0.991298811545,0.000764006791171,23560,0.00717317487267
2025-07-01,trade_imbalance_100ms,100ms,8,0.0155752663073,0.982430081059,0.00199465263337,23563,0.013580613674
2025-07-01,trade_imbalance_100ms,100ms,9,0.0202444614209,0.976954418131,0.00280112044818,23562,0.0174433409728
2025-07-01,trade_imbalance_100ms,100ms,10,0.0137933961463,0.984848484848,0.00135811900518,23562,0.0124352771412
2025-07-01,di_10,1s,1,0.00194453446919,0.85066438261,0.147391082921,86396,-0.145446548451
2025-07-01,di_10,1s,2,0.00299796277433,0.93651032503,0.0604917121956,86392,-0.0574937494212
2025-07-01,di_10,1s,3,0.00528959674059,0.957995740544,0.0367146627159,86396,-0.0314250659753
2025-07-01,di_10,1s,4,0.00770958257125,0.968930150719,0.0233602667099,86386,-0.0156506841386
2025-07-01,di_10,1s,5,0.00868095745173,0.974975693319,0.0163433492291,86396,-0.0076623917774
2025-07-01,di_10,1s,6,0.012513601741,0.973803625587,0.0136827726715,86386,-0.00116917093047
2025-07-01,di_10,1s,7,0.0180679661095,0.972174637715,0.00975739617575,86396,0.00831056993379
2025-07-01,di_10,1s,8,0.0331728320756,0.961525996574,0.00530117135053,86396,0.027871660725
2025-07-01,di_10,1s,9,0.0583707579055,0.936513264503,0.00511597759156,86396,0.0532547803139
2025-07-01,di_10,1s,10,0.165183170322,0.831726373054,0.00309045662365,86395,0.162092713699
2025-07-01,di_5,1s,1,0.00195610907912,0.852400574101,0.14564331682,86396,-0.143687207741
2025-07-01,di_5,1s,2,0.00297477804915,0.93636058477,0.0606646371813,86393,-0.0576898591321
2025-07-01,di_5,1s,3,0.00495399039296,0.956490537647,0.0385554719602,86395,-0.0336014815672
2025-07-01,di_5,1s,4,0.00826522816197,0.968594448174,0.0231403236636,86386,-0.0148750955016
2025-07-01,di_5,1s,5,0.00824112227418,0.975971109774,0.0157877679522,86396,-0.00754664567804
2025-07-01,di_5,1s,6,0.0126177852893,0.973398467344,0.0139837473665,86386,-0.00136596207719
2025-07-01,di_5,1s,7,0.0176165563221,0.972440853743,0.00994258993472,86396,0.00767396638733
2025-07-01,di_5,1s,8,0.0332191305153,0.961248205935,0.00553266354924,86396,0.0276864669661
2025-07-01,di_5,1s,9,0.0588684661327,0.936119727765,0.00501180610213,86396,0.0538566600306
2025-07-01,di_5,1s,10,0.165217894554,0.831795821517,0.00298628392847,86395,0.162231610626
2025-07-01,microprice_deviation_bps,1s,1,0.00200240751887,0.851844992824,0.146152599657,86396,-0.144150192139
2025-07-01,microprice_deviation_bps,1s,2,0.0031137142328,0.935746365404,0.061139920363,86392,-0.0580262061302
2025-07-01,microprice_deviation_bps,1s,3,0.00506967915181,0.957173943238,0.0377563776101,86396,-0.0326866984583
2025-07-01,microprice_deviation_bps,1s,4,0.00767485472183,0.969069062117,0.0232560831616,86386,-0.0155812284398
2025-07-01,microprice_deviation_bps,1s,5,0.00912079262929,0.975473401546,0.0154058058243,86396,-0.00628501319506
2025-07-01,microprice_deviation_bps,1s,6,0.0113560067604,0.974393999028,0.014249994212,86386,-0.00289398745167
2025-07-01,microprice_deviation_bps,1s,7,0.0183226075281,0.971769526367,0.00990786610491,86396,0.00841474142321
2025-07-01,microprice_deviation_bps,1s,8,0.0328950414371,0.961745914163,0.0053590444002,86396,0.0275359970369
2025-07-01,microprice_deviation_bps,1s,9,0.0586022501042,0.936420667624,0.00497708227233,86396,0.0536251678318
2025-07-01,microprice_deviation_bps,1s,10,0.165773482262,0.83118236009,0.00304415764801,86395,0.162729324614
2025-07-01,ofi_1s,1s,1,0.0120834731883,0.856572414033,0.131344112779,86399,-0.119260639591
2025-07-01,ofi_1s,1s,2,0.0156372980231,0.941143108477,0.0432195934997,86396,-0.0275822954766
2025-07-01,ofi_1s,1s,3,0.0174423315085,0.95329807058,0.029259597912,86399,-0.0118172664035
2025-07-01,ofi_1s,1s,4,0.0132887288891,0.963085578025,0.0236256930859,86389,-0.0103369641968
2025-07-01,ofi_1s,1s,5,0.0115859163407,0.96901548647,0.0193985971897,86398,-0.00781268084909
2025-07-01,ofi_1s,1s,6,0.0136859412269,0.972581803024,0.0137322557488,86366,-4.63145219183e-05
2025-07-01,ofi_1s,1s,7,0.020233589147,0.96614230649,0.0136241043627,86391,0.00660948478429
2025-07-01,ofi_1s,1s,8,0.0293753399924,0.952453153393,0.0181715066147,86399,0.0112038333777
2025-07-01,ofi_1s,1s,9,0.0434380027547,0.941295616847,0.0152663803979,86399,0.0281716223567
2025-07-01,ofi_1s,1s,10,0.137154365213,0.849245940347,0.0135996944409,86399,0.123554670772
2025-07-01,qi_1,1s,1,0.00193295985925,0.852933006158,0.145134033983,86396,-0.143201074124
2025-07-01,qi_1,1s,2,0.00306741364941,0.935260209279,0.061672377072,86392,-0.0586049634225
2025-07-01,qi_1,1s,3,0.00513912681143,0.95675725728,0.0381036159081,86396,-0.0329644890967
2025-07-01,qi_1,1s,4,0.00757067117357,0.969045910217,0.0233834186095,86386,-0.0158127474359
2025-07-01,qi_1,1s,5,0.00924811333858,0.975357655447,0.0153942312144,86396,-0.00614611787583
2025-07-01,qi_1,1s,6,0.0114254624592,0.974185631931,0.0143889056097,86386,-0.00296344315051
2025-07-01,qi_1,1s,7,0.0184036297977,0.971711653317,0.00988471688504,86396,0.00851891291263
2025-07-01,qi_1,1s,8,0.0330107875365,0.961525996574,0.00546321588962,86396,0.0275475716468
2025-07-01,qi_1,1s,9,0.0587758692532,0.936374369184,0.00484976156304,86396,0.0539261076902
2025-07-01,qi_1,1s,10,0.165356791481,0.831668499334,0.00297470918456,86395,0.162382082296
2025-07-01,trade_imbalance_1s,1s,1,0.0124138965634,0.963895938293,0.0236901651436,79991,-0.0112762685802
2025-07-01,trade_imbalance_1s,1s,2,0.0215660044757,0.918386737845,0.0600472576794,79987,-0.0384812532036
2025-07-01,trade_imbalance_1s,1s,3,0.0204420994724,0.918206596484,0.0613513040434,79982,-0.040909204571
2025-07-01,trade_imbalance_1s,1s,4,0.0223777972247,0.935766970871,0.041855231904,79990,-0.0194774346793
2025-07-01,trade_imbalance_1s,1s,5,0.026590823853,0.941830228779,0.0315789473684,79990,-0.00498812351544
2025-07-01,trade_imbalance_1s,1s,6,0.0306045906886,0.942416362454,0.026979046857,79988,0.00362554383157
2025-07-01,trade_imbalance_1s,1s,7,0.0465058132267,0.928553569196,0.0249406175772,79990,0.0215651956495
2025-07-01,trade_imbalance_1s,1s,8,0.0774212098861,0.902801565176,0.0197772249378,79991,0.0576439849483
2025-07-01,trade_imbalance_1s,1s,9,0.022665899885,0.962206831025,0.0151272690904,79988,0.00753863079462
2025-07-01,trade_imbalance_1s,1s,10,0.0455238809702,0.926056514129,0.0284196049012,79980,0.017104276069
2025-07-01,di_10,30s,1,0.176674846058,0.272998749942,0.550326404,86396,-0.373651557942
2025-07-01,di_10,30s,2,0.178700402796,0.333244594657,0.488055002546,86396,-0.30935459975
2025-07-01,di_10,30s,3,0.195416401412,0.378366803634,0.426216794953,86395,-0.230800393541
2025-07-01,di_10,30s,4,0.245046066948,0.379404139081,0.375549793972,86396,-0.130503727024
2025-07-01,di_10,30s,5,0.28111282271,0.390090225738,0.328796951551,86339,-0.047684128841
2025-07-01,di_10,30s,6,0.293325757751,0.403028686719,0.30364555553,86242,-0.0103197977783
2025-07-01,di_10,30s,7,0.332406924903,0.408939841353,0.258653233744,86355,0.0737536911586
2025-07-01,di_10,30s,8,0.387036243383,0.372302595763,0.240661160854,86333,0.146375082529
2025-07-01,di_10,30s,9,0.432418040378,0.32767642156,0.239905538063,86384,0.192512502315
2025-07-01,di_10,30s,10,0.564245616066,0.232849123213,0.202905260721,86395,0.361340355345
2025-07-01,di_5,30s,1,0.174082133432,0.272570489375,0.553347377193,86396,-0.379265243761
2025-07-01,di_5,30s,2,0.178966618825,0.340085189129,0.480948192046,86396,-0.301981573221
2025-07-01,di_5,30s,3,0.196840094913,0.374373516986,0.428786388101,86395,-0.231946293188
2025-07-01,di_5,30s,4,0.245647946664,0.378258252697,0.376093800639,86396,-0.130445853975
2025-07-01,di_5,30s,5,0.28005233541,0.392365051062,0.327582613528,86366,-0.0475302781187
2025-07-01,di_5,30s,6,0.2970712753,0.398608130836,0.304320593864,86215,-0.00724931856405
2025-07-01,di_5,30s,7,0.336132215325,0.405656443991,0.258211340684,86344,0.077920874641
2025-07-01,di_5,30s,8,0.381443776566,0.374807453992,0.243748769443,86343,0.137695007123
2025-07-01,di_5,30s,9,0.434728251433,0.326399259131,0.238872489437,86385,0.195855761996
2025-07-01,di_5,30s,10,0.561421378552,0.235777533422,0.202801088026,86395,0.358620290526
2025-07-01,microprice_deviation_bps,30s,1,0.173839066623,0.271169961572,0.554990971804,86396,-0.381151905181
2025-07-01,microprice_deviation_bps,30s,2,0.17630445854,0.335073383027,0.488622158433,86396,-0.312317699894
2025-07-01,microprice_deviation_bps,30s,3,0.197347099403,0.374508079078,0.42814482152,86396,-0.230797722117
2025-07-01,microprice_deviation_bps,30s,4,0.244999768508,0.38300384277,0.371996388722,86396,-0.126996620214
2025-07-01,microprice_deviation_bps,30s,5,0.285327219675,0.38762678894,0.327045991385,86364,-0.0417187717104
2025-07-01,microprice_deviation_bps,30s,6,0.294794469704,0.401978751044,0.303226779252,86216,-0.00843230954811
2025-07-01,microprice_deviation_bps,30s,7,0.339450497285,0.405249568711,0.255299934004,86369,0.0841505632808
2025-07-01,microprice_deviation_bps,30s,8,0.379159379669,0.377630557904,0.243210062427,86341,0.135949317242
2025-07-01,microprice_deviation_bps,30s,9,0.435365091128,0.326080915217,0.238553993655,86362,0.196811097473
2025-07-01,microprice_deviation_bps,30s,10,0.559824063893,0.236564616008,0.2036113201,86395,0.356212743793
2025-07-01,ofi_30s,30s,1,0.318483796296,0.243530092593,0.437986111111,86400,-0.119502314815
2025-07-01,ofi_30s,30s,2,0.288741767845,0.318695818239,0.392562413917,86399,-0.103820646072
2025-07-01,ofi_30s,30s,3,0.256982140997,0.337550203127,0.405467655876,86399,-0.148485514879
2025-07-01,ofi_30s,30s,4,0.233767887741,0.407655258649,0.35857685361,86372,-0.124808965869
2025-07-01,ofi_30s,30s,5,0.228801389693,0.448245512449,0.322953097858,86350,-0.0941517081644
2025-07-01,ofi_30s,30s,6,0.237688459708,0.476247403057,0.286064137235,86159,-0.0483756775264
2025-07-01,ofi_30s,30s,7,0.312199752278,0.420908238508,0.266892009214,86387,0.0453077430632
2025-07-01,ofi_30s,30s,8,0.363668985635,0.345263864612,0.291067149753,86389,0.0726018358819
2025-07-01,ofi_30s,30s,9,0.384140765179,0.292307692308,0.323551542513,86385,0.060589222666
2025-07-01,ofi_30s,30s,10,0.461633734996,0.208748596497,0.329617668507,86391,0.132016066488
2025-07-01,qi_1,30s,1,0.170737071161,0.271216260012,0.558046668827,86396,-0.387309597667
2025-07-01,qi_1,30s,2,0.179082364924,0.336161396361,0.484756238715,86396,-0.30567387379
2025-07-01,qi_1,30s,3,0.19778693458,0.37418399,0.42802907542,86396,-0.23024214084
2025-07-01,qi_1,30s,4,0.24454835872,0.382540858373,0.372910782907,86396,-0.128362424186
2025-07-01,qi_1,30s,5,0.285408271965,0.387684683433,0.326907044602,86364,-0.0414987726367
2025-07-01,qi_1,30s,6,0.295049642758,0.401398812285,0.303551544957,86216,-0.00850190219913
2025-07-01,qi_1,30s,7,0.339392816618,0.405564689808,0.255042493574,86366,0.0843503230438
2025-07-01,qi_1,30s,8,0.379696548529,0.376905258281,0.24339819319,86340,0.136298355339
2025-07-01,qi_1,30s,9,0.433017622676,0.326540536785,0.240441840539,86366,0.192575782136
2025-07-01,qi_1,30s,10,0.561687597662,0.236691938191,0.201620464147,86395,0.360067133515
2025-07-01,trade_imbalance_30s,30s,1,0.23883879481,0.34674105541,0.414420149781,86393,-0.175581354971
2025-07-01,trade_imbalance_30s,30s,2,0.26593625498,0.353597238951,0.380466506069,86344,-0.114530251089
2025-07-01,trade_imbalance_30s,30s,3,0.305404307192,0.340419109537,0.35417658327,86135,-0.0487722760782
2025-07-01,trade_imbalance_30s,30s,4,0.28782740541,0.350559612958,0.361612981632,86399,-0.0737855762219
2025-07-01,trade_imbalance_30s,30s,5,0.29852076485,0.358836057225,0.342643177925,86396,-0.0441224130747
2025-07-01,trade_imbalance_30s,30s,6,0.330594104098,0.340617368257,0.328788527645,86399,0.00180557645343
2025-07-01,trade_imbalance_30s,30s,7,0.317411081147,0.345791039248,0.336797879605,86399,-0.0193867984583
2025-07-01,trade_imbalance_30s,30s,8,0.340229698752,0.354354319587,0.305415981661,86374,0.0348137170908
2025-07-01,trade_imbalance_30s,30s,9,0.342944451518,0.351891935689,0.305163612793,86393,0.0377808387254
2025-07-01,trade_imbalance_30s,30s,10,0.358603687543,0.355906897071,0.285489415387,86399,0.0731142721559
2025-07-01,di_10,500ms,1,0.000601879716654,0.909255058105,0.0901430621788,86396,-0.0895411824622
2025-07-01,di_10,500ms,2,0.000868135938513,0.969094360589,0.0300375034725,86392,-0.029169367534
2025-07-01,di_10,500ms,3,0.00173619149035,0.981330154174,0.0169336543358,86396,-0.0151974628455
2025-07-01,di_10,500ms,4,0.00253498628329,0.987174589946,0.010290423771,86391,-0.0077554374877
2025-07-01,di_10,500ms,5,0.00291680170378,0.990763461271,0.00631973702486,86396,-0.00340293532108
2025-07-01,di_10,500ms,6,0.00494264448843,0.989698000949,0.0053593545624,86391,-0.000416710073966
2025-07-01,di_10,500ms,7,0.00734987730913,0.9892819112,0.00336821149127,86396,0.00398166581786
2025-07-01,di_10,500ms,8,0.0143177924904,0.983679799991,0.00200240751887,86396,0.0123153849715
2025-07-01,di_10,500ms,9,0.029503680726,0.968922172323,0.00157414695125,86396,0.0279295337747
2025-07-01,di_10,500ms,10,0.101626251519,0.897308872041,0.00106487643961,86395,0.10056137508
2025-07-01,di_5,500ms,1,0.000601879716654,0.909949534701,0.0894485855827,86396,-0.088846705866
2025-07-01,di_5,500ms,2,0.000891275913558,0.96908314331,0.0300255807762,86393,-0.0291343048627
2025-07-01,di_5,500ms,3,0.00159731465941,0.980855373575,0.0175473117657,86395,-0.0159499971063
2025-07-01,di_5,500ms,4,0.00272019076061,0.986931509069,0.0103483001702,86391,-0.00762810940954
2025-07-01,di_5,500ms,5,0.00273160794481,0.991261169499,0.0060072225566,86396,-0.00327561461179
2025-07-01,di_5,500ms,6,0.00478059057078,0.989593823431,0.00562558599854,86391,-0.000844995427764
2025-07-01,di_5,500ms,7,0.00731515347933,0.98920088893,0.00348395759063,86396,0.0038311958887
2025-07-01,di_5,500ms,8,0.0146650307885,0.983309412473,0.00202555673874,86396,0.0126394740497
2025-07-01,di_5,500ms,9,0.029133293208,0.969280985231,0.00158572156118,86396,0.0275475716468
2025-07-01,di_5,500ms,10,0.101961919093,0.897042652931,0.000995427976156,86395,0.100966491116
2025-07-01,microprice_deviation_bps,500ms,1,0.000682901986203,0.909671744062,0.0896453539516,86396,-0.0889624519654
2025-07-01,microprice_deviation_bps,500ms,2,0.000926011667747,0.968955458839,0.0301185294935,86392,-0.0291925178257
2025-07-01,microprice_deviation_bps,500ms,3,0.00156257234131,0.981040788925,0.0173966387333,86396,-0.015834066392
2025-07-01,microprice_deviation_bps,500ms,4,0.00255813684296,0.987209315785,0.0102325473718,86391,-0.00767441052887
2025-07-01,microprice_deviation_bps,500ms,5,0.00296310014353,0.991191721839,0.0058451780175,86396,-0.00288207787398
2025-07-01,microprice_deviation_bps,500ms,6,0.00429442881782,0.989987382945,0.0057181882372,86391,-0.00142375941938
2025-07-01,microprice_deviation_bps,500ms,7,0.0075003472383,0.989027269781,0.00347238298069,86396,0.0040279642576
2025-07-01,microprice_deviation_bps,500ms,8,0.014560859299,0.983494606232,0.00194453446919,86396,0.0126163248299
2025-07-01,microprice_deviation_bps,500ms,9,0.0290406963285,0.969292559841,0.00166674383073,86396,0.0273739524978
2025-07-01,microprice_deviation_bps,500ms,10,0.10230916141,0.896637536894,0.0010533016957,86395,0.101255859714
2025-07-01,ofi_500ms,500ms,1,0.00554398148148,0.920821759259,0.0736342592593,86400,-0.0680902777778
2025-07-01,ofi_500ms,500ms,2,0.00811351983241,0.970057523814,0.0218289563537,86399,-0.0137154365213
2025-07-01,ofi_500ms,500ms,3,0.00746536418246,0.975821479415,0.0167131564023,86399,-0.00924779221982
2025-07-01,ofi_500ms,500ms,4,0.0060533808653,0.983691752124,0.0102548670108,86398,-0.00420148614551
2025-07-01,ofi_500ms,500ms,5,0.00568300192134,0.986133938286,0.00818305979305,86398,-0.00250005787171
2025-07-01,ofi_500ms,500ms,6,0.00583610278025,0.986857189175,0.00730670804433,86359,-0.00147060526407
2025-07-01,ofi_500ms,500ms,7,0.00981492841352,0.983657218255,0.00652785333164,86399,0.00328707508189
2025-07-01,ofi_500ms,500ms,8,0.0155564558134,0.976584293073,0.00785925111407,86395,0.00769720469935
2025-07-01,ofi_500ms,500ms,9,0.0214933043207,0.969710297573,0.00879639810646,86399,0.0126969062142
2025-07-01,ofi_500ms,500ms,10,0.0808342689151,0.913181865531,0.005983865554,86399,0.0748504033612
2025-07-01,qi_1,500ms,1,0.00063660354646,0.910389369878,0.0889740265753,86396,-0.0883374230288
2025-07-01,qi_1,500ms,2,0.000868135938513,0.968585054172,0.0305468098898,86392,-0.0296786739513
2025-07-01,qi_1,500ms,3,0.00158572156118,0.980867169776,0.0175471086624,86396,-0.0159613871013
2025-07-01,qi_1,500ms,4,0.00256971212279,0.987151439386,0.0102788484912,86391,-0.00770913636837
2025-07-01,qi_1,500ms,5,0.00300939858327,0.991099124959,0.00589147645724,86396,-0.00288207787398
2025-07-01,qi_1,500ms,6,0.00435230521698,0.989848479587,0.00579921519603,86391,-0.00144690997905
2025-07-01,qi_1,500ms,7,0.00753507106811,0.988992545951,0.00347238298069,86396,0.00406268808741
2025-07-01,qi_1,500ms,8,0.0146187323487,0.983367285522,0.0020139821288,86396,0.0126047502199
2025-07-01,qi_1,500ms,9,0.0292953377471,0.969118940692,0.00158572156118,86396,0.0277096161859
2025-07-01,qi_1,500ms,10,0.101927194861,0.897088951907,0.000983853232247,86395,0.100943341629
2025-07-01,trade_imbalance_500ms,500ms,1,0.00668400122362,0.979167941266,0.0141480575099,65380,-0.00746405628633
2025-07-01,trade_imbalance_500ms,500ms,2,0.00847353930866,0.971000305904,0.0205261547874,65380,-0.0120526154787
2025-07-01,trade_imbalance_500ms,500ms,3,0.012113796268,0.958534720098,0.0293514836341,65380,-0.0172376873662
2025-07-01,trade_imbalance_500ms,500ms,4,0.0118996635057,0.941449984705,0.0466503517895,65380,-0.0347506882839
2025-07-01,trade_imbalance_500ms,500ms,5,0.0144539614561,0.965861119608,0.0196849189355,65380,-0.00523095747935
2025-07-01,trade_imbalance_500ms,500ms,6,0.0211376393754,0.96399565623,0.0148667043942,65381,0.00627093498111
2025-07-01,trade_imbalance_500ms,500ms,7,0.0466350565922,0.942581829306,0.0107831141022,65380,0.0358519424901
2025-07-01,trade_imbalance_500ms,500ms,8,0.010829496612,0.983954601771,0.00521590161678,65377,0.00561359499518
2025-07-01,trade_imbalance_500ms,500ms,9,0.0365560806987,0.944263448508,0.0191804707934,65379,0.0173756099053
2025-07-01,trade_imbalance_500ms,500ms,10,0.0215662282043,0.968185989599,0.0102477821964,65380,0.011318446008
2025-07-01,di_10,5s,1,0.0273623778879,0.610016667438,0.362620954674,86396,-0.335258576786
2025-07-01,di_10,5s,2,0.0322121394509,0.746735959998,0.221051900551,86396,-0.1888397611
2025-07-01,di_10,5s,3,0.0426061391731,0.791008843002,0.166385017825,86396,-0.123778878652
2025-07-01,di_10,5s,4,0.0573521922311,0.822433908977,0.120213898792,86396,-0.0628617065605
2025-07-01,di_10,5s,5,0.0700598594403,0.841378272297,0.0885618682629,86369,-0.0185020088226
2025-07-01,di_10,5s,6,0.076598897791,0.839762886121,0.0836382160885,86372,-0.0070393182976
2025-07-01,di_10,5s,7,0.105250364609,0.82760376878,0.0671458666111,86394,0.0381044979975
2025-07-01,di_10,5s,8,0.156087565553,0.789270788715,0.0546416457323,86381,0.10144591982
2025-07-01,di_10,5s,9,0.223415831269,0.728682888431,0.0479012803,86386,0.175514550969
2025-07-01,di_10,5s,10,0.387452977603,0.580334510099,0.0322125122982,86395,0.355240465305
2025-07-01,di_5,5s,1,0.0266331774619,0.614658086023,0.358708736516,86396,-0.332075559054
2025-07-01,di_5,5s,2,0.0318649011528,0.745265984536,0.222869114311,86396,-0.191004213158
2025-07-01,di_5,5s,3,0.0431385712301,0.789180054632,0.167681374138,86396,-0.124542802908
2025-07-01,di_5,5s,4,0.0598414260084,0.819410845535,0.120747728457,86395,-0.0609063024481
2025-07-01,di_5,5s,5,0.0688201921964,0.843151557254,0.08802825055,86370,-0.0192080583536
2025-07-01,di_5,5s,6,0.0770967443153,0.840272310471,0.0826309452137,86372,-0.00553420089844
2025-07-01,di_5,5s,7,0.104173900965,0.826168483922,0.0696576151122,86394,0.0345162858532
2025-07-01,di_5,5s,8,0.155545265108,0.790900671452,0.0535540634406,86380,0.101991201667
2025-07-01,di_5,5s,9,0.222637665389,0.728801787306,0.0485605473046,86387,0.174077118085
2025-07-01,di_5,5s,10,0.388645176225,0.57942010533,0.0319347184444,86395,0.356710457781
2025-07-01,microprice_deviation_bps,5s,1,0.027165609519,0.612713551553,0.360120838928,86396,-0.332955229409
2025-07-01,microprice_deviation_bps,5s,2,0.0324783554794,0.741967220705,0.225554423816,86396,-0.193076068336
2025-07-01,microprice_deviation_bps,5s,3,0.0429996759109,0.79313857123,0.163861752859,86396,-0.120862076948
2025-07-01,microprice_deviation_bps,5s,4,0.0590420852817,0.818475392379,0.122482522339,86396,-0.0634404370573
2025-07-01,microprice_deviation_bps,5s,5,0.0699209207007,0.842790816149,0.08728826315,86369,-0.0173673424493
2025-07-01,microprice_deviation_bps,5s,6,0.0749316908257,0.842935210485,0.0821330986894,86372,-0.00720140786366
2025-07-01,microprice_deviation_bps,5s,7,0.107218093849,0.822001527884,0.070780378267,86394,0.0364377155821
2025-07-01,microprice_deviation_bps,5s,8,0.152356590583,0.794504375203,0.0531390342145,86396,0.0992175563684
2025-07-01,microprice_deviation_bps,5s,9,0.224207199176,0.729423070243,0.0463697305809,86371,0.177837468595
2025-07-01,microprice_deviation_bps,5s,10,0.388089588518,0.579269633659,0.0326407778228,86395,0.355448810695
2025-07-01,ofi_5s,5s,1,0.08375,0.597719907407,0.318530092593,86400,-0.234780092593
2025-07-01,ofi_5s,5s,2,0.0635438730511,0.718531893469,0.21792423348,86397,-0.154380360429
2025-07-01,ofi_5s,5s,3,0.0589257174623,0.79921478702,0.141859495518,86346,-0.0829337780557
2025-07-01,ofi_5s,5s,4,0.0639896283092,0.825197652479,0.110812719212,86389,-0.0468230909028
2025-07-01,ofi_5s,5s,5,0.0684977487644,0.840121763487,0.0913804877484,86397,-0.022882738984
2025-07-01,ofi_5s,5s,6,0.0747693839049,0.85582009051,0.0694105255848,86399,0.00535885832012
2025-07-01,ofi_5s,5s,7,0.0827381848066,0.848112694316,0.0691491208778,86393,0.0135890639288
2025-07-01,ofi_5s,5s,8,0.133578019891,0.803853234378,0.0625687457305,86369,0.0710092741609
2025-07-01,ofi_5s,5s,9,0.233630039471,0.699663167155,0.0667067933745,86393,0.166923246096
2025-07-01,ofi_5s,5s,10,0.314949420125,0.588995115628,0.0960554642469,86398,0.218893955879
2025-07-01,qi_1,5s,1,0.0259734246956,0.615016898931,0.359009676374,86396,-0.333036251678
2025-07-01,qi_1,5s,2,0.0331728320756,0.74107597574,0.225751192185,86396,-0.192578360109
2025-07-01,qi_1,5s,3,0.0433121903792,0.792235751655,0.164452057966,86396,-0.121139867586
2025-07-01,qi_1,5s,4,0.0587874438631,0.818521690819,0.122690865318,86396,-0.0639034214547
2025-07-01,qi_1,5s,5,0.0702103764082,0.842536095127,0.0872535284651,86369,-0.0170431520569
2025-07-01,qi_1,5s,6,0.0751748251748,0.842344741351,0.0824804334738,86372,-0.00730560829899
2025-07-01,qi_1,5s,7,0.107391717017,0.822036252518,0.0705720304651,86394,0.0368196865523
2025-07-01,qi_1,5s,8,0.152497250998,0.794085305863,0.0534174431391,86395,0.0990798078593
2025-07-01,qi_1,5s,9,0.223741490298,0.729843004677,0.0464155050248,86372,0.177325985273
2025-07-01,qi_1,5s,10,0.388147462237,0.579524278025,0.0323282597373,86395,0.3558192025
2025-07-01,trade_imbalance_5s,5s,1,0.0674352385582,0.737771141514,0.194793619927,86394,-0.127358381369
2025-07-01,trade_imbalance_5s,5s,2,0.0766870455282,0.752894724654,0.170418229818,86364,-0.0937311842898
2025-07-01,trade_imbalance_5s,5s,3,0.0858555450061,0.772746219577,0.141398235417,86366,-0.0555426904106
2025-07-01,trade_imbalance_5s,5s,4,0.0900849792762,0.771898951073,0.138016069651,86374,-0.0479310903744
2025-07-01,trade_imbalance_5s,5s,5,0.0976561143585,0.776700040512,0.12564384513,86395,-0.0279877307715
2025-07-01,trade_imbalance_5s,5s,6,0.111387628484,0.781704324474,0.106908047041,86392,0.00447958144273
2025-07-01,trade_imbalance_5s,5s,7,0.133256150507,0.758807525326,0.107936324168,86375,0.0253198263386
2025-07-01,trade_imbalance_5s,5s,8,0.147966802097,0.761306154576,0.0907270433263,86391,0.0572397587712
2025-07-01,trade_imbalance_5s,5s,9,0.176597911892,0.735213093502,0.0881889946061,86394,0.0884089172859
2025-07-01,trade_imbalance_5s,5s,10,0.191504137971,0.728028242375,0.0804676196539,86395,0.111036518317
2025-08-01,di_10,100ms,1,0.000196759259259,0.915844907407,0.0839583333333,86400,-0.0837615740741
2025-08-01,di_10,100ms,2,0.000266206784801,0.98539334946,0.0143404437551,86399,-0.0140742369703
2025-08-01,di_10,100ms,3,0.000428245697288,0.991805460711,0.00776629359136,86399,-0.00733804789407
2025-08-01,di_10,100ms,4,0.00091436243475,0.994988367921,0.00409726964432,86399,-0.00318290720957
2025-08-01,di_10,100ms,5,0.00116900854186,0.996712886872,0.00211810458575,86398,-0.00094909604389
2025-08-01,di_10,100ms,6,0.00194444444444,0.996527777778,0.00152777777778,86400,0.000416666666667
2025-08-01,di_10,100ms,7,0.00361115290686,0.995613375155,0.000775471938333,86399,0.00283568096853
2025-08-01,di_10,100ms,8,0.00694452482089,0.99258093265,0.000474542529427,86399,0.00646998229146
2025-08-01,di_10,100ms,9,0.0137385849373,0.985914188822,0.000347226241044,86399,0.0133913586963
2025-08-01,di_10,100ms,10,0.0878366647762,0.911931851063,0.000231484160696,86399,0.0876051806155
2025-08-01,di_5,100ms,1,0.000173611111111,0.914710648148,0.0851157407407,86400,-0.0849421296296
2025-08-01,di_5,100ms,2,0.000254632576766,0.986076227734,0.0136691396891,86399,-0.0134145071124
2025-08-01,di_5,100ms,3,0.000497690945497,0.992117964328,0.00738434472621,86399,-0.00688665378072
2025-08-01,di_5,100ms,4,0.000902788226716,0.994942071089,0.0041551406845,86399,-0.00325235245778
2025-08-01,di_5,100ms,5,0.00118058288386,0.996886502002,0.00193291511378,86398,-0.000752332229913
2025-08-01,di_5,100ms,6,0.00200231481481,0.996469907407,0.00152777777778,86400,0.000474537037037
2025-08-01,di_5,100ms,7,0.00375004340328,0.995370316786,0.000879639810646,86399,0.00287040359263
2025-08-01,di_5,100ms,8,0.00693295061285,0.992650377898,0.000416671489253,86399,0.0065162791236
2025-08-01,di_5,100ms,9,0.0127779256704,0.986874848089,0.000347226241044,86399,0.0124306994294
2025-08-01,di_5,100ms,10,0.0885774140904,0.911214250165,0.000208335744627,86399,0.0883690783458
2025-08-01,microprice_deviation_bps,100ms,1,0.000439814814815,0.914027777778,0.0855324074074,86400,-0.0850925925926
2025-08-01,microprice_deviation_bps,100ms,2,0.000254632576766,0.986527621847,0.0132177455758,86399,-0.012963112999
2025-08-01,microprice_deviation_bps,100ms,3,0.000462968321393,0.992198983785,0.00733804789407,86399,-0.00687507957268
2025-08-01,microprice_deviation_bps,100ms,4,0.000891214018681,0.995150406833,0.00395837914791,86399,-0.00306716512923
2025-08-01,microprice_deviation_bps,100ms,5,0.00114585985787,0.996655015162,0.00219912497974,86398,-0.00105326512188
2025-08-01,microprice_deviation_bps,100ms,6,0.00202546296296,0.99662037037,0.00135416666667,86400,0.000671296296296
2025-08-01,microprice_deviation_bps,100ms,7,0.00383106285952,0.99528929733,0.000879639810646,86399,0.00295142304888
2025-08-01,microprice_deviation_bps,100ms,8,0.00702554427713,0.992604081066,0.000370374657114,86399,0.00665516962002
2025-08-01,microprice_deviation_bps,100ms,9,0.0120950473964,0.987534577947,0.000370374657114,86399,0.0117246727393
2025-08-01,microprice_deviation_bps,100ms,10,0.0888783434993,0.910704985011,0.000416671489253,86399,0.0884616720101
2025-08-01,ofi_100ms,100ms,1,0.00209490740741,0.940532407407,0.0573726851852,86400,-0.0552777777778
2025-08-01,ofi_100ms,100ms,2,0.00387735969166,0.976469635065,0.0196530052431,86399,-0.0157756455515
2025-08-01,ofi_100ms,100ms,3,0.00364587553097,0.983703515087,0.0126506093821,86399,-0.00900473385109
2025-08-01,ofi_100ms,100ms,4,0.00341439137027,0.990775356196,0.00581025243348,86399,-0.00239586106321
2025-08-01,ofi_100ms,100ms,5,0.00300929408905,0.994536973808,0.00245373210338,86399,0.000555561985671
2025-08-01,ofi_100ms,100ms,6,0.00372689498721,0.991898054376,0.00437505063716,86399,-0.00064815564995
2025-08-01,ofi_100ms,100ms,7,0.00554404564868,0.991215176102,0.00324077824975,86399,0.00230326739893
2025-08-01,ofi_100ms,100ms,8,0.0134608039445,0.9828585979,0.00368059815507,86399,0.00978020578942
2025-08-01,ofi_100ms,100ms,9,0.0203821803493,0.975613143671,0.00400467598005,86399,0.0163775043693
2025-08-01,ofi_100ms,100ms,10,0.0578941885901,0.939709950347,0.00239586106321,86399,0.0554983275269
2025-08-01,qi_1,100ms,1,0.000277777777778,0.914560185185,0.085162037037,86400,-0.0848842592593
2025-08-01,qi_1,100ms,2,0.000277780992836,0.986504473431,0.0132177455758,86399,-0.0129399645829
2025-08-01,qi_1,100ms,3,0.000497690945497,0.991979073832,0.00752323522263,86399,-0.00702554427713
2025-08-01,qi_1,100ms,4,0.00093751085082,0.994976793713,0.00408569543629,86399,-0.00314818458547
2025-08-01,qi_1,100ms,5,0.00120373156786,0.996539271742,0.00225699668974,86398,-0.00105326512188
2025-08-01,qi_1,100ms,6,0.00209490740741,0.996481481481,0.00142361111111,86400,0.000671296296296
2025-08-01,qi_1,100ms,7,0.00386578548363,0.995219852082,0.00091436243475,86399,0.00295142304888
2025-08-01,qi_1,100ms,8,0.00714128635748,0.992453616361,0.000405097281219,86399,0.00673618907626
2025-08-01,qi_1,100ms,9,0.0121181958125,0.987499855322,0.000381948865149,86399,0.0117362469473
2025-08-01,qi_1,100ms,10,0.0886352851306,0.911098508085,0.000266206784801,86399,0.0883690783458
2025-08-01,trade_imbalance_100ms,100ms,1,0.00128579777908,0.96122150789,0.0374926943308,34220,-0.0362068965517
2025-08-01,trade_imbalance_100ms,100ms,2,0.00178258328463,0.950233781414,0.047983635301,34220,-0.0462010520164
2025-08-01,trade_imbalance_100ms,100ms,3,0.00151957919345,0.929631794272,0.0688486265342,34220,-0.0673290473407
2025-08-01,trade_imbalance_100ms,100ms,4,0.00558153126826,0.902337814144,0.092080654588,34220,-0.0864991233197
2025-08-01,trade_imbalance_100ms,100ms,5,0.0725599064874,0.918760958504,0.00867913500877,34220,0.0638807714787
2025-08-01,trade_imbalance_100ms,100ms,6,0.0253360607832,0.973699590883,0.000964348334307,34220,0.0243717124489
2025-08-01,trade_imbalance_100ms,100ms,7,0.022472238457,0.976592635885,0.00093512565751,34220,0.0215371127995
2025-08-01,trade_imbalance_100ms,100ms,8,0.0402688486265,0.957247223846,0.00248392752776,34220,0.0377849210988
2025-08-01,trade_imbalance_100ms,100ms,9,0.0554354178843,0.94260666277,0.00195791934541,34220,0.0534774985389
2025-08-01,trade_imbalance_100ms,100ms,10,0.0423436586791,0.955727644652,0.00192869666861,34220,0.0404149620105
2025-08-01,di_10,1s,1,0.0126157407407,0.621747685185,0.365636574074,86400,-0.353020833333
2025-08-01,di_10,1s,2,0.0150117478212,0.806780171067,0.178208081112,86399,-0.163196333291
2025-08-01,di_10,1s,3,0.0247919536106,0.850160302781,0.125047743608,86399,-0.100255789998
2025-08-01,di_10,1s,4,0.0376522061207,0.873431640354,0.0889161535256,86396,-0.051263947405
2025-08-01,di_10,1s,5,0.0486850634318,0.888566070932,0.0627488656357,86392,-0.0140638022039
2025-08-01,di_10,1s,6,0.0605902777778,0.888657407407,0.0507523148148,86400,0.00983796296296
2025-08-01,di_10,1s,7,0.0848157964791,0.877845808401,0.0373383951203,86399,0.0474774013588
2025-08-01,di_10,1s,8,0.123751432308,0.849917244413,0.0263313232792,86399,0.097420109029
2025-08-01,di_10,1s,9,0.176992789268,0.803562541233,0.0194446694985,86399,0.15754811977
2025-08-01,di_10,1s,10,0.381335432123,0.604474588826,0.0141899790507,86399,0.367145453072
2025-08-01,di_5,1s,1,0.0122800925926,0.621111111111,0.366608796296,86400,-0.354328703704
2025-08-01,di_5,1s,2,0.0151622125256,0.807092674684,0.177745112791,86399,-0.162582900265
2025-08-01,di_5,1s,3,0.0248151020266,0.850148728573,0.1250361694,86399,-0.100221067373
2025-08-01,di_5,1s,4,0.0380341682485,0.872575119218,0.089390712533,86396,-0.0513565442845
2025-08-01,di_5,1s,5,0.048974442078,0.888438744328,0.0625868135939,86392,-0.0136123715159
2025-08-01,di_5,1s,6,0.0612847222222,0.88849537037,0.0502199074074,86400,0.0110648148148
2025-08-01,di_5,1s,7,0.0842949571176,0.877394414287,0.0383106285952,86399,0.0459843285223
2025-08-01,di_5,1s,8,0.125927383419,0.847590828598,0.0264817879837,86399,0.0994455954351
2025-08-01,di_5,1s,9,0.174631650829,0.806780171067,0.0185881781039,86399,0.156043472725
2025-08-01,di_5,1s,10,0.380837741178,0.605516267549,0.013645991273,86399,0.367191749905
2025-08-01,microprice_deviation_bps,1s,1,0.0129513888889,0.618900462963,0.368148148148,86400,-0.355196759259
2025-08-01,microprice_deviation_bps,1s,2,0.0148497089087,0.810032523525,0.175117767567,86399,-0.160268058658
2025-08-01,microprice_deviation_bps,1s,3,0.0243058368731,0.849836224956,0.125857938171,86399,-0.101552101297
2025-08-01,microprice_deviation_bps,1s,4,0.0378373998796,0.873570535673,0.0885920644474,86396,-0.0507546645678
2025-08-01,microprice_deviation_bps,1s,5,0.0493795721826,0.88812621539,0.0624942124271,86392,-0.0131146402445
2025-08-01,microprice_deviation_bps,1s,6,0.0625462962963,0.886435185185,0.0510185185185,86400,0.0115277777778
2025-08-01,microprice_deviation_bps,1s,7,0.0849315385595,0.876040231947,0.0390282294934,86399,0.0459033090661
2025-08-01,microprice_deviation_bps,1s,8,0.126760726397,0.847799164342,0.0254401092605,86399,0.101320617137
2025-08-01,microprice_deviation_bps,1s,9,0.174990451278,0.806490815866,0.0185187328557,86399,0.156471718423
2025-08-01,microprice_deviation_bps,1s,10,0.377689556592,0.607912128613,0.0143983147953,86399,0.363291241797
2025-08-01,ofi_1s,1s,1,0.0395717592593,0.668113425926,0.292314814815,86400,-0.252743055556
2025-08-01,ofi_1s,1s,2,0.0432875380502,0.763758839801,0.192953622148,86399,-0.149666084098
2025-08-01,ofi_1s,1s,3,0.0447227398465,0.843528281577,0.111748978576,86399,-0.0670262387296
2025-08-01,ofi_1s,1s,4,0.0495740543544,0.872957081346,0.0774688642993,86396,-0.0278948099449
2025-08-01,ofi_1s,1s,5,0.046863968333,0.893158485631,0.0599775460364,86399,-0.0131135777034
2025-08-01,ofi_1s,1s,6,0.0596412037037,0.895034722222,0.0453240740741,86400,0.0143171296296
2025-08-01,ofi_1s,1s,7,0.0805129867123,0.870966248437,0.0485207648502,86396,0.0319922218621
2025-08-01,ofi_1s,1s,8,0.108027084901,0.841923722438,0.0500491926616,86395,0.0579778922391
2025-08-01,ofi_1s,1s,9,0.190719799998,0.763006516279,0.0462736837232,86399,0.144446116274
2025-08-01,ofi_1s,1s,10,0.303325269968,0.652692739499,0.0439819905323,86399,0.259343279436
2025-08-01,qi_1,1s,1,0.012349537037,0.620497685185,0.367152777778,86400,-0.354803240741
2025-08-01,qi_1,1s,2,0.0149885994051,0.809673723075,0.175337677519,86399,-0.160349078114
2025-08-01,qi_1,1s,3,0.0244563015776,0.849257514555,0.126286183868,86399,-0.10182988229
2025-08-01,qi_1,1s,4,0.0380457428585,0.873281170425,0.088673086717,86396,-0.0506273438585
2025-08-01,qi_1,1s,5,0.0495068987869,0.887721085286,0.0627720159274,86392,-0.0132651171405
2025-08-01,qi_1,1s,6,0.0627893518519,0.885983796296,0.0512268518519,86400,0.0115625
2025-08-01,qi_1,1s,7,0.085093577472,0.875762450954,0.0391439715737,86399,0.0459496058982
2025-08-01,qi_1,1s,8,0.126969062142,0.847532957557,0.0254979803007,86399,0.101471081841
2025-08-01,qi_1,1s,9,0.174411740877,0.806861190523,0.0187270686003,86399,0.155684672276
2025-08-01,qi_1,1s,10,0.377631685552,0.608571858471,0.0137964559775,86399,0.363835229574
2025-08-01,trade_imbalance_1s,1s,1,0.0413556992916,0.806750065155,0.151894235553,84414,-0.110538536262
2025-08-01,trade_imbalance_1s,1s,2,0.0512249443207,0.769084964223,0.179690091456,84412,-0.128465147135
2025-08-01,trade_imbalance_1s,1s,3,0.0638275188059,0.789871468341,0.146301012853,84415,-0.0824734940473
2025-08-01,trade_imbalance_1s,1s,4,0.0792631641296,0.80097139134,0.11976544453,84415,-0.0405022804004
2025-08-01,trade_imbalance_1s,1s,5,0.0982917120789,0.807657679003,0.0940506089182,84412,0.00424110316069
2025-08-01,trade_imbalance_1s,1s,6,0.119752179682,0.800878980288,0.0793688400303,84416,0.0403833396513
2025-08-01,trade_imbalance_1s,1s,7,0.149248957544,0.788381349507,0.0623696929492,84416,0.0868792645944
2025-08-01,trade_imbalance_1s,1s,8,0.192785642362,0.753456139312,0.0537582183261,84415,0.139027424036
2025-08-01,trade_imbalance_1s,1s,9,0.0603321645186,0.911012130402,0.0286557050796,84416,0.031676459439
2025-08-01,trade_imbalance_1s,1s,10,0.120665758455,0.814807794823,0.0645264467216,84415,0.0561393117337
2025-08-01,di_10,30s,1,0.332819883258,0.10181367553,0.565366441212,86344,-0.232546557954
2025-08-01,di_10,30s,2,0.351622247972,0.128505214368,0.519872537659,86300,-0.168250289687
2025-08-01,di_10,30s,3,0.371006602572,0.139858681802,0.489134715626,86330,-0.118128113055
2025-08-01,di_10,30s,4,0.398473512312,0.136017233791,0.465509253897,86342,-0.0670357415858
2025-08-01,di_10,30s,5,0.411136837231,0.144848344524,0.444014818245,86380,-0.0328779810141
2025-08-01,di_10,30s,6,0.416296296296,0.160671296296,0.423032407407,86400,-0.00673611111111
2025-08-01,di_10,30s,7,0.438870820264,0.160291207074,0.400837972662,86399,0.0380328476024
2025-08-01,di_10,30s,8,0.485804233845,0.156529589463,0.357666176692,86399,0.128138057153
2025-08-01,di_10,30s,9,0.514832347597,0.14311508235,0.342052570053,86399,0.172779777544
2025-08-01,di_10,30s,10,0.560909269783,0.120533802475,0.318556927742,86399,0.242352342041
2025-08-01,di_5,30s,1,0.332735062529,0.103126447429,0.564138490042,86360,-0.231403427513
2025-08-01,di_5,30s,2,0.350729309185,0.128121883913,0.521148806901,86246,-0.170419497716
2025-08-01,di_5,30s,3,0.36915292701,0.138546683957,0.492300389033,86368,-0.123147462023
2025-08-01,di_5,30s,4,0.404252854926,0.136098306734,0.459648838341,86342,-0.0553959834148
2025-08-01,di_5,30s,5,0.41197036351,0.141618430192,0.446411206298,86380,-0.0344408427877
2025-08-01,di_5,30s,6,0.41630787037,0.157708333333,0.425983796296,86400,-0.00967592592593
2025-08-01,di_5,30s,7,0.436104584544,0.165592194354,0.398303221102,86399,0.0378013634417
2025-08-01,di_5,30s,8,0.49060753018,0.149411451521,0.359981018299,86399,0.130626511881
2025-08-01,di_5,30s,9,0.506197988403,0.151679996296,0.342122015301,86399,0.164075973102
2025-08-01,di_5,30s,10,0.563710228128,0.120279169898,0.316010601975,86399,0.247699626153
2025-08-01,microprice_deviation_bps,30s,1,0.330306680256,0.103608820532,0.566084499212,86344,-0.235777818957
2025-08-01,microprice_deviation_bps,30s,2,0.355768339052,0.129857182602,0.514374478346,86264,-0.158606139293
2025-08-01,microprice_deviation_bps,30s,3,0.366344773285,0.138830994396,0.494824232319,86364,-0.128479459034
2025-08-01,microprice_deviation_bps,30s,4,0.400769016955,0.135330769943,0.463900213101,86344,-0.0631311961456
2025-08-01,microprice_deviation_bps,30s,5,0.412688122251,0.142729798564,0.444582079185,86380,-0.0318939569345
2025-08-01,microprice_deviation_bps,30s,6,0.417025462963,0.15537037037,0.427604166667,86400,-0.0105787037037
2025-08-01,microprice_deviation_bps,30s,7,0.435375409438,0.164573664047,0.400050926515,86399,0.0353244829223
2025-08-01,microprice_deviation_bps,30s,8,0.490815865924,0.150823504902,0.358360629174,86399,0.13245523675
2025-08-01,microprice_deviation_bps,30s,9,0.510769800576,0.146807254714,0.34242294471,86399,0.168346855866
2025-08-01,microprice_deviation_bps,30s,10,0.561904651674,0.124249123254,0.313846225072,86399,0.248058426602
2025-08-01,ofi_30s,30s,1,0.432997685185,0.104583333333,0.462418981481,86400,-0.0294212962963
2025-08-01,ofi_30s,30s,2,0.419754086973,0.123396471079,0.456849441949,86372,-0.0370953549761
2025-08-01,ofi_30s,30s,3,0.39144706319,0.124431660017,0.484121276793,86216,-0.092674213603
2025-08-01,ofi_30s,30s,4,0.420110735301,0.140538850021,0.439350414678,86332,-0.0192396793773
2025-08-01,ofi_30s,30s,5,0.383972399741,0.181219320182,0.434808280078,86376,-0.0508358803371
2025-08-01,ofi_30s,30s,6,0.422731481481,0.170775462963,0.406493055556,86400,0.0162384259259
2025-08-01,ofi_30s,30s,7,0.421011817266,0.165001909744,0.413986272989,86399,0.00702554427713
2025-08-01,ofi_30s,30s,8,0.44997048577,0.145869743863,0.404159770368,86399,0.0458107154018
2025-08-01,ofi_30s,30s,9,0.466093357562,0.121100938668,0.41280570377,86399,0.0532876537923
2025-08-01,ofi_30s,30s,10,0.473801780113,0.115279112027,0.41091910786,86399,0.0628826722532
2025-08-01,qi_1,30s,1,0.329106888526,0.103692639038,0.567200472435,86361,-0.238093583909
2025-08-01,qi_1,30s,2,0.356405797101,0.129530434783,0.514063768116,86250,-0.157657971014
2025-08-01,qi_1,30s,3,0.366013223255,0.139342079363,0.494644697382,86363,-0.128631474127
2025-08-01,qi_1,30s,4,0.401623775219,0.135287577309,0.463088647472,86342,-0.0614648722522
2025-08-01,qi_1,30s,5,0.412757582774,0.142556147256,0.44468626997,86380,-0.0319286871961
2025-08-01,qi_1,30s,6,0.417303240741,0.155162037037,0.427534722222,86400,-0.0102314814815
2025-08-01,qi_1,30s,7,0.435155499485,0.165129226033,0.399715274482,86399,0.0354402250026
2025-08-01,qi_1,30s,8,0.491174666373,0.149804974595,0.359020359032,86399,0.132154307342
2025-08-01,qi_1,30s,9,0.508894778875,0.148149862846,0.34295535828,86399,0.165939420595
2025-08-01,qi_1,30s,10,0.563339853471,0.123531522356,0.313128624174,86399,0.250211229297
2025-08-01,trade_imbalance_30s,30s,1,0.426257992772,0.151596237605,0.422145769623,86328,0.00411222314892
2025-08-01,trade_imbalance_30s,30s,2,0.408116244066,0.125749681602,0.466134074331,86370,-0.0580178302651
2025-08-01,trade_imbalance_30s,30s,3,0.412717713545,0.130593385214,0.456688901241,86352,-0.0439711876969
2025-08-01,trade_imbalance_30s,30s,4,0.428241921276,0.12630395475,0.445454123974,86276,-0.0172122026983
2025-08-01,trade_imbalance_30s,30s,5,0.430995763202,0.127891093464,0.441113143333,86386,-0.010117380131
2025-08-01,trade_imbalance_30s,30s,6,0.439375347287,0.129329505464,0.431295147249,86384,0.00808020003704
2025-08-01,trade_imbalance_30s,30s,7,0.410074190674,0.136633525851,0.453292283476,86399,-0.043218092802
2025-08-01,trade_imbalance_30s,30s,8,0.459658097895,0.132640424079,0.407701478026,86399,0.0519566198683
2025-08-01,trade_imbalance_30s,30s,9,0.428095232584,0.143172953391,0.428731814026,86399,-0.000636581441915
2025-08-01,trade_imbalance_30s,30s,10,0.438442574567,0.18828921631,0.373268209123,86399,0.065174365444
2025-08-01,di_10,500ms,1,0.00296296296296,0.737615740741,0.259421296296,86400,-0.256458333333
2025-08-01,di_10,500ms,2,0.00402782439612,0.896005740807,0.0999664347967,86399,-0.0959386104006
2025-08-01,di_10,500ms,3,0.0077778677994,0.927221379877,0.0650007523235,86399,-0.0572228845241
2025-08-01,di_10,500ms,4,0.0138659012257,0.945068808667,0.0410652901075,86399,-0.0271993888818
2025-08-01,di_10,500ms,5,0.0185198046161,0.95474222747,0.0267379679144,86394,-0.00821816329838
2025-08-01,di_10,500ms,6,0.0256134259259,0.954039351852,0.0203472222222,86400,0.0052662037037
2025-08-01,di_10,500ms,7,0.0399194435121,0.947082720865,0.0129978356231,86399,0.026921607889
2025-08-01,di_10,500ms,8,0.0630678595817,0.927973703399,0.00895843701895,86399,0.0541094225628
2025-08-01,di_10,500ms,9,0.0983344714638,0.895762682438,0.00590284609776,86399,0.092431625366
2025-08-01,di_10,500ms,10,0.273359645366,0.72289031123,0.00375004340328,86399,0.269609601963
2025-08-01,di_5,500ms,1,0.00275462962963,0.736770833333,0.260474537037,86400,-0.257719907407
2025-08-01,di_5,500ms,2,0.00406254702022,0.89634139284,0.0995960601396,86399,-0.0955335131194
2025-08-01,di_5,500ms,3,0.00773157096726,0.927348696165,0.0649197328673,86399,-0.0571881619
2025-08-01,di_5,500ms,4,0.0141205338025,0.944848898714,0.0410305674834,86399,-0.0269100336809
2025-08-01,di_5,500ms,5,0.0184850799824,0.95468435308,0.0268305669375,86394,-0.00834548695511
2025-08-01,di_5,500ms,6,0.02625,0.954178240741,0.0195717592593,86400,0.00667824074074
2025-08-01,di_5,500ms,7,0.0400814824246,0.945960022685,0.01395849489,86399,0.0261229875346
2025-08-01,di_5,500ms,8,0.0643988935057,0.926700540516,0.00890056597877,86399,0.0554983275269
2025-08-01,di_5,500ms,9,0.0959038877765,0.898748828111,0.00534728411208,86399,0.0905566036644
2025-08-01,di_5,500ms,10,0.273660574775,0.722820865982,0.00351855924258,86399,0.270142015533
2025-08-01,microprice_deviation_bps,500ms,1,0.00337962962963,0.735138888889,0.261481481481,86400,-0.258101851852
2025-08-01,microprice_deviation_bps,500ms,2,0.00395837914791,0.898031227213,0.0980103936388,86399,-0.0940520144909
2025-08-01,microprice_deviation_bps,500ms,3,0.00732647368604,0.927117212005,0.0655563143092,86399,-0.0582298406232
2025-08-01,microprice_deviation_bps,500ms,4,0.0140047917221,0.946145210014,0.0398499982639,86399,-0.0258452065417
2025-08-01,microprice_deviation_bps,500ms,5,0.0187165775401,0.953712063338,0.0275713591222,86394,-0.00885478158205
2025-08-01,microprice_deviation_bps,500ms,6,0.0271875,0.95287037037,0.0199421296296,86400,0.00724537037037
2025-08-01,microprice_deviation_bps,500ms,7,0.0402435213371,0.945751686941,0.0140047917221,86399,0.0262387296149
2025-08-01,microprice_deviation_bps,500ms,8,0.0649891781155,0.92679313418,0.00821768770472,86399,0.0567714904108
2025-08-01,microprice_deviation_bps,500ms,9,0.0959038877765,0.898679382863,0.00541672936029,86399,0.0904871584162
2025-08-01,microprice_deviation_bps,500ms,10,0.271739256241,0.724163474114,0.00409726964432,86399,0.267641986597
2025-08-01,ofi_500ms,500ms,1,0.0143171296296,0.771319444444,0.214363425926,86400,-0.200046296296
2025-08-01,ofi_500ms,500ms,2,0.0188428106807,0.886248683434,0.0949085058855,86399,-0.0760656952048
2025-08-01,ofi_500ms,500ms,3,0.0217942337296,0.92237178671,0.0558339795599,86399,-0.0340397458304
2025-08-01,ofi_500ms,500ms,4,0.0278243961157,0.927175083045,0.0450005208394,86399,-0.0171761247237
2025-08-01,ofi_500ms,500ms,5,0.0200233799002,0.951457771502,0.0285188485978,86399,-0.00849546869755
2025-08-01,ofi_500ms,500ms,6,0.0278591187398,0.95135360363,0.0207872776305,86399,0.00707184110927
2025-08-01,ofi_500ms,500ms,7,0.0468292457089,0.926538501603,0.0266322526881,86399,0.0201969930208
2025-08-01,ofi_500ms,500ms,8,0.0573277159193,0.919986573763,0.0226857103174,86398,0.034642005602
2025-08-01,ofi_500ms,500ms,9,0.0898536969304,0.889728691143,0.0204176119265,86396,0.0694360850039
2025-08-01,ofi_500ms,500ms,10,0.222780356254,0.762219470133,0.0150001736131,86399,0.207780182641
2025-08-01,qi_1,500ms,1,0.00293981481481,0.736469907407,0.260590277778,86400,-0.257650462963
2025-08-01,qi_1,500ms,2,0.00402782439612,0.897765020428,0.0982071551754,86399,-0.0941793307793
2025-08-01,qi_1,500ms,3,0.0075463836387,0.926573224227,0.0658803921342,86399,-0.0583340084955
2025-08-01,qi_1,500ms,4,0.0140742369703,0.945890577437,0.0400351855924,86399,-0.0259609486221
2025-08-01,qi_1,500ms,5,0.0187976016853,0.953422691391,0.0277797069241,86394,-0.00898210523879
2025-08-01,qi_1,500ms,6,0.027337962963,0.952546296296,0.0201157407407,86400,0.00722222222222
2025-08-01,qi_1,500ms,7,0.0403939860415,0.945566499612,0.0140395143462,86399,0.0263544716953
2025-08-01,qi_1,500ms,8,0.0653132559405,0.926480630563,0.00820611349668,86399,0.0571071424438
2025-08-01,qi_1,500ms,9,0.0953946226229,0.89899188648,0.00561349089689,86399,0.0897811317261
2025-08-01,qi_1,500ms,10,0.271623514161,0.724695887684,0.00368059815507,86399,0.267942916006
2025-08-01,trade_imbalance_500ms,500ms,1,0.0208107464897,0.90997435016,0.0692149033503,75634,-0.0484041568607
2025-08-01,trade_imbalance_500ms,500ms,2,0.0224108524057,0.84644269036,0.131146457234,75633,-0.108735604829
2025-08-01,trade_imbalance_500ms,500ms,3,0.029167162482,0.852405695926,0.118427141592,75633,-0.0892599791096
2025-08-01,trade_imbalance_500ms,500ms,4,0.0431293218569,0.877923657663,0.0789470204805,75633,-0.0358176986236
2025-08-01,trade_imbalance_500ms,500ms,5,0.0650509698148,0.88396599368,0.0509830365052,75633,0.0140679333095
2025-08-01,trade_imbalance_500ms,500ms,6,0.105311173694,0.860285854058,0.0344029722476,75633,0.0709082014465
2025-08-01,trade_imbalance_500ms,500ms,7,0.116363011344,0.858952323029,0.0246846656266,75634,0.0916783457175
2025-08-01,trade_imbalance_500ms,500ms,8,0.0363201248132,0.950418468129,0.0132614070578,75633,0.0230587177555
2025-08-01,trade_imbalance_500ms,500ms,9,0.0783388203562,0.893036108577,0.0286250710669,75633,0.0497137492893
2025-08-01,trade_imbalance_500ms,500ms,10,0.0727102037578,0.893678350897,0.033611445345,75629,0.0390987584128
2025-08-01,di_10,5s,1,0.116990740741,0.302986111111,0.580023148148,86400,-0.463032407407
2025-08-01,di_10,5s,2,0.124492181622,0.442169469554,0.433338348823,86399,-0.308846167201
2025-08-01,di_10,5s,3,0.156541163671,0.490121413442,0.353337422887,86399,-0.196796259216
2025-08-01,di_10,5s,4,0.18899734834,0.509199754519,0.301802897141,86361,-0.112805548801
2025-08-01,di_10,5s,5,0.216710847697,0.532522254506,0.250766897797,86387,-0.0340560501001
2025-08-01,di_10,5s,6,0.229768518519,0.562164351852,0.20806712963,86400,0.0217013888889
2025-08-01,di_10,5s,7,0.27651940416,0.546765587565,0.176715008276,86399,0.0998043958842
2025-08-01,di_10,5s,8,0.335698329842,0.514346230859,0.149955439299,86399,0.185742890543
2025-08-01,di_10,5s,9,0.409692241808,0.454241368534,0.136066389657,86399,0.273625852151
2025-08-01,di_10,5s,10,0.571661709048,0.304586858644,0.123751432308,86399,0.447910276739
2025-08-01,di_5,5s,1,0.118240740741,0.301678240741,0.580081018519,86400,-0.461840277778
2025-08-01,di_5,5s,2,0.123114850866,0.442053727474,0.43483142166,86399,-0.311716570794
2025-08-01,di_5,5s,3,0.1528374171,0.495329807058,0.351832775842,86399,-0.198995358743
2025-08-01,di_5,5s,4,0.192563772999,0.507775500515,0.299660726485,86361,-0.107096953486
2025-08-01,di_5,5s,5,0.216687696065,0.531063701714,0.25224860222,86387,-0.0355609061549
2025-08-01,di_5,5s,6,0.230752314815,0.561215277778,0.208032407407,86400,0.0227199074074
2025-08-01,di_5,5s,7,0.275199944444,0.544960011111,0.179840044445,86399,0.0953598999988
2025-08-01,di_5,5s,8,0.337689093624,0.510711929536,0.15159897684,86399,0.186090116784
2025-08-01,di_5,5s,9,0.409206125071,0.457088623711,0.133705251218,86399,0.275500873853
2025-08-01,di_5,5s,10,0.570782069237,0.307225778076,0.121992152687,86399,0.44878991655
2025-08-01,microprice_deviation_bps,5s,1,0.11849537037,0.298842592593,0.582662037037,86400,-0.464166666667
2025-08-01,microprice_deviation_bps,5s,2,0.123844025973,0.44625516499,0.429900809037,86399,-0.306056783065
2025-08-01,microprice_deviation_bps,5s,3,0.150048032963,0.497482609752,0.352469357284,86399,-0.202421324321
2025-08-01,microprice_deviation_bps,5s,4,0.192702724609,0.508273410451,0.299023864939,86361,-0.10632114033
2025-08-01,microprice_deviation_bps,5s,5,0.214766110642,0.53286952898,0.252364360378,86387,-0.0375982497367
2025-08-01,microprice_deviation_bps,5s,6,0.230787037037,0.55849537037,0.210717592593,86400,0.0200694444444
2025-08-01,microprice_deviation_bps,5s,7,0.279262491464,0.539462262295,0.181275246241,86399,0.0979872452227
2025-08-01,microprice_deviation_bps,5s,8,0.340895149249,0.510167941759,0.148936908992,86399,0.191958240257
2025-08-01,microprice_deviation_bps,5s,9,0.40815287214,0.457817798817,0.134029329043,86399,0.274123543097
2025-08-01,microprice_deviation_bps,5s,10,0.568120001389,0.309436451811,0.1224435468,86399,0.445676454589
2025-08-01,ofi_5s,5s,1,0.192094907407,0.366979166667,0.440925925926,86400,-0.248831018519
2025-08-01,ofi_5s,5s,2,0.211483929212,0.387029942476,0.401486128312,86399,-0.1900021991
2025-08-01,ofi_5s,5s,3,0.194354101321,0.426359101378,0.379286797301,86399,-0.18493269598
2025-08-01,ofi_5s,5s,4,0.184296114538,0.530017708538,0.285686176923,86399,-0.101390062385
2025-08-01,ofi_5s,5s,5,0.173604519251,0.612495080221,0.213900400528,86386,-0.0402958812771
2025-08-01,ofi_5s,5s,6,0.212593047082,0.614209143214,0.173197809704,86381,0.0393952373786
2025-08-01,ofi_5s,5s,7,0.283800835832,0.535615470995,0.180583693173,86381,0.103217142659
2025-08-01,ofi_5s,5s,8,0.350999432864,0.444715795322,0.204284771814,86399,0.146714661049
2025-08-01,ofi_5s,5s,9,0.399634255026,0.387840137039,0.212525607935,86399,0.187108647091
2025-08-01,ofi_5s,5s,10,0.4242294471,0.353881410664,0.221889142235,86399,0.202340304865
2025-08-01,qi_1,5s,1,0.117418981481,0.300034722222,0.582546296296,86400,-0.465127314815
2025-08-01,qi_1,5s,2,0.124260697462,0.446590817023,0.429148485515,86399,-0.304887788053
2025-08-01,qi_1,5s,3,0.150545723909,0.496579821526,0.352874454565,86399,-0.202328730657
2025-08-01,qi_1,5s,4,0.192471138593,0.508412362062,0.299116499346,86361,-0.106645360753
2025-08-01,qi_1,5s,5,0.215171264195,0.532128676768,0.252700059037,86387,-0.0375287948418
2025-08-01,qi_1,5s,6,0.231168981481,0.557708333333,0.211122685185,86400,0.0200462962963
2025-08-01,qi_1,5s,7,0.279262491464,0.539496984919,0.181240523617,86399,0.0980219678469
2025-08-01,qi_1,5s,8,0.340721536129,0.509751270269,0.149527193602,86399,0.191194342527
2025-08-01,qi_1,5s,9,0.406509334599,0.458790032292,0.134700633109,86399,0.27180870149
2025-08-01,qi_1,5s,10,0.569543628977,0.309610064931,0.120846306092,86399,0.448697322886
2025-08-01,trade_imbalance_5s,5s,1,0.168356481481,0.470868055556,0.360775462963,86400,-0.192418981481
2025-08-01,trade_imbalance_5s,5s,2,0.203558570552,0.456779690448,0.339661739,86383,-0.136103168447
2025-08-01,trade_imbalance_5s,5s,3,0.22974881352,0.447748582012,0.322502604468,86390,-0.092753790948
2025-08-01,trade_imbalance_5s,5s,4,0.250361694001,0.454762207896,0.294876098103,86399,-0.0445144041019
2025-08-01,trade_imbalance_5s,5s,5,0.269227653098,0.445306079931,0.285466266971,86399,-0.0162386138728
2025-08-01,trade_imbalance_5s,5s,6,0.283863723186,0.43899841404,0.277137862774,86383,0.00672586041235
2025-08-01,trade_imbalance_5s,5s,7,0.291426984109,0.463141934513,0.245431081378,86399,0.0459959027304
2025-08-01,trade_imbalance_5s,5s,8,0.302306739661,0.476452273753,0.221240986585,86399,0.0810657530758
2025-08-01,trade_imbalance_5s,5s,9,0.313282714878,0.490138660617,0.196578624505,86398,0.116704090372
2025-08-01,trade_imbalance_5s,5s,10,0.314971293638,0.514874062413,0.170154643949,86392,0.14481664969
2025-09-01,di_10,100ms,1,0.00010417028369,0.952903457296,0.0469923724203,86397,-0.0468882021366
2025-09-01,di_10,100ms,2,0.00018519161545,0.990138546477,0.00967626190724,86397,-0.00949107029179
2025-09-01,di_10,100ms,3,0.000196766091415,0.994502123916,0.00530110999225,86397,-0.00510434390083
2025-09-01,di_10,100ms,4,0.000370383230899,0.997442040812,0.0021875759575,86397,-0.0018171927266
2025-09-01,di_10,100ms,5,0.000648170654074,0.998391147841,0.000960681505145,86397,-0.000312510851071
2025-09-01,di_10,100ms,6,0.000995404933042,0.998298552033,0.000706043033902,86397,0.00028936189914
2025-09-01,di_10,100ms,7,0.00225702281329,0.997268423672,0.00047455351459,86397,0.0017824692987
2025-09-01,di_10,100ms,8,0.00446790286362,0.995219575433,0.000312521702896,86394,0.00415538116073
2025-09-01,di_10,100ms,9,0.0102781346575,0.989571397155,0.000150468187553,86397,0.0101276664699
2025-09-01,di_10,100ms,10,0.0529306912357,0.946907264225,0.000162044539099,86396,0.0527686466966
2025-09-01,di_5,100ms,1,9.25958077248e-05,0.953898862229,0.0460085419633,86397,-0.0459159461555
2025-09-01,di_5,100ms,2,0.000196766091415,0.989629269535,0.0101739643738,86397,-0.00997719828235
2025-09-01,di_5,100ms,3,0.000231489519312,0.994097017258,0.00567149322314,86397,-0.00544000370383
2025-09-01,di_5,100ms,4,0.000358808754934,0.997384168432,0.00225702281329,86397,-0.00189821405836
2025-09-01,di_5,100ms,5,0.000636596178108,0.998367998889,0.000995404933042,86397,-0.000358808754934
2025-09-01,di_5,100ms,6,0.00108800074077,0.998182807273,0.000729191985833,86397,0.000358808754934
2025-09-01,di_5,100ms,7,0.00228017176522,0.997279998148,0.000439830086693,86397,0.00184034167853
2025-09-01,di_5,100ms,8,0.00484981769778,0.994814514729,0.000335667573355,86395,0.00451415012443
2025-09-01,di_5,100ms,9,0.0102088059632,0.989629149498,0.000162044539099,86396,0.0100467614241
2025-09-01,di_5,100ms,10,0.0524908560582,0.947358674013,0.000150469929163,86396,0.052340386129
2025-09-01,microprice_deviation_bps,100ms,1,0.000266212947209,0.954975288494,0.044758498559,86397,-0.0444922856118
2025-09-01,microprice_deviation_bps,100ms,2,0.00018519161545,0.98866858803,0.0111462203549,86397,-0.0109610287394
2025-09-01,microprice_deviation_bps,100ms,3,0.000231489519312,0.994027570402,0.00574094007894,86397,-0.00550945055963
2025-09-01,microprice_deviation_bps,100ms,4,0.000347234278968,0.997442040812,0.00221072490943,86397,-0.00186349063046
2025-09-01,microprice_deviation_bps,100ms,5,0.000659745130039,0.998229105177,0.0011111496927,86397,-0.000451404562658
2025-09-01,microprice_deviation_bps,100ms,6,0.00112272416866,0.998148083846,0.000729191985833,86397,0.00039353218283
2025-09-01,microprice_deviation_bps,100ms,7,0.00231492198713,0.997210519006,0.000474559007361,86396,0.00184036297977
2025-09-01,microprice_deviation_bps,100ms,8,0.00493078383258,0.994756701699,0.000312514468262,86396,0.00461826936432
2025-09-01,microprice_deviation_bps,100ms,9,0.0101162090838,0.989698597157,0.00018519375897,86396,0.00993101532478
2025-09-01,microprice_deviation_bps,100ms,10,0.0522593638594,0.947485994722,0.000254641418584,86396,0.0520047224409
2025-09-01,ofi_100ms,100ms,1,0.000856501307901,0.962962105604,0.0361813930878,86398,-0.0353248917799
2025-09-01,ofi_100ms,100ms,2,0.00270839602769,0.986122363944,0.0111692400287,86398,-0.00846084400102
2025-09-01,ofi_100ms,100ms,3,0.00175932034677,0.993703485075,0.00453719457852,86397,-0.00277787423174
2025-09-01,ofi_100ms,100ms,4,0.00296303155166,0.994143382949,0.00289358549966,86398,6.94460519919e-05
2025-09-01,ofi_100ms,100ms,5,0.00232660431521,0.995080563015,0.00259283266969,86392,-0.000266228354477
2025-09-01,ofi_100ms,100ms,6,0.00197934993981,0.996006574683,0.00201407537735,86392,-3.47254375405e-05
2025-09-01,ofi_100ms,100ms,7,0.0026273756337,0.994791546101,0.0025810782657,86398,4.62973679946e-05
2025-09-01,ofi_100ms,100ms,8,0.00502326442742,0.993182712563,0.00179402300979,86398,0.00322924141763
2025-09-01,ofi_100ms,100ms,9,0.0118752748906,0.98598347184,0.00214125326975,86398,0.00973402162087
2025-09-01,ofi_100ms,100ms,10,0.0403138997882,0.958667546327,0.00101855388497,86397,0.0392953459032
2025-09-01,qi_1,100ms,1,0.000162042663518,0.955415118581,0.044422838756,86397,-0.0442607960925
2025-09-01,qi_1,100ms,2,0.000173617139484,0.988703311458,0.0111230714029,86397,-0.0109494542635
2025-09-01,qi_1,100ms,3,0.000243063995278,0.99383080431,0.00592613169439,86397,-0.00568306769911
2025-09-01,qi_1,100ms,4,0.000416681134762,0.997279998148,0.00230332071715,86397,-0.00188663958239
2025-09-01,qi_1,100ms,5,0.000694468557936,0.99813650937,0.00116902207253,86397,-0.00047455351459
2025-09-01,qi_1,100ms,6,0.00115744759656,0.998090211466,0.000752340937764,86397,0.000405106658796
2025-09-01,qi_1,100ms,7,0.002338071207,0.997152645956,0.000509282837168,86396,0.00182878836983
2025-09-01,qi_1,100ms,8,0.00502338071207,0.9946409556,0.000335663688134,86396,0.00468771702394
2025-09-01,qi_1,100ms,9,0.0104865966017,0.989305060419,0.000208342978842,86396,0.0102782536229
2025-09-01,qi_1,100ms,10,0.0517385064123,0.948087874439,0.000173619149035,86396,0.0515648872633
2025-09-01,trade_imbalance_100ms,100ms,1,0.000303570750958,0.953971084886,0.0457253443631,26353,-0.0454217736121
2025-09-01,trade_imbalance_100ms,100ms,2,0.000113843351548,0.962090163934,0.037795992714,26352,-0.0376821493625
2025-09-01,trade_imbalance_100ms,100ms,3,0.000227686703097,0.962507589557,0.0372647237401,26352,-0.037037037037
2025-09-01,trade_imbalance_100ms,100ms,4,0.000265634486946,0.962166059502,0.0375683060109,26352,-0.037302671524
2025-09-01,trade_imbalance_100ms,100ms,5,0.0275110993056,0.919439911964,0.0530489887299,26353,-0.0255378894244
2025-09-01,trade_imbalance_100ms,100ms,6,0.06200667881,0.937575895568,0.000417425622344,26352,0.0615892531876
2025-09-01,trade_imbalance_100ms,100ms,7,0.0318749288506,0.96793533943,0.000189731719349,26353,0.0316851971313
2025-09-01,trade_imbalance_100ms,100ms,8,0.0319924098672,0.967817836812,0.000189753320683,26350,0.0318026565465
2025-09-01,trade_imbalance_100ms,100ms,9,0.0376807194627,0.962167495162,0.000151785375479,26353,0.0375289340872
2025-09-01,trade_imbalance_100ms,100ms,10,0.0373785670917,0.962393746205,0.000227686703097,26352,0.0371508803886
2025-09-01,di_10,1s,1,0.00835677164716,0.732606456243,0.25903677211,86397,-0.250680000463
2025-09-01,di_10,1s,2,0.0105327731287,0.843732999988,0.145734226883,86397,-0.135201453754
2025-09-01,di_10,1s,3,0.0162737132076,0.880296769564,0.103429517229,86397,-0.087155804021
2025-09-01,di_10,1s,4,0.0258458048312,0.91585355973,0.0583006354387,86397,-0.0324548306075
2025-09-01,di_10,1s,5,0.0323390858479,0.927080801417,0.0405801127354,86397,-0.00824102688751
2025-09-01,di_10,1s,6,0.0397467504659,0.928053057398,0.0322001921363,86397,0.00754655832957
2025-09-01,di_10,1s,7,0.0622706806949,0.911524705719,0.0262046135861,86397,0.0360660671088
2025-09-01,di_10,1s,8,0.0943863670568,0.890772062654,0.0148415702891,86379,0.0795447967677
2025-09-01,di_10,1s,9,0.142597543896,0.847135895922,0.0102665601815,86397,0.132330983715
2025-09-01,di_10,1s,10,0.270139821288,0.722336682254,0.00752349645817,86396,0.26261632483
2025-09-01,di_5,1s,1,0.00865770802227,0.737294119009,0.254048172969,86397,-0.245390464947
2025-09-01,di_5,1s,2,0.0106369434124,0.84129078556,0.148072271028,86397,-0.137435327616
2025-09-01,di_5,1s,3,0.0156023936016,0.879880088429,0.104517517969,86397,-0.0889151243677
2025-09-01,di_5,1s,4,0.0256143153119,0.914950750605,0.0594349340834,86397,-0.0338206187715
2025-09-01,di_5,1s,5,0.0324432561316,0.926108545436,0.0414481984328,86397,-0.00900494230124
2025-09-01,di_5,1s,6,0.0404527934998,0.928157227682,0.0313899788187,86397,0.00906281468107
2025-09-01,di_5,1s,7,0.061900297464,0.91183721657,0.0262624859659,86397,0.0356378114981
2025-09-01,di_5,1s,8,0.0973223898221,0.887246333191,0.0154312769874,86383,0.0818911128347
2025-09-01,di_5,1s,9,0.143923697522,0.845994467144,0.0100818353339,86393,0.133841862188
2025-09-01,di_5,1s,10,0.265938237881,0.72663086254,0.00743089957868,86396,0.258507338303
2025-09-01,microprice_deviation_bps,1s,1,0.009421623436,0.742178547866,0.248399828698,86397,-0.238978205262
2025-09-01,microprice_deviation_bps,1s,2,0.0102897091334,0.839323124646,0.150387166221,86397,-0.140097457088
2025-09-01,microprice_deviation_bps,1s,3,0.0156139680776,0.877634640092,0.106751391831,86397,-0.0911374237531
2025-09-01,microprice_deviation_bps,1s,4,0.025220783129,0.91507806984,0.0597011470306,86397,-0.0344803639015
2025-09-01,microprice_deviation_bps,1s,5,0.0325937243191,0.925749736681,0.0416565390002,86397,-0.00906281468107
2025-09-01,microprice_deviation_bps,1s,6,0.0408347512066,0.927509057027,0.0316561917659,86397,0.00917855944072
2025-09-01,microprice_deviation_bps,1s,7,0.0624631020871,0.911063007165,0.0264738907475,86387,0.0359892113397
2025-09-01,microprice_deviation_bps,1s,8,0.09815610061,0.886657483824,0.0151864155661,86393,0.0829696850439
2025-09-01,microprice_deviation_bps,1s,9,0.143680622273,0.845936592085,0.0103827856424,86393,0.13329783663
2025-09-01,microprice_deviation_bps,1s,10,0.264213621001,0.728262882541,0.00752349645817,86396,0.256690124543
2025-09-01,ofi_1s,1s,1,0.0221301419014,0.763536192967,0.214333665131,86398,-0.19220352323
2025-09-01,ofi_1s,1s,2,0.0273736356586,0.848501684086,0.124124680255,86397,-0.0967510445965
2025-09-01,ofi_1s,1s,3,0.0288316859187,0.89257853191,0.0785897821709,86398,-0.0497580962522
2025-09-01,ofi_1s,1s,4,0.0386814509595,0.89709252529,0.0642260237505,86398,-0.025544572791
2025-09-01,ofi_1s,1s,5,0.0379330701825,0.909016194191,0.0530507356261,86389,-0.0151176654435
2025-09-01,ofi_1s,1s,6,0.0518249273618,0.909014087768,0.0391609848704,86387,0.0126639424913
2025-09-01,ofi_1s,1s,7,0.0669814924129,0.890621202125,0.042397305462,86397,0.0245841869509
2025-09-01,ofi_1s,1s,8,0.0753301772134,0.890511962775,0.0341578600118,86393,0.0411723172016
2025-09-01,ofi_1s,1s,9,0.123152424274,0.849798025394,0.0270495503316,86397,0.0961028739424
2025-09-01,ofi_1s,1s,10,0.230239475908,0.748729701263,0.0210308228295,86397,0.209208653078
2025-09-01,qi_1,1s,1,0.00887762306562,0.743509612602,0.247612764332,86397,-0.238735141266
2025-09-01,qi_1,1s,2,0.0105443476047,0.83919580541,0.150259846985,86397,-0.139715499381
2025-09-01,qi_1,1s,3,0.0157644362651,0.877079065245,0.10715649849,86397,-0.0913920622244
2025-09-01,qi_1,1s,4,0.0252555065569,0.914603516326,0.0601409771173,86397,-0.0348854705603
2025-09-01,qi_1,1s,5,0.0326052987951,0.925715013253,0.0416796879521,86397,-0.00907438915703
2025-09-01,qi_1,1s,6,0.0409620704423,0.927335439888,0.0317024896698,86397,0.00925958077248
2025-09-01,qi_1,1s,7,0.0627988007455,0.910831490849,0.0263697084052,86387,0.0364290923403
2025-09-01,qi_1,1s,8,0.0979130253609,0.886368108527,0.0157188661118,86393,0.082194159249
2025-09-01,qi_1,1s,9,0.145613649254,0.844096165199,0.0102901855474,86393,0.135323463707
2025-09-01,qi_1,1s,10,0.262153340432,0.730658826798,0.00718783277004,86396,0.254965507662
2025-09-01,trade_imbalance_1s,1s,1,0.0395369611238,0.874059299323,0.0864037395529,81721,-0.046866778429
2025-09-01,trade_imbalance_1s,1s,2,0.031390354044,0.845263299597,0.123346346359,81713,-0.0919559923146
2025-09-01,trade_imbalance_1s,1s,3,0.0392833541376,0.832036126,0.128680519862,81714,-0.0893971657244
2025-09-01,trade_imbalance_1s,1s,4,0.0455947136564,0.861282427802,0.0931228585414,81720,-0.047528144885
2025-09-01,trade_imbalance_1s,1s,5,0.05364659814,0.875599608419,0.070753793441,81720,-0.017107195301
2025-09-01,trade_imbalance_1s,1s,6,0.0734626445573,0.870733647433,0.0558037080095,81715,0.0176589365478
2025-09-01,trade_imbalance_1s,1s,7,0.107211473745,0.844291885409,0.0484966408458,81717,0.0587148328989
2025-09-01,trade_imbalance_1s,1s,8,0.176603034753,0.789219285365,0.0341776798825,81720,0.14242535487
2025-09-01,trade_imbalance_1s,1s,9,0.0797234459129,0.881779246207,0.0384973078806,81720,0.0412261380323
2025-09-01,trade_imbalance_1s,1s,10,0.0711698482624,0.894627998042,0.0342021536955,81720,0.0369676945668
2025-09-01,di_10,30s,1,0.320234733089,0.135538682346,0.544226584564,86396,-0.223991851475
2025-09-01,di_10,30s,2,0.324962080424,0.159100119259,0.515937800317,86367,-0.190975719893
2025-09-01,di_10,30s,3,0.359818822112,0.167879152959,0.472302024929,86324,-0.112483202817
2025-09-01,di_10,30s,4,0.376695652174,0.176776811594,0.446527536232,86250,-0.069831884058
2025-09-01,di_10,30s,5,0.392915436708,0.187532557736,0.419552005557,86385,-0.0266365688488
2025-09-01,di_10,30s,6,0.399310137278,0.18268629766,0.418003565062,86394,-0.0186934277843
2025-09-01,di_10,30s,7,0.440592225592,0.180793184081,0.378614590327,86386,0.061977635265
2025-09-01,di_10,30s,8,0.479911076118,0.160942963666,0.359145960216,86366,0.120765115902
2025-09-01,di_10,30s,9,0.50860562288,0.143257289026,0.348137088093,86397,0.160468534787
2025-09-01,di_10,30s,10,0.547062363998,0.135145145609,0.317792490393,86396,0.229269873605
2025-09-01,di_5,30s,1,0.318741608408,0.136464651141,0.544793740451,86396,-0.226052132043
2025-09-01,di_5,30s,2,0.322899181552,0.161328039082,0.515772779366,86383,-0.192873597814
2025-09-01,di_5,30s,3,0.36096498343,0.167527983129,0.471507033441,86302,-0.11054205001
2025-09-01,di_5,30s,4,0.376194119829,0.175373307364,0.448432572807,86256,-0.0722384529772
2025-09-01,di_5,30s,5,0.395059441814,0.187840763078,0.417099795108,86387,-0.0220403532939
2025-09-01,di_5,30s,6,0.402467821095,0.182262246504,0.415269932401,86392,-0.0128021113066
2025-09-01,di_5,30s,7,0.437524598893,0.179890259996,0.382585141111,86386,0.0549394577825
2025-09-01,di_5,30s,8,0.479552138573,0.161186114906,0.359261746521,86366,0.120290392052
2025-09-01,di_5,30s,9,0.510862645694,0.14012060604,0.349016748267,86397,0.161845897427
2025-09-01,di_5,30s,10,0.545847029955,0.137656835965,0.31649613408,86396,0.229350895875
2025-09-01,microprice_deviation_bps,30s,1,0.317572572804,0.135723876105,0.54670355109,86396,-0.229130978286
2025-09-01,microprice_deviation_bps,30s,2,0.326490204252,0.162752998935,0.510756796813,86364,-0.184266592562
2025-09-01,microprice_deviation_bps,30s,3,0.358958024463,0.167821071164,0.473220904374,86336,-0.114262879911
2025-09-01,microprice_deviation_bps,30s,4,0.373407080159,0.175728481813,0.450864438028,86241,-0.0774573578692
2025-09-01,microprice_deviation_bps,30s,5,0.396344357369,0.188199613368,0.415456029264,86387,-0.0191116718951
2025-09-01,microprice_deviation_bps,30s,6,0.404123066951,0.182563200296,0.413313732753,86392,-0.00919066580239
2025-09-01,microprice_deviation_bps,30s,7,0.437599870313,0.180079201501,0.382320928186,86362,0.0552789421273
2025-09-01,microprice_deviation_bps,30s,8,0.475830535942,0.160342632249,0.363826831809,86390,0.112003704132
2025-09-01,microprice_deviation_bps,30s,9,0.512691412896,0.137597370279,0.349711216825,86397,0.162980196072
2025-09-01,microprice_deviation_bps,30s,10,0.547073938608,0.138849020788,0.314077040604,86396,0.232996898005
2025-09-01,ofi_30s,30s,1,0.374169502512,0.127728777461,0.498101720027,86394,-0.123932217515
2025-09-01,ofi_30s,30s,2,0.404032444959,0.155654692932,0.440312862109,86300,-0.0362804171495
2025-09-01,ofi_30s,30s,3,0.397675658139,0.163236929922,0.439087411939,86304,-0.0414117538005
2025-09-01,ofi_30s,30s,4,0.373625482312,0.169182994797,0.45719152289,86303,-0.083566040578
2025-09-01,ofi_30s,30s,5,0.392660338041,0.174994211623,0.432345450336,86380,-0.0396851122945
2025-09-01,ofi_30s,30s,6,0.394708210838,0.210190050696,0.395101738466,86398,-0.000393527627954
2025-09-01,ofi_30s,30s,7,0.433507344345,0.179644184135,0.38684847152,86393,0.0466588728253
2025-09-01,ofi_30s,30s,8,0.432510011806,0.172735479988,0.394754508206,86398,0.0377555035996
2025-09-01,ofi_30s,30s,9,0.48320562976,0.150396999931,0.366397370309,86398,0.11680825945
2025-09-01,ofi_30s,30s,10,0.464053800655,0.125855104001,0.410091095343,86393,0.0539627053118
2025-09-01,qi_1,30s,1,0.314968285569,0.13840918561,0.546622528821,86396,-0.231654243252
2025-09-01,qi_1,30s,2,0.328365985827,0.160911954055,0.510722060118,86364,-0.18235607429
2025-09-01,qi_1,30s,3,0.359429656914,0.167234229852,0.473336113235,86334,-0.113906456321
2025-09-01,qi_1,30s,4,0.373236088726,0.175550479459,0.451213431815,86243,-0.0779773430887
2025-09-01,qi_1,30s,5,0.396737935106,0.188130158473,0.415131906421,86387,-0.0183939713151
2025-09-01,qi_1,30s,6,0.403961014909,0.182621076026,0.413417909066,86392,-0.00945689415687
2025-09-01,qi_1,30s,7,0.438013084004,0.179829792161,0.382157123835,86365,0.055855960169
2025-09-01,qi_1,30s,8,0.476067554897,0.159418444478,0.364514000625,86389,0.111553554272
2025-09-01,qi_1,30s,9,0.512332889635,0.138306614966,0.349360495399,86395,0.162972394236
2025-09-01,qi_1,30s,10,0.546981341729,0.139242557526,0.313776100745,86396,0.233205240983
2025-09-01,trade_imbalance_30s,30s,1,0.365135767032,0.194391073867,0.440473159101,86398,-0.0753373920693
2025-09-01,trade_imbalance_30s,30s,2,0.373925136169,0.164851083555,0.461223780276,86290,-0.0872986441071
2025-09-01,trade_imbalance_30s,30s,3,0.407844454223,0.14389605577,0.448259490006,86354,-0.0404150357829
2025-09-01,trade_imbalance_30s,30s,4,0.388272876687,0.172793351698,0.438933771615,86398,-0.0506608949281
2025-09-01,trade_imbalance_30s,30s,5,0.43875082472,0.155568159457,0.405681015823,86393,0.0330698088966
2025-09-01,trade_imbalance_30s,30s,6,0.428773164492,0.157860011807,0.413366823701,86393,0.0154063407915
2025-09-01,trade_imbalance_30s,30s,7,0.438109031922,0.134499739297,0.427391228782,86305,0.01071780314
2025-09-01,trade_imbalance_30s,30s,8,0.433836389117,0.162325252783,0.4038383581,86339,0.0299980310173
2025-09-01,trade_imbalance_30s,30s,9,0.43596777554,0.154408870986,0.409623353474,86394,0.0263444220663
2025-09-01,trade_imbalance_30s,30s,10,0.439598597174,0.188988043566,0.37141335926,86397,0.0681852379134
2025-09-01,di_10,500ms,1,0.00208340567381,0.830283458916,0.16763313541,86397,-0.165549729736
2025-09-01,di_10,500ms,2,0.00309038508282,0.921594499809,0.0753151151082,86397,-0.0722247300253
2025-09-01,di_10,500ms,3,0.00490757780941,0.943852217091,0.0512402050997,86397,-0.0463326272903
2025-09-01,di_10,500ms,4,0.00861141011841,0.965091380488,0.0262972093938,86397,-0.0176857992754
2025-09-01,di_10,500ms,5,0.0126624767064,0.970797597139,0.0165399261548,86397,-0.00387744944848
2025-09-01,di_10,500ms,6,0.0162737132076,0.97188559788,0.0118406889128,86397,0.00443302429483
2025-09-01,di_10,500ms,7,0.0281375510724,0.962811208723,0.0090512402051,86397,0.0190863108673
2025-09-01,di_10,500ms,8,0.0454829598074,0.95007177255,0.00444526764216,86384,0.0410376921652
2025-09-01,di_10,500ms,9,0.0761832008056,0.920876882299,0.00293991689526,86397,0.0732432839103
2025-09-01,di_10,500ms,10,0.177924903931,0.819875920181,0.00219917588777,86396,0.175725728043
2025-09-01,di_5,500ms,1,0.0021181291017,0.834218780745,0.163663090154,86397,-0.161544961052
2025-09-01,di_5,500ms,2,0.00317140641457,0.91915228538,0.0776763082051,86397,-0.0745049017906
2025-09-01,di_5,500ms,3,0.00478025857379,0.943123025105,0.0520967163212,86397,-0.0473164577474
2025-09-01,di_5,500ms,4,0.0086461335463,0.964558954593,0.0267949118604,86397,-0.0181487783141
2025-09-01,di_5,500ms,5,0.0124194127111,0.970878618471,0.0167019688184,86397,-0.00428255610727
2025-09-01,di_5,500ms,6,0.0167714156742,0.971341597509,0.0118869868167,86397,0.00488442885748
2025-09-01,di_5,500ms,7,0.0277208699376,0.963401506997,0.00887762306562,86397,0.018843246872
2025-09-01,di_5,500ms,8,0.0475529008659,0.947573737093,0.00487336204102,86388,0.0426795388248
2025-09-01,di_5,500ms,9,0.0770895790168,0.920167143171,0.00274327781186,86393,0.074346301205
2025-09-01,di_5,500ms,10,0.175089124497,0.822723274226,0.00218760127784,86396,0.172901523219
2025-09-01,microprice_deviation_bps,500ms,1,0.00254638471243,0.837714272486,0.159739342801,86397,-0.157192958089
2025-09-01,microprice_deviation_bps,500ms,2,0.00310195955878,0.916837390187,0.0800606502541,86397,-0.0769586906953
2025-09-01,microprice_deviation_bps,500ms,3,0.00486127990555,0.942359109691,0.0527796104031,86397,-0.0479183304976
2025-09-01,microprice_deviation_bps,500ms,4,0.00841464402699,0.964477933262,0.0271074227114,86397,-0.0186927786844
2025-09-01,microprice_deviation_bps,500ms,5,0.0127203490862,0.97050823524,0.0167714156742,86397,-0.00405106658796
2025-09-01,microprice_deviation_bps,500ms,6,0.0165515006308,0.971457342269,0.0119911571004,86397,0.00456034353045
2025-09-01,microprice_deviation_bps,500ms,7,0.028035003241,0.962913232707,0.00905176405223,86392,0.0189832391888
2025-09-01,microprice_deviation_bps,500ms,8,0.0484414246525,0.946893845566,0.00466472978135,86393,0.0437766948711
2025-09-01,microprice_deviation_bps,500ms,9,0.0766728785897,0.920421793432,0.00290532797796,86393,0.0737675506117
2025-09-01,microprice_deviation_bps,500ms,10,0.174012685772,0.823556646141,0.00243066808649,86396,0.171582017686
2025-09-01,ofi_500ms,500ms,1,0.00826408018704,0.851512766499,0.140223153314,86398,-0.131959073127
2025-09-01,ofi_500ms,500ms,2,0.0122109308086,0.932290099308,0.0554989698836,86398,-0.043288039075
2025-09-01,ofi_500ms,500ms,3,0.0165281603741,0.943667677493,0.0398041621334,86398,-0.0232760017593
2025-09-01,ofi_500ms,500ms,4,0.0195497424619,0.948376642167,0.0320736153713,86395,-0.0125238729093
2025-09-01,ofi_500ms,500ms,5,0.0166824885966,0.960036120308,0.023281391095,86378,-0.00659890249832
2025-09-01,ofi_500ms,500ms,6,0.0239936109632,0.957267529341,0.0187388596958,86398,0.00525475126739
2025-09-01,ofi_500ms,500ms,7,0.034491539156,0.946746452464,0.0187620083798,86398,0.0157295307762
2025-09-01,ofi_500ms,500ms,8,0.0394222088474,0.943100534735,0.017477256418,86398,0.0219449524295
2025-09-01,ofi_500ms,500ms,9,0.0571425264474,0.929709021042,0.0131484525105,86398,0.0439940739369
2025-09-01,ofi_500ms,500ms,10,0.147065291619,0.844439043022,0.00849566535875,86397,0.13856962626
2025-09-01,qi_1,500ms,1,0.00219915043346,0.838663379515,0.159137470051,86397,-0.156938319618
2025-09-01,qi_1,500ms,2,0.00315983193861,0.917011007327,0.0798291607347,86397,-0.0766693287961
2025-09-01,qi_1,500ms,3,0.00497702466521,0.941687790085,0.0533351852495,86397,-0.0483581605843
2025-09-01,qi_1,500ms,4,0.00851881431068,0.964200145838,0.0272810398509,86397,-0.0187622255402
2025-09-01,qi_1,500ms,5,0.0127319235622,0.970438788384,0.016829288054,86397,-0.00409736449182
2025-09-01,qi_1,500ms,6,0.0166672453905,0.971283725129,0.0120490294802,86397,0.00461821591027
2025-09-01,qi_1,500ms,7,0.028266506158,0.962716455227,0.00901703861469,86392,0.0192494675433
2025-09-01,qi_1,500ms,8,0.0484182746287,0.946627620293,0.00495410507796,86393,0.0434641695508
2025-09-01,qi_1,500ms,9,0.0780387299897,0.919067517044,0.0028937529661,86393,0.0751449770236
2025-09-01,qi_1,500ms,10,0.172380665772,0.825443307561,0.0021760266679,86396,0.170204639104
2025-09-01,trade_imbalance_500ms,500ms,1,0.0170340827745,0.926020072753,0.0569458444727,68451,-0.0399117616981
2025-09-01,trade_imbalance_500ms,500ms,2,0.0198685171658,0.926778670562,0.0533528122717,68450,-0.0334842951059
2025-09-01,trade_imbalance_500ms,500ms,3,0.0152084033368,0.895440400882,0.0893511957808,68449,-0.074142792444
2025-09-01,trade_imbalance_500ms,500ms,4,0.0208628573933,0.898403144038,0.0807339985682,68447,-0.0598711411749
2025-09-01,trade_imbalance_500ms,500ms,5,0.0298324299844,0.930473783401,0.0396937866149,68449,-0.00986135663048
2025-09-01,trade_imbalance_500ms,500ms,6,0.0582649095637,0.916722671887,0.0250124185489,68446,0.0332524910148
2025-09-01,trade_imbalance_500ms,500ms,7,0.121504747991,0.859225712199,0.0192695398101,68450,0.102235208181
2025-09-01,trade_imbalance_500ms,500ms,8,0.0441928414901,0.939926953981,0.0158802045289,68450,0.0283126369613
2025-09-01,trade_imbalance_500ms,500ms,9,0.0517604090577,0.927479912345,0.0207596785975,68450,0.0310007304602
2025-09-01,trade_imbalance_500ms,500ms,10,0.0423228634039,0.943330898466,0.01434623813,68450,0.0279766252739
2025-09-01,di_10,5s,1,0.0914036367003,0.403740870632,0.504855492668,86397,-0.413451855967
2025-09-01,di_10,5s,2,0.106820838687,0.495144507332,0.398034653981,86397,-0.291213815295
2025-09-01,di_10,5s,3,0.130166556709,0.534173640288,0.335659803002,86397,-0.205493246293
2025-09-01,di_10,5s,4,0.166635797467,0.573866135716,0.259498066816,86386,-0.0928622693492
2025-09-01,di_10,5s,5,0.176437905849,0.619633535124,0.203928559027,86393,-0.0274906531779
2025-09-01,di_10,5s,6,0.202727104362,0.624618020187,0.172654875451,86392,0.0300722289101
2025-09-01,di_10,5s,7,0.254740351446,0.592457111106,0.152802537448,86386,0.101937813998
2025-09-01,di_10,5s,8,0.320782679171,0.565103623943,0.114113696885,86370,0.206668982286
2025-09-01,di_10,5s,9,0.384318899962,0.511869625103,0.103811474935,86397,0.280507425026
2025-09-01,di_10,5s,10,0.49641187092,0.420447705912,0.0831404231677,86396,0.413271447752
2025-09-01,di_5,5s,1,0.0927347014364,0.408798916629,0.498466381935,86397,-0.405731680498
2025-09-01,di_5,5s,2,0.106600923643,0.49067675961,0.402722316747,86397,-0.296121393104
2025-09-01,di_5,5s,3,0.128187321319,0.537136706136,0.334675972545,86397,-0.206488651226
2025-09-01,di_5,5s,4,0.165489778436,0.573090547079,0.261419674484,86386,-0.095929896048
2025-09-01,di_5,5s,5,0.177363906798,0.619344159828,0.203291933374,86393,-0.0259280265762
2025-09-01,di_5,5s,6,0.204613853135,0.623333178998,0.172052967867,86392,0.0325608852672
2025-09-01,di_5,5s,7,0.257182876855,0.589273724909,0.153543398236,86386,0.103639478619
2025-09-01,di_5,5s,8,0.322160472386,0.562290147042,0.115549380572,86370,0.206611091814
2025-09-01,di_5,5s,9,0.386031922405,0.509809368381,0.104158709214,86397,0.28187321319
2025-09-01,di_5,5s,10,0.490080559285,0.427299874994,0.0826195657206,86396,0.407460993565
2025-09-01,microprice_deviation_bps,5s,1,0.0943551280716,0.411171684202,0.494473187726,86397,-0.400118059655
2025-09-01,microprice_deviation_bps,5s,2,0.105293007859,0.49050314247,0.404203849671,86397,-0.298910841812
2025-09-01,microprice_deviation_bps,5s,3,0.128928087781,0.536882067664,0.334189844555,86397,-0.205261756774
2025-09-01,microprice_deviation_bps,5s,4,0.164586854351,0.57124997106,0.264163174588,86386,-0.0995763202371
2025-09-01,microprice_deviation_bps,5s,5,0.177815332261,0.617573183013,0.204611484727,86393,-0.0267961524661
2025-09-01,microprice_deviation_bps,5s,6,0.203780442634,0.626875173627,0.169344383739,86392,0.0344360588943
2025-09-01,microprice_deviation_bps,5s,7,0.258169102151,0.586137421551,0.155693476297,86362,0.102475625854
2025-09-01,microprice_deviation_bps,5s,8,0.321214436188,0.563071509596,0.115714054217,86394,0.205500381971
2025-09-01,microprice_deviation_bps,5s,9,0.385626815746,0.511047837309,0.103325346945,86397,0.282301468801
2025-09-01,microprice_deviation_bps,5s,10,0.490659289782,0.426547525348,0.0827931848697,86396,0.407866104912
2025-09-01,ofi_5s,5s,1,0.16074032919,0.432483737297,0.406775933514,86394,-0.246035604324
2025-09-01,ofi_5s,5s,2,0.16962198199,0.472545660779,0.35783235723,86398,-0.18821037524
2025-09-01,ofi_5s,5s,3,0.159858788124,0.502505932056,0.337635279819,86395,-0.177776491695
2025-09-01,ofi_5s,5s,4,0.162679259697,0.585112909013,0.25220783129,86397,-0.0895285715939
2025-09-01,ofi_5s,5s,5,0.165408921503,0.637850413204,0.196740665293,86398,-0.0313317437904
2025-09-01,ofi_5s,5s,6,0.190693367288,0.643951846279,0.165354786434,86390,0.0253385808543
2025-09-01,ofi_5s,5s,7,0.249791637727,0.595499374913,0.154708987359,86388,0.0950826503681
2025-09-01,ofi_5s,5s,8,0.325371095107,0.531540189426,0.143088715467,86366,0.18228237964
2025-09-01,ofi_5s,5s,9,0.354614690155,0.493946619135,0.15143869071,86398,0.203175999444
2025-09-01,ofi_5s,5s,10,0.391690879415,0.445587877806,0.16272124278,86387,0.228969636635
2025-09-01,qi_1,5s,1,0.0931629570471,0.414273643761,0.492563399192,86397,-0.399400442145
2025-09-01,qi_1,5s,2,0.105918029561,0.489010035071,0.405071935368,86397,-0.299153905807
2025-09-01,qi_1,5s,3,0.128823917497,0.536095003299,0.335081079204,86397,-0.206257161707
2025-09-01,qi_1,5s,4,0.164934132846,0.570462806473,0.264603060681,86386,-0.0996689278355
2025-09-01,qi_1,5s,5,0.178046832498,0.61761948306,0.204333684442,86393,-0.026286851944
2025-09-01,qi_1,5s,6,0.203988795259,0.62678257246,0.169228632281,86392,0.0347601629781
2025-09-01,qi_1,5s,7,0.257963295316,0.586082325016,0.155954379668,86365,0.102008915649
2025-09-01,qi_1,5s,8,0.321329768147,0.562651202093,0.11601902976,86391,0.205310738387
2025-09-01,qi_1,5s,9,0.389006562728,0.507841707467,0.103151729805,86397,0.285854832922
2025-09-01,qi_1,5s,10,0.487256354461,0.430239825918,0.0825038196213,86396,0.40475253484
2025-09-01,trade_imbalance_5s,5s,1,0.150466445983,0.523576934651,0.325956619366,86398,-0.175490173384
2025-09-01,trade_imbalance_5s,5s,2,0.171586331435,0.523070333843,0.305343334722,86388,-0.133757003287
2025-09-01,trade_imbalance_5s,5s,3,0.184329023371,0.527173598491,0.288497378138,86389,-0.104168354767
2025-09-01,trade_imbalance_5s,5s,4,0.202500578838,0.533028478815,0.264470942348,86380,-0.0619703635101
2025-09-01,trade_imbalance_5s,5s,5,0.22108004862,0.543774960931,0.23514499045,86385,-0.0140649418302
2025-09-01,trade_imbalance_5s,5s,6,0.23144064363,0.5466574058,0.22190195057,86385,0.00953869306014
2025-09-01,trade_imbalance_5s,5s,7,0.272020185652,0.522789879395,0.205189934952,86398,0.0668302507002
2025-09-01,trade_imbalance_5s,5s,8,0.269913655409,0.544132966041,0.18595337855,86398,0.0839602768583
2025-09-01,trade_imbalance_5s,5s,9,0.30620536386,0.539789103284,0.154005532856,86393,0.152199831005
2025-09-01,trade_imbalance_5s,5s,10,0.320867622718,0.537032535852,0.14209984143,86397,0.178767781289
2025-10-01,di_10,100ms,1,0.000115743419987,0.965334845714,0.034549410866,86398,-0.034433667446
2025-10-01,di_10,100ms,2,0.00017361512998,0.993495219797,0.00633116507327,86398,-0.00615754994329
2025-10-01,di_10,100ms,3,0.000277780992836,0.995786988275,0.00393523073184,86399,-0.003657449739
2025-10-01,di_10,100ms,4,0.000462973679946,0.997719854626,0.00181717169379,86398,-0.00135419801384
2025-10-01,di_10,100ms,5,0.000706034861918,0.998182828306,0.00111113683187,86398,-0.000405101969953
2025-10-01,di_10,100ms,6,0.00108797555527,0.99805553305,0.000856491394576,86399,0.000231484160696
2025-10-01,di_10,100ms,7,0.00184032037779,0.997604111206,0.000555568415936,86398,0.00128475196185
2025-10-01,di_10,100ms,8,0.00386583022755,0.995798513854,0.000335655917961,86398,0.00353017430959
2025-10-01,di_10,100ms,9,0.00813676242506,0.991643325077,0.000219912497974,86398,0.00791684992708
2025-10-01,di_10,100ms,10,0.0415866108012,0.958239774069,0.00017361512998,86398,0.0414129956712
2025-10-01,di_5,100ms,1,0.000115743419987,0.965867265446,0.0340169911341,86398,-0.0339012477141
2025-10-01,di_5,100ms,2,0.000162040787981,0.993391050719,0.00644690849325,86398,-0.00628486770527
2025-10-01,di_5,100ms,3,0.00031250361694,0.995520781491,0.00416671489253,86399,-0.00385421127559
2025-10-01,di_5,100ms,4,0.000462973679946,0.997604111206,0.00193291511378,86398,-0.00146994143383
2025-10-01,di_5,100ms,5,0.000729183545915,0.998171253964,0.00109956248987,86398,-0.000370378943957
2025-10-01,di_5,100ms,6,0.00101853030706,0.998009236218,0.000972233474924,86399,4.62968321393e-05
2025-10-01,di_5,100ms,7,0.00184032037779,0.997650408574,0.000509271047941,86398,0.00133104932985
2025-10-01,di_5,100ms,8,0.00378480983356,0.995867959906,0.00034723025996,86398,0.0034375795736
2025-10-01,di_5,100ms,9,0.00818305979305,0.991597027709,0.000219912497974,86398,0.00796314729508
2025-10-01,di_5,100ms,10,0.0416444825112,0.958181902359,0.00017361512998,86398,0.0414708673812
2025-10-01,microprice_deviation_bps,100ms,1,0.000243061181972,0.966191347022,0.0335655917961,86398,-0.0333225306141
2025-10-01,microprice_deviation_bps,100ms,2,0.000150466445983,0.993032246117,0.00681728743721,86398,-0.00666682099123
2025-10-01,microprice_deviation_bps,100ms,3,0.00031250361694,0.995671246195,0.00401625018808,86399,-0.00370374657114
2025-10-01,microprice_deviation_bps,100ms,4,0.000486122363944,0.997407347392,0.00210653024376,86398,-0.00162040787981
2025-10-01,microprice_deviation_bps,100ms,5,0.000694460519919,0.998159679622,0.00114585985787,86398,-0.000451399337948
2025-10-01,microprice_deviation_bps,100ms,6,0.00101853030706,0.998136552506,0.000844917186542,86399,0.000173613120522
2025-10-01,microprice_deviation_bps,100ms,7,0.00190976642978,0.997604111206,0.000486122363944,86398,0.00142364406583
2025-10-01,microprice_deviation_bps,100ms,8,0.00386583022755,0.995752216486,0.000381953285956,86398,0.0034838769416
2025-10-01,microprice_deviation_bps,100ms,9,0.00846084400102,0.991342392185,0.000196763813977,86398,0.00826408018704
2025-10-01,microprice_deviation_bps,100ms,10,0.0411120627792,0.958563855645,0.000324081575962,86398,0.0407879812033
2025-10-01,ofi_100ms,100ms,1,0.00166670524781,0.968540938448,0.0297923563045,86398,-0.0281256510567
2025-10-01,ofi_100ms,100ms,2,0.00224539635875,0.992152686952,0.00560191668885,86399,-0.0033565203301
2025-10-01,ofi_100ms,100ms,3,0.00253475155962,0.994317063855,0.00314818458547,86399,-0.000613433025845
2025-10-01,ofi_100ms,100ms,4,0.00221067373465,0.9961110661,0.00167826016505,86399,0.000532413569601
2025-10-01,ofi_100ms,100ms,5,0.0016320955644,0.996921011205,0.00144689323085,86392,0.000185202333549
2025-10-01,ofi_100ms,100ms,6,0.00136575654811,0.997361080568,0.00127316288383,86399,9.25936642785e-05
2025-10-01,ofi_100ms,100ms,7,0.00173613120522,0.996655053878,0.00160881491684,86399,0.000127316288383
2025-10-01,ofi_100ms,100ms,8,0.00393523073184,0.994189747567,0.00187502170164,86399,0.0020602090302
2025-10-01,ofi_100ms,100ms,9,0.00709498952534,0.990995266149,0.00190974432574,86399,0.0051852451996
2025-10-01,ofi_100ms,100ms,10,0.0338314100858,0.964617646038,0.00155094387667,86399,0.0322804662091
2025-10-01,qi_1,100ms,1,0.000115743419987,0.966075603602,0.0338086529781,86398,-0.0336929095581
2025-10-01,qi_1,100ms,2,0.000162040787981,0.993263732957,0.00657422625524,86398,-0.00641218546726
2025-10-01,qi_1,100ms,3,0.00031250361694,0.995682820403,0.00400467598005,86399,-0.00369217236311
2025-10-01,qi_1,100ms,4,0.000555568415936,0.997361050024,0.00208338155976,86398,-0.00152781314382
2025-10-01,qi_1,100ms,5,0.000729183545915,0.99809023357,0.00118058288386,86398,-0.000451399337948
2025-10-01,qi_1,100ms,6,0.00105325293117,0.99805553305,0.000891214018681,86399,0.000162038912487
2025-10-01,qi_1,100ms,7,0.00197921248177,0.997523090812,0.000497696705942,86398,0.00148151577583
2025-10-01,qi_1,100ms,8,0.00383110720156,0.995763790828,0.000405101969953,86398,0.0034260052316
2025-10-01,qi_1,100ms,9,0.00833352623903,0.991434986921,0.000231486839973,86398,0.00810203939906
2025-10-01,qi_1,100ms,10,0.0411815088312,0.958610153013,0.000208338155976,86398,0.0409731706752
2025-10-01,trade_imbalance_100ms,100ms,1,7.58121375232e-05,0.974792464274,0.0251317235889,26381,-0.0250559114514
2025-10-01,trade_imbalance_100ms,100ms,2,0.000303260045489,0.97486732373,0.0248294162244,26380,-0.0245261561789
2025-10-01,trade_imbalance_100ms,100ms,3,0.000151624275046,0.971039763466,0.0288086122588,26381,-0.0286569879838
2025-10-01,trade_imbalance_100ms,100ms,4,7.58121375232e-05,0.978696789356,0.0212273985065,26381,-0.021151586369
2025-10-01,trade_imbalance_100ms,100ms,5,0.000151624275046,0.9595921307,0.0402562450248,26381,-0.0401046207498
2025-10-01,trade_imbalance_100ms,100ms,6,0.0512528905569,0.927404374692,0.0213427347511,26379,0.0299101558058
2025-10-01,trade_imbalance_100ms,100ms,7,0.0469277131269,0.953034380804,3.79060687616e-05,26381,0.0468898070581
2025-10-01,trade_imbalance_100ms,100ms,8,0.0326016907388,0.967170855605,0.000227453656318,26379,0.0323742370825
2025-10-01,trade_imbalance_100ms,100ms,9,0.0334331526477,0.966528941283,3.79060687616e-05,26381,0.033395246579
2025-10-01,trade_imbalance_100ms,100ms,10,0.0237300985595,0.976156178923,0.000113722517058,26380,0.0236163760425
2025-10-01,di_10,1s,1,0.00557909114059,0.816144639674,0.178276269185,86394,-0.172697178045
2025-10-01,di_10,1s,2,0.00828722887104,0.89923377856,0.0924789925693,86398,-0.0841917636982
2025-10-01,di_10,1s,3,0.0131251519115,0.918737485388,0.068137362701,86399,-0.0550122107895
2025-10-01,di_10,1s,4,0.017569851154,0.936919836107,0.0455103127387,86398,-0.0279404615848
2025-10-01,di_10,1s,5,0.0225005208454,0.945646889974,0.0318525891803,86398,-0.00935206833492
2025-10-01,di_10,1s,6,0.0290975589995,0.949085058855,0.0218173821456,86399,0.0072801768539
2025-10-01,di_10,1s,7,0.0444223245908,0.938343480173,0.017234195236,86398,0.0271881293548
2025-10-01,di_10,1s,8,0.0711201657618,0.917547372929,0.0113324613087,86389,0.0597877044531
2025-10-01,di_10,1s,9,0.110812750295,0.881212528068,0.00797472163707,86398,0.102838028658
2025-10-01,di_10,1s,10,0.212447047385,0.781106044121,0.00644690849325,86398,0.206000138892
2025-10-01,di_5,1s,1,0.00553279162905,0.82082089034,0.173646318031,86394,-0.168113526402
2025-10-01,di_5,1s,2,0.00766221440311,0.898342554226,0.0939952313711,86398,-0.086333016968
2025-10-01,di_5,1s,3,0.0133682102802,0.915242074561,0.0713897151587,86399,-0.0580215048785
2025-10-01,di_5,1s,4,0.0183106090419,0.936595754531,0.0450936364268,86398,-0.0267830273849
2025-10-01,di_5,1s,5,0.0221417162434,0.945866802472,0.0319914812843,86398,-0.00984976504086
2025-10-01,di_5,1s,6,0.0292133010799,0.94876098103,0.0220257178903,86399,0.00718758318962
2025-10-01,di_5,1s,7,0.0443297298549,0.938285608463,0.017384661682,86398,0.0269450681729
2025-10-01,di_5,1s,8,0.0694185602334,0.919723575918,0.0108578638484,86389,0.058560696385
2025-10-01,di_5,1s,9,0.109470126623,0.88243940832,0.00809046505706,86398,0.101379661566
2025-10-01,di_5,1s,10,0.215514248015,0.777899951388,0.00658580059724,86398,0.208928447418
2025-10-01,microprice_deviation_bps,1s,1,0.00583373845406,0.82344838762,0.170717873926,86394,-0.164884135472
2025-10-01,microprice_deviation_bps,1s,2,0.00709507164518,0.89801847265,0.094886455705,86398,-0.0877913840598
2025-10-01,microprice_deviation_bps,1s,3,0.0137501591454,0.913957337469,0.0722925033855,86399,-0.0585423442401
2025-10-01,microprice_deviation_bps,1s,4,0.0183916294359,0.935033218362,0.0465751522026,86398,-0.0281835227667
2025-10-01,microprice_deviation_bps,1s,5,0.0220838445334,0.94608671497,0.0318294404963,86398,-0.00974559596287
2025-10-01,microprice_deviation_bps,1s,6,0.0290859847915,0.949420710888,0.0214933043207,86399,0.00759268047084
2025-10-01,microprice_deviation_bps,1s,7,0.0445033449848,0.937892080835,0.01760457418,86398,0.0268987708049
2025-10-01,microprice_deviation_bps,1s,8,0.0695690423549,0.91950364051,0.0109273171353,86389,0.0586417252196
2025-10-01,microprice_deviation_bps,1s,9,0.111044237135,0.880900020834,0.00805574203107,86398,0.102988495104
2025-10-01,microprice_deviation_bps,1s,10,0.213604481585,0.779717123082,0.00667839533323,86398,0.206926086252
2025-10-01,ofi_1s,1s,1,0.0288561705674,0.792786536102,0.178357293331,86394,-0.149501122763
2025-10-01,ofi_1s,1s,2,0.0250008680857,0.903237380928,0.0717617509867,86397,-0.046760882901
2025-10-01,ofi_1s,1s,3,0.0279186054587,0.929150172466,0.0429312220756,86394,-0.0150126166169
2025-10-01,ofi_1s,1s,4,0.0278938413639,0.938552529543,0.0335536290929,86399,-0.00565978772902
2025-10-01,ofi_1s,1s,5,0.022940080325,0.948043380132,0.0290165395433,86399,-0.00607645921828
2025-10-01,ofi_1s,1s,6,0.0271443454103,0.951117027434,0.0217386271559,86390,0.00540571825443
2025-10-01,ofi_1s,1s,7,0.0373962661605,0.936816398338,0.0257873355016,86399,0.0116089306589
2025-10-01,ofi_1s,1s,8,0.0506834569845,0.924779221982,0.0245373210338,86399,0.0261461359506
2025-10-01,ofi_1s,1s,9,0.088415375178,0.887591291566,0.0239933332562,86399,0.0644220419218
2025-10-01,ofi_1s,1s,10,0.198706003542,0.771907082258,0.0293869142004,86399,0.169319089341
2025-10-01,qi_1,1s,1,0.00553279162905,0.822927518115,0.171539690256,86394,-0.166006898627
2025-10-01,qi_1,1s,2,0.00738443019514,0.89859718975,0.0940183800551,86398,-0.08663394986
2025-10-01,qi_1,1s,3,0.0134608039445,0.914431879999,0.0721073160569,86399,-0.0586465121124
2025-10-01,qi_1,1s,4,0.0185768189078,0.934581819024,0.0468413620686,86398,-0.0282645431607
2025-10-01,qi_1,1s,5,0.0221764392694,0.946005694576,0.0318178661543,86398,-0.00964142688488
2025-10-01,qi_1,1s,6,0.0290975589995,0.949385988264,0.0215164527367,86399,0.0075811062628
2025-10-01,qi_1,1s,7,0.0448158522188,0.937521701891,0.01766244589,86398,0.0271534063289
2025-10-01,qi_1,1s,8,0.0691870492771,0.919989813518,0.010823137205,86389,0.0583639120721
2025-10-01,qi_1,1s,9,0.109805782541,0.881964860298,0.00822935716105,86398,0.10157642538
2025-10-01,qi_1,1s,10,0.214923956573,0.778571263224,0.00650478020325,86398,0.20841917637
2025-10-01,trade_imbalance_1s,1s,1,0.0256381577312,0.929995277509,0.0443665647603,80466,-0.0187284070291
2025-10-01,trade_imbalance_1s,1s,2,0.0261476897075,0.929324186613,0.0445281236796,80466,-0.0183804339721
2025-10-01,trade_imbalance_1s,1s,3,0.0314205103347,0.858918428477,0.109661061188,80457,-0.0782405508533
2025-10-01,trade_imbalance_1s,1s,4,0.0367640661703,0.886998346984,0.0762375868455,80459,-0.0394735206751
2025-10-01,trade_imbalance_1s,1s,5,0.0441839943325,0.898258740477,0.057557265191,80459,-0.0133732708584
2025-10-01,trade_imbalance_1s,1s,6,0.0523575174608,0.899137523923,0.0485049586161,80466,0.00385255884473
2025-10-01,trade_imbalance_1s,1s,7,0.07229140258,0.885019759899,0.0426888375214,80466,0.0296025650585
2025-10-01,trade_imbalance_1s,1s,8,0.112272416579,0.853837072019,0.0338905114025,80465,0.0783819051762
2025-10-01,trade_imbalance_1s,1s,9,0.105535257127,0.871324534586,0.0231402082867,80466,0.0823950488405
2025-10-01,trade_imbalance_1s,1s,10,0.0473124961163,0.930441806997,0.0222456968868,80465,0.0250667992295
2025-10-01,di_10,30s,1,0.239875425475,0.241311042675,0.51881353185,86374,-0.278938106375
2025-10-01,di_10,30s,2,0.273180955028,0.276203047566,0.450615997406,86364,-0.177435042379
2025-10-01,di_10,30s,3,0.294491451854,0.270484877247,0.435023670899,86393,-0.140532219046
2025-10-01,di_10,30s,4,0.327447256895,0.29562770663,0.376925036474,86362,-0.049477779579
2025-10-01,di_10,30s,5,0.345492643058,0.305530151306,0.348977205635,86381,-0.00348456257742
2025-10-01,di_10,30s,6,0.379143902213,0.292480785258,0.328375312529,86392,0.0507685896842
2025-10-01,di_10,30s,7,0.418365338982,0.284022641247,0.297612019771,86391,0.120753319211
2025-10-01,di_10,30s,8,0.445997429276,0.287098903389,0.266903667334,86357,0.179093761942
2025-10-01,di_10,30s,9,0.50192817686,0.257750344524,0.240321478616,86351,0.261606698243
2025-10-01,di_10,30s,10,0.557348749913,0.233959728433,0.208691521653,86314,0.34865722826
2025-10-01,di_5,30s,1,0.236283011659,0.244873858124,0.518843130217,86371,-0.282560118558
2025-10-01,di_5,30s,2,0.276506072921,0.270519990274,0.452973936805,86367,-0.176467863883
2025-10-01,di_5,30s,3,0.299966432466,0.272742004561,0.427291562974,86393,-0.127325130508
2025-10-01,di_5,30s,4,0.324297723536,0.295222435794,0.380479840671,86362,-0.0561821171349
2025-10-01,di_5,30s,5,0.342733766309,0.307748411072,0.349517822619,86379,-0.00678405630998
2025-10-01,di_5,30s,6,0.381010255342,0.293967173646,0.325022571012,86394,0.0559876843299
2025-10-01,di_5,30s,7,0.415767663673,0.28896194092,0.295270395407,86392,0.120497268266
2025-10-01,di_5,30s,8,0.440782769801,0.290180639185,0.269036591014,86360,0.171746178786
2025-10-01,di_5,30s,9,0.502026588846,0.261105706874,0.23686770428,86352,0.265158884565
2025-10-01,di_5,30s,10,0.56390411197,0.219131260935,0.216964627096,86309,0.346939484874
2025-10-01,microprice_deviation_bps,30s,1,0.234036887381,0.244792812402,0.521170300217,86371,-0.287133412835
2025-10-01,microprice_deviation_bps,30s,2,0.273300914669,0.276288062985,0.450411022346,86370,-0.177110107676
2025-10-01,microprice_deviation_bps,30s,3,0.301111239727,0.269683991203,0.42920476907,86390,-0.128093529344
2025-10-01,microprice_deviation_bps,30s,4,0.322678120731,0.29646652928,0.38085534999,86374,-0.0581772292588
2025-10-01,microprice_deviation_bps,30s,5,0.345097085692,0.305498627948,0.349404286359,86367,-0.00430720066692
2025-10-01,microprice_deviation_bps,30s,6,0.379737018774,0.300981549645,0.319281431581,86394,0.0604555871936
2025-10-01,microprice_deviation_bps,30s,7,0.416738048385,0.288077323764,0.29518462785,86390,0.121553420535
2025-10-01,microprice_deviation_bps,30s,8,0.442558217631,0.286913625994,0.270528156374,86357,0.172030061257
2025-10-01,microprice_deviation_bps,30s,9,0.506363267906,0.254611776967,0.239024955127,86355,0.267338312779
2025-10-01,microprice_deviation_bps,30s,10,0.561654945488,0.221142148741,0.217202905771,86311,0.344452039717
2025-10-01,ofi_30s,30s,1,0.401679504257,0.200891874674,0.397428621069,86335,0.00425088318758
2025-10-01,ofi_30s,30s,2,0.334213329628,0.245762123107,0.420024547265,86364,-0.085811217637
2025-10-01,ofi_30s,30s,3,0.352300480352,0.251623357833,0.396076161815,86395,-0.043775681463
2025-10-01,ofi_30s,30s,4,0.350300995601,0.256830284788,0.392868719611,86380,-0.0425677240102
2025-10-01,ofi_30s,30s,5,0.310666126512,0.341779038139,0.347554835349,86395,-0.0368887088373
2025-10-01,ofi_30s,30s,6,0.343499346057,0.402643549115,0.253857104828,86399,0.0896422412296
2025-10-01,ofi_30s,30s,7,0.397950558675,0.309477218781,0.292572222544,86365,0.105378336132
2025-10-01,ofi_30s,30s,8,0.43649110609,0.27548525407,0.28802363984,86295,0.148467466249
2025-10-01,ofi_30s,30s,9,0.427549402081,0.25824525659,0.314205341329,86383,0.113344060753
2025-10-01,ofi_30s,30s,10,0.428549925898,0.201683493887,0.369766580215,86368,0.0587833456836
2025-10-01,qi_1,30s,1,0.235240995241,0.241967790115,0.522791214644,86371,-0.287550219402
2025-10-01,qi_1,30s,2,0.274549307027,0.276367130964,0.449083562009,86367,-0.174534254982
2025-10-01,qi_1,30s,3,0.299167756647,0.271387728172,0.429444515181,86393,-0.130276758534
2025-10-01,qi_1,30s,4,0.322364764728,0.29741339385,0.380221841423,86368,-0.0578570766951
2025-10-01,qi_1,30s,5,0.344899447744,0.305743693052,0.349356859204,86373,-0.0044574114596
2025-10-01,qi_1,30s,6,0.379574970484,0.301294071348,0.319130958168,86394,0.0604440123157
2025-10-01,qi_1,30s,7,0.417346714357,0.286546052251,0.296107233392,86391,0.121239480964
2025-10-01,qi_1,30s,8,0.441935595929,0.288868818101,0.269195585971,86361,0.172740009958
2025-10-01,qi_1,30s,9,0.505761369295,0.253002281386,0.241236349318,86351,0.264525019977
2025-10-01,qi_1,30s,10,0.562437724482,0.22186305179,0.215699223728,86310,0.346738500753
2025-10-01,trade_imbalance_30s,30s,1,0.301390158925,0.326797309967,0.371812531108,86393,-0.0704223721829
2025-10-01,trade_imbalance_30s,30s,2,0.335837220338,0.315732820982,0.34842995868,86399,-0.0125927383419
2025-10-01,trade_imbalance_30s,30s,3,0.360362967164,0.28523478281,0.354402250026,86399,0.00596071713793
2025-10-01,trade_imbalance_30s,30s,4,0.389182119129,0.251383197907,0.359434682964,86394,0.0297474361645
2025-10-01,trade_imbalance_30s,30s,5,0.389935068693,0.241877799512,0.368187131796,86399,0.0217479368974
2025-10-01,trade_imbalance_30s,30s,6,0.400594914293,0.237965717196,0.361439368511,86399,0.0391555457818
2025-10-01,trade_imbalance_30s,30s,7,0.399159128551,0.251415930229,0.34942494122,86339,0.0497341873313
2025-10-01,trade_imbalance_30s,30s,8,0.398335632077,0.273867337359,0.327797030564,86279,0.0705386015137
2025-10-01,trade_imbalance_30s,30s,9,0.407503564019,0.261813419256,0.330683016725,86279,0.0768205472942
2025-10-01,trade_imbalance_30s,30s,10,0.400884269494,0.298383083138,0.300732647369,86399,0.100151622125
2025-10-01,di_10,500ms,1,0.00163205778179,0.881299627289,0.117068314929,86394,-0.115436257147
2025-10-01,di_10,500ms,2,0.00274311905368,0.948725664946,0.0485312160004,86398,-0.0457880969467
2025-10-01,di_10,500ms,3,0.00494218683087,0.960474079561,0.034583733608,86399,-0.0296415467772
2025-10-01,di_10,500ms,4,0.00673626704322,0.972175281835,0.0210884511216,86398,-0.0143521840783
2025-10-01,di_10,500ms,5,0.00960670385889,0.977036505475,0.0133567906665,86398,-0.00375008680756
2025-10-01,di_10,500ms,6,0.0125464415097,0.977962707902,0.00949085058855,86399,0.00305559092119
2025-10-01,di_10,500ms,7,0.0195953610037,0.973957730503,0.00644690849325,86398,0.0131484525105
2025-10-01,di_10,500ms,8,0.0347593582888,0.961490381276,0.00375026043475,86394,0.031009097854
2025-10-01,di_10,500ms,9,0.0578369869673,0.939512488715,0.00265052431769,86398,0.0551864626496
2025-10-01,di_10,500ms,10,0.141230121068,0.856570753953,0.00219912497974,86398,0.139030996088
2025-10-01,di_5,500ms,1,0.00164363265968,0.883915549691,0.114440817649,86394,-0.11279718499
2025-10-01,di_5,500ms,2,0.00253478089771,0.94834371166,0.0491215074423,86398,-0.0465867265446
2025-10-01,di_5,500ms,3,0.00502320628711,0.958274980034,0.0367018136784,86399,-0.0316786073913
2025-10-01,di_5,500ms,4,0.0068751591472,0.972395194333,0.0207296465196,86398,-0.0138544873724
2025-10-01,di_5,500ms,5,0.00967614991088,0.976642977847,0.0136808722424,86398,-0.00400472233154
2025-10-01,di_5,500ms,6,0.0126043125499,0.977846965821,0.00954872162872,86399,0.00305559092119
2025-10-01,di_5,500ms,7,0.0195143406097,0.974015602213,0.00647005717725,86398,0.0130442834325
2025-10-01,di_5,500ms,8,0.0338217931801,0.962555270042,0.00362293677802,86394,0.0301988564021
2025-10-01,di_5,500ms,9,0.0569341882914,0.940426861733,0.00263894997569,86398,0.0542952383157
2025-10-01,di_5,500ms,10,0.143000995393,0.854788305285,0.00221069932174,86398,0.140790296072
2025-10-01,microprice_deviation_bps,500ms,1,0.00181725582795,0.885941153321,0.112241590851,86394,-0.110424335023
2025-10-01,microprice_deviation_bps,500ms,2,0.00246533484571,0.947093682724,0.0504409824301,86398,-0.0479756475844
2025-10-01,microprice_deviation_bps,500ms,3,0.00504635470318,0.958112941122,0.0368407041748,86399,-0.0317943494716
2025-10-01,microprice_deviation_bps,500ms,4,0.00699090256719,0.971399800921,0.0216092965115,86398,-0.0146183939443
2025-10-01,microprice_deviation_bps,500ms,5,0.00965300122688,0.976770295609,0.0135767031644,86398,-0.00392370193754
2025-10-01,microprice_deviation_bps,500ms,6,0.0124538478455,0.978344656767,0.00920149538768,86399,0.00325235245778
2025-10-01,microprice_deviation_bps,500ms,7,0.0198499965277,0.973622074585,0.00652792888724,86398,0.0133220676405
2025-10-01,microprice_deviation_bps,500ms,8,0.0339491168368,0.962300622728,0.00375026043475,86394,0.0301988564021
2025-10-01,microprice_deviation_bps,500ms,9,0.0578948586773,0.939524063057,0.0025810782657,86398,0.0553137804116
2025-10-01,microprice_deviation_bps,500ms,10,0.141507905276,0.856096205931,0.00239588879372,86398,0.139112016482
2025-10-01,ofi_500ms,500ms,1,0.0135071007766,0.870229979514,0.11626291971,86399,-0.102755818933
2025-10-01,ofi_500ms,500ms,2,0.0136114261904,0.951468784,0.0349197898099,86398,-0.0213083636195
2025-10-01,ofi_500ms,500ms,3,0.0150350702563,0.964999189796,0.0199657399477,86398,-0.00493066969143
2025-10-01,ofi_500ms,500ms,4,0.0140512511864,0.968702979236,0.017245769578,86398,-0.00319451839163
2025-10-01,ofi_500ms,500ms,5,0.0118289775226,0.974096622607,0.0140743998704,86398,-0.00224542234774
2025-10-01,ofi_500ms,500ms,6,0.0116914386257,0.978133537065,0.0101750243089,86388,0.0015164143168
2025-10-01,ofi_500ms,500ms,7,0.021284968576,0.96743017859,0.0112848528339,86399,0.0100001157421
2025-10-01,ofi_500ms,500ms,8,0.0236000833353,0.963482950994,0.0129169656705,86398,0.0106831176648
2025-10-01,ofi_500ms,500ms,9,0.0403476892094,0.948460051621,0.0111922591697,86399,0.0291554300397
2025-10-01,ofi_500ms,500ms,10,0.126668132733,0.862209053346,0.0111228139215,86399,0.115545318812
2025-10-01,qi_1,500ms,1,0.00168993217122,0.885119336991,0.113190730838,86394,-0.111500798667
2025-10-01,qi_1,500ms,2,0.00245376050372,0.948077501794,0.0494687377023,86398,-0.0470149771985
2025-10-01,qi_1,500ms,3,0.00503478049514,0.958159237954,0.0368059815507,86399,-0.0317712010556
2025-10-01,qi_1,500ms,4,0.00699090256719,0.971365077895,0.0216440195375,86398,-0.0146531169703
2025-10-01,qi_1,500ms,5,0.00979189333086,0.976642977847,0.0135651288224,86398,-0.00377323549156
2025-10-01,qi_1,500ms,6,0.0124538478455,0.978240488895,0.00930566325999,86399,0.00314818458547
2025-10-01,qi_1,500ms,7,0.0200236116577,0.973402162087,0.00657422625524,86398,0.0134493854024
2025-10-01,qi_1,500ms,8,0.0337870685464,0.962589994676,0.00362293677802,86394,0.0301641317684
2025-10-01,qi_1,500ms,9,0.0572582698674,0.939998611079,0.00274311905368,86398,0.0545151508137
2025-10-01,qi_1,500ms,10,0.142144494086,0.855610083567,0.00224542234774,86398,0.139899071738
2025-10-01,trade_imbalance_500ms,500ms,1,0.010365170637,0.959286087671,0.0303487416922,66955,-0.0199835710552
2025-10-01,trade_imbalance_500ms,500ms,2,0.0145470838623,0.950713165559,0.0347397505787,66955,-0.0201926667165
2025-10-01,trade_imbalance_500ms,500ms,3,0.0137107012172,0.955373011724,0.0309162870585,66955,-0.0172055858412
2025-10-01,trade_imbalance_500ms,500ms,4,0.0165202843998,0.90450797634,0.0789717392603,66948,-0.0624514548605
2025-10-01,trade_imbalance_500ms,500ms,5,0.0215073035218,0.930370104848,0.0481225916301,66954,-0.0266152881083
2025-10-01,trade_imbalance_500ms,500ms,6,0.0307538348942,0.942151722902,0.027094442204,66951,0.00365939269018
2025-10-01,trade_imbalance_500ms,500ms,7,0.0701696737962,0.909084119967,0.0207462062373,66952,0.0494234675588
2025-10-01,trade_imbalance_500ms,500ms,8,0.0882084982451,0.901695168397,0.0100963333582,66955,0.0781121648869
2025-10-01,trade_imbalance_500ms,500ms,9,0.0416399074005,0.946590993951,0.0117690986483,66955,0.0298708087521
2025-10-01,trade_imbalance_500ms,500ms,10,0.0292000238977,0.960344724579,0.0104552515235,66952,0.0187447723742
2025-10-01,di_10,5s,1,0.0522374238952,0.566011528578,0.381751047526,86394,-0.329513623631
2025-10-01,di_10,5s,2,0.0698858769879,0.644551957221,0.285562165791,86398,-0.215676288803
2025-10-01,di_10,5s,3,0.086783411845,0.683954675401,0.229261912754,86399,-0.142478500909
2025-10-01,di_10,5s,4,0.0973517905507,0.72104678349,0.181601425959,86398,-0.0842496354082
2025-10-01,di_10,5s,5,0.120650940994,0.741475497118,0.137873561888,86398,-0.017222620894
2025-10-01,di_10,5s,6,0.147270223035,0.746374379333,0.106355397632,86399,0.0409148254031
2025-10-01,di_10,5s,7,0.175214417167,0.729145687929,0.0956398949038,86397,0.0795745222635
2025-10-01,di_10,5s,8,0.244040796953,0.678428784774,0.077530418273,86379,0.16651037868
2025-10-01,di_10,5s,9,0.318554875155,0.621586581314,0.0598585435309,86387,0.258696331624
2025-10-01,di_10,5s,10,0.433757814309,0.518904839083,0.047337346608,86380,0.386420467701
2025-10-01,di_5,5s,1,0.0512998587865,0.573211102623,0.375489038591,86394,-0.324189179804
2025-10-01,di_5,5s,2,0.0705108914558,0.643139887497,0.286349221047,86398,-0.215838329591
2025-10-01,di_5,5s,3,0.0859616430746,0.679521753724,0.234516603201,86399,-0.148554960127
2025-10-01,di_5,5s,4,0.0988911780365,0.721382439408,0.179726382555,86398,-0.0808352045186
2025-10-01,di_5,5s,5,0.119400912058,0.741568091854,0.139030996088,86398,-0.0196300840297
2025-10-01,di_5,5s,6,0.147293371451,0.7460387273,0.106667901249,86399,0.0406254702022
2025-10-01,di_5,5s,7,0.175330161927,0.728694283366,0.0959755547068,86397,0.0793546072202
2025-10-01,di_5,5s,8,0.241247974068,0.682287566566,0.0764644593656,86380,0.164783514702
2025-10-01,di_5,5s,9,0.314734855939,0.625302418188,0.0599627258731,86387,0.254772130066
2025-10-01,di_5,5s,10,0.441079429028,0.510332372452,0.0485881985205,86379,0.392491230507
2025-10-01,microprice_deviation_bps,5s,1,0.0501192212422,0.57733175915,0.372549019608,86394,-0.322429798366
2025-10-01,microprice_deviation_bps,5s,2,0.0695733697539,0.644401490775,0.286025139471,86398,-0.216451769717
2025-10-01,microprice_deviation_bps,5s,3,0.0878019421521,0.67630412389,0.235893933958,86399,-0.148091991805
2025-10-01,microprice_deviation_bps,5s,4,0.0971434523947,0.719264334823,0.183592212783,86398,-0.086448760388
2025-10-01,microprice_deviation_bps,5s,5,0.122433389662,0.740028704368,0.13753790597,86398,-0.0151045163082
2025-10-01,microprice_deviation_bps,5s,6,0.145291033461,0.749973958032,0.104735008507,86399,0.040556024954
2025-10-01,microprice_deviation_bps,5s,7,0.174091692999,0.727779899765,0.0981284072364,86397,0.0759632857622
2025-10-01,microprice_deviation_bps,5s,8,0.242298297,0.680840964609,0.076860738391,86377,0.165437558609
2025-10-01,microprice_deviation_bps,5s,9,0.318223384922,0.622278299321,0.0594983157578,86389,0.258725069164
2025-10-01,microprice_deviation_bps,5s,10,0.438770548738,0.513278536698,0.0479509145636,86380,0.390819634175
2025-10-01,ofi_5s,5s,1,0.147589943048,0.513265731352,0.339144325601,86388,-0.191554382553
2025-10-01,ofi_5s,5s,2,0.131297815947,0.581603953749,0.287098230304,86399,-0.155800414357
2025-10-01,ofi_5s,5s,3,0.111042951886,0.683514855496,0.205442192618,86399,-0.094399240732
2025-10-01,ofi_5s,5s,4,0.104931770044,0.755055035359,0.140013194597,86399,-0.0350814245535
2025-10-01,ofi_5s,5s,5,0.099387724395,0.795368001944,0.105244273661,86399,-0.00585654926562
2025-10-01,ofi_5s,5s,6,0.104457227514,0.802983830831,0.0925589416544,86399,0.0118982858598
2025-10-01,ofi_5s,5s,7,0.151043414854,0.757867567912,0.091089017234,86399,0.0599543976203
2025-10-01,ofi_5s,5s,8,0.22734059422,0.684649127883,0.0880102778967,86399,0.139330316323
2025-10-01,ofi_5s,5s,9,0.309906446832,0.584614672101,0.105478881067,86368,0.204427565765
2025-10-01,ofi_5s,5s,10,0.358752025932,0.492509840241,0.148738133827,86380,0.210013892105
2025-10-01,qi_1,5s,1,0.0506632405028,0.576625691599,0.372711067898,86394,-0.322047827395
2025-10-01,qi_1,5s,2,0.0708581217158,0.643209333549,0.285932544735,86398,-0.215074423019
2025-10-01,qi_1,5s,3,0.0859616430746,0.678017106679,0.236021250246,86399,-0.150059607171
2025-10-01,qi_1,5s,4,0.0973517905507,0.719356929559,0.183291279891,86398,-0.08593948934
2025-10-01,qi_1,5s,5,0.12224820019,0.740202319498,0.137549480312,86398,-0.0153012801222
2025-10-01,qi_1,5s,6,0.145325756085,0.749881364368,0.104792879547,86399,0.0405328765379
2025-10-01,qi_1,5s,7,0.174797736033,0.727247473871,0.0979547900969,86397,0.0768429459356
2025-10-01,qi_1,5s,8,0.242153764225,0.68170504405,0.0761411917248,86379,0.1660125725
2025-10-01,qi_1,5s,9,0.316247626985,0.623767189887,0.0599851831273,86388,0.256262443858
2025-10-01,qi_1,5s,10,0.440141701108,0.511466907466,0.0483913914262,86379,0.391750309682
2025-10-01,trade_imbalance_5s,5s,1,0.0982105653039,0.684256215566,0.217533219131,86396,-0.119322653827
2025-10-01,trade_imbalance_5s,5s,2,0.117260299344,0.682760536642,0.199979164014,86389,-0.0827188646703
2025-10-01,trade_imbalance_5s,5s,3,0.135758599935,0.685691467198,0.178549932867,86396,-0.0427913329321
2025-10-01,trade_imbalance_5s,5s,4,0.138076718291,0.685394819085,0.176528462625,86394,-0.0384517443341
2025-10-01,trade_imbalance_5s,5s,5,0.160988991909,0.666979199222,0.172031808869,86391,-0.0110428169601
2025-10-01,trade_imbalance_5s,5s,6,0.177184128895,0.669868975416,0.15294689569,86396,0.0242372332052
2025-10-01,trade_imbalance_5s,5s,7,0.191585161178,0.660836853985,0.147577984837,86395,0.0440071763412
2025-10-01,trade_imbalance_5s,5s,8,0.227313764526,0.639879161072,0.132807074402,86396,0.0945066901245
2025-10-01,trade_imbalance_5s,5s,9,0.24841715377,0.628068753979,0.123514092251,86395,0.12490306152
2025-10-01,trade_imbalance_5s,5s,10,0.250981527593,0.647831374139,0.101187098269,86345,0.149794429324
2025-11-01,di_10,100ms,1,9.25936642785e-05,0.989317005984,0.0105904003519,86399,-0.0104978066876
2025-11-01,di_10,100ms,2,0.000127316288383,0.997766177849,0.00210650586234,86399,-0.00197918957395
2025-11-01,di_10,100ms,3,6.94452482089e-05,0.99876155974,0.00116899501152,86399,-0.00109954976331
2025-11-01,di_10,100ms,4,0.000104169077988,0.999386559874,0.000509271047941,86398,-0.000405101969953
2025-11-01,di_10,100ms,5,0.000219909952661,0.999618051135,0.000162038912487,86399,5.78710401741e-05
2025-11-01,di_10,100ms,6,0.000173613120522,0.999664347967,0.000162038912487,86399,1.15742080348e-05
2025-11-01,di_10,100ms,7,0.000439819905323,0.999421289598,0.000138890496418,86399,0.000300929408905
2025-11-01,di_10,100ms,8,0.0010301045151,0.998877301821,9.25936642785e-05,86399,0.00093751085082
2025-11-01,di_10,100ms,9,0.00208335744627,0.997835623097,8.10194562437e-05,86399,0.00200233799002
2025-11-01,di_10,100ms,10,0.0125117188856,0.987441984282,4.62968321393e-05,86399,0.0124654220535
2025-11-01,di_5,100ms,1,9.25936642785e-05,0.989305431776,0.0106019745599,86399,-0.0105093808956
2025-11-01,di_5,100ms,2,0.000115742080348,0.997777752057,0.00210650586234,86399,-0.00199076378199
2025-11-01,di_5,100ms,3,9.25936642785e-05,0.99881943078,0.00108797555527,86399,-0.000995381890994
2025-11-01,di_5,100ms,4,9.25947359893e-05,0.999386559874,0.00052084538994,86398,-0.00042825065395
2025-11-01,di_5,100ms,5,0.000219909952661,0.999571754303,0.000208335744627,86399,1.15742080348e-05
2025-11-01,di_5,100ms,6,0.000208335744627,0.999618051135,0.000173613120522,86399,3.47226241044e-05
2025-11-01,di_5,100ms,7,0.000428245697288,0.99946758643,0.000104167872313,86399,0.000324077824975
2025-11-01,di_5,100ms,8,0.00104167872313,0.998842579197,0.000115742080348,86399,0.000925936642785
2025-11-01,di_5,100ms,9,0.00212965427841,0.997789326265,8.10194562437e-05,86399,0.00204863482216
2025-11-01,di_5,100ms,10,0.0124306994294,0.98751142953,5.78710401741e-05,86399,0.0123728283892
2025-11-01,microprice_deviation_bps,100ms,1,0.000115742080348,0.989305431776,0.0105788261438,86399,-0.0104630840635
2025-11-01,microprice_deviation_bps,100ms,2,0.000115742080348,0.997754603641,0.00212965427841,86399,-0.00201391219806
2025-11-01,microprice_deviation_bps,100ms,3,8.10194562437e-05,0.998842579197,0.00107640134724,86399,-0.000995381890994
2025-11-01,microprice_deviation_bps,100ms,4,0.000115743419987,0.999386559874,0.000497696705942,86398,-0.000381953285956
2025-11-01,microprice_deviation_bps,100ms,5,0.000185187328557,0.999606476927,0.000208335744627,86399,-2.31484160696e-05
2025-11-01,microprice_deviation_bps,100ms,6,0.000231484160696,0.999606476927,0.000162038912487,86399,6.94452482089e-05
2025-11-01,microprice_deviation_bps,100ms,7,0.000451394113358,0.999421289598,0.000127316288383,86399,0.000324077824975
2025-11-01,microprice_deviation_bps,100ms,8,0.0010648271392,0.998831004988,0.000104167872313,86399,0.00096065926689
2025-11-01,microprice_deviation_bps,100ms,9,0.00210650586234,0.997789326265,0.000104167872313,86399,0.00200233799002
2025-11-01,microprice_deviation_bps,100ms,10,0.0123844025973,0.987546152155,6.94452482089e-05,86399,0.012314957349
2025-11-01,ofi_100ms,100ms,1,0.000775471938333,0.991909628584,0.007314899478,86399,-0.00653942753967
2025-11-01,ofi_100ms,100ms,2,0.000891214018681,0.998020810426,0.00108797555527,86399,-0.000196761536592
2025-11-01,ofi_100ms,100ms,3,0.00114584659545,0.997708306809,0.00114584659545,86399,0
2025-11-01,ofi_100ms,100ms,4,0.000798620354402,0.998148126714,0.00105325293117,86399,-0.000254632576766
2025-11-01,ofi_100ms,100ms,5,0.000729175106193,0.998287017211,0.000983807682959,86399,-0.000254632576766
2025-11-01,ofi_100ms,100ms,6,0.000543987777636,0.998865727613,0.000590284609776,86399,-4.62968321393e-05
2025-11-01,ofi_100ms,100ms,7,0.000509271047941,0.998738396722,0.000752332229913,86398,-0.000243061181972
2025-11-01,ofi_100ms,100ms,8,0.00118056921955,0.998078681466,0.000740749314228,86399,0.000439819905323
2025-11-01,ofi_100ms,100ms,9,0.00153936966863,0.99788191993,0.000578710401741,86399,0.00096065926689
2025-11-01,ofi_100ms,100ms,10,0.00873852706629,0.990451278371,0.000810194562437,86399,0.00792833250385
2025-11-01,qi_1,100ms,1,0.000104167872313,0.98939802544,0.0104978066876,86399,-0.0103936388153
2025-11-01,qi_1,100ms,2,0.000127316288383,0.997685158393,0.00218752531858,86399,-0.0020602090302
2025-11-01,qi_1,100ms,3,8.10194562437e-05,0.998842579197,0.00107640134724,86399,-0.000995381890994
2025-11-01,qi_1,100ms,4,0.000104169077988,0.999374985532,0.00052084538994,86398,-0.000416676311952
2025-11-01,qi_1,100ms,5,0.000196761536592,0.999594902719,0.000208335744627,86399,-1.15742080348e-05
2025-11-01,qi_1,100ms,6,0.000266206784801,0.999571754303,0.000162038912487,86399,0.000104167872313
2025-11-01,qi_1,100ms,7,0.000486116737462,0.999363418558,0.000150464704453,86399,0.00033565203301
2025-11-01,qi_1,100ms,8,0.00108797555527,0.998807856572,0.000104167872313,86399,0.000983807682959
2025-11-01,qi_1,100ms,9,0.00219909952661,0.997708306809,9.25936642785e-05,86399,0.00210650586234
2025-11-01,qi_1,100ms,10,0.0121992152687,0.987742913691,5.78710401741e-05,86399,0.0121413442285
2025-11-01,trade_imbalance_100ms,100ms,1,0.000138657792568,0.987520798669,0.0123405435385,21636,-0.012201885746
2025-11-01,trade_imbalance_100ms,100ms,2,0,0.991403216861,0.00859678313921,21636,-0.00859678313921
2025-11-01,trade_imbalance_100ms,100ms,3,0.000138657792568,0.988583841745,0.0112775004622,21636,-0.0111388426696
2025-11-01,trade_imbalance_100ms,100ms,4,9.24385283786e-05,0.989462007765,0.0104455537068,21636,-0.0103531151784
2025-11-01,trade_imbalance_100ms,100ms,5,0.00892031798854,0.977075244962,0.0140044370494,21636,-0.00508411906082
2025-11-01,trade_imbalance_100ms,100ms,6,0.0226474394528,0.977260122019,9.24385283786e-05,21636,0.0225550009244
2025-11-01,trade_imbalance_100ms,100ms,7,0.00850434461083,0.991495655389,0,21636,0.00850434461083
2025-11-01,trade_imbalance_100ms,100ms,8,0.00559253096691,0.994268811241,0.000138657792568,21636,0.00545387317434
2025-11-01,trade_imbalance_100ms,100ms,9,0.0103993344426,0.989600665557,0,21636,0.0103993344426
2025-11-01,trade_imbalance_100ms,100ms,10,0.00818118788999,0.991726369309,9.24428010169e-05,21635,0.00808874508898
2025-11-01,di_10,1s,1,0.00141205338025,0.910438778227,0.0881491683932,86399,-0.0867371150129
2025-11-01,di_10,1s,2,0.00200233799002,0.965763492633,0.032234169377,86399,-0.0302318313869
2025-11-01,di_10,1s,3,0.00241900947928,0.97862243776,0.018958552761,86399,-0.0165395432818
2025-11-01,di_10,1s,4,0.00357684427416,0.986827026589,0.00959612913681,86389,-0.00601928486266
2025-11-01,di_10,1s,5,0.00508107732728,0.989363302816,0.00555561985671,86399,-0.000474542529427
2025-11-01,di_10,1s,6,0.00649313070753,0.989467470688,0.00403939860415,86399,0.00245373210338
2025-11-01,di_10,1s,7,0.00961816687693,0.986134098774,0.00424773434878,86399,0.00537043252815
2025-11-01,di_10,1s,8,0.0175002025486,0.979965045892,0.00253475155962,86399,0.014965450989
2025-11-01,di_10,1s,9,0.0337966874617,0.963460225234,0.00274308730425,86399,0.0310536001574
2025-11-01,di_10,1s,10,0.0926978321508,0.905924837093,0.00137733075614,86399,0.0913205013947
2025-11-01,di_5,1s,1,0.00135418234007,0.911167953333,0.0874778643271,86399,-0.0861236819871
2025-11-01,di_5,1s,2,0.00211808007037,0.965613027929,0.0322688920011,86399,-0.0301508119307
2025-11-01,di_5,1s,3,0.00238428685517,0.978356230975,0.0192594821699,86399,-0.0168751953148
2025-11-01,di_5,1s,4,0.00344951324821,0.987347926241,0.00920256051118,86389,-0.00575304726296
2025-11-01,di_5,1s,5,0.00530098727995,0.988599405086,0.00609960763435,86399,-0.000798620354402
2025-11-01,di_5,1s,6,0.00640053704325,0.989467470688,0.00413199226843,86399,0.00226854477482
2025-11-01,di_5,1s,7,0.00995381890994,0.98592576303,0.00412041806039,86399,0.00583340084955
2025-11-01,di_5,1s,8,0.0172224215558,0.98020810426,0.00256947418373,86399,0.0146529473721
2025-11-01,di_5,1s,9,0.033900855334,0.963112998993,0.00298614567298,86399,0.030914709661
2025-11-01,di_5,1s,10,0.0925126448223,0.906167895462,0.00131945971597,86399,0.0911931851063
2025-11-01,microprice_deviation_bps,1s,1,0.00144677600435,0.911364714869,0.0871885091263,86399,-0.0857417331219
2025-11-01,microprice_deviation_bps,1s,2,0.0020602090302,0.96536996956,0.03256982141,86399,-0.0305096123798
2025-11-01,microprice_deviation_bps,1s,3,0.00246530631142,0.978379379391,0.0191553142976,86399,-0.0166900079862
2025-11-01,microprice_deviation_bps,1s,4,0.00356526872634,0.987255321858,0.00917940941555,86389,-0.00561414068921
2025-11-01,microprice_deviation_bps,1s,5,0.00497690945497,0.988599405086,0.00642368545932,86399,-0.00144677600435
2025-11-01,microprice_deviation_bps,1s,6,0.00642368545932,0.989687380641,0.0038889338997,86399,0.00253475155962
2025-11-01,microprice_deviation_bps,1s,7,0.0104167872313,0.98550909154,0.00407412122825,86399,0.00634266600308
2025-11-01,microprice_deviation_bps,1s,8,0.0174307573004,0.979999768516,0.00256947418373,86399,0.0148612831167
2025-11-01,microprice_deviation_bps,1s,9,0.0339703005822,0.962962534289,0.00306716512923,86399,0.030903135453
2025-11-01,microprice_deviation_bps,1s,10,0.0918413407563,0.906839199528,0.00131945971597,86399,0.0905218810403
2025-11-01,ofi_1s,1s,1,0.00618062709059,0.919617125198,0.0742022477112,86399,-0.0680216206206
2025-11-01,ofi_1s,1s,2,0.00923621801178,0.970798273128,0.0199655088601,86399,-0.0107292908483
2025-11-01,ofi_1s,1s,3,0.00989606240885,0.977314289683,0.0127896479085,86398,-0.00289358549966
2025-11-01,ofi_1s,1s,4,0.0107292908483,0.977198810171,0.0120718989803,86399,-0.00134260813204
2025-11-01,ofi_1s,1s,5,0.0102202622776,0.977638112434,0.0121416252879,86397,-0.00192136301029
2025-11-01,ofi_1s,1s,6,0.0117362469473,0.978691883008,0.00957187004479,86399,0.00216437690251
2025-11-01,ofi_1s,1s,7,0.0131830229517,0.979397909698,0.00741906735032,86399,0.00576395560134
2025-11-01,ofi_1s,1s,8,0.0147814612464,0.976884433744,0.00833410500972,86392,0.00644735623669
2025-11-01,ofi_1s,1s,9,0.0205442192618,0.972430236461,0.00702554427713,86399,0.0135186749847
2025-11-01,ofi_1s,1s,10,0.0680910658688,0.925994513825,0.00591442030579,86399,0.062176645563
2025-11-01,qi_1,1s,1,0.00137733075614,0.911885554231,0.0867371150129,86399,-0.0853597842568
2025-11-01,qi_1,1s,2,0.00211808007037,0.964907001238,0.0329749186912,86399,-0.0308568386208
2025-11-01,qi_1,1s,3,0.00247688051945,0.978402527807,0.0191205916735,86399,-0.0166437111541
2025-11-01,qi_1,1s,4,0.00355369317853,0.987220595215,0.0092257116068,86389,-0.00567201842827
2025-11-01,qi_1,1s,5,0.00498848366301,0.988553108254,0.00645840808343,86399,-0.00146992442042
2025-11-01,qi_1,1s,6,0.0064815564995,0.989641083809,0.00387735969166,86399,0.00260419680783
2025-11-01,qi_1,1s,7,0.0104515098554,0.985428072084,0.00412041806039,86399,0.00633109179504
2025-11-01,qi_1,1s,8,0.0175812220049,0.979860878019,0.00255789997569,86399,0.0150233220292
2025-11-01,qi_1,1s,9,0.0340281716224,0.96289308904,0.00307873933726,86399,0.0309494322851
2025-11-01,qi_1,1s,10,0.0915404113474,0.907174851561,0.00128473709186,86399,0.0902556742555
2025-11-01,trade_imbalance_1s,1s,1,0.00924940026427,0.967210170492,0.023540429244,77951,-0.0142910289797
2025-11-01,trade_imbalance_1s,1s,2,0.00799230275818,0.972815907633,0.0191917896087,77950,-0.0111994868505
2025-11-01,trade_imbalance_1s,1s,3,0.0089030288258,0.936460083899,0.0546368872753,77951,-0.0457338584495
2025-11-01,trade_imbalance_1s,1s,4,0.0100833867864,0.96720974984,0.022706863374,77950,-0.0126234765876
2025-11-01,trade_imbalance_1s,1s,5,0.0128800513149,0.973226427197,0.0138935214881,77950,-0.00101347017319
2025-11-01,trade_imbalance_1s,1s,6,0.0179215147978,0.970827827738,0.0112506574643,77951,0.00667085733345
2025-11-01,trade_imbalance_1s,1s,7,0.0310968569596,0.960115458627,0.00878768441309,77950,0.0223091725465
2025-11-01,trade_imbalance_1s,1s,8,0.0525843157881,0.938794883966,0.00862080024631,77951,0.0439635155418
2025-11-01,trade_imbalance_1s,1s,9,0.0156767158435,0.976933932008,0.00738935214881,77950,0.00828736369468
2025-11-01,trade_imbalance_1s,1s,10,0.0173329569948,0.974930719491,0.00773632351432,77944,0.00959663348045
2025-11-01,di_10,30s,1,0.132635697501,0.300820725341,0.566543577159,86387,-0.433907879658
2025-11-01,di_10,30s,2,0.16327617548,0.435410853431,0.401312971089,86369,-0.23803679561
2025-11-01,di_10,30s,3,0.177746635473,0.478828380163,0.343424984365,86342,-0.165678348892
2025-11-01,di_10,30s,4,0.179725747697,0.553794751618,0.266479500684,86198,-0.0867537529873
2025-11-01,di_10,30s,5,0.221576638619,0.547622078959,0.230801282422,86399,-0.00922464380375
2025-11-01,di_10,30s,6,0.246403314853,0.567066748458,0.186529936689,86399,0.0598733781641
2025-11-01,di_10,30s,7,0.282294933969,0.513142513224,0.204562552807,86399,0.0777323811618
2025-11-01,di_10,30s,8,0.32840657878,0.496927047767,0.174666373453,86399,0.153740205326
2025-11-01,di_10,30s,9,0.420953946226,0.416683063461,0.162362990312,86399,0.258590955914
2025-11-01,di_10,30s,10,0.520793064735,0.34654336277,0.132663572495,86399,0.388129492239
2025-11-01,di_5,30s,1,0.131848542026,0.305231111163,0.562920346811,86387,-0.431071804785
2025-11-01,di_5,30s,2,0.162083936324,0.433528219971,0.404387843705,86375,-0.242303907381
2025-11-01,di_5,30s,3,0.175710115379,0.482832120847,0.341457763774,86324,-0.165747648394
2025-11-01,di_5,30s,4,0.184398561652,0.54740749333,0.268193945018,86210,-0.0837953833662
2025-11-01,di_5,30s,5,0.222849801502,0.554335119619,0.222815078878,86399,3.47226241044e-05
2025-11-01,di_5,30s,6,0.246241275941,0.561545851225,0.192212872834,86399,0.0540284031065
2025-11-01,di_5,30s,7,0.283950045718,0.512922603271,0.203127351011,86399,0.0808226947071
2025-11-01,di_5,30s,8,0.327434345305,0.493744140557,0.178821514138,86399,0.148612831167
2025-11-01,di_5,30s,9,0.418569659371,0.419993286959,0.16143705367,86399,0.257132605701
2025-11-01,di_5,30s,10,0.520735193694,0.345281774095,0.133983032211,86399,0.386752161483
2025-11-01,microprice_deviation_bps,30s,1,0.131175626244,0.306836597676,0.56198777608,86388,-0.430812149836
2025-11-01,microprice_deviation_bps,30s,2,0.161157742402,0.431641099855,0.407201157742,86375,-0.24604341534
2025-11-01,microprice_deviation_bps,30s,3,0.175252835347,0.487795553805,0.336951610848,86321,-0.161698775501
2025-11-01,microprice_deviation_bps,30s,4,0.184533475618,0.543671414652,0.27179510973,86212,-0.0872616341113
2025-11-01,microprice_deviation_bps,30s,5,0.21933124226,0.55786525307,0.22280350467,86399,-0.00347226241044
2025-11-01,microprice_deviation_bps,30s,6,0.247618606697,0.564508848482,0.187872544821,86399,0.0597460618757
2025-11-01,microprice_deviation_bps,30s,7,0.290188543849,0.504994270767,0.204817185384,86399,0.0853713584648
2025-11-01,microprice_deviation_bps,30s,8,0.328742230813,0.491741802567,0.17951596662,86399,0.149226264193
2025-11-01,microprice_deviation_bps,30s,9,0.416694637669,0.423453975162,0.159851387169,86399,0.256843250501
2025-11-01,microprice_deviation_bps,30s,10,0.519126378778,0.34430954062,0.136564080603,86399,0.382562298175
2025-11-01,ofi_30s,30s,1,0.230530209046,0.344363412909,0.425106378045,86249,-0.194576168999
2025-11-01,ofi_30s,30s,2,0.236104359099,0.405120725976,0.358774914925,86394,-0.122670555826
2025-11-01,ofi_30s,30s,3,0.201657778808,0.453721307674,0.344620913517,86260,-0.142963134709
2025-11-01,ofi_30s,30s,4,0.187596217286,0.506360469019,0.306043313694,86393,-0.118447096408
2025-11-01,ofi_30s,30s,5,0.1835206426,0.584624822047,0.231854535353,86399,-0.0483338927534
2025-11-01,ofi_30s,30s,6,0.232942510909,0.60309725807,0.163960231021,86399,0.0689822798875
2025-11-01,ofi_30s,30s,7,0.295107582264,0.520607877406,0.18428454033,86399,0.110823041933
2025-11-01,ofi_30s,30s,8,0.328753805021,0.469669787845,0.201576407134,86399,0.127177397887
2025-11-01,ofi_30s,30s,9,0.352573525157,0.418442343083,0.228984131761,86399,0.123589393396
2025-11-01,ofi_30s,30s,10,0.425166957951,0.350420722462,0.224412319587,86399,0.200754638364
2025-11-01,qi_1,30s,1,0.132321618743,0.306639811085,0.561038570172,86388,-0.428716951428
2025-11-01,qi_1,30s,2,0.15916642547,0.432289435601,0.408544138929,86375,-0.249377713459
2025-11-01,qi_1,30s,3,0.176063762005,0.487714461139,0.336221776856,86321,-0.160158014852
2025-11-01,qi_1,30s,4,0.184742263258,0.543184243493,0.272073493249,86212,-0.0873312299912
2025-11-01,qi_1,30s,5,0.219122906515,0.558062014607,0.222815078878,86399,-0.00369217236311
2025-11-01,qi_1,30s,6,0.247838516649,0.564312086945,0.187849396405,86399,0.0599891202444
2025-11-01,qi_1,30s,7,0.290061227561,0.505121587055,0.204817185384,86399,0.0852440421764
2025-11-01,qi_1,30s,8,0.328719082397,0.491626060487,0.179654857116,86399,0.14906422528
2025-11-01,qi_1,30s,9,0.417562703272,0.423199342585,0.159237954143,86399,0.258324749129
2025-11-01,qi_1,30s,10,0.518223590551,0.344668341069,0.13710806838,86399,0.38111552217
2025-11-01,trade_imbalance_30s,30s,1,0.192738110424,0.462269949322,0.344991940254,86231,-0.152253829829
2025-11-01,trade_imbalance_30s,30s,2,0.218982925105,0.469843625025,0.311173449871,86267,-0.0921905247661
2025-11-01,trade_imbalance_30s,30s,3,0.232271206843,0.486255627959,0.281473165199,86399,-0.049201958356
2025-11-01,trade_imbalance_30s,30s,4,0.233972615424,0.475549485526,0.29047789905,86399,-0.056505283626
2025-11-01,trade_imbalance_30s,30s,5,0.247907961898,0.473419831248,0.278672206854,86399,-0.0307642449565
2025-11-01,trade_imbalance_30s,30s,6,0.252468199863,0.479021747937,0.2685100522,86399,-0.0160418523363
2025-11-01,trade_imbalance_30s,30s,7,0.27404252364,0.468419773377,0.257537702983,86399,0.0165048206576
2025-11-01,trade_imbalance_30s,30s,8,0.332955242538,0.444553756409,0.222491001053,86399,0.110464241484
2025-11-01,trade_imbalance_30s,30s,9,0.357307376243,0.448986678087,0.193705945671,86399,0.163601430572
2025-11-01,trade_imbalance_30s,30s,10,0.331265408164,0.448338522437,0.220396069399,86399,0.110869338765
2025-11-01,di_10,500ms,1,0.00062500723388,0.949744788713,0.0496302040533,86399,-0.0490051968194
2025-11-01,di_10,500ms,2,0.000879639810646,0.984374819153,0.0147455410364,86399,-0.0138659012257
2025-11-01,di_10,500ms,3,0.000868065602611,0.990613317284,0.00851861711362,86399,-0.00765055151101
2025-11-01,di_10,500ms,4,0.00128481144524,0.994513507882,0.00420168067227,86394,-0.00291686922703
2025-11-01,di_10,500ms,5,0.00181715066147,0.996134214516,0.00204863482216,86399,-0.000231484160696
2025-11-01,di_10,500ms,6,0.00253475155962,0.99605319506,0.00141205338025,86399,0.00112269817938
2025-11-01,di_10,500ms,7,0.00409726964432,0.994374934895,0.0015277954606,86399,0.00256947418373
2025-11-01,di_10,500ms,8,0.00773157096726,0.991365640806,0.000902788226716,86399,0.00682878274054
2025-11-01,di_10,500ms,9,0.0154284193104,0.983610921423,0.00096065926689,86399,0.0144677600435
2025-11-01,di_10,500ms,10,0.0523154203174,0.947279482401,0.000405097281219,86399,0.0519103230361
2025-11-01,di_5,500ms,1,0.000613433025845,0.95023090545,0.0491556615239,86399,-0.048542228498
2025-11-01,di_5,500ms,2,0.000879639810646,0.984131760784,0.0149885994051,86399,-0.0141089595944
2025-11-01,di_5,500ms,3,0.000902788226716,0.990590168868,0.00850704290559,86399,-0.00760425467887
2025-11-01,di_5,500ms,4,0.00122693705581,0.994617681783,0.00415538116073,86394,-0.00292844410491
2025-11-01,di_5,500ms,5,0.00187502170164,0.995844859316,0.00228011898286,86399,-0.000405097281219
2025-11-01,di_5,500ms,6,0.00252317735159,0.996018472436,0.00145835021239,86399,0.0010648271392
2025-11-01,di_5,500ms,7,0.00424773434878,0.994293915439,0.00145835021239,86399,0.00278938413639
2025-11-01,di_5,500ms,8,0.00776629359136,0.991319343974,0.00091436243475,86399,0.00685193115661
2025-11-01,di_5,500ms,9,0.0153126772301,0.983657218255,0.0010301045151,86399,0.014282572715
2025-11-01,di_5,500ms,10,0.0522344008611,0.947360501858,0.000405097281219,86399,0.0518293035799
2025-11-01,microprice_deviation_bps,500ms,1,0.00064815564995,0.950381370155,0.0489704741953,86399,-0.0483223185454
2025-11-01,microprice_deviation_bps,500ms,2,0.000868065602611,0.983807682959,0.0153242514381,86399,-0.0144561858355
2025-11-01,microprice_deviation_bps,500ms,3,0.000902788226716,0.990775356196,0.00832185557703,86399,-0.00741906735032
2025-11-01,microprice_deviation_bps,500ms,4,0.00130796120101,0.994571382272,0.00412065652707,86394,-0.00281269532606
2025-11-01,microprice_deviation_bps,500ms,5,0.00174770541326,0.995786988275,0.00246530631142,86399,-0.000717600898159
2025-11-01,microprice_deviation_bps,500ms,6,0.0025926225998,0.99605319506,0.00135418234007,86399,0.00123844025973
2025-11-01,microprice_deviation_bps,500ms,7,0.0044213474693,0.994178173358,0.00140047917221,86399,0.00302086829709
2025-11-01,microprice_deviation_bps,500ms,8,0.00775471938333,0.991307769766,0.00093751085082,86399,0.00681720853251
2025-11-01,microprice_deviation_bps,500ms,9,0.015636755055,0.983321566222,0.00104167872313,86399,0.0145950763319
2025-11-01,microprice_deviation_bps,500ms,10,0.0517019872915,0.947881341219,0.000416671489253,86399,0.0512853158023
2025-11-01,ofi_500ms,500ms,1,0.00363430132293,0.957221727103,0.0391439715737,86399,-0.0355096702508
2025-11-01,ofi_500ms,500ms,2,0.0044213474693,0.987303093786,0.00827555874489,86399,-0.00385421127559
2025-11-01,ofi_500ms,500ms,3,0.00504635470318,0.98863412771,0.00631951758701,86399,-0.00127316288383
2025-11-01,ofi_500ms,500ms,4,0.00515052257549,0.988865611871,0.005983865554,86399,-0.000833342978507
2025-11-01,ofi_500ms,500ms,5,0.00490769141733,0.990034145495,0.00505816308814,86395,-0.000150471670814
2025-11-01,ofi_500ms,500ms,6,0.0047222768782,0.989571638561,0.00570608456116,86399,-0.000983807682959
2025-11-01,ofi_500ms,500ms,7,0.00829870716096,0.987893378396,0.00380791444345,86399,0.00449079271751
2025-11-01,ofi_500ms,500ms,8,0.00716443477355,0.989664232225,0.00317133300154,86399,0.00399310177201
2025-11-01,ofi_500ms,500ms,9,0.00890066899697,0.98702516262,0.00407416838353,86398,0.00482650061344
2025-11-01,ofi_500ms,500ms,10,0.0353360571303,0.961851410317,0.00281253255246,86399,0.0325235245778
2025-11-01,qi_1,500ms,1,0.00062500723388,0.950740170604,0.0486348221623,86399,-0.0480098149284
2025-11-01,qi_1,500ms,2,0.000879639810646,0.98350675355,0.015613606639,86399,-0.0147339668283
2025-11-01,qi_1,500ms,3,0.00091436243475,0.990775356196,0.008310281369,86399,-0.00739591893425
2025-11-01,qi_1,500ms,4,0.00129638632312,0.994548232516,0.00415538116073,86394,-0.0028589948376
2025-11-01,qi_1,500ms,5,0.00175927962129,0.995752265651,0.00248845472749,86399,-0.000729175106193
2025-11-01,qi_1,500ms,6,0.00265049363997,0.99599532402,0.00135418234007,86399,0.0012963112999
2025-11-01,qi_1,500ms,7,0.0044560700934,0.99410872811,0.00143520179632,86399,0.00302086829709
2025-11-01,qi_1,500ms,8,0.0078473130476,0.991215176102,0.00093751085082,86399,0.00690980219678
2025-11-01,qi_1,500ms,9,0.0156714776791,0.983286843598,0.00104167872313,86399,0.014629798956
2025-11-01,qi_1,500ms,10,0.0514820773389,0.948135973796,0.000381948865149,86399,0.0511001284737
2025-11-01,trade_imbalance_500ms,500ms,1,0.0048367789317,0.97777346404,0.0173897570287,61818,-0.012552978097
2025-11-01,trade_imbalance_500ms,500ms,2,0.00294417393274,0.985408544575,0.0116472814921,61817,-0.00870310755941
2025-11-01,trade_imbalance_500ms,500ms,3,0.0038015432648,0.983305563195,0.0128928935406,61817,-0.00909135027581
2025-11-01,trade_imbalance_500ms,500ms,4,0.0041250788618,0.964702266367,0.0311726547713,61817,-0.0270475759095
2025-11-01,trade_imbalance_500ms,500ms,5,0.00697219211544,0.984454114564,0.00857369332061,61817,-0.00160150120517
2025-11-01,trade_imbalance_500ms,500ms,6,0.0160635423913,0.978808418396,0.00512803921251,61817,0.0109355031787
2025-11-01,trade_imbalance_500ms,500ms,7,0.034019768025,0.961774269214,0.00420596276105,61817,0.0298138052639
2025-11-01,trade_imbalance_500ms,500ms,8,0.0111458013168,0.985182069657,0.003672129026,61817,0.00747367229079
2025-11-01,trade_imbalance_500ms,500ms,9,0.0111781548765,0.985052655418,0.0037691897051,61817,0.00740896517139
2025-11-01,trade_imbalance_500ms,500ms,10,0.0108707960593,0.986168853228,0.00296035071259,61817,0.00791044534675
2025-11-01,di_10,5s,1,0.015972407088,0.69409368164,0.289933911272,86399,-0.273961504184
2025-11-01,di_10,5s,2,0.0192247595458,0.830021180801,0.150754059653,86399,-0.131529300108
2025-11-01,di_10,5s,3,0.0196530052431,0.87749858216,0.102848412597,86399,-0.0831954073543
2025-11-01,di_10,5s,4,0.0266245121542,0.91289997568,0.0604755121657,86349,-0.0338510000116
2025-11-01,di_10,5s,5,0.0368407041748,0.918494427019,0.0446648688064,86399,-0.00782416463154
2025-11-01,di_10,5s,6,0.0506255859443,0.916688850565,0.0326855634903,86399,0.017940022454
2025-11-01,di_10,5s,7,0.0630910079978,0.901839141657,0.0350698503455,86399,0.0280211576523
2025-11-01,di_10,5s,8,0.0946307248926,0.878609706131,0.0267595689765,86399,0.0678711559162
2025-11-01,di_10,5s,9,0.162108357736,0.81636361532,0.0215280269448,86399,0.140580330791
2025-11-01,di_10,5s,10,0.290871422123,0.697033530481,0.0120950473964,86399,0.278776374727
2025-11-01,di_5,5s,1,0.0154399935184,0.698225673908,0.286334332573,86399,-0.270894339055
2025-11-01,di_5,5s,2,0.0195604115788,0.830368407042,0.150071181379,86399,-0.130510769801
2025-11-01,di_5,5s,3,0.0197687473235,0.874049468165,0.106181784511,86399,-0.0864130371879
2025-11-01,di_5,5s,4,0.027365690396,0.91267993839,0.0599543712145,86349,-0.0325886808185
2025-11-01,di_5,5s,5,0.0387620227086,0.915681894466,0.045556082825,86399,-0.00679406011644
2025-11-01,di_5,5s,6,0.049861688214,0.917394877256,0.0327434345305,86399,0.0171182536835
2025-11-01,di_5,5s,7,0.0623502586835,0.903355362909,0.0342943784072,86399,0.0280558802764
2025-11-01,di_5,5s,8,0.0962048171854,0.876005509323,0.0277896734916,86399,0.0684151436938
2025-11-01,di_5,5s,9,0.158068959131,0.819859026146,0.0220720147224,86399,0.135996944409
2025-11-01,di_5,5s,10,0.292260327087,0.695922406509,0.0118172664035,86399,0.280443060684
2025-11-01,microprice_deviation_bps,5s,1,0.0160765749604,0.697253440433,0.286669984606,86399,-0.270593409646
2025-11-01,microprice_deviation_bps,5s,2,0.0195256889547,0.830229516545,0.1502447945,86399,-0.130719105545
2025-11-01,microprice_deviation_bps,5s,3,0.0198613409877,0.874697623815,0.105441035197,86399,-0.0855796942094
2025-11-01,microprice_deviation_bps,5s,4,0.0278752504372,0.912251444719,0.0598733048443,86349,-0.0319980544071
2025-11-01,microprice_deviation_bps,5s,5,0.03722265304,0.917568490376,0.045208856584,86399,-0.00798620354402
2025-11-01,microprice_deviation_bps,5s,6,0.0498501140059,0.917510619336,0.0326392666582,86399,0.0172108473478
2025-11-01,microprice_deviation_bps,5s,7,0.0640285188486,0.901815993241,0.0341554879107,86399,0.0298730309379
2025-11-01,microprice_deviation_bps,5s,8,0.09706130858,0.874581881735,0.0283568096853,86399,0.0687044988947
2025-11-01,microprice_deviation_bps,5s,9,0.155846711189,0.822393777706,0.0217595111055,86399,0.134087200083
2025-11-01,microprice_deviation_bps,5s,10,0.292295049711,0.695239528235,0.0124654220535,86399,0.279829627658
2025-11-01,ofi_5s,5s,1,0.0367249620945,0.709776733527,0.253498304379,86399,-0.216773342284
2025-11-01,ofi_5s,5s,2,0.0298961793539,0.832660100233,0.137443720413,86399,-0.10754754106
2025-11-01,ofi_5s,5s,3,0.0304517413396,0.888413060336,0.0811351983241,86399,-0.0506834569845
2025-11-01,ofi_5s,5s,4,0.039262440244,0.895940643339,0.0647969164168,86393,-0.0255344761728
2025-11-01,ofi_5s,5s,5,0.0458044426953,0.901029066201,0.0531664911042,86389,-0.00736204840894
2025-11-01,ofi_5s,5s,6,0.060418065233,0.893608648348,0.0459732864187,86398,0.0144447788143
2025-11-01,ofi_5s,5s,7,0.0666226683803,0.89095372075,0.0424236108699,86367,0.0241990575104
2025-11-01,ofi_5s,5s,8,0.0855922590801,0.881467163592,0.0329405773282,86398,0.0526516817519
2025-11-01,ofi_5s,5s,9,0.137825669279,0.830542020162,0.0316323105591,86399,0.106193358719
2025-11-01,ofi_5s,5s,10,0.247063044711,0.719140267827,0.0337966874617,86399,0.21326635725
2025-11-01,qi_1,5s,1,0.0157524971354,0.698318267573,0.285929235292,86399,-0.270176738157
2025-11-01,qi_1,5s,2,0.0196993020753,0.829477193023,0.150823504902,86399,-0.131124202826
2025-11-01,qi_1,5s,3,0.0199655088601,0.874454565446,0.105579925694,86399,-0.0856144168335
2025-11-01,qi_1,5s,4,0.0279215740773,0.912205121078,0.0598733048443,86349,-0.031951730767
2025-11-01,qi_1,5s,5,0.0371763562078,0.917591638792,0.0452320050001,86399,-0.00805564879223
2025-11-01,qi_1,5s,6,0.0500005787104,0.917325432007,0.0326739892823,86399,0.0173265894281
2025-11-01,qi_1,5s,7,0.0641095383048,0.901723399576,0.0341670621188,86399,0.0299424761861
2025-11-01,qi_1,5s,8,0.09706130858,0.874605030151,0.0283336612692,86399,0.0687276473107
2025-11-01,qi_1,5s,9,0.156078195349,0.822162293545,0.0217595111055,86399,0.134318684244
2025-11-01,qi_1,5s,10,0.291878378222,0.695679348141,0.0124422736374,86399,0.279436104585
2025-11-01,trade_imbalance_5s,5s,1,0.0317945511596,0.80455498049,0.16365046835,86367,-0.131855917191
2025-11-01,trade_imbalance_5s,5s,2,0.035593161483,0.836248307155,0.128158531362,86393,-0.0925653698795
2025-11-01,trade_imbalance_5s,5s,3,0.0421711851457,0.852753918459,0.105074896395,86386,-0.0629037112495
2025-11-01,trade_imbalance_5s,5s,4,0.0493429811867,0.869198263386,0.0814587554269,86375,-0.0321157742402
2025-11-01,trade_imbalance_5s,5s,5,0.053280396333,0.876284841189,0.070434762478,86392,-0.017154366145
2025-11-01,trade_imbalance_5s,5s,6,0.0728415496626,0.871065942843,0.0560925074948,86393,0.0167490421678
2025-11-01,trade_imbalance_5s,5s,7,0.0878890650863,0.855867952265,0.0562429826491,86393,0.0316460824372
2025-11-01,trade_imbalance_5s,5s,8,0.103134549495,0.854928697102,0.0419367534031,86392,0.0611977960922
2025-11-01,trade_imbalance_5s,5s,9,0.132580185895,0.82877084949,0.0386489646152,86393,0.0939312212795
2025-11-01,trade_imbalance_5s,5s,10,0.171080655616,0.793858227614,0.0350611167701,86392,0.136019538846
2025-12-01,di_10,100ms,1,0.000787037037037,0.871435185185,0.127777777778,86400,-0.126990740741
2025-12-01,di_10,100ms,2,0.00108798814787,0.96947846015,0.0294335517026,86398,-0.0283455635547
2025-12-01,di_10,100ms,3,0.0018287248695,0.983634069839,0.0145372052917,86399,-0.0127084804222
2025-12-01,di_10,100ms,4,0.00237271264714,0.989085521823,0.00854176552969,86399,-0.00616905288256
2025-12-01,di_10,100ms,5,0.00383106285952,0.991087859813,0.00508107732728,86399,-0.00125001446776
2025-12-01,di_10,100ms,6,0.00478014791838,0.991550828135,0.00366902394704,86399,0.00111112397134
2025-12-01,di_10,100ms,7,0.00796305512795,0.989351728608,0.00268521626408,86399,0.00527783886388
2025-12-01,di_10,100ms,8,0.0154978645586,0.982592391116,0.00190974432574,86399,0.0135881202329
2025-12-01,di_10,100ms,9,0.0313892521904,0.967592217503,0.00101853030706,86399,0.0303707218834
2025-12-01,di_10,100ms,10,0.123543096564,0.875831896203,0.00062500723388,86399,0.12291808933
2025-12-01,di_5,100ms,1,0.000902777777778,0.870787037037,0.128310185185,86400,-0.127407407407
2025-12-01,di_5,100ms,2,0.00105326512188,0.970647468691,0.0282992661867,86398,-0.0272460010648
2025-12-01,di_5,100ms,3,0.00158566650077,0.983529901966,0.0148844315328,86399,-0.013298765032
2025-12-01,di_5,100ms,4,0.00243058368731,0.988773018206,0.00879639810646,86399,-0.00636581441915
2025-12-01,di_5,100ms,5,0.00364587553097,0.991215176102,0.00513894836746,86399,-0.00149307283649
2025-12-01,di_5,100ms,6,0.00504635470318,0.991111008229,0.00384263706756,86399,0.00120371763562
2025-12-01,di_5,100ms,7,0.00790518408778,0.989479044896,0.00261577101587,86399,0.00528941307191
2025-12-01,di_5,100ms,8,0.0151622125256,0.983113230477,0.00172455699719,86399,0.0134376555284
2025-12-01,di_5,100ms,9,0.0284609775576,0.970578363175,0.00096065926689,86399,0.0275003182907
2025-12-01,di_5,100ms,10,0.126888042686,0.872405930624,0.000706026690124,86399,0.126182015996
2025-12-01,microprice_deviation_bps,100ms,1,0.00125001446776,0.870519334715,0.128230650818,86399,-0.12698063635
2025-12-01,microprice_deviation_bps,100ms,2,0.00101853030706,0.971365409322,0.0276160603711,86399,-0.026597530064
2025-12-01,microprice_deviation_bps,100ms,3,0.00162038912487,0.982847023692,0.0155325871827,86399,-0.0139121980578
2025-12-01,microprice_deviation_bps,100ms,4,0.0023611384391,0.989212838112,0.00842602344935,86399,-0.00606488501024
2025-12-01,microprice_deviation_bps,100ms,5,0.00373846919525,0.991006840357,0.00525469044781,86399,-0.00151622125256
2025-12-01,microprice_deviation_bps,100ms,6,0.00487274158266,0.991446660262,0.00368059815507,86399,0.00119214342759
2025-12-01,microprice_deviation_bps,100ms,7,0.00809037141634,0.989039224991,0.00287040359263,86399,0.0052199678237
2025-12-01,microprice_deviation_bps,100ms,8,0.0144098890033,0.984050741328,0.00153936966863,86399,0.0128705193347
2025-12-01,microprice_deviation_bps,100ms,9,0.0272341115059,0.971816803435,0.000949085058855,86399,0.0262850264471
2025-12-01,microprice_deviation_bps,100ms,10,0.128485283394,0.870334147386,0.00118056921955,86399,0.127304714175
2025-12-01,ofi_100ms,100ms,1,0.00405092592593,0.895196759259,0.100752314815,86400,-0.0967013888889
2025-12-01,ofi_100ms,100ms,2,0.00559034248082,0.965682473177,0.0287271843424,86399,-0.0231368418616
2025-12-01,ofi_100ms,100ms,3,0.00703719993518,0.974385981157,0.0185768189078,86398,-0.0115396189727
2025-12-01,ofi_100ms,100ms,4,0.00770842255119,0.981562286601,0.0107292908483,86399,-0.00302086829709
2025-12-01,ofi_100ms,100ms,5,0.00537049468738,0.989803004699,0.00482650061344,86398,0.000543994073937
2025-12-01,ofi_100ms,100ms,6,0.00711805555556,0.985960648148,0.0069212962963,86400,0.000196759259259
2025-12-01,ofi_100ms,100ms,7,0.0109260523849,0.982222016459,0.00685193115661,86399,0.00407412122825
2025-12-01,ofi_100ms,100ms,8,0.0167015821942,0.97597194412,0.00732647368604,86399,0.0093751085082
2025-12-01,ofi_100ms,100ms,9,0.0267942916006,0.966828319772,0.00637738862718,86399,0.0204169029734
2025-12-01,ofi_100ms,100ms,10,0.101783585458,0.894026551233,0.0041898633086,86399,0.0975937221496
2025-12-01,qi_1,100ms,1,0.000949085058855,0.870947580412,0.128103334529,86399,-0.12715424947
2025-12-01,qi_1,100ms,2,0.00108797555527,0.971620041899,0.0272919825461,86399,-0.0262040069908
2025-12-01,qi_1,100ms,3,0.00167826016505,0.982696558988,0.015625180847,86399,-0.013946920682
2025-12-01,qi_1,100ms,4,0.00241900947928,0.988946631327,0.00863435919397,86399,-0.0062153497147
2025-12-01,qi_1,100ms,5,0.00385421127559,0.99075220778,0.00539358094422,86399,-0.00153936966863
2025-12-01,qi_1,100ms,6,0.00505792891121,0.991134156645,0.00380791444345,86399,0.00125001446776
2025-12-01,qi_1,100ms,7,0.00837972661721,0.988668850334,0.00295142304888,86399,0.00542830356833
2025-12-01,qi_1,100ms,8,0.0146876699962,0.983691940879,0.00162038912487,86399,0.0130672808713
2025-12-01,qi_1,100ms,9,0.0268058658086,0.972117732844,0.00107640134724,86399,0.0257294644614
2025-12-01,qi_1,100ms,10,0.12816120557,0.871063322492,0.000775471938333,86399,0.127385733631
2025-12-01,trade_imbalance_100ms,100ms,1,0.00293878921884,0.900445016653,0.096616194128,35729,-0.0936774049092
2025-12-01,trade_imbalance_100ms,100ms,2,0.00187522740631,0.923311595623,0.0748131769711,35729,-0.0729379495648
2025-12-01,trade_imbalance_100ms,100ms,3,0.00316269696885,0.91060483081,0.0862324722214,35729,-0.0830697752526
2025-12-01,trade_imbalance_100ms,100ms,4,0.0113073413754,0.850037784433,0.138654874192,35729,-0.127347532816
2025-12-01,trade_imbalance_100ms,100ms,5,0.126679355128,0.848606135244,0.0247145096283,35728,0.101964845499
2025-12-01,trade_imbalance_100ms,100ms,6,0.0589717036581,0.936662095217,0.00436620112514,35729,0.054605502533
2025-12-01,trade_imbalance_100ms,100ms,7,0.0365809286574,0.962299532593,0.00111953875003,35729,0.0354613899074
2025-12-01,trade_imbalance_100ms,100ms,8,0.0439139074701,0.954686669092,0.00139942343754,35729,0.0425144840326
2025-12-01,trade_imbalance_100ms,100ms,9,0.0817263287526,0.913879481654,0.00439418959389,35729,0.0773321391587
2025-12-01,trade_imbalance_100ms,100ms,10,0.0594771607703,0.938647559337,0.00187527989252,35728,0.0576018808777
2025-12-01,di_10,1s,1,0.0356489733559,0.53162110234,0.432729924304,86398,-0.397080950948
2025-12-01,di_10,1s,2,0.0430132419668,0.725912121493,0.23107463654,86392,-0.188061394574
2025-12-01,di_10,1s,3,0.0563670455335,0.775261001412,0.168371953054,86398,-0.112004907521
2025-12-01,di_10,1s,4,0.0719568513524,0.801097234922,0.126945913726,86399,-0.0549890623734
2025-12-01,di_10,1s,5,0.0868760055093,0.811074202248,0.102049792243,86399,-0.0151737867336
2025-12-01,di_10,1s,6,0.0974316832371,0.814291832081,0.0882764846815,86399,0.00915519855554
2025-12-01,di_10,1s,7,0.127165823679,0.797937476128,0.0748967001933,86399,0.0522691234852
2025-12-01,di_10,1s,8,0.170927904258,0.76665239181,0.0624197039318,86399,0.108508200326
2025-12-01,di_10,1s,9,0.233382330814,0.72088797324,0.0457296959456,86399,0.187652634868
2025-12-01,di_10,1s,10,0.418037245801,0.547679949999,0.0342828041991,86399,0.383754441602
2025-12-01,di_5,1s,1,0.0360193522998,0.535625824672,0.428354823028,86398,-0.392335470728
2025-12-01,di_5,1s,2,0.0406403370682,0.728377627558,0.230982035374,86392,-0.190341698305
2025-12-01,di_5,1s,3,0.0574087363133,0.773791059978,0.168800203708,86398,-0.111391467395
2025-12-01,di_5,1s,4,0.0723735228417,0.799499994213,0.128126482945,86399,-0.0557529601037
2025-12-01,di_5,1s,5,0.0856607136657,0.811571893193,0.102767393141,86399,-0.0171066794755
2025-12-01,di_5,1s,6,0.0989826271137,0.812046435723,0.0889709371636,86399,0.0100116899501
2025-12-01,di_5,1s,7,0.127767682496,0.795020775703,0.0772115418003,86399,0.0505561406961
2025-12-01,di_5,1s,8,0.16885612102,0.769603814859,0.0615400641211,86399,0.107316056899
2025-12-01,di_5,1s,9,0.230129978356,0.724591719812,0.0452783018322,86399,0.184851676524
2025-12-01,di_5,1s,10,0.422967858424,0.542286369055,0.0347457725205,86399,0.388222085904
2025-12-01,microprice_deviation_bps,1s,1,0.0364265623372,0.536964800389,0.426608637274,86393,-0.390182074937
2025-12-01,microprice_deviation_bps,1s,2,0.0405222403556,0.732444413579,0.227033346065,86397,-0.18651110571
2025-12-01,microprice_deviation_bps,1s,3,0.0558809231695,0.772922984328,0.171196092502,86398,-0.115315169333
2025-12-01,microprice_deviation_bps,1s,4,0.0737045567657,0.798296276577,0.127999166657,86399,-0.0542946098913
2025-12-01,microprice_deviation_bps,1s,5,0.0858111783701,0.809893633028,0.104295188602,86399,-0.0184840102316
2025-12-01,microprice_deviation_bps,1s,6,0.0993067049387,0.810842718087,0.0898505769743,86399,0.00945612796444
2025-12-01,microprice_deviation_bps,1s,7,0.130487621385,0.791432771213,0.0780796074029,86399,0.0524080139816
2025-12-01,microprice_deviation_bps,1s,8,0.16891399206,0.770032060556,0.0610539473837,86399,0.107860044676
2025-12-01,microprice_deviation_bps,1s,9,0.225523443558,0.730031597588,0.0444449588537,86399,0.181078484705
2025-12-01,microprice_deviation_bps,1s,10,0.4242294471,0.539543281751,0.036227271149,86399,0.388002175951
2025-12-01,ofi_1s,1s,1,0.0780823186259,0.58626556785,0.335652113524,86396,-0.257569794898
2025-12-01,ofi_1s,1s,2,0.0878734215308,0.664178154334,0.247948424135,86397,-0.160075002604
2025-12-01,ofi_1s,1s,3,0.0840866213729,0.745529462147,0.170383916481,86399,-0.0862972951076
2025-12-01,ofi_1s,1s,4,0.0725934327944,0.808088056575,0.119318510631,86399,-0.0467250778365
2025-12-01,ofi_1s,1s,5,0.0703025532998,0.847994166532,0.0817032801685,86398,-0.0114007268687
2025-12-01,ofi_1s,1s,6,0.0862152777778,0.842662037037,0.0711226851852,86400,0.0150925925926
2025-12-01,ofi_1s,1s,7,0.123375195324,0.802407546733,0.0742172579432,86395,0.0491579373806
2025-12-01,ofi_1s,1s,8,0.171159388419,0.747288741768,0.0815518698133,86399,0.0896075186055
2025-12-01,ofi_1s,1s,9,0.241218069654,0.668005416729,0.0907765136171,86399,0.150441556037
2025-12-01,ofi_1s,1s,10,0.325906549844,0.579995138833,0.094098311323,86399,0.231808238521
2025-12-01,qi_1,1s,1,0.0355815864711,0.537416225852,0.427002187677,86393,-0.391420601206
2025-12-01,qi_1,1s,2,0.0407305809229,0.732722201002,0.226547218075,86397,-0.185816637152
2025-12-01,qi_1,1s,3,0.0563438968495,0.772575754068,0.171080349082,86398,-0.114736452233
2025-12-01,qi_1,1s,4,0.0736698341416,0.798238405537,0.128091760321,86399,-0.0544219261797
2025-12-01,qi_1,1s,5,0.0859847914906,0.809604277827,0.104410930682,86399,-0.0184261391914
2025-12-01,qi_1,1s,6,0.0995844859316,0.810310304517,0.090105209551,86399,0.00947927638051
2025-12-01,qi_1,1s,7,0.130823273418,0.791062396556,0.078114330027,86399,0.0527089433905
2025-12-01,qi_1,1s,8,0.169133902013,0.769476498571,0.0613895994167,86399,0.107744302596
2025-12-01,qi_1,1s,9,0.225639185639,0.729834836051,0.0445259783099,86399,0.181113207329
2025-12-01,qi_1,1s,10,0.423315084665,0.541163670876,0.0355212444588,86399,0.387793840206
2025-12-01,trade_imbalance_1s,1s,1,0.0636989379568,0.785900134825,0.150400927218,84554,-0.0867019892613
2025-12-01,trade_imbalance_1s,1s,2,0.0826178481043,0.704309468057,0.213072683838,84558,-0.130454835734
2025-12-01,trade_imbalance_1s,1s,3,0.10683538316,0.690361873226,0.202802743614,84560,-0.0959673604541
2025-12-01,trade_imbalance_1s,1s,4,0.127530747398,0.688990066225,0.183479186377,84560,-0.0559484389782
2025-12-01,trade_imbalance_1s,1s,5,0.145886304237,0.698671933206,0.155441762556,84559,-0.00955545831904
2025-12-01,trade_imbalance_1s,1s,6,0.163124844787,0.70379962394,0.133075531273,84561,0.0300493135133
2025-12-01,trade_imbalance_1s,1s,7,0.178843424787,0.709437086093,0.11171948912,84560,0.067123935667
2025-12-01,trade_imbalance_1s,1s,8,0.201877934272,0.704497345112,0.0936247206159,84561,0.108253213656
2025-12-01,trade_imbalance_1s,1s,9,0.154742194891,0.769027909177,0.0762298959319,84560,0.0785122989593
2025-12-01,trade_imbalance_1s,1s,10,0.128311258278,0.808148060549,0.0635406811731,84560,0.064770577105
2025-12-01,di_10,30s,1,0.356729277161,0.0832619218565,0.560008800982,86354,-0.203279523821
2025-12-01,di_10,30s,2,0.375082513984,0.0939327612364,0.53098472478,86349,-0.155902210796
2025-12-01,di_10,30s,3,0.382900101937,0.101276526735,0.515823371328,86328,-0.132923269391
2025-12-01,di_10,30s,4,0.397001923032,0.111964504993,0.491033571975,86322,-0.0940316489423
2025-12-01,di_10,30s,5,0.425432401769,0.109993285327,0.464574312904,86378,-0.0391419111348
2025-12-01,di_10,30s,6,0.445397508913,0.114900217623,0.439702273464,86388,0.00569523544937
2025-12-01,di_10,30s,7,0.453661585472,0.109054712548,0.43728370198,86397,0.0163778834913
2025-12-01,di_10,30s,8,0.489716078105,0.100188663958,0.410095257937,86397,0.0796208201674
2025-12-01,di_10,30s,9,0.511979998611,0.101488529296,0.386531472093,86394,0.125448526518
2025-12-01,di_10,30s,10,0.550159751806,0.0835918688646,0.36624837933,86384,0.183911372476
2025-12-01,di_5,30s,1,0.35442920682,0.0853873239437,0.560183469236,86336,-0.205754262417
2025-12-01,di_5,30s,2,0.375671545017,0.0934952760282,0.530833178955,86368,-0.155161633938
2025-12-01,di_5,30s,3,0.384811446446,0.10155824596,0.513630307594,86315,-0.128818861148
2025-12-01,di_5,30s,4,0.401681879257,0.108800908122,0.489517212621,86332,-0.0878353333642
2025-12-01,di_5,30s,5,0.418846955314,0.113417457745,0.467735586941,86380,-0.0488886316277
2025-12-01,di_5,30s,6,0.445050238459,0.114217252396,0.440732509145,86388,0.00431772931426
2025-12-01,di_5,30s,7,0.45687928979,0.109436670255,0.433684039955,86397,0.0231952498351
2025-12-01,di_5,30s,8,0.487938977244,0.0996018242008,0.412459198555,86394,0.0754797786883
2025-12-01,di_5,30s,9,0.513357718307,0.101467728493,0.385174553199,86392,0.128183165108
2025-12-01,di_5,30s,10,0.549387074743,0.0822674183056,0.368345506951,86389,0.181041567792
2025-12-01,microprice_deviation_bps,30s,1,0.355469835974,0.084341117598,0.560189046428,86328,-0.204719210453
2025-12-01,microprice_deviation_bps,30s,2,0.376259059439,0.0965684117906,0.52717252877,86374,-0.150913469331
2025-12-01,microprice_deviation_bps,30s,3,0.382771683097,0.0997880055142,0.517440311389,86323,-0.134668628291
2025-12-01,microprice_deviation_bps,30s,4,0.399309577869,0.109158519068,0.491531903063,86324,-0.0922223251935
2025-12-01,microprice_deviation_bps,30s,5,0.41778379755,0.114155726888,0.468060475562,86382,-0.0502766780116
2025-12-01,microprice_deviation_bps,30s,6,0.451185349817,0.113557438533,0.43525721165,86388,0.0159281381673
2025-12-01,microprice_deviation_bps,30s,7,0.454518096693,0.108823223029,0.436658680278,86397,0.0178594164149
2025-12-01,microprice_deviation_bps,30s,8,0.491052619395,0.0988957566498,0.410051623955,86394,0.0810009954395
2025-12-01,microprice_deviation_bps,30s,9,0.510538560367,0.104008241027,0.385453198606,86397,0.12508536176
2025-12-01,microprice_deviation_bps,30s,10,0.549164197074,0.0803505278755,0.370485275051,86384,0.178678922023
2025-12-01,ofi_30s,30s,1,0.427957960044,0.0801791791097,0.491862860847,86394,-0.0639049008033
2025-12-01,ofi_30s,30s,2,0.420579918413,0.0949262933432,0.484493788244,86288,-0.0639138698313
2025-12-01,ofi_30s,30s,3,0.429146985274,0.100919236825,0.469933777901,86376,-0.0407867926276
2025-12-01,ofi_30s,30s,4,0.424645954678,0.117509466298,0.457844579025,86359,-0.0331986243472
2025-12-01,ofi_30s,30s,5,0.428533345696,0.116924360787,0.454542293516,86278,-0.0260089478198
2025-12-01,ofi_30s,30s,6,0.418194444444,0.125775462963,0.456030092593,86400,-0.0378356481481
2025-12-01,ofi_30s,30s,7,0.434356879131,0.0982997488397,0.46734337203,86399,-0.0329864928992
2025-12-01,ofi_30s,30s,8,0.444171807544,0.0962742624336,0.459553930022,86399,-0.0153821224783
2025-12-01,ofi_30s,30s,9,0.457377978912,0.10625122976,0.436370791329,86399,0.0210071875832
2025-12-01,ofi_30s,30s,10,0.503188694314,0.0726165812104,0.424194724476,86399,0.0789939698376
2025-12-01,qi_1,30s,1,0.353755444352,0.085047724956,0.561196830692,86328,-0.20744138634
2025-12-01,qi_1,30s,2,0.376131706301,0.0959548012133,0.527913492486,86374,-0.151781786186
2025-12-01,qi_1,30s,3,0.383759861904,0.100304690849,0.515935447247,86317,-0.132175585342
2025-12-01,qi_1,30s,4,0.399675663153,0.108537009151,0.491787327696,86330,-0.092111664543
2025-12-01,qi_1,30s,5,0.418304739413,0.114167303373,0.467527957213,86382,-0.0492232178
2025-12-01,qi_1,30s,6,0.451231652544,0.113580589897,0.435187757559,86388,0.0160438949854
2025-12-01,qi_1,30s,7,0.454992650208,0.108464414274,0.436542935519,86397,0.0184497146892
2025-12-01,qi_1,30s,8,0.490821121837,0.099069379818,0.410109498345,86394,0.0807116234924
2025-12-01,qi_1,30s,9,0.511661284535,0.102549857055,0.385788858409,86397,0.125872426126
2025-12-01,qi_1,30s,10,0.547717169846,0.0819711983701,0.370311631784,86384,0.177405538063
2025-12-01,trade_imbalance_30s,30s,1,0.415775804095,0.121628829163,0.462595366742,86246,-0.0468195626464
2025-12-01,trade_imbalance_30s,30s,2,0.406606147033,0.105480389088,0.48791346388,86253,-0.081307316847
2025-12-01,trade_imbalance_30s,30s,3,0.431336010833,0.0876746258637,0.480989363303,86399,-0.0496533524694
2025-12-01,trade_imbalance_30s,30s,4,0.434866144284,0.0931492262642,0.471984629452,86399,-0.0371184851677
2025-12-01,trade_imbalance_30s,30s,5,0.447250546881,0.0844917186542,0.468257734465,86399,-0.0210071875832
2025-12-01,trade_imbalance_30s,30s,6,0.43147490133,0.0899894674707,0.478535631199,86399,-0.0470607298696
2025-12-01,trade_imbalance_30s,30s,7,0.451579300686,0.101135429808,0.447285269505,86399,0.00429403118092
2025-12-01,trade_imbalance_30s,30s,8,0.445572286716,0.0989131818655,0.455514531418,86399,-0.00994224470191
2025-12-01,trade_imbalance_30s,30s,9,0.466764661628,0.115151795738,0.418083542634,86399,0.0486811189944
2025-12-01,trade_imbalance_30s,30s,10,0.456880287966,0.112084630609,0.431035081425,86399,0.0258452065417
2025-12-01,di_10,500ms,1,0.0138311786016,0.656512228151,0.329656593248,86399,-0.315825414646
2025-12-01,di_10,500ms,2,0.0171190462411,0.838682794143,0.144198159616,86395,-0.127079113375
2025-12-01,di_10,500ms,3,0.0241090753365,0.879304158613,0.0965867660505,86399,-0.072477690714
2025-12-01,di_10,500ms,4,0.0320837046725,0.900600701397,0.0673155939305,86399,-0.035231889258
2025-12-01,di_10,500ms,5,0.0411231611477,0.90882996331,0.0500468755425,86399,-0.00892371439484
2025-12-01,di_10,500ms,6,0.0486579705784,0.90953599,0.0418060394218,86399,0.00685193115661
2025-12-01,di_10,500ms,7,0.0659498373824,0.900855333974,0.0331948286439,86399,0.0327550087385
2025-12-01,di_10,500ms,8,0.0964363013461,0.876699961805,0.0268637368488,86399,0.0695725644973
2025-12-01,di_10,500ms,9,0.144422967858,0.836965705622,0.01861132652,86399,0.125811641338
2025-12-01,di_10,500ms,10,0.319529161217,0.668711443419,0.0117593953634,86399,0.307769765854
2025-12-01,di_5,500ms,1,0.0139816433061,0.658294656188,0.327723700506,86399,-0.3137420572
2025-12-01,di_5,500ms,2,0.0159152728746,0.8405694774,0.143515249725,86395,-0.127599976851
2025-12-01,di_5,500ms,3,0.0246299146981,0.879454623317,0.0959154619845,86399,-0.0712855472864
2025-12-01,di_5,500ms,4,0.0324656535377,0.898945589648,0.0685887568143,86399,-0.0361231032767
2025-12-01,di_5,500ms,5,0.0402898181692,0.908494311277,0.0512158705541,86399,-0.0109260523849
2025-12-01,di_5,500ms,6,0.049537610389,0.908459588653,0.0420028009583,86399,0.00753480943066
2025-12-01,di_5,500ms,7,0.0662276183752,0.89899188648,0.0347804951446,86399,0.0314471232306
2025-12-01,di_5,500ms,8,0.0950126737578,0.878725448211,0.026261878031,86399,0.0687507957268
2025-12-01,di_5,500ms,9,0.140696072871,0.841120846306,0.0181830808227,86399,0.122512992049
2025-12-01,di_5,500ms,10,0.324506070672,0.6636419403,0.0118519890277,86399,0.312654081644
2025-12-01,microprice_deviation_bps,500ms,1,0.0142714940507,0.659301356544,0.326427149405,86396,-0.312155655354
2025-12-01,microprice_deviation_bps,500ms,2,0.0159031459062,0.842750989606,0.141345864488,86398,-0.125442718581
2025-12-01,microprice_deviation_bps,500ms,3,0.023935462216,0.878771745043,0.0972927927407,86399,-0.0733573305247
2025-12-01,microprice_deviation_bps,500ms,4,0.0330790865635,0.898181691918,0.0687392215188,86399,-0.0356601349553
2025-12-01,microprice_deviation_bps,500ms,5,0.0409148254031,0.907452632554,0.0516325420433,86399,-0.0107177166402
2025-12-01,microprice_deviation_bps,500ms,6,0.0497459461336,0.908112362412,0.0421416914548,86399,0.00760425467887
2025-12-01,microprice_deviation_bps,500ms,7,0.0673850391787,0.8962835218,0.0363314390213,86399,0.0310536001574
2025-12-01,microprice_deviation_bps,500ms,8,0.0944686859802,0.880079630551,0.0254516834686,86399,0.0690170025116
2025-12-01,microprice_deviation_bps,500ms,9,0.137663630366,0.844720425005,0.017615944629,86399,0.120047685737
2025-12-01,microprice_deviation_bps,500ms,10,0.325894975636,0.661037743492,0.0130672808713,86399,0.312827694765
2025-12-01,ofi_500ms,500ms,1,0.0359143518519,0.69681712963,0.267268518519,86400,-0.231354166667
2025-12-01,ofi_500ms,500ms,2,0.0483344521864,0.795608694646,0.156056853168,86398,-0.107722400982
2025-12-01,ofi_500ms,500ms,3,0.0386347064202,0.870415166842,0.0909501267376,86399,-0.0523154203174
2025-12-01,ofi_500ms,500ms,4,0.0345258625679,0.906086876006,0.0593872614266,86399,-0.0248613988588
2025-12-01,ofi_500ms,500ms,5,0.0362508391398,0.918933308641,0.0448158522188,86398,-0.00856501307901
2025-12-01,ofi_500ms,500ms,6,0.0487847222222,0.914328703704,0.0368865740741,86400,0.0118981481481
2025-12-01,ofi_500ms,500ms,7,0.0588092316952,0.904303340355,0.0368874279497,86398,0.0219218037455
2025-12-01,ofi_500ms,500ms,8,0.0919371267188,0.869137460068,0.0389254132136,86396,0.0530117135053
2025-12-01,ofi_500ms,500ms,9,0.151460086344,0.800611118184,0.0479287954722,86399,0.103531290871
2025-12-01,ofi_500ms,500ms,10,0.25861410433,0.700459496059,0.0409263996111,86399,0.217687704719
2025-12-01,qi_1,500ms,1,0.0138085096532,0.659382378814,0.326809111533,86396,-0.31300060188
2025-12-01,qi_1,500ms,2,0.0159841663001,0.843480173152,0.140535660548,86398,-0.124551494248
2025-12-01,qi_1,500ms,3,0.0240859269205,0.878528686675,0.0973853864049,86399,-0.0732994594845
2025-12-01,qi_1,500ms,4,0.0331832544358,0.897892336717,0.0689244088473,86399,-0.0357411544115
2025-12-01,qi_1,500ms,5,0.0410305674834,0.907209574185,0.0517598583317,86399,-0.0107292908483
2025-12-01,qi_1,500ms,6,0.0499311334622,0.907730413546,0.0423384529914,86399,0.00759268047084
2025-12-01,qi_1,500ms,7,0.0676280975474,0.896040463431,0.0363314390213,86399,0.0312966585261
2025-12-01,qi_1,500ms,8,0.0950473963819,0.879107397076,0.0258452065417,86399,0.0692021898402
2025-12-01,qi_1,500ms,9,0.137281681501,0.844998205998,0.0177201125013,86399,0.119561569
2025-12-01,qi_1,500ms,10,0.32528154261,0.662322480584,0.0123959768053,86399,0.312885565805
2025-12-01,trade_imbalance_500ms,500ms,1,0.0381018585313,0.86259722204,0.0993009194287,76243,-0.0611990608974
2025-12-01,trade_imbalance_500ms,500ms,2,0.0350879494209,0.828731455855,0.136180594724,76237,-0.101092645303
2025-12-01,trade_imbalance_500ms,500ms,3,0.054273834975,0.768542685886,0.177183479139,76243,-0.122909644164
2025-12-01,trade_imbalance_500ms,500ms,4,0.0753784003568,0.789709084232,0.134912515411,76242,-0.0595341150547
2025-12-01,trade_imbalance_500ms,500ms,5,0.0995133851864,0.803648955287,0.096837659527,76241,0.00267572565942
2025-12-01,trade_imbalance_500ms,500ms,6,0.129979145626,0.799745550411,0.0702753039623,76243,0.0597038416642
2025-12-01,trade_imbalance_500ms,500ms,7,0.187167178196,0.749744235461,0.0630885863435,76242,0.124078591852
2025-12-01,trade_imbalance_500ms,500ms,8,0.0667602271684,0.898548063429,0.0346917094028,76243,0.0320685177656
2025-12-01,trade_imbalance_500ms,500ms,9,0.0757456520028,0.892670706435,0.0315836415624,76242,0.0441620104404
2025-12-01,trade_imbalance_500ms,500ms,10,0.0987775766638,0.860785393877,0.0404370294588,76242,0.058340547205
2025-12-01,di_10,5s,1,0.169841251462,0.249227099568,0.58093164897,86363,-0.411090397508
2025-12-01,di_10,5s,2,0.197235759182,0.354177036428,0.448587204389,86389,-0.251351445207
2025-12-01,di_10,5s,3,0.220450020834,0.387656835965,0.391893143201,86396,-0.171443122367
2025-12-01,di_10,5s,4,0.251357075892,0.405236171715,0.343406752393,86399,-0.0920496765009
2025-12-01,di_10,5s,5,0.282908366995,0.418558085163,0.298533547842,86399,-0.015625180847
2025-12-01,di_10,5s,6,0.298707160963,0.430410074191,0.270882764847,86399,0.0278243961157
2025-12-01,di_10,5s,7,0.342920635656,0.404495422401,0.252583941944,86399,0.0903366937117
2025-12-01,di_10,5s,8,0.394032338337,0.377157143022,0.22881051864,86399,0.165221819697
2025-12-01,di_10,5s,9,0.453419599764,0.349425340571,0.197155059665,86399,0.256264540099
2025-12-01,di_10,5s,10,0.56516857834,0.25678537946,0.1780460422,86399,0.38712253614
2025-12-01,di_5,5s,1,0.168615826405,0.258585952155,0.57279822144,86362,-0.404182395035
2025-12-01,di_5,5s,2,0.196872359389,0.349874408214,0.453253232397,86391,-0.256380873008
2025-12-01,di_5,5s,3,0.220649343133,0.385624168065,0.393726488801,86395,-0.173077145668
2025-12-01,di_5,5s,4,0.255037674047,0.401208347319,0.343753978634,86399,-0.0887163045869
2025-12-01,di_5,5s,5,0.279378233544,0.426602159747,0.294019606708,86399,-0.014641373164
2025-12-01,di_5,5s,6,0.299494207109,0.428546626697,0.271959166194,86399,0.0275350409148
2025-12-01,di_5,5s,7,0.34301322932,0.400652785333,0.256333985347,86399,0.0866792439727
2025-12-01,di_5,5s,8,0.39348835056,0.378221970162,0.228289679279,86399,0.165198671281
2025-12-01,di_5,5s,9,0.452620979409,0.34966839894,0.197710621651,86399,0.254910357759
2025-12-01,di_5,5s,10,0.566869986921,0.254146460028,0.17898355305,86399,0.387886433871
2025-12-01,microprice_deviation_bps,5s,1,0.16912743906,0.259405940594,0.571466620346,86355,-0.402339181287
2025-12-01,microprice_deviation_bps,5s,2,0.19502992002,0.354236836927,0.450733243052,86397,-0.255703323032
2025-12-01,microprice_deviation_bps,5s,3,0.221838974027,0.384554840502,0.393606185472,86396,-0.171767211445
2025-12-01,microprice_deviation_bps,5s,4,0.253324691258,0.397793955949,0.348881352793,86399,-0.0955566615354
2025-12-01,microprice_deviation_bps,5s,5,0.27911202676,0.426833643908,0.294054329333,86399,-0.0149423025729
2025-12-01,microprice_deviation_bps,5s,6,0.301936365004,0.428847556106,0.26921607889,86399,0.0327202861144
2025-12-01,microprice_deviation_bps,5s,7,0.343372029769,0.399969907059,0.256658063172,86399,0.0867139665968
2025-12-01,microprice_deviation_bps,5s,8,0.394587900323,0.37617333534,0.229238764338,86399,0.165349135985
2025-12-01,microprice_deviation_bps,5s,9,0.448882510214,0.354957812012,0.196159677774,86399,0.25272283244
2025-12-01,microprice_deviation_bps,5s,10,0.568826028079,0.250350119793,0.180823852128,86399,0.388002175951
2025-12-01,ofi_5s,5s,1,0.274555432064,0.290728906178,0.434715661758,86376,-0.160160229693
2025-12-01,ofi_5s,5s,2,0.272797777521,0.318080796388,0.409121426091,86390,-0.13632364857
2025-12-01,ofi_5s,5s,3,0.273797398028,0.337203111255,0.388999490717,86396,-0.115202092689
2025-12-01,ofi_5s,5s,4,0.270084144492,0.386011412169,0.343904443338,86399,-0.0738202988461
2025-12-01,ofi_5s,5s,5,0.239150315448,0.481414597442,0.27943508711,86385,-0.0402847716617
2025-12-01,ofi_5s,5s,6,0.279250917256,0.484322735217,0.236426347527,86399,0.0428245697288
2025-12-01,ofi_5s,5s,7,0.348846630169,0.40155557356,0.249597796271,86399,0.0992488338985
2025-12-01,ofi_5s,5s,8,0.39154388361,0.337029363766,0.271426752624,86399,0.120117130985
2025-12-01,ofi_5s,5s,9,0.399715274482,0.31521198162,0.285072743897,86399,0.114642530585
2025-12-01,ofi_5s,5s,10,0.42634752717,0.281612055695,0.292040417134,86399,0.134307110036
2025-12-01,qi_1,5s,1,0.167587285044,0.26081871345,0.571594001505,86355,-0.404006716461
2025-12-01,qi_1,5s,2,0.195272984016,0.354676667014,0.45005034897,86397,-0.254777364955
2025-12-01,qi_1,5s,3,0.221954720126,0.384010833835,0.394034446039,86396,-0.172079725913
2025-12-01,qi_1,5s,4,0.253914975868,0.397249968171,0.348835055961,86399,-0.0949200800935
2025-12-01,qi_1,5s,5,0.279632866121,0.426150765634,0.294216368245,86399,-0.0145835021239
2025-12-01,qi_1,5s,6,0.302584520654,0.427967916295,0.26944756305,86399,0.0331369576037
2025-12-01,qi_1,5s,7,0.34366138497,0.400155094388,0.256183520643,86399,0.0874778643271
2025-12-01,qi_1,5s,8,0.394043912545,0.375421011817,0.230535075637,86399,0.163508836908
2025-12-01,qi_1,5s,9,0.450977441869,0.352770286693,0.196252271438,86399,0.25472517043
2025-12-01,qi_1,5s,10,0.5664070186,0.25390340166,0.179689579741,86399,0.386717438859
2025-12-01,trade_imbalance_5s,5s,1,0.223897186523,0.430693527845,0.345409285632,86370,-0.121512099108
2025-12-01,trade_imbalance_5s,5s,2,0.277291565372,0.373688962978,0.349019471649,86382,-0.0717279062768
2025-12-01,trade_imbalance_5s,5s,3,0.303408762081,0.346107992361,0.350483245558,86395,-0.0470744834771
2025-12-01,trade_imbalance_5s,5s,4,0.32062871098,0.32905473443,0.35031655459,86399,-0.0296878436093
2025-12-01,trade_imbalance_5s,5s,5,0.322978275212,0.327411196889,0.3496105279,86399,-0.0266322526881
2025-12-01,trade_imbalance_5s,5s,6,0.33837962963,0.333854166667,0.327766203704,86400,0.0106134259259
2025-12-01,trade_imbalance_5s,5s,7,0.346288730194,0.335108045232,0.318603224574,86399,0.0276855056193
2025-12-01,trade_imbalance_5s,5s,8,0.351913795299,0.355872174446,0.292214030255,86399,0.0596997650436
2025-12-01,trade_imbalance_5s,5s,9,0.337746964664,0.379217352053,0.283035683283,86399,0.0547112813806
2025-12-01,trade_imbalance_5s,5s,10,0.353545758631,0.422192386486,0.224261854883,86399,0.129283903749
ALL_EQUAL_DAY,di_10,100ms,1,0.000367003094207,0.951340983973,0.0482920129324,2073552,-0.0479250098382
ALL_EQUAL_DAY,di_10,100ms,2,0.000566664046348,0.985023672089,0.0144096638645,2073539,-0.0138429998182
ALL_EQUAL_DAY,di_10,100ms,3,0.000918719155994,0.991264692875,0.00781658796869,2073539,-0.00689786881269
ALL_EQUAL_DAY,di_10,100ms,4,0.00138941268499,0.993808649757,0.00480193755793,2073538,-0.00341252487295
ALL_EQUAL_DAY,di_10,100ms,5,0.00215187864986,0.994727849081,0.00312027226907,2073537,-0.000968393619212
ALL_EQUAL_DAY,di_10,100ms,6,0.00305853167331,0.994712434364,0.00222903396311,2073544,0.000829497710201
ALL_EQUAL_DAY,di_10,100ms,7,0.00483616688923,0.993752239524,0.00141159358644,2073543,0.0034245733028
ALL_EQUAL_DAY,di_10,100ms,8,0.00790437586055,0.991155201142,0.000940422997442,2073535,0.00696395286311
ALL_EQUAL_DAY,di_10,100ms,9,0.0150394614055,0.984383748604,0.000576789990089,2073545,0.0144626714154
ALL_EQUAL_DAY,di_10,100ms,10,0.0491793712371,0.950435295911,0.00038533285235,2073532,0.0487940383847
ALL_EQUAL_DAY,di_5,100ms,1,0.000386776114983,0.949777459055,0.0498357648305,2073551,-0.0494489887155
ALL_EQUAL_DAY,di_5,100ms,2,0.000559429497656,0.985505953343,0.0139346171597,2073541,-0.0133751876621
ALL_EQUAL_DAY,di_5,100ms,3,0.000880138198577,0.991710303838,0.00740955796325,2073538,-0.00652941976467
ALL_EQUAL_DAY,di_5,100ms,4,0.0013190016291,0.99422966929,0.00445132908102,2073538,-0.00313232745192
ALL_EQUAL_DAY,di_5,100ms,5,0.0020949710567,0.994951139044,0.00295388989924,2073537,-0.000858918842538
ALL_EQUAL_DAY,di_5,100ms,6,0.00297895489177,0.994837828531,0.00218321657682,2073546,0.000795738314945
ALL_EQUAL_DAY,di_5,100ms,7,0.00450292518933,0.994131295209,0.00136577960117,2073541,0.00313714558815
ALL_EQUAL_DAY,di_5,100ms,8,0.00735748016914,0.9917561113,0.000886408531128,2073536,0.00647107163801
ALL_EQUAL_DAY,di_5,100ms,9,0.0143855158125,0.985019367807,0.000595116380458,2073544,0.0137903994321
ALL_EQUAL_DAY,di_5,100ms,10,0.0509464044924,0.948685624336,0.000367971171894,2073532,0.0505784333205
ALL_EQUAL_DAY,microprice_deviation_bps,100ms,1,0.00109763502092,0.946858260885,0.052044104094,2073549,-0.0509464690731
ALL_EQUAL_DAY,microprice_deviation_bps,100ms,2,0.000562323098506,0.986675450353,0.0127622265487,2073541,-0.0121999034502
ALL_EQUAL_DAY,microprice_deviation_bps,100ms,3,0.000792846632885,0.992450595382,0.00675655798463,2073541,-0.00596371135174
ALL_EQUAL_DAY,microprice_deviation_bps,100ms,4,0.00119602399186,0.994810316864,0.00399365914377,2073537,-0.00279763515192
ALL_EQUAL_DAY,microprice_deviation_bps,100ms,5,0.00191797787164,0.995313324376,0.00276869775234,2073538,-0.000850719880706
ALL_EQUAL_DAY,microprice_deviation_bps,100ms,6,0.00268139957483,0.995379408395,0.00193919203065,2073544,0.000742207544185
ALL_EQUAL_DAY,microprice_deviation_bps,100ms,7,0.00402548104908,0.994691206974,0.00128331197695,2073541,0.00274216907213
ALL_EQUAL_DAY,microprice_deviation_bps,100ms,8,0.00663359274515,0.992569218683,0.000797188571991,2073537,0.00583640417316
ALL_EQUAL_DAY,microprice_deviation_bps,100ms,9,0.0130983475634,0.986351869071,0.000549783366063,2073544,0.0125485641973
ALL_EQUAL_DAY,microprice_deviation_bps,100ms,10,0.0534059758904,0.94550506093,0.00108896317973,2073532,0.0523170127107
ALL_EQUAL_DAY,ofi_100ms,100ms,1,0.00245180306871,0.954001203718,0.0435469932137,2073576,-0.0410951901449
ALL_EQUAL_DAY,ofi_100ms,100ms,2,0.00322536463789,0.983898254406,0.0128763809557,2073564,-0.0096510163178
ALL_EQUAL_DAY,ofi_100ms,100ms,3,0.00325237755358,0.989992573159,0.00675504928722,2073560,-0.00350267173364
ALL_EQUAL_DAY,ofi_100ms,100ms,4,0.00295627985216,0.993397802418,0.00364591772958,2073552,-0.00068963787742
ALL_EQUAL_DAY,ofi_100ms,100ms,5,0.00217561574121,0.995717736164,0.00210664809524,2073436,6.89676459751e-05
ALL_EQUAL_DAY,ofi_100ms,100ms,6,0.00356695024789,0.993067692961,0.00336535679148,2073480,0.000201593456411
ALL_EQUAL_DAY,ofi_100ms,100ms,7,0.00382434259165,0.993286422041,0.00288923536779,2073559,0.00093510722386
ALL_EQUAL_DAY,ofi_100ms,100ms,8,0.00691082003897,0.989986303748,0.00310287621289,2073560,0.00380794382608
ALL_EQUAL_DAY,ofi_100ms,100ms,9,0.0129844263082,0.983795027009,0.00322054668274,2073561,0.00976387962544
ALL_EQUAL_DAY,ofi_100ms,100ms,10,0.0440629527247,0.953463036446,0.00247401082971,2073556,0.041588941895
ALL_EQUAL_DAY,qi_1,100ms,1,0.000534349562031,0.948624315123,0.0508413353145,2073549,-0.0503069857524
ALL_EQUAL_DAY,qi_1,100ms,2,0.000669386329954,0.986162800736,0.0131678129345,2073541,-0.0124984266045
ALL_EQUAL_DAY,qi_1,100ms,3,0.000911484267733,0.992005945385,0.00708257034705,2073541,-0.00617108607932
ALL_EQUAL_DAY,qi_1,100ms,4,0.00134408018762,0.994412928248,0.00424299156465,2073537,-0.00289891137703
ALL_EQUAL_DAY,qi_1,100ms,5,0.00210943807155,0.994899056588,0.00299150534015,2073538,-0.000882067268601
ALL_EQUAL_DAY,qi_1,100ms,6,0.00292397942846,0.994959836878,0.00211618369323,2073544,0.000807795735224
ALL_EQUAL_DAY,qi_1,100ms,7,0.00427191938814,0.994291890057,0.00143619055519,2073541,0.00283572883295
ALL_EQUAL_DAY,qi_1,100ms,8,0.00694127956241,0.992154468428,0.000904252009971,2073537,0.00603702755244
ALL_EQUAL_DAY,qi_1,100ms,9,0.0135261241267,0.985816546848,0.00065732902573,2073543,0.0128687951009
ALL_EQUAL_DAY,qi_1,100ms,10,0.0521795409092,0.947276942301,0.000543516789943,2073533,0.0516360241192
ALL_EQUAL_DAY,trade_imbalance_100ms,100ms,1,0.00159701196746,0.963945718952,0.0344572690806,691291,-0.0328602571131
ALL_EQUAL_DAY,trade_imbalance_100ms,100ms,2,0.00142346283373,0.971461306114,0.0271152310523,691272,-0.0256917682186
ALL_EQUAL_DAY,trade_imbalance_100ms,100ms,3,0.00324038913602,0.949063686666,0.047695924198,691275,-0.044455535062
ALL_EQUAL_DAY,trade_imbalance_100ms,100ms,4,0.00297563508906,0.945569167965,0.051455196946,691281,-0.0484795618569
ALL_EQUAL_DAY,trade_imbalance_100ms,100ms,5,0.0220030755121,0.931261003346,0.0467359211419,691267,-0.0247328456298
ALL_EQUAL_DAY,trade_imbalance_100ms,100ms,6,0.0597068039197,0.934800471012,0.00549272506864,691278,0.0542140788511
ALL_EQUAL_DAY,trade_imbalance_100ms,100ms,7,0.0267807158015,0.971662753641,0.00155653055704,691281,0.0252241852445
ALL_EQUAL_DAY,trade_imbalance_100ms,100ms,8,0.0241238888125,0.974380302778,0.00149580840922,691265,0.0226280804033
ALL_EQUAL_DAY,trade_imbalance_100ms,100ms,9,0.0456368149704,0.951296428096,0.00306675693347,691284,0.0425700580369
ALL_EQUAL_DAY,trade_imbalance_100ms,100ms,10,0.037027553673,0.960775038371,0.00219740795551,691269,0.0348301457175
ALL_EQUAL_DAY,di_10,1s,1,0.0114930277914,0.747991577599,0.24051539461,2073518,-0.229022366818
ALL_EQUAL_DAY,di_10,1s,2,0.0162202594817,0.856024399113,0.127755341405,2073518,-0.111535081924
ALL_EQUAL_DAY,di_10,1s,3,0.0225897477076,0.888080917981,0.0893293343114,2073507,-0.0667395866038
ALL_EQUAL_DAY,di_10,1s,4,0.0297995886153,0.906008483302,0.0641919280824,2073485,-0.0343923394671
ALL_EQUAL_DAY,di_10,1s,5,0.0380345037791,0.913267441905,0.0486980543156,2073512,-0.0106635505365
ALL_EQUAL_DAY,di_10,1s,6,0.0472385767805,0.914428096317,0.038333326903,2073496,0.0089052498775
ALL_EQUAL_DAY,di_10,1s,7,0.0651486361357,0.905068193217,0.029783170647,2073520,0.0353654654886
ALL_EQUAL_DAY,di_10,1s,8,0.0898188373645,0.887819894516,0.0223612681192,2073496,0.0674575692454
ALL_EQUAL_DAY,di_10,1s,9,0.131352053636,0.851871338994,0.0167766073704,2073542,0.114575446265
ALL_EQUAL_DAY,di_10,1s,10,0.245512562991,0.742709346611,0.0117780903984,2073511,0.233734472593
ALL_EQUAL_DAY,di_5,1s,1,0.0117693697378,0.744259755642,0.24397087462,2073518,-0.232201504882
ALL_EQUAL_DAY,di_5,1s,2,0.0156791349975,0.857113507466,0.127207357537,2073520,-0.111528222539
ALL_EQUAL_DAY,di_5,1s,3,0.0222884335015,0.889276907562,0.0884346589361,2073497,-0.0661462254346
ALL_EQUAL_DAY,di_5,1s,4,0.0295119932713,0.906793164781,0.0636948419481,2073496,-0.0341828486768
ALL_EQUAL_DAY,di_5,1s,5,0.0378956272718,0.914035179944,0.0480691927846,2073511,-0.0101735655128
ALL_EQUAL_DAY,di_5,1s,6,0.0470730194618,0.914886506017,0.0380404745209,2073502,0.00903254494088
ALL_EQUAL_DAY,di_5,1s,7,0.0641375289183,0.906231115985,0.0296313550964,2073513,0.0345061738219
ALL_EQUAL_DAY,di_5,1s,8,0.0884582051884,0.889483428736,0.0220583660759,2073499,0.0663998391125
ALL_EQUAL_DAY,di_5,1s,9,0.130696905482,0.852828354243,0.0164747402748,2073538,0.114222165207
ALL_EQUAL_DAY,di_5,1s,10,0.249697734905,0.738361648431,0.0119406166642,2073511,0.237757118241
ALL_EQUAL_DAY,microprice_deviation_bps,1s,1,0.0139246641572,0.738302351321,0.247772984521,2073515,-0.233848320364
ALL_EQUAL_DAY,microprice_deviation_bps,1s,2,0.0153155390725,0.859397207158,0.12528725377,2073515,-0.109971714697
ALL_EQUAL_DAY,microprice_deviation_bps,1s,3,0.0215421535209,0.890893535425,0.0875643110543,2073516,-0.0660221575334
ALL_EQUAL_DAY,microprice_deviation_bps,1s,4,0.0289223215987,0.90829979479,0.0627778836114,2073485,-0.0338555620127
ALL_EQUAL_DAY,microprice_deviation_bps,1s,5,0.0372816747624,0.914949129786,0.047769195452,2073512,-0.0104875206895
ALL_EQUAL_DAY,microprice_deviation_bps,1s,6,0.0466709814448,0.915649141015,0.03767987754,2073494,0.00899110390481
ALL_EQUAL_DAY,microprice_deviation_bps,1s,7,0.0634706367464,0.90737975703,0.0291496062233,2073510,0.0343210305231
ALL_EQUAL_DAY,microprice_deviation_bps,1s,8,0.0874363217136,0.891260177795,0.0213035004912,2073509,0.0661328212224
ALL_EQUAL_DAY,microprice_deviation_bps,1s,9,0.128758734472,0.855281579253,0.0159596862752,2073537,0.112799048196
ALL_EQUAL_DAY,microprice_deviation_bps,1s,10,0.253884713472,0.731856868926,0.0142584176026,2073512,0.239626295869
ALL_EQUAL_DAY,ofi_1s,1s,1,0.0340069455865,0.74994345438,0.216049600033,2073547,-0.182042654447
ALL_EQUAL_DAY,ofi_1s,1s,2,0.0384144427077,0.83816722988,0.123418327412,2073517,-0.0850038847041
ALL_EQUAL_DAY,ofi_1s,1s,3,0.0373832902504,0.884565376751,0.078051332999,2073520,-0.0406680427486
ALL_EQUAL_DAY,ofi_1s,1s,4,0.0351482830247,0.908806892304,0.0560448246709,2073501,-0.0208965416462
ALL_EQUAL_DAY,ofi_1s,1s,5,0.031648692329,0.928883163509,0.0394681441619,2073419,-0.00781945183294
ALL_EQUAL_DAY,ofi_1s,1s,6,0.0402964321937,0.928428293012,0.0312752747944,2073459,0.0090211573993
ALL_EQUAL_DAY,ofi_1s,1s,7,0.057666673097,0.907707183919,0.0346261429839,2073520,0.023040530113
ALL_EQUAL_DAY,ofi_1s,1s,8,0.078577264042,0.884694476944,0.0367282590139,2073526,0.0418490050282
ALL_EQUAL_DAY,ofi_1s,1s,9,0.125584022007,0.835990609351,0.0384253686428,2073552,0.0871586533639
ALL_EQUAL_DAY,ofi_1s,1s,10,0.218477640214,0.746090268642,0.0354320911444,2073544,0.18304554907
ALL_EQUAL_DAY,qi_1,1s,1,0.0125217324206,0.741769893152,0.245708374427,2073515,-0.233186642006
ALL_EQUAL_DAY,qi_1,1s,2,0.0155832005074,0.858673315602,0.125743483891,2073515,-0.110160283384
ALL_EQUAL_DAY,qi_1,1s,3,0.0219250779835,0.889859542921,0.0882153790952,2073516,-0.0662903011117
ALL_EQUAL_DAY,qi_1,1s,4,0.0292975353089,0.907409023938,0.0632934407531,2073485,-0.0339959054442
ALL_EQUAL_DAY,qi_1,1s,5,0.0376597772282,0.914128782471,0.0482114403003,2073512,-0.0105516630721
ALL_EQUAL_DAY,qi_1,1s,6,0.0471720680166,0.914712075367,0.0381158566169,2073494,0.0090562113997
ALL_EQUAL_DAY,qi_1,1s,7,0.0639792815581,0.906543236967,0.0294774814747,2073515,0.0345018000834
ALL_EQUAL_DAY,qi_1,1s,8,0.0879197725203,0.890438118277,0.0216421092026,2073504,0.0662776633177
ALL_EQUAL_DAY,qi_1,1s,9,0.129186505956,0.854509468604,0.0163040254406,2073537,0.112882480515
ALL_EQUAL_DAY,qi_1,1s,10,0.251962853362,0.735226031969,0.0128111146692,2073512,0.239151738693
ALL_EQUAL_DAY,trade_imbalance_1s,1s,1,0.0304993219312,0.899837651239,0.0696630268299,1959978,-0.0391637048987
ALL_EQUAL_DAY,trade_imbalance_1s,1s,2,0.0387677704323,0.840880298093,0.120351931475,1959927,-0.0815841610427
ALL_EQUAL_DAY,trade_imbalance_1s,1s,3,0.0474130893536,0.826555758736,0.12603115191,1959944,-0.0786180625569
ALL_EQUAL_DAY,trade_imbalance_1s,1s,4,0.057381829351,0.847053049046,0.0955651216032,1959941,-0.0381832922522
ALL_EQUAL_DAY,trade_imbalance_1s,1s,5,0.0679329441334,0.855593958523,0.0764730973439,1959918,-0.00854015321049
ALL_EQUAL_DAY,trade_imbalance_1s,1s,6,0.0817683837148,0.854504330292,0.0637272859932,1959914,0.0180410977216
ALL_EQUAL_DAY,trade_imbalance_1s,1s,7,0.101896311308,0.844725640229,0.0533780484632,1959963,0.0485182628448
ALL_EQUAL_DAY,trade_imbalance_1s,1s,8,0.131067629276,0.825761371464,0.0431709992602,1959950,0.0878966300161
ALL_EQUAL_DAY,trade_imbalance_1s,1s,9,0.0925777680497,0.875216521945,0.0322057100058,1959963,0.060372058044
ALL_EQUAL_DAY,trade_imbalance_1s,1s,10,0.0725976018495,0.893027138256,0.0343752598949,1959927,0.0382223419546
ALL_EQUAL_DAY,di_10,30s,1,0.262351697143,0.180060435494,0.557587867362,2072954,-0.295236170219
ALL_EQUAL_DAY,di_10,30s,2,0.285263155863,0.222475530427,0.492261313709,2072574,-0.206998157846
ALL_EQUAL_DAY,di_10,30s,3,0.308012353941,0.241855272065,0.450132373994,2072537,-0.142120020053
ALL_EQUAL_DAY,di_10,30s,4,0.330587301472,0.256852654715,0.412560043813,2072445,-0.0819727423406
ALL_EQUAL_DAY,di_10,30s,5,0.354224996369,0.265633646929,0.380141356702,2072629,-0.0259163603327
ALL_EQUAL_DAY,di_10,30s,6,0.380214438775,0.268433910001,0.351351651225,2072946,0.0288627875497
ALL_EQUAL_DAY,di_10,30s,7,0.410416899843,0.261346356468,0.328236743689,2072824,0.0821801561541
ALL_EQUAL_DAY,di_10,30s,8,0.44928784289,0.245285695057,0.305426462053,2072787,0.143861380837
ALL_EQUAL_DAY,di_10,30s,9,0.497131798352,0.219618576454,0.283249625195,2073076,0.213882173157
ALL_EQUAL_DAY,di_10,30s,10,0.558382213279,0.179984150695,0.261633636026,2073277,0.296748577252
ALL_EQUAL_DAY,di_5,30s,1,0.262360031877,0.17971974537,0.557920222753,2072972,-0.295560190876
ALL_EQUAL_DAY,di_5,30s,2,0.284694715073,0.222577144536,0.492728140391,2072441,-0.208033425318
ALL_EQUAL_DAY,di_5,30s,3,0.307947165249,0.242501028876,0.449551805876,2072651,-0.141604640627
ALL_EQUAL_DAY,di_5,30s,4,0.331536773111,0.256664603115,0.411798623774,2072479,-0.0802618506629
ALL_EQUAL_DAY,di_5,30s,5,0.3525090754,0.266390721767,0.381100202833,2072636,-0.0285911274339
ALL_EQUAL_DAY,di_5,30s,6,0.381142266124,0.268133735212,0.350723998665,2072932,0.0304182674588
ALL_EQUAL_DAY,di_5,30s,7,0.410058593514,0.261758384372,0.328183022113,2072755,0.0818755714013
ALL_EQUAL_DAY,di_5,30s,8,0.449285723934,0.244910433274,0.305803842792,2072868,0.143481881142
ALL_EQUAL_DAY,di_5,30s,9,0.497385014944,0.220073591979,0.282541393076,2073052,0.214843621868
ALL_EQUAL_DAY,di_5,30s,10,0.558953687979,0.178816194569,0.262230117453,2073263,0.296723570526
ALL_EQUAL_DAY,microprice_deviation_bps,30s,1,0.264898822027,0.17871784308,0.556383334893,2072882,-0.291484512867
ALL_EQUAL_DAY,microprice_deviation_bps,30s,2,0.28293818099,0.223144710774,0.493917108236,2072534,-0.210978927246
ALL_EQUAL_DAY,microprice_deviation_bps,30s,3,0.305569869189,0.243117393671,0.45131273714,2072616,-0.14574286795
ALL_EQUAL_DAY,microprice_deviation_bps,30s,4,0.331236489616,0.256713695669,0.412049814715,2072480,-0.0808133250984
ALL_EQUAL_DAY,microprice_deviation_bps,30s,5,0.352312531964,0.267001186904,0.380686281132,2072620,-0.0283737491677
ALL_EQUAL_DAY,microprice_deviation_bps,30s,6,0.381626154239,0.268788264574,0.349585581187,2072903,0.0320405730514
ALL_EQUAL_DAY,microprice_deviation_bps,30s,7,0.4116662823,0.260142212427,0.328191505273,2072674,0.0834747770272
ALL_EQUAL_DAY,microprice_deviation_bps,30s,8,0.449301445636,0.246126150288,0.304572404076,2073067,0.14472904156
ALL_EQUAL_DAY,microprice_deviation_bps,30s,9,0.497598353653,0.221070617617,0.281331028731,2072953,0.216267324922
ALL_EQUAL_DAY,microprice_deviation_bps,30s,10,0.558717419405,0.176723805298,0.264558775298,2073320,0.294158644107
ALL_EQUAL_DAY,ofi_30s,30s,1,0.363469454405,0.170275395408,0.466255150187,2072983,-0.102785695782
ALL_EQUAL_DAY,ofi_30s,30s,2,0.355892065489,0.202461163147,0.441646771364,2072516,-0.0857547058744
ALL_EQUAL_DAY,ofi_30s,30s,3,0.3459972313,0.232263892112,0.421738876587,2072453,-0.075741645287
ALL_EQUAL_DAY,ofi_30s,30s,4,0.340494898784,0.257726611485,0.401778489731,2072545,-0.0612835909474
ALL_EQUAL_DAY,ofi_30s,30s,5,0.337132407048,0.299037122998,0.363830469954,2072435,-0.0266980629067
ALL_EQUAL_DAY,ofi_30s,30s,6,0.367383963924,0.303483422453,0.329132613624,2072502,0.0382513503003
ALL_EQUAL_DAY,ofi_30s,30s,7,0.397544182241,0.265035082422,0.337420735337,2073118,0.0601234469046
ALL_EQUAL_DAY,ofi_30s,30s,8,0.422883124088,0.235230893544,0.341885982368,2072925,0.08099714172
ALL_EQUAL_DAY,ofi_30s,30s,9,0.438182042694,0.205768518376,0.356049438931,2073184,0.0821326037631
ALL_EQUAL_DAY,ofi_30s,30s,10,0.466908750316,0.170286024613,0.362805225071,2073388,0.104103525245
ALL_EQUAL_DAY,qi_1,30s,1,0.263258110252,0.179306681795,0.557435207953,2072901,-0.2941770977
ALL_EQUAL_DAY,qi_1,30s,2,0.283388918805,0.223221506173,0.493389575022,2072484,-0.210000656217
ALL_EQUAL_DAY,qi_1,30s,3,0.306113990937,0.243108359516,0.450777649547,2072656,-0.14466365861
ALL_EQUAL_DAY,qi_1,30s,4,0.331540127347,0.256382294982,0.412077577671,2072452,-0.0805374503245
ALL_EQUAL_DAY,qi_1,30s,5,0.352631114246,0.266717455379,0.380651430375,2072639,-0.0280203161284
ALL_EQUAL_DAY,qi_1,30s,6,0.381736671381,0.268541102644,0.349722225974,2072908,0.0320144454071
ALL_EQUAL_DAY,qi_1,30s,7,0.412028129384,0.259814214062,0.328157656554,2072708,0.0838704728307
ALL_EQUAL_DAY,qi_1,30s,8,0.449273048277,0.24590649481,0.304820456914,2073040,0.144452591363
ALL_EQUAL_DAY,qi_1,30s,9,0.496968156234,0.220775148625,0.282256695141,2072996,0.214711461093
ALL_EQUAL_DAY,qi_1,30s,10,0.558929996889,0.177770810774,0.263299192337,2073265,0.295630804552
ALL_EQUAL_DAY,trade_imbalance_30s,30s,1,0.328447726289,0.254275650161,0.41727662355,2072141,-0.0888288972613
ALL_EQUAL_DAY,trade_imbalance_30s,30s,2,0.35457626399,0.238171655978,0.407252080032,2072564,-0.0526758160424
ALL_EQUAL_DAY,trade_imbalance_30s,30s,3,0.369608403722,0.226744643327,0.403646952951,2072415,-0.0340385492288
ALL_EQUAL_DAY,trade_imbalance_30s,30s,4,0.375468187828,0.223841655681,0.400690156491,2073153,-0.0252219686632
ALL_EQUAL_DAY,trade_imbalance_30s,30s,5,0.383253310587,0.222216057555,0.394530631858,2072744,-0.0112773212707
ALL_EQUAL_DAY,trade_imbalance_30s,30s,6,0.394219755257,0.221892246333,0.38388799841,2072542,0.0103317568474
ALL_EQUAL_DAY,trade_imbalance_30s,30s,7,0.394058271087,0.225102897731,0.380838831182,2072932,0.0132194399044
ALL_EQUAL_DAY,trade_imbalance_30s,30s,8,0.406206316391,0.230750752721,0.363042930889,2073146,0.043163385502
ALL_EQUAL_DAY,trade_imbalance_30s,30s,9,0.409931491817,0.241303348523,0.34876515966,2073183,0.0611663321569
ALL_EQUAL_DAY,trade_imbalance_30s,30s,10,0.420143167976,0.257225805736,0.322631026288,2073229,0.0975121416882
ALL_EQUAL_DAY,di_10,500ms,1,0.00411037983035,0.835049005778,0.160840614392,2073531,-0.156730234561
ALL_EQUAL_DAY,di_10,500ms,2,0.00620005796881,0.920534509042,0.0732654329889,2073529,-0.0670653750201
ALL_EQUAL_DAY,di_10,500ms,3,0.00942403478516,0.942475818991,0.0481001462242,2073528,-0.0386761114391
ALL_EQUAL_DAY,di_10,500ms,4,0.0131805107846,0.954263193532,0.0325562956833,2073516,-0.0193757848987
ALL_EQUAL_DAY,di_10,500ms,5,0.0177147867252,0.958711313408,0.023573899867,2073522,-0.00585911314179
ALL_EQUAL_DAY,di_10,500ms,6,0.0230410346088,0.958930185318,0.0180287800733,2073518,0.00501225453553
ALL_EQUAL_DAY,di_10,500ms,7,0.032976037069,0.953935210192,0.0130887527393,2073536,0.0198872843298
ALL_EQUAL_DAY,di_10,500ms,8,0.047886272454,0.942682890953,0.00943083659309,2073517,0.0384554358609
ALL_EQUAL_DAY,di_10,500ms,9,0.0757602209167,0.917652499925,0.00658727915808,2073542,0.0691729417586
ALL_EQUAL_DAY,di_10,500ms,10,0.164135786423,0.83159080617,0.00427340740701,2073521,0.159862379016
ALL_EQUAL_DAY,di_5,500ms,1,0.00419526324445,0.831950264501,0.163854472255,2073529,-0.15965920901
ALL_EQUAL_DAY,di_5,500ms,2,0.00604861656343,0.92117700619,0.0727743772462,2073532,-0.0667257606827
ALL_EQUAL_DAY,di_5,500ms,3,0.00916411344364,0.943646151984,0.0471897345725,2073523,-0.0380256211289
ALL_EQUAL_DAY,di_5,500ms,4,0.012970697172,0.955048420078,0.0319808827501,2073520,-0.0190101855781
ALL_EQUAL_DAY,di_5,500ms,5,0.0175908430198,0.959331996477,0.0230771605028,2073522,-0.00548631748301
ALL_EQUAL_DAY,di_5,500ms,6,0.0227805417251,0.959356149242,0.0178633090333,2073524,0.00491723269178
ALL_EQUAL_DAY,di_5,500ms,7,0.0321842306674,0.9547728006,0.013042968733,2073531,0.0191412619344
ALL_EQUAL_DAY,di_5,500ms,8,0.046736949728,0.944035263706,0.00922778656584,2073520,0.0375091631622
ALL_EQUAL_DAY,di_5,500ms,9,0.0748276617067,0.918738889762,0.00643344853096,2073538,0.0683942131757
ALL_EQUAL_DAY,di_5,500ms,10,0.16793029827,0.827768322578,0.00430137915169,2073521,0.163628919119
ALL_EQUAL_DAY,microprice_deviation_bps,500ms,1,0.00584703944196,0.8264870308,0.167665929758,2073528,-0.161818890316
ALL_EQUAL_DAY,microprice_deviation_bps,500ms,2,0.00591263099058,0.923221641194,0.0708657278155,2073527,-0.0649530968249
ALL_EQUAL_DAY,microprice_deviation_bps,500ms,3,0.00869867578733,0.94512653277,0.046174791443,2073534,-0.0374761156557
ALL_EQUAL_DAY,microprice_deviation_bps,500ms,4,0.0125583851576,0.956281001102,0.0311606137404,2073515,-0.0186022285829
ALL_EQUAL_DAY,microprice_deviation_bps,500ms,5,0.0171919964235,0.960053011228,0.0227549923488,2073523,-0.00556299592529
ALL_EQUAL_DAY,microprice_deviation_bps,500ms,6,0.022310874562,0.96026270329,0.0174264221483,2073518,0.00488445241372
ALL_EQUAL_DAY,microprice_deviation_bps,500ms,7,0.0313754653294,0.955810161507,0.0128143731635,2073531,0.018561092166
ALL_EQUAL_DAY,microprice_deviation_bps,500ms,8,0.0455388770331,0.94574987039,0.00871125257713,2073525,0.0368276244559
ALL_EQUAL_DAY,microprice_deviation_bps,500ms,9,0.0728460245243,0.921001688901,0.00615228657493,2073538,0.0666937379493
ALL_EQUAL_DAY,microprice_deviation_bps,500ms,10,0.172149209002,0.821831560905,0.0060192300922,2073521,0.16612997891
ALL_EQUAL_DAY,ofi_500ms,500ms,1,0.0155939468383,0.839156407745,0.145249645417,2073561,-0.129655698578
ALL_EQUAL_DAY,ofi_500ms,500ms,2,0.0200202647731,0.912391749604,0.0675879856227,2073549,-0.0475677208496
ALL_EQUAL_DAY,ofi_500ms,500ms,3,0.0188285971678,0.940074693231,0.0410967096011,2073548,-0.0222681124334
ALL_EQUAL_DAY,ofi_500ms,500ms,4,0.0184615221388,0.95200226085,0.0295362170108,2073556,-0.011074694872
ALL_EQUAL_DAY,ofi_500ms,500ms,5,0.0154239487913,0.966103485147,0.0184725660618,2073399,-0.00304861727048
ALL_EQUAL_DAY,ofi_500ms,500ms,6,0.0196528853555,0.964883893209,0.0154632214353,2073436,0.00418966392018
ALL_EQUAL_DAY,ofi_500ms,500ms,7,0.0303889025262,0.951861852579,0.0177492448951,2073553,0.0126396576311
ALL_EQUAL_DAY,ofi_500ms,500ms,8,0.0418582265075,0.939627122028,0.0185146514644,2073547,0.0233435750432
ALL_EQUAL_DAY,ofi_500ms,500ms,9,0.0672295330768,0.912582895156,0.0201875717669,2073553,0.0470419613099
ALL_EQUAL_DAY,ofi_500ms,500ms,10,0.146968158113,0.837147067987,0.0158847739007,2073558,0.131083384212
ALL_EQUAL_DAY,qi_1,500ms,1,0.00470598901968,0.829599118025,0.165694892955,2073528,-0.160988903936
ALL_EQUAL_DAY,qi_1,500ms,2,0.00611711349792,0.922491002046,0.0713918844558,2073527,-0.0652747709579
ALL_EQUAL_DAY,qi_1,500ms,3,0.00896295889047,0.944271470832,0.0467655702776,2073534,-0.0378026113871
ALL_EQUAL_DAY,qi_1,500ms,4,0.0128694511494,0.955513704989,0.0316168438618,2073515,-0.0187473927124
ALL_EQUAL_DAY,qi_1,500ms,5,0.0175551464826,0.959293916682,0.0231509368355,2073523,-0.00559579035294
ALL_EQUAL_DAY,qi_1,500ms,6,0.0227646926624,0.959455379698,0.0177799276399,2073518,0.00498476502254
ALL_EQUAL_DAY,qi_1,500ms,7,0.0318476068118,0.95505685712,0.0130955360687,2073531,0.0187520707431
ALL_EQUAL_DAY,qi_1,500ms,8,0.0460708214273,0.944981131166,0.00894804740719,2073525,0.0371227740201
ALL_EQUAL_DAY,qi_1,500ms,9,0.0734349085644,0.920152859582,0.00641223185311,2073537,0.0670226767113
ALL_EQUAL_DAY,qi_1,500ms,10,0.170100437806,0.825009814219,0.0048897479747,2073522,0.165210689831
ALL_EQUAL_DAY,trade_imbalance_500ms,500ms,1,0.0144182324433,0.94472181677,0.0408599507863,1668235,-0.026441718343
ALL_EQUAL_DAY,trade_imbalance_500ms,500ms,2,0.0220505811618,0.915987795302,0.0619616235366,1668210,-0.0399110423748
ALL_EQUAL_DAY,trade_imbalance_500ms,500ms,3,0.0229816430994,0.888391746558,0.0886266103425,1668201,-0.0656449672432
ALL_EQUAL_DAY,trade_imbalance_500ms,500ms,4,0.0312106607201,0.88227289621,0.0865164430697,1668180,-0.0553057823496
ALL_EQUAL_DAY,trade_imbalance_500ms,500ms,5,0.042314800439,0.90640497738,0.0512802221813,1668187,-0.00896542174229
ALL_EQUAL_DAY,trade_imbalance_500ms,500ms,6,0.061773545953,0.901919187438,0.0363072666086,1668206,0.0254662793444
ALL_EQUAL_DAY,trade_imbalance_500ms,500ms,7,0.0972349937598,0.876355797785,0.0264092084551,1668206,0.0708257853047
ALL_EQUAL_DAY,trade_imbalance_500ms,500ms,8,0.0613475712977,0.92151855635,0.0171338723523,1668216,0.0442136989455
ALL_EQUAL_DAY,trade_imbalance_500ms,500ms,9,0.0431069725732,0.940278931701,0.0166140957259,1668222,0.0264928768473
ALL_EQUAL_DAY,trade_imbalance_500ms,500ms,10,0.0558544484961,0.921660743091,0.0224848084125,1668193,0.0333696400836
ALL_EQUAL_DAY,di_10,5s,1,0.0788185536789,0.469712644759,0.451468801562,2073357,-0.372650247883
ALL_EQUAL_DAY,di_10,5s,2,0.0951866731616,0.58154344775,0.323269879088,2073410,-0.228083205926
ALL_EQUAL_DAY,di_10,5s,3,0.112814290048,0.623769739511,0.263415970441,2073443,-0.150601680393
ALL_EQUAL_DAY,di_10,5s,4,0.131308805173,0.654139247564,0.214551947263,2073372,-0.0832431420893
ALL_EQUAL_DAY,di_10,5s,5,0.15308575287,0.670563325938,0.176350921192,2073400,-0.0232651683226
ALL_EQUAL_DAY,di_10,5s,6,0.17628623586,0.672498969082,0.151214795058,2073395,0.0250714408012
ALL_EQUAL_DAY,di_10,5s,7,0.213789334937,0.65506358265,0.131147082413,2073443,0.0826422525239
ALL_EQUAL_DAY,di_10,5s,8,0.262288448275,0.62803358783,0.109677963895,2073370,0.152610484381
ALL_EQUAL_DAY,di_10,5s,9,0.330097274679,0.575128279204,0.0947744461169,2073407,0.235322828562
ALL_EQUAL_DAY,di_10,5s,10,0.458483244367,0.462804540448,0.0787122151851,2073452,0.379771029182
ALL_EQUAL_DAY,di_5,5s,1,0.0793050361392,0.466709816946,0.453985146915,2073374,-0.374680110776
ALL_EQUAL_DAY,di_5,5s,2,0.0943436994637,0.582171104574,0.323485195962,2073387,-0.229141496498
ALL_EQUAL_DAY,di_5,5s,3,0.112162121754,0.625457328689,0.262380549556,2073454,-0.150218427802
ALL_EQUAL_DAY,di_5,5s,4,0.131675941386,0.654222722533,0.214101336081,2073378,-0.0824253946941
ALL_EQUAL_DAY,di_5,5s,5,0.152371467155,0.671776309443,0.175852223401,2073400,-0.0234807562458
ALL_EQUAL_DAY,di_5,5s,6,0.175830429867,0.673451709862,0.150717860271,2073384,0.0251125695964
ALL_EQUAL_DAY,di_5,5s,7,0.213648609414,0.655163250286,0.1311881403,2073442,0.0824604691137
ALL_EQUAL_DAY,di_5,5s,8,0.260808941552,0.629285281589,0.109905776859,2073376,0.150903164694
ALL_EQUAL_DAY,di_5,5s,9,0.330501791959,0.575790152448,0.0937080555929,2073429,0.236793736366
ALL_EQUAL_DAY,di_5,5s,10,0.46151271447,0.459229053378,0.0792582321521,2073425,0.382254482318
ALL_EQUAL_DAY,microprice_deviation_bps,5s,1,0.0823056005448,0.462326378673,0.455368020782,2073334,-0.373062420237
ALL_EQUAL_DAY,microprice_deviation_bps,5s,2,0.0930561416793,0.583721541515,0.323222316806,2073415,-0.230166175127
ALL_EQUAL_DAY,microprice_deviation_bps,5s,3,0.110946706323,0.627154055056,0.26189923862,2073473,-0.150952532297
ALL_EQUAL_DAY,microprice_deviation_bps,5s,4,0.130345639856,0.656021206035,0.213633154108,2073372,-0.0832875142521
ALL_EQUAL_DAY,microprice_deviation_bps,5s,5,0.15166888928,0.67209129033,0.17623982039,2073385,-0.0245709311102
ALL_EQUAL_DAY,microprice_deviation_bps,5s,6,0.176078309758,0.674084731073,0.149836959169,2073407,0.0262413505887
ALL_EQUAL_DAY,microprice_deviation_bps,5s,7,0.213755390909,0.65532521976,0.130919389331,2073398,0.0828360015781
ALL_EQUAL_DAY,microprice_deviation_bps,5s,8,0.261150576369,0.630064053809,0.108785369823,2073413,0.152365206546
ALL_EQUAL_DAY,microprice_deviation_bps,5s,9,0.329317216779,0.578359850217,0.0923229330046,2073396,0.236994283774
ALL_EQUAL_DAY,microprice_deviation_bps,5s,10,0.463533347223,0.454108020619,0.0823586321581,2073456,0.381174715065
ALL_EQUAL_DAY,ofi_5s,5s,1,0.161455776237,0.464900037521,0.373644186242,2073478,-0.212188410005
ALL_EQUAL_DAY,ofi_5s,5s,2,0.149018323629,0.538514441921,0.31246723445,2073443,-0.163448910821
ALL_EQUAL_DAY,ofi_5s,5s,3,0.137709503943,0.606684351412,0.255606144645,2073350,-0.117896640702
ALL_EQUAL_DAY,ofi_5s,5s,4,0.131342293079,0.669868459002,0.19878924792,2073422,-0.0674469548408
ALL_EQUAL_DAY,ofi_5s,5s,5,0.127061202088,0.719178789115,0.153760008797,2073426,-0.0266988067093
ALL_EQUAL_DAY,ofi_5s,5s,6,0.152766697953,0.720505773781,0.126727528266,2073338,0.0260391696868
ALL_EQUAL_DAY,ofi_5s,5s,7,0.200098584274,0.668202664959,0.131698750767,2073353,0.0683998335064
ALL_EQUAL_DAY,ofi_5s,5s,8,0.260445765746,0.604468268177,0.135085966077,2073376,0.12535979967
ALL_EQUAL_DAY,ofi_5s,5s,9,0.317400996211,0.538789827226,0.143809176563,2073456,0.173591819648
ALL_EQUAL_DAY,ofi_5s,5s,10,0.374865137428,0.462155765848,0.162979096723,2073407,0.211886040705
ALL_EQUAL_DAY,qi_1,5s,1,0.0803083730399,0.465308756481,0.45438287048,2073333,-0.37407449744
ALL_EQUAL_DAY,qi_1,5s,2,0.0936203829815,0.58325487987,0.323124737149,2073416,-0.229504354167
ALL_EQUAL_DAY,qi_1,5s,3,0.111412055324,0.626193528349,0.262394416327,2073474,-0.150982361004
ALL_EQUAL_DAY,qi_1,5s,4,0.13095003258,0.655214623914,0.213835343506,2073371,-0.082885310926
ALL_EQUAL_DAY,qi_1,5s,5,0.152031581207,0.671361083446,0.176607335348,2073385,-0.0245757541412
ALL_EQUAL_DAY,qi_1,5s,6,0.176537457431,0.673227687569,0.150234855,2073407,0.0263026024316
ALL_EQUAL_DAY,qi_1,5s,7,0.214169343404,0.654543700746,0.131286955851,2073420,0.0828823875529
ALL_EQUAL_DAY,qi_1,5s,8,0.261183102504,0.629638043095,0.109178854401,2073396,0.152004248103
ALL_EQUAL_DAY,qi_1,5s,9,0.329379331898,0.57753950344,0.0930811646612,2073427,0.236298167237
ALL_EQUAL_DAY,qi_1,5s,10,0.462569088752,0.45697205583,0.0804588554176,2073420,0.382110233334
ALL_EQUAL_DAY,trade_imbalance_5s,5s,1,0.123998776778,0.607552814133,0.268448409088,2073214,-0.14444963231
ALL_EQUAL_DAY,trade_imbalance_5s,5s,2,0.14646217633,0.597371665384,0.256166158287,2073252,-0.109703981957
ALL_EQUAL_DAY,trade_imbalance_5s,5s,3,0.164489975064,0.596818162087,0.238691862849,2073330,-0.0742018877844
ALL_EQUAL_DAY,trade_imbalance_5s,5s,4,0.181955204897,0.593412360061,0.224632435042,2073307,-0.0426772301449
ALL_EQUAL_DAY,trade_imbalance_5s,5s,5,0.196746059421,0.593503404855,0.209750535724,2073363,-0.0130044763025
ALL_EQUAL_DAY,trade_imbalance_5s,5s,6,0.209575457843,0.595977163671,0.194447378486,2073363,0.0151280793571
ALL_EQUAL_DAY,trade_imbalance_5s,5s,7,0.222840603588,0.597813473372,0.17934592304,2073334,0.0434946805483
ALL_EQUAL_DAY,trade_imbalance_5s,5s,8,0.238611825614,0.600947854955,0.160440319431,2073313,0.0781715061836
ALL_EQUAL_DAY,trade_imbalance_5s,5s,9,0.256332158903,0.600435045784,0.143232795314,2073345,0.113099363589
ALL_EQUAL_DAY,trade_imbalance_5s,5s,10,0.271218992709,0.609336226567,0.119444780724,2073343,0.151774211985
