date,feature,feature_group,bucket,p_up,p_down,count,p_up_minus_down,p_flat
2024-01-01,microprice_deviation_bps,primary,1,0.143398058252,0.856601941748,82400,-0.713203883495,
2024-01-01,microprice_deviation_bps,primary,2,0.248171429306,0.751828570694,77793,-0.503657141388,
2024-01-01,microprice_deviation_bps,primary,3,0.323101582849,0.676898417151,74865,-0.353796834302,
2024-01-01,microprice_deviation_bps,primary,4,0.398267842365,0.601732157635,70086,-0.20346431527,
2024-01-01,microprice_deviation_bps,primary,5,0.456968598513,0.543031401487,69519,-0.0860628029747,
2024-01-01,microprice_deviation_bps,primary,6,0.55004722829,0.44995277171,67756,0.100094456579,
2024-01-01,microprice_deviation_bps,primary,7,0.637123745819,0.362876254181,68172,0.274247491639,
2024-01-01,microprice_deviation_bps,primary,8,0.692912053036,0.307087946964,70895,0.385824106072,
2024-01-01,microprice_deviation_bps,primary,9,0.772069511924,0.227930488076,76361,0.544139023847,
2024-01-01,microprice_deviation_bps,primary,10,0.879501041563,0.120498958437,80648,0.759002083127,
2024-01-01,qi_1,primary,1,0.141785891674,0.858214108326,82547,-0.716428216652,
2024-01-01,qi_1,primary,2,0.249114021572,0.750885978428,77880,-0.501771956857,
2024-01-01,qi_1,primary,3,0.323415749569,0.676584250431,74783,-0.353168500862,
2024-01-01,qi_1,primary,4,0.399948541288,0.600051458712,69959,-0.200102917423,
2024-01-01,qi_1,primary,5,0.456494524944,0.543505475056,69497,-0.087010950113,
2024-01-01,qi_1,primary,6,0.549056966045,0.450943033955,67707,0.0981139320897,
2024-01-01,qi_1,primary,7,0.640230003382,0.359769996618,67999,0.280460006765,
2024-01-01,qi_1,primary,8,0.69087983287,0.30912016713,70843,0.38175966574,
2024-01-01,qi_1,primary,9,0.770014536978,0.229985463022,76357,0.540029073955,
2024-01-01,qi_1,primary,10,0.880577833249,0.119422166751,80923,0.761155666498,
2024-01-01,di_10,secondary,1,0.14849808253,0.85150191747,82661,-0.70300383494,
2024-01-01,di_10,secondary,2,0.255132900328,0.744867099672,78367,-0.489734199344,
2024-01-01,di_10,secondary,3,0.332248725032,0.667751274968,75296,-0.335502549936,
2024-01-01,di_10,secondary,4,0.394549489825,0.605450510175,69388,-0.210901020349,
2024-01-01,di_10,secondary,5,0.443861323155,0.556138676845,69168,-0.11227735369,
2024-01-01,di_10,secondary,6,0.551365157127,0.448634842873,66952,0.102730314255,
2024-01-01,di_10,secondary,7,0.623693585821,0.376306414179,67647,0.247387171641,
2024-01-01,di_10,secondary,8,0.714323353626,0.285676646374,72113,0.428646707251,
2024-01-01,di_10,secondary,9,0.77195502566,0.22804497434,76577,0.543910051321,
2024-01-01,di_10,secondary,10,0.866581181685,0.133418818315,80326,0.733162363369,
2024-01-01,di_5,secondary,1,0.146852470121,0.853147529879,82668,-0.706295059757,
2024-01-01,di_5,secondary,2,0.255498248965,0.744501751035,78525,-0.489003502069,
2024-01-01,di_5,secondary,3,0.328711049481,0.671288950519,74999,-0.342577901039,
2024-01-01,di_5,secondary,4,0.39040166325,0.60959833675,69262,-0.219196673501,
2024-01-01,di_5,secondary,5,0.452891469303,0.547108530697,69584,-0.0942170613934,
2024-01-01,di_5,secondary,6,0.544673002841,0.455326997159,67233,0.0893460056817,
2024-01-01,di_5,secondary,7,0.626166691516,0.373833308484,67070,0.252333383033,
2024-01-01,di_5,secondary,8,0.710645777396,0.289354222604,72254,0.421291554793,
2024-01-01,di_5,secondary,9,0.773962916405,0.226037083595,76368,0.54792583281,
2024-01-01,di_5,secondary,10,0.872013609497,0.127986390503,80532,0.744027218994,
2024-01-01,ofi_100ms,secondary,1,0.337636148788,0.662363851212,77856,-0.324727702425,
2024-01-01,ofi_100ms,secondary,2,0.459732513532,0.540267486468,76116,-0.080534972936,
2024-01-01,ofi_100ms,secondary,3,0.485714285714,0.514285714286,73010,-0.0285714285714,
2024-01-01,ofi_100ms,secondary,4,0.469473951859,0.530526048141,70792,-0.0610520962821,
2024-01-01,ofi_100ms,secondary,5,0.535658721762,0.464341278238,64276,0.0713174435248,
2024-01-01,ofi_100ms,secondary,6,0.49288954443,0.50711045557,71866,-0.0142209111402,
2024-01-01,ofi_100ms,secondary,7,0.513490430529,0.486509569471,77277,0.0269808610583,
2024-01-01,ofi_100ms,secondary,8,0.535188485264,0.464811514736,72950,0.0703769705278,
2024-01-01,ofi_100ms,secondary,9,0.56697240504,0.43302759496,76427,0.13394481008,
2024-01-01,ofi_100ms,secondary,10,0.677844080847,0.322155919153,77925,0.355688161694,
2024-02-01,microprice_deviation_bps,primary,1,0.134981735105,0.865018264895,84041,-0.730036529789,
2024-02-01,microprice_deviation_bps,primary,2,0.252828845635,0.747171154365,81482,-0.494342308731,
2024-02-01,microprice_deviation_bps,primary,3,0.333870443928,0.666129556072,80058,-0.332259112144,
2024-02-01,microprice_deviation_bps,primary,4,0.401124292569,0.598875707431,78983,-0.197751414861,
2024-02-01,microprice_deviation_bps,primary,5,0.47330885556,0.52669114444,80345,-0.0533822888792,
2024-02-01,microprice_deviation_bps,primary,6,0.52327294245,0.47672705755,79427,0.0465458849006,
2024-02-01,microprice_deviation_bps,primary,7,0.594670198413,0.405329801587,80791,0.189340396826,
2024-02-01,microprice_deviation_bps,primary,8,0.659144422138,0.340855577862,80694,0.318288844276,
2024-02-01,microprice_deviation_bps,primary,9,0.749544013416,0.250455986584,81691,0.499088026833,
2024-02-01,microprice_deviation_bps,primary,10,0.87435242438,0.12564757562,83774,0.74870484876,
2024-02-01,qi_1,primary,1,0.132404056756,0.867595943244,84008,-0.735191886487,
2024-02-01,qi_1,primary,2,0.25517452917,0.74482547083,81505,-0.48965094166,
2024-02-01,qi_1,primary,3,0.333616606471,0.666383393529,80017,-0.332766787058,
2024-02-01,qi_1,primary,4,0.40168777439,0.59831222561,79039,-0.19662445122,
2024-02-01,qi_1,primary,5,0.473190281788,0.526809718212,80344,-0.0536194364234,
2024-02-01,qi_1,primary,6,0.524270745544,0.475729254456,79499,0.0485414910879,
2024-02-01,qi_1,primary,7,0.594273051401,0.405726948599,80776,0.188546102803,
2024-02-01,qi_1,primary,8,0.657337892416,0.342662107584,80718,0.314675784831,
2024-02-01,qi_1,primary,9,0.749561871147,0.250438128853,81597,0.499123742294,
2024-02-01,qi_1,primary,10,0.875738514973,0.124261485027,83783,0.751477029946,
2024-02-01,di_10,secondary,1,0.143353595185,0.856646404815,83737,-0.71329280963,
2024-02-01,di_10,secondary,2,0.258864857587,0.741135142413,81699,-0.482270284826,
2024-02-01,di_10,secondary,3,0.328282765248,0.671717234752,80123,-0.343434469503,
2024-02-01,di_10,secondary,4,0.400760475423,0.599239524577,79424,-0.198479049154,
2024-02-01,di_10,secondary,5,0.466346633416,0.533653366584,80200,-0.0673067331671,
2024-02-01,di_10,secondary,6,0.5316898758,0.4683101242,79710,0.0633797515995,
2024-02-01,di_10,secondary,7,0.598713384548,0.401286615452,80055,0.197426769096,
2024-02-01,di_10,secondary,8,0.662052026348,0.337947973652,80613,0.324104052696,
2024-02-01,di_10,secondary,9,0.739909767102,0.260090232898,82010,0.479819534203,
2024-02-01,di_10,secondary,10,0.867347548229,0.132652451771,83715,0.734695096458,
2024-02-01,di_5,secondary,1,0.137284876569,0.862715123431,83731,-0.725430246862,
2024-02-01,di_5,secondary,2,0.258738522856,0.741261477144,81793,-0.482522954287,
2024-02-01,di_5,secondary,3,0.328336768472,0.671663231528,80055,-0.343326463057,
2024-02-01,di_5,secondary,4,0.40344165846,0.59655834154,79206,-0.19311668308,
2024-02-01,di_5,secondary,5,0.467988943672,0.532011056328,80316,-0.064022112655,
2024-02-01,di_5,secondary,6,0.527528005224,0.472471994776,79628,0.0550560104486,
2024-02-01,di_5,secondary,7,0.601080420191,0.398919579809,80154,0.202160840382,
2024-02-01,di_5,secondary,8,0.649254008084,0.350745991916,80899,0.298508016168,
2024-02-01,di_5,secondary,9,0.750198934933,0.249801065067,81685,0.500397869866,
2024-02-01,di_5,secondary,10,0.873119459788,0.126880540212,83819,0.746238919577,
2024-02-01,ofi_100ms,secondary,1,0.300806114528,0.699193885472,83735,-0.398387770944,
2024-02-01,ofi_100ms,secondary,2,0.436567436653,0.563432563347,82166,-0.126865126695,
2024-02-01,ofi_100ms,secondary,3,0.463854899972,0.536145100028,80827,-0.0722902000569,
2024-02-01,ofi_100ms,secondary,4,0.487525180205,0.512474819795,82406,-0.0249496395894,
2024-02-01,ofi_100ms,secondary,5,0.542734985458,0.457265014542,74611,0.0854699709158,
2024-02-01,ofi_100ms,secondary,6,0.50076606628,0.49923393372,82891,0.00153213255963,
2024-02-01,ofi_100ms,secondary,7,0.502948180788,0.497051819212,78523,0.00589636157559,
2024-02-01,ofi_100ms,secondary,8,0.542600952475,0.457399047525,80632,0.0852019049509,
2024-02-01,ofi_100ms,secondary,9,0.559619935111,0.440380064889,81986,0.119239870222,
2024-02-01,ofi_100ms,secondary,10,0.668239351447,0.331760648553,83509,0.336478702894,
2024-03-01,microprice_deviation_bps,primary,1,0.142138233209,0.857861766791,86043,-0.715723533582,
2024-03-01,microprice_deviation_bps,primary,2,0.269829529445,0.730170470555,85176,-0.46034094111,
2024-03-01,microprice_deviation_bps,primary,3,0.339677582219,0.660322417781,85169,-0.320644835562,
2024-03-01,microprice_deviation_bps,primary,4,0.396400526638,0.603599473362,85068,-0.207198946725,
2024-03-01,microprice_deviation_bps,primary,5,0.46386626255,0.53613373745,84464,-0.0722674749005,
2024-03-01,microprice_deviation_bps,primary,6,0.516733331755,0.483266668245,84502,0.0334666635109,
2024-03-01,microprice_deviation_bps,primary,7,0.595869997162,0.404130002838,84552,0.191739994323,
2024-03-01,microprice_deviation_bps,primary,8,0.653849770777,0.346150229223,85070,0.307699541554,
2024-03-01,microprice_deviation_bps,primary,9,0.740234329233,0.259765670767,85350,0.480468658465,
2024-03-01,microprice_deviation_bps,primary,10,0.869361677412,0.130638322588,86085,0.738723354824,
2024-03-01,qi_1,primary,1,0.141265063741,0.858734936259,86051,-0.717469872517,
2024-03-01,qi_1,primary,2,0.269746419347,0.730253580653,85180,-0.460507161305,
2024-03-01,qi_1,primary,3,0.34023911869,0.65976088131,85146,-0.31952176262,
2024-03-01,qi_1,primary,4,0.396580091668,0.603419908332,85090,-0.206839816665,
2024-03-01,qi_1,primary,5,0.464104294696,0.535895705304,84453,-0.0717914106071,
2024-03-01,qi_1,primary,6,0.516571415049,0.483428584951,84513,0.0331428300971,
2024-03-01,qi_1,primary,7,0.596272337003,0.403727662997,84557,0.192544674007,
2024-03-01,qi_1,primary,8,0.654364664261,0.345635335739,85081,0.308729328522,
2024-03-01,qi_1,primary,9,0.738425464564,0.261574535436,85295,0.476850929128,
2024-03-01,qi_1,primary,10,0.870426068073,0.129573931927,86113,0.740852136147,
2024-03-01,di_10,secondary,1,0.159187090173,0.840812909827,86012,-0.681625819653,
2024-03-01,di_10,secondary,2,0.267326384411,0.732673615589,85289,-0.465347231179,
2024-03-01,di_10,secondary,3,0.335764705882,0.664235294118,85000,-0.328470588235,
2024-03-01,di_10,secondary,4,0.405765463857,0.594234536143,84746,-0.188469072287,
2024-03-01,di_10,secondary,5,0.46221235699,0.53778764301,84697,-0.0755752860196,
2024-03-01,di_10,secondary,6,0.514613729339,0.485386270661,84578,0.0292274586772,
2024-03-01,di_10,secondary,7,0.593935538592,0.406064461408,84888,0.187871077184,
2024-03-01,di_10,secondary,8,0.660127184888,0.339872815112,85073,0.320254369777,
2024-03-01,di_10,secondary,9,0.732786673402,0.267213326598,85123,0.465573346804,
2024-03-01,di_10,secondary,10,0.856087274755,0.143912725245,86073,0.71217454951,
2024-03-01,di_5,secondary,1,0.148327306131,0.851672693869,85999,-0.703345387737,
2024-03-01,di_5,secondary,2,0.262423887588,0.737576112412,85400,-0.475152224824,
2024-03-01,di_5,secondary,3,0.343372430913,0.656627569087,85001,-0.313255138175,
2024-03-01,di_5,secondary,4,0.403249404158,0.596750595842,84754,-0.193501191684,
2024-03-01,di_5,secondary,5,0.46228420282,0.53771579718,84686,-0.0754315943603,
2024-03-01,di_5,secondary,6,0.511823324733,0.488176675267,84494,0.0236466494662,
2024-03-01,di_5,secondary,7,0.595896142468,0.404103857532,84847,0.191792284936,
2024-03-01,di_5,secondary,8,0.651121202852,0.348878797148,84998,0.302242405704,
2024-03-01,di_5,secondary,9,0.743647848957,0.256352151043,85168,0.487295697915,
2024-03-01,di_5,secondary,10,0.865729345656,0.134270654344,86132,0.731458691311,
2024-03-01,ofi_100ms,secondary,1,0.296725458424,0.703274541576,85783,-0.406549083152,
2024-03-01,ofi_100ms,secondary,2,0.436963472191,0.563036527809,85387,-0.126073055617,
2024-03-01,ofi_100ms,secondary,3,0.456337366381,0.543662633619,85130,-0.0873252672383,
2024-03-01,ofi_100ms,secondary,4,0.476381330732,0.523618669268,85081,-0.0472373385362,
2024-03-01,ofi_100ms,secondary,5,0.490777550947,0.509222449053,83763,-0.0184448981054,
2024-03-01,ofi_100ms,secondary,6,0.496690376815,0.503309623185,85055,-0.00661924637,
2024-03-01,ofi_100ms,secondary,7,0.505546527238,0.494453472762,84918,0.0110930544761,
2024-03-01,ofi_100ms,secondary,8,0.545771711168,0.454228288832,85129,0.0915434223355,
2024-03-01,ofi_100ms,secondary,9,0.570334367863,0.429665632137,85385,0.140668735726,
2024-03-01,ofi_100ms,secondary,10,0.712235579163,0.287764420837,85848,0.424471158326,
2024-04-01,microprice_deviation_bps,primary,1,0.119153343413,0.880846656587,84001,-0.761693313175,
2024-04-01,microprice_deviation_bps,primary,2,0.216283955623,0.783716044377,81393,-0.567432088755,
2024-04-01,microprice_deviation_bps,primary,3,0.293568751729,0.706431248271,79518,-0.412862496542,
2024-04-01,microprice_deviation_bps,primary,4,0.365923384791,0.634076615209,78705,-0.268153230417,
2024-04-01,microprice_deviation_bps,primary,5,0.430060233971,0.569939766029,77531,-0.139879532058,
2024-04-01,microprice_deviation_bps,primary,6,0.520175156159,0.479824843841,77645,0.0403503123189,
2024-04-01,microprice_deviation_bps,primary,7,0.57207589201,0.42792410799,79007,0.144151784019,
2024-04-01,microprice_deviation_bps,primary,8,0.660670655697,0.339329344303,80220,0.321341311394,
2024-04-01,microprice_deviation_bps,primary,9,0.753895171315,0.246104828685,82859,0.50779034263,
2024-04-01,microprice_deviation_bps,primary,10,0.856563211845,0.143436788155,84288,0.71312642369,
2024-04-01,qi_1,primary,1,0.112926535048,0.887073464952,83727,-0.774146929903,
2024-04-01,qi_1,primary,2,0.217792693121,0.782207306879,81348,-0.564414613758,
2024-04-01,qi_1,primary,3,0.296577708006,0.703422291994,79625,-0.406844583987,
2024-04-01,qi_1,primary,4,0.366489354949,0.633510645051,78769,-0.267021290101,
2024-04-01,qi_1,primary,5,0.430462211922,0.569537788078,77670,-0.139075576156,
2024-04-01,qi_1,primary,6,0.520134271346,0.479865728654,77753,0.0402685426929,
2024-04-01,qi_1,primary,7,0.571421349948,0.428578650052,79129,0.142842699895,
2024-04-01,qi_1,primary,8,0.658159956094,0.341840043906,80172,0.316319912189,
2024-04-01,qi_1,primary,9,0.749439907494,0.250560092506,83022,0.498879814989,
2024-04-01,qi_1,primary,10,0.864994282447,0.135005717553,83952,0.729988564894,
2024-04-01,di_10,secondary,1,0.115648218165,0.884351781835,83313,-0.76870356367,
2024-04-01,di_10,secondary,2,0.223964635863,0.776035364137,80986,-0.552070728274,
2024-04-01,di_10,secondary,3,0.294517812118,0.705482187882,80114,-0.410964375765,
2024-04-01,di_10,secondary,4,0.36762875073,0.63237124927,78718,-0.264742498539,
2024-04-01,di_10,secondary,5,0.423419423584,0.576580576416,78832,-0.153161152831,
2024-04-01,di_10,secondary,6,0.519220322322,0.480779677678,77314,0.0384406446439,
2024-04-01,di_10,secondary,7,0.585394507466,0.414605492534,79162,0.170789014931,
2024-04-01,di_10,secondary,8,0.658347461853,0.341652538147,80216,0.316694923706,
2024-04-01,di_10,secondary,9,0.749265745676,0.250734254324,82737,0.498531491352,
2024-04-01,di_10,secondary,10,0.852032229185,0.147967770815,83775,0.704064458371,
2024-04-01,di_5,secondary,1,0.112148638793,0.887851361207,83639,-0.775702722414,
2024-04-01,di_5,secondary,2,0.216337367251,0.783662632749,80980,-0.567325265498,
2024-04-01,di_5,secondary,3,0.295110179954,0.704889820046,80187,-0.409779640091,
2024-04-01,di_5,secondary,4,0.370676519884,0.629323480116,78756,-0.258646960232,
2024-04-01,di_5,secondary,5,0.4278048967,0.5721951033,78461,-0.144390206599,
2024-04-01,di_5,secondary,6,0.519802044165,0.480197955835,77391,0.0396040883307,
2024-04-01,di_5,secondary,7,0.577807865567,0.422192134433,79028,0.155615731133,
2024-04-01,di_5,secondary,8,0.655539302102,0.344460697898,79983,0.311078604203,
2024-04-01,di_5,secondary,9,0.75460661716,0.24539338284,83087,0.509213234321,
2024-04-01,di_5,secondary,10,0.86077341462,0.13922658538,83655,0.721546829239,
2024-04-01,ofi_100ms,secondary,1,0.285535460951,0.714464539049,83881,-0.428929078099,
2024-04-01,ofi_100ms,secondary,2,0.408799544392,0.591200455608,82527,-0.182400911217,
2024-04-01,ofi_100ms,secondary,3,0.432731036375,0.567268963625,80193,-0.134537927251,
2024-04-01,ofi_100ms,secondary,4,0.465316640204,0.534683359796,76838,-0.0693667195919,
2024-04-01,ofi_100ms,secondary,5,0.439393537433,0.560606462567,75388,-0.121212925134,
2024-04-01,ofi_100ms,secondary,6,0.491913664132,0.508086335868,81681,-0.0161726717352,
2024-04-01,ofi_100ms,secondary,7,0.493108276491,0.506891723509,77847,-0.0137834470179,
2024-04-01,ofi_100ms,secondary,8,0.525647726424,0.474352273576,80358,0.0512954528485,
2024-04-01,ofi_100ms,secondary,9,0.554885433319,0.445114566681,82572,0.109770866638,
2024-04-01,ofi_100ms,secondary,10,0.696895639112,0.303104360888,83882,0.393791278224,
2024-05-01,microprice_deviation_bps,primary,1,0.168091035223,0.831908964777,85769,-0.663817929555,
2024-05-01,microprice_deviation_bps,primary,2,0.292051429849,0.707948570151,85009,-0.415897140303,
2024-05-01,microprice_deviation_bps,primary,3,0.380758823599,0.619241176401,84631,-0.238482352802,
2024-05-01,microprice_deviation_bps,primary,4,0.442008730508,0.557991269492,84073,-0.115982538984,
2024-05-01,microprice_deviation_bps,primary,5,0.485923269649,0.514076730351,84217,-0.0281534607027,
2024-05-01,microprice_deviation_bps,primary,6,0.532457835038,0.467542164962,84371,0.0649156700762,
2024-05-01,microprice_deviation_bps,primary,7,0.582763888724,0.417236111276,84439,0.165527777449,
2024-05-01,microprice_deviation_bps,primary,8,0.643785769801,0.356214230199,84918,0.287571539603,
2024-05-01,microprice_deviation_bps,primary,9,0.735224198705,0.264775801295,85393,0.47044839741,
2024-05-01,microprice_deviation_bps,primary,10,0.84893197121,0.15106802879,86140,0.697863942419,
2024-05-01,qi_1,primary,1,0.166162754048,0.833837245952,85663,-0.667674491904,
2024-05-01,qi_1,primary,2,0.292636937871,0.707363062129,84856,-0.414726124258,
2024-05-01,qi_1,primary,3,0.380580897192,0.619419102808,84731,-0.238838205615,
2024-05-01,qi_1,primary,4,0.44248092601,0.55751907399,84146,-0.115038147981,
2024-05-01,qi_1,primary,5,0.486548680964,0.513451319036,84304,-0.0269026380717,
2024-05-01,qi_1,primary,6,0.53325435375,0.46674564625,84410,0.0665087074991,
2024-05-01,qi_1,primary,7,0.582813738598,0.417186261402,84521,0.165627477195,
2024-05-01,qi_1,primary,8,0.641930547381,0.358069452619,84950,0.283861094762,
2024-05-01,qi_1,primary,9,0.732616185052,0.267383814948,85338,0.465232370105,
2024-05-01,qi_1,primary,10,0.852791111214,0.147208888786,86041,0.705582222429,
2024-05-01,di_10,secondary,1,0.184767739597,0.815232260403,85529,-0.630464520806,
2024-05-01,di_10,secondary,2,0.296112733095,0.703887266905,84944,-0.407774533811,
2024-05-01,di_10,secondary,3,0.384262372441,0.615737627559,84765,-0.231475255117,
2024-05-01,di_10,secondary,4,0.432272856871,0.567727143129,84176,-0.135454286257,
2024-05-01,di_10,secondary,5,0.484989574448,0.515010425552,84408,-0.0300208511042,
2024-05-01,di_10,secondary,6,0.53062920788,0.46937079212,84217,0.0612584157593,
2024-05-01,di_10,secondary,7,0.591161201055,0.408838798945,84559,0.18232240211,
2024-05-01,di_10,secondary,8,0.646438304671,0.353561695329,85128,0.292876609341,
2024-05-01,di_10,secondary,9,0.721014068681,0.278985931319,85438,0.442028137363,
2024-05-01,di_10,secondary,10,0.840400484871,0.159599515129,85796,0.680800969742,
2024-05-01,di_5,secondary,1,0.173032867362,0.826967132638,85556,-0.653934265277,
2024-05-01,di_5,secondary,2,0.292259734149,0.707740265851,85010,-0.415480531702,
2024-05-01,di_5,secondary,3,0.382705570292,0.617294429708,84825,-0.234588859416,
2024-05-01,di_5,secondary,4,0.439197068133,0.560802931867,84042,-0.121605863735,
2024-05-01,di_5,secondary,5,0.485936352219,0.514063647781,84402,-0.0281272955617,
2024-05-01,di_5,secondary,6,0.532331809275,0.467668190725,84205,0.06466361855,
2024-05-01,di_5,secondary,7,0.587824811648,0.412175188352,84549,0.175649623295,
2024-05-01,di_5,secondary,8,0.642334478377,0.357665521623,85004,0.284668956755,
2024-05-01,di_5,secondary,9,0.729207868653,0.270792131347,85453,0.458415737306,
2024-05-01,di_5,secondary,10,0.847207672789,0.152792327211,85914,0.694415345578,
2024-05-01,ofi_100ms,secondary,1,0.266839318066,0.733160681934,86108,-0.466321363869,
2024-05-01,ofi_100ms,secondary,2,0.407989269886,0.592010730114,85740,-0.184021460229,
2024-05-01,ofi_100ms,secondary,3,0.470497931633,0.529502068367,85333,-0.0590041367349,
2024-05-01,ofi_100ms,secondary,4,0.476860523009,0.523139476991,84358,-0.0462789539818,
2024-05-01,ofi_100ms,secondary,5,0.506359565255,0.493640434745,81059,0.0127191305099,
2024-05-01,ofi_100ms,secondary,6,0.528604173066,0.471395826934,84638,0.0572083461329,
2024-05-01,ofi_100ms,secondary,7,0.540995806509,0.459004193491,84655,0.0819916130175,
2024-05-01,ofi_100ms,secondary,8,0.569481745576,0.430518254424,85267,0.138963491151,
2024-05-01,ofi_100ms,secondary,9,0.615004901274,0.384995098726,85692,0.230009802549,
2024-05-01,ofi_100ms,secondary,10,0.732632679131,0.267367320869,86110,0.465265358263,
2024-06-01,microprice_deviation_bps,primary,1,0.0934308045711,0.906569195429,69217,-0.813138390858,
2024-06-01,microprice_deviation_bps,primary,2,0.159429291406,0.840570708594,56351,-0.681141417189,
2024-06-01,microprice_deviation_bps,primary,3,0.221819827976,0.778180172024,48598,-0.556360344047,
2024-06-01,microprice_deviation_bps,primary,4,0.291471008575,0.708528991425,39184,-0.41705798285,
2024-06-01,microprice_deviation_bps,primary,5,0.419602280951,0.580397719049,34547,-0.160795438099,
2024-06-01,microprice_deviation_bps,primary,6,0.568384197613,0.431615802387,36273,0.136768395225,
2024-06-01,microprice_deviation_bps,primary,7,0.675917735515,0.324082264485,36176,0.351835471031,
2024-06-01,microprice_deviation_bps,primary,8,0.772274318733,0.227725681267,40843,0.544548637465,
2024-06-01,microprice_deviation_bps,primary,9,0.858507427119,0.141492572881,50356,0.717014854238,
2024-06-01,microprice_deviation_bps,primary,10,0.933781997356,0.0662180026439,66568,0.867563994712,
2024-06-01,qi_1,primary,1,0.0927033665655,0.907296633434,69210,-0.814593266869,
2024-06-01,qi_1,primary,2,0.159151900759,0.840848099241,56267,-0.681696198482,
2024-06-01,qi_1,primary,3,0.222779708416,0.777220291584,48631,-0.554440583167,
2024-06-01,qi_1,primary,4,0.291266097157,0.708733902843,39215,-0.417467805687,
2024-06-01,qi_1,primary,5,0.419909161917,0.580090838083,34567,-0.160181676165,
2024-06-01,qi_1,primary,6,0.568539387761,0.431460612239,36293,0.137078775521,
2024-06-01,qi_1,primary,7,0.675330773693,0.324669226307,36203,0.350661547386,
2024-06-01,qi_1,primary,8,0.772502690539,0.227497309461,40884,0.545005381078,
2024-06-01,qi_1,primary,9,0.858547730208,0.141452269792,50335,0.717095460415,
2024-06-01,qi_1,primary,10,0.934128225176,0.0658717748241,66508,0.868256450352,
2024-06-01,di_10,secondary,1,0.0930768896045,0.906923110396,68943,-0.813846220791,
2024-06-01,di_10,secondary,2,0.169908672515,0.830091327485,55624,-0.660182654969,
2024-06-01,di_10,secondary,3,0.209905559591,0.790094440409,46802,-0.580188880817,
2024-06-01,di_10,secondary,4,0.311279667238,0.688720332762,40870,-0.377440665525,
2024-06-01,di_10,secondary,5,0.404548983524,0.595451016476,34777,-0.190902032953,
2024-06-01,di_10,secondary,6,0.573827399693,0.426172600307,37161,0.147654799386,
2024-06-01,di_10,secondary,7,0.679989930633,0.320010069367,35752,0.359979861267,
2024-06-01,di_10,secondary,8,0.748369460963,0.251630539037,41704,0.496738921926,
2024-06-01,di_10,secondary,9,0.852634845517,0.147365154483,51559,0.705269691034,
2024-06-01,di_10,secondary,10,0.937462454368,0.0625375456324,64921,0.874924908735,
2024-06-01,di_5,secondary,1,0.0919564937019,0.908043506298,69783,-0.816087012596,
2024-06-01,di_5,secondary,2,0.16399357028,0.83600642972,55990,-0.672012859439,
2024-06-01,di_5,secondary,3,0.220594828875,0.779405171125,46837,-0.558810342251,
2024-06-01,di_5,secondary,4,0.293033952373,0.706966047627,40439,-0.413932095255,
2024-06-01,di_5,secondary,5,0.409691888247,0.590308111753,34111,-0.180616223506,
2024-06-01,di_5,secondary,6,0.56366913351,0.43633086649,36619,0.12733826702,
2024-06-01,di_5,secondary,7,0.687489788138,0.312510211862,36722,0.374979576276,
2024-06-01,di_5,secondary,8,0.765691392497,0.234308607503,41185,0.531382784995,
2024-06-01,di_5,secondary,9,0.852810147268,0.147189852732,51403,0.705620294535,
2024-06-01,di_5,secondary,10,0.940191313976,0.0598086860236,65024,0.880382627953,
2024-06-01,ofi_100ms,secondary,1,0.392976159959,0.607023840041,54614,-0.214047680082,
2024-06-01,ofi_100ms,secondary,2,0.439237091411,0.560762908589,47817,-0.121525817178,
2024-06-01,ofi_100ms,secondary,3,0.45612118015,0.54387881985,53078,-0.0877576397001,
2024-06-01,ofi_100ms,secondary,4,0.514999608365,0.485000391635,51068,0.0299992167306,
2024-06-01,ofi_100ms,secondary,5,0.525535768896,0.474464231104,42509,0.051071537792,
2024-06-01,ofi_100ms,secondary,6,0.496049905025,0.503950094975,46328,-0.00790018994992,
2024-06-01,ofi_100ms,secondary,7,0.490163225597,0.509836774403,37004,-0.0196735488055,
2024-06-01,ofi_100ms,secondary,8,0.48715412747,0.51284587253,43477,-0.0256917450606,
2024-06-01,ofi_100ms,secondary,9,0.52001671542,0.47998328458,47860,0.0400334308399,
2024-06-01,ofi_100ms,secondary,10,0.5822142095,0.4177857905,54358,0.164428419,
2024-07-01,microprice_deviation_bps,primary,1,0.128935243663,0.871064756337,83127,-0.742129512673,
2024-07-01,microprice_deviation_bps,primary,2,0.208861787602,0.791138212398,80029,-0.582276424796,
2024-07-01,microprice_deviation_bps,primary,3,0.284252831567,0.715747168433,76636,-0.431494336865,
2024-07-01,microprice_deviation_bps,primary,4,0.373786536523,0.626213463477,75404,-0.252426926953,
2024-07-01,microprice_deviation_bps,primary,5,0.442597875067,0.557402124933,72567,-0.114804249866,
2024-07-01,microprice_deviation_bps,primary,6,0.519742219007,0.480257780993,74637,0.0394844380133,
2024-07-01,microprice_deviation_bps,primary,7,0.605547932793,0.394452067207,77254,0.211095865586,
2024-07-01,microprice_deviation_bps,primary,8,0.688888888889,0.311111111111,76590,0.377777777778,
2024-07-01,microprice_deviation_bps,primary,9,0.784810454805,0.215189545195,77132,0.56962090961,
2024-07-01,microprice_deviation_bps,primary,10,0.875398200075,0.124601799925,82559,0.75079640015,
2024-07-01,qi_1,primary,1,0.128293668937,0.871706331063,83114,-0.743412662127,
2024-07-01,qi_1,primary,2,0.2077125,0.7922875,80000,-0.584575,
2024-07-01,qi_1,primary,3,0.286539640309,0.713460359691,76677,-0.426920719381,
2024-07-01,qi_1,primary,4,0.373656983685,0.626343016315,75390,-0.25268603263,
2024-07-01,qi_1,primary,5,0.442313521259,0.557686478741,72582,-0.115372957483,
2024-07-01,qi_1,primary,6,0.519795281287,0.480204718713,74639,0.0395905625745,
2024-07-01,qi_1,primary,7,0.605283595226,0.394716404774,77258,0.210567190453,
2024-07-01,qi_1,primary,8,0.688796951267,0.311203048733,76622,0.377593902535,
2024-07-01,qi_1,primary,9,0.78507400729,0.21492599271,77087,0.570148014581,
2024-07-01,qi_1,primary,10,0.875420875421,0.124579124579,82566,0.750841750842,
2024-07-01,di_10,secondary,1,0.136341106638,0.863658893362,82719,-0.727317786724,
2024-07-01,di_10,secondary,2,0.201885190863,0.798114809137,78931,-0.596229618274,
2024-07-01,di_10,secondary,3,0.272392133691,0.727607866309,77851,-0.455215732617,
2024-07-01,di_10,secondary,4,0.382657301413,0.617342698587,74602,-0.234685397174,
2024-07-01,di_10,secondary,5,0.446201546189,0.553798453811,73859,-0.107596907621,
2024-07-01,di_10,secondary,6,0.517920055098,0.482079944902,75502,0.0358401101958,
2024-07-01,di_10,secondary,7,0.602845225487,0.397154774513,76479,0.205690450973,
2024-07-01,di_10,secondary,8,0.691833906483,0.308166093517,77932,0.383667812965,
2024-07-01,di_10,secondary,9,0.790706847586,0.209293152414,76056,0.581413695172,
2024-07-01,di_10,secondary,10,0.871616018731,0.128383981269,82004,0.743232037462,
2024-07-01,di_5,secondary,1,0.128445677077,0.871554322923,82930,-0.743108645846,
2024-07-01,di_5,secondary,2,0.207156404097,0.792843595903,79090,-0.585687191807,
2024-07-01,di_5,secondary,3,0.281541394055,0.718458605945,77644,-0.43691721189,
2024-07-01,di_5,secondary,4,0.383816489362,0.616183510638,75200,-0.232367021277,
2024-07-01,di_5,secondary,5,0.440522375826,0.559477624174,73204,-0.118955248347,
2024-07-01,di_5,secondary,6,0.516925697254,0.483074302746,75152,0.0338513945071,
2024-07-01,di_5,secondary,7,0.600424761235,0.399575238765,76749,0.200849522469,
2024-07-01,di_5,secondary,8,0.690403395384,0.309596604616,77517,0.380806790768,
2024-07-01,di_5,secondary,9,0.789106971486,0.210893028514,76067,0.578213942971,
2024-07-01,di_5,secondary,10,0.876174407031,0.123825592969,82382,0.752348814061,
2024-07-01,ofi_100ms,secondary,1,0.33368291404,0.66631708596,82003,-0.332634171921,
2024-07-01,ofi_100ms,secondary,2,0.44502737516,0.55497262484,78721,-0.109945249679,
2024-07-01,ofi_100ms,secondary,3,0.459050633732,0.540949366268,77083,-0.0818987325351,
2024-07-01,ofi_100ms,secondary,4,0.515031401215,0.484968598785,77704,0.0300628024297,
2024-07-01,ofi_100ms,secondary,5,0.456611087438,0.543388912562,72749,-0.0867778251247,
2024-07-01,ofi_100ms,secondary,6,0.491071321922,0.508928678078,83719,-0.0178573561557,
2024-07-01,ofi_100ms,secondary,7,0.487940602513,0.512059397487,65592,-0.024118794975,
2024-07-01,ofi_100ms,secondary,8,0.506368521676,0.493631478324,77412,0.0127370433525,
2024-07-01,ofi_100ms,secondary,9,0.543580892431,0.456419107569,78796,0.0871617848622,
2024-07-01,ofi_100ms,secondary,10,0.663299089537,0.336700910463,82156,0.326598179074,
2024-08-01,microprice_deviation_bps,primary,1,0.148936418478,0.851063581522,85701,-0.702127163044,
2024-08-01,microprice_deviation_bps,primary,2,0.246321268039,0.753678731961,84540,-0.507357463922,
2024-08-01,microprice_deviation_bps,primary,3,0.322375789348,0.677624210652,83930,-0.355248421303,
2024-08-01,microprice_deviation_bps,primary,4,0.385557604349,0.614442395651,83518,-0.228884791302,
2024-08-01,microprice_deviation_bps,primary,5,0.441272666057,0.558727333943,83164,-0.117454667885,
2024-08-01,microprice_deviation_bps,primary,6,0.523223520398,0.476776479602,83536,0.0464470407968,
2024-08-01,microprice_deviation_bps,primary,7,0.596246571038,0.403753428962,82751,0.192493142077,
2024-08-01,microprice_deviation_bps,primary,8,0.681983332334,0.318016667666,83395,0.363966664668,
2024-08-01,microprice_deviation_bps,primary,9,0.747262394856,0.252737605144,84289,0.494524789712,
2024-08-01,microprice_deviation_bps,primary,10,0.852963981109,0.147036018891,85122,0.705927962219,
2024-08-01,qi_1,primary,1,0.147991691367,0.852008308633,85694,-0.704016617266,
2024-08-01,qi_1,primary,2,0.246795364967,0.753204635033,84487,-0.506409270065,
2024-08-01,qi_1,primary,3,0.32284805679,0.67715194321,83959,-0.354303886421,
2024-08-01,qi_1,primary,4,0.385095250069,0.614904749931,83517,-0.229809499862,
2024-08-01,qi_1,primary,5,0.44164382903,0.55835617097,83196,-0.11671234194,
2024-08-01,qi_1,primary,6,0.522774599679,0.477225400321,83558,0.0455491993585,
2024-08-01,qi_1,primary,7,0.595707677629,0.404292322371,82799,0.191415355258,
2024-08-01,qi_1,primary,8,0.683856502242,0.316143497758,83402,0.367713004484,
2024-08-01,qi_1,primary,9,0.746457646026,0.253542353974,84266,0.492915292051,
2024-08-01,qi_1,primary,10,0.853105750694,0.146894249306,85068,0.706211501387,
2024-08-01,di_10,secondary,1,0.156582672375,0.843417327625,85482,-0.686834655249,
2024-08-01,di_10,secondary,2,0.250820020294,0.749179979706,84754,-0.498359959412,
2024-08-01,di_10,secondary,3,0.323544146766,0.676455853234,83834,-0.352911706468,
2024-08-01,di_10,secondary,4,0.38005400497,0.61994599503,83696,-0.239891990059,
2024-08-01,di_10,secondary,5,0.450094139374,0.549905860626,83387,-0.0998117212515,
2024-08-01,di_10,secondary,6,0.518356695675,0.481643304325,83539,0.0367133913501,
2024-08-01,di_10,secondary,7,0.587229176697,0.412770823303,83080,0.174458353394,
2024-08-01,di_10,secondary,8,0.684022927605,0.315977072395,83044,0.368045855209,
2024-08-01,di_10,secondary,9,0.746850323577,0.253149676423,84215,0.493700647153,
2024-08-01,di_10,secondary,10,0.849790967438,0.150209032562,84915,0.699581934876,
2024-08-01,di_5,secondary,1,0.150651656,0.849348344,85628,-0.698696687999,
2024-08-01,di_5,secondary,2,0.244862042899,0.755137957101,84664,-0.510275914202,
2024-08-01,di_5,secondary,3,0.325639954651,0.674360045349,83795,-0.348720090698,
2024-08-01,di_5,secondary,4,0.383365829735,0.616634170265,83599,-0.23326834053,
2024-08-01,di_5,secondary,5,0.446593786375,0.553406213625,83333,-0.10681242725,
2024-08-01,di_5,secondary,6,0.518950017979,0.481049982021,83430,0.0379000359583,
2024-08-01,di_5,secondary,7,0.594885485118,0.405114514882,82784,0.189770970236,
2024-08-01,di_5,secondary,8,0.681137186279,0.318862813721,83434,0.362274372558,
2024-08-01,di_5,secondary,9,0.747748923398,0.252251076602,84293,0.495497846796,
2024-08-01,di_5,secondary,10,0.852752218012,0.147247781988,84986,0.705504436025,
2024-08-01,ofi_100ms,secondary,1,0.277301214943,0.722698785057,85683,-0.445397570113,
2024-08-01,ofi_100ms,secondary,2,0.407740200934,0.592259799066,84804,-0.184519598132,
2024-08-01,ofi_100ms,secondary,3,0.444879460896,0.555120539104,84288,-0.110241078208,
2024-08-01,ofi_100ms,secondary,4,0.467863541804,0.532136458196,83161,-0.0642729163911,
2024-08-01,ofi_100ms,secondary,5,0.479821567202,0.520178432798,81151,-0.0403568655962,
2024-08-01,ofi_100ms,secondary,6,0.494217601117,0.505782398883,83097,-0.0115647977665,
2024-08-01,ofi_100ms,secondary,7,0.512849566056,0.487150433944,82960,0.0256991321119,
2024-08-01,ofi_100ms,secondary,8,0.544983580904,0.455016419096,84353,0.0899671618081,
2024-08-01,ofi_100ms,secondary,9,0.590071490928,0.409928509072,84766,0.180142981856,
2024-08-01,ofi_100ms,secondary,10,0.720948146073,0.279051853927,85683,0.441896292147,
2024-09-01,microprice_deviation_bps,primary,1,0.117042878731,0.882957121269,84704,-0.765914242539,
2024-09-01,microprice_deviation_bps,primary,2,0.208469941975,0.791530058025,80827,-0.58306011605,
2024-09-01,microprice_deviation_bps,primary,3,0.293798824398,0.706201175602,78598,-0.412402351205,
2024-09-01,microprice_deviation_bps,primary,4,0.411901862743,0.588098137257,77198,-0.176196274515,
2024-09-01,microprice_deviation_bps,primary,5,0.48217135416,0.51782864584,78329,-0.03565729168,
2024-09-01,microprice_deviation_bps,primary,6,0.573847140002,0.426152859998,79563,0.147694280005,
2024-09-01,microprice_deviation_bps,primary,7,0.647199617042,0.352800382958,79382,0.294399234083,
2024-09-01,microprice_deviation_bps,primary,8,0.70620246044,0.29379753956,81774,0.412404920879,
2024-09-01,microprice_deviation_bps,primary,9,0.797141306314,0.202858693686,82905,0.594282612629,
2024-09-01,microprice_deviation_bps,primary,10,0.897324104215,0.102675895785,85093,0.794648208431,
2024-09-01,qi_1,primary,1,0.113609719706,0.886390280294,84447,-0.772780560588,
2024-09-01,qi_1,primary,2,0.21039735673,0.78960264327,80809,-0.57920528654,
2024-09-01,qi_1,primary,3,0.293534806222,0.706465193778,78621,-0.412930387555,
2024-09-01,qi_1,primary,4,0.412936737647,0.587063262353,77392,-0.174126524705,
2024-09-01,qi_1,primary,5,0.482146274255,0.517853725745,78387,-0.0357074514907,
2024-09-01,qi_1,primary,6,0.574112656258,0.425887343742,79676,0.148225312516,
2024-09-01,qi_1,primary,7,0.646512624099,0.353487375901,79372,0.293025248198,
2024-09-01,qi_1,primary,8,0.705339235924,0.294660764076,81772,0.410678471849,
2024-09-01,qi_1,primary,9,0.798287448515,0.201712551485,83034,0.59657489703,
2024-09-01,qi_1,primary,10,0.897929604186,0.102070395814,84863,0.795859208371,
2024-09-01,di_10,secondary,1,0.127920323298,0.872079676702,83638,-0.744159353404,
2024-09-01,di_10,secondary,2,0.21174631312,0.78825368688,81234,-0.57650737376,
2024-09-01,di_10,secondary,3,0.291305616524,0.708694383476,78821,-0.417388766953,
2024-09-01,di_10,secondary,4,0.410270354257,0.589729645743,77232,-0.179459291485,
2024-09-01,di_10,secondary,5,0.487202520275,0.512797479725,79039,-0.0255949594504,
2024-09-01,di_10,secondary,6,0.569847960259,0.430152039741,79716,0.139695920518,
2024-09-01,di_10,secondary,7,0.634077609515,0.365922390485,78779,0.26815521903,
2024-09-01,di_10,secondary,8,0.732263038105,0.267736961895,81722,0.46452607621,
2024-09-01,di_10,secondary,9,0.791552464962,0.208447535038,83551,0.583104929923,
2024-09-01,di_10,secondary,10,0.877080847343,0.122919152657,84641,0.754161694687,
2024-09-01,di_5,secondary,1,0.118246735501,0.881753264499,84163,-0.763506528997,
2024-09-01,di_5,secondary,2,0.212617976973,0.787382023027,80948,-0.574764046054,
2024-09-01,di_5,secondary,3,0.297715652108,0.702284347892,78622,-0.404568695785,
2024-09-01,di_5,secondary,4,0.410805010795,0.589194989205,77353,-0.178389978411,
2024-09-01,di_5,secondary,5,0.481526655486,0.518473344514,78708,-0.0369466890278,
2024-09-01,di_5,secondary,6,0.572399129374,0.427600870626,79483,0.144798258747,
2024-09-01,di_5,secondary,7,0.636631174769,0.363368825231,79173,0.273262349538,
2024-09-01,di_5,secondary,8,0.722927091872,0.277072908128,81733,0.445854183745,
2024-09-01,di_5,secondary,9,0.791544805101,0.208455194899,83428,0.583089610203,
2024-09-01,di_5,secondary,10,0.889266416555,0.110733583445,84762,0.778532833109,
2024-09-01,ofi_100ms,secondary,1,0.306201918511,0.693798081489,84232,-0.387596162978,
2024-09-01,ofi_100ms,secondary,2,0.43030443423,0.56969556577,82021,-0.139391131539,
2024-09-01,ofi_100ms,secondary,3,0.480312695435,0.519687304565,79950,-0.0393746091307,
2024-09-01,ofi_100ms,secondary,4,0.496022727273,0.503977272727,73920,-0.00795454545455,
2024-09-01,ofi_100ms,secondary,5,0.520628382095,0.479371617905,78169,0.0412567641904,
2024-09-01,ofi_100ms,secondary,6,0.546406484539,0.453593515461,83275,0.0928129690784,
2024-09-01,ofi_100ms,secondary,7,0.505807642883,0.494192357117,80153,0.011615285766,
2024-09-01,ofi_100ms,secondary,8,0.555938037866,0.444061962134,80178,0.111876075731,
2024-09-01,ofi_100ms,secondary,9,0.602629016553,0.397370983447,82160,0.205258033106,
2024-09-01,ofi_100ms,secondary,10,0.707667674791,0.292332325209,84315,0.415335349582,
2024-10-01,microprice_deviation_bps,primary,1,0.118040115426,0.881959884574,84556,-0.763919769147,
2024-10-01,microprice_deviation_bps,primary,2,0.234108658333,0.765891341667,82718,-0.531782683334,
2024-10-01,microprice_deviation_bps,primary,3,0.314757353854,0.685242646146,80570,-0.370485292292,
2024-10-01,microprice_deviation_bps,primary,4,0.387326139837,0.612673860163,80165,-0.225347720327,
2024-10-01,microprice_deviation_bps,primary,5,0.449880774773,0.550119225227,78423,-0.100238450455,
2024-10-01,microprice_deviation_bps,primary,6,0.518896413472,0.481103586528,77819,0.0377928269446,
2024-10-01,microprice_deviation_bps,primary,7,0.593122420908,0.406877579092,79970,0.186244841816,
2024-10-01,microprice_deviation_bps,primary,8,0.66109047363,0.33890952637,81836,0.32218094726,
2024-10-01,microprice_deviation_bps,primary,9,0.762463165298,0.237536834702,82463,0.524926330597,
2024-10-01,microprice_deviation_bps,primary,10,0.862185919328,0.137814080672,85209,0.724371838656,
2024-10-01,qi_1,primary,1,0.1145631989,0.8854368011,84329,-0.770873602201,
2024-10-01,qi_1,primary,2,0.235268499812,0.764731500188,82663,-0.529463000375,
2024-10-01,qi_1,primary,3,0.315281375088,0.684718624912,80693,-0.369437249823,
2024-10-01,qi_1,primary,4,0.388250398883,0.611749601117,80224,-0.223499202234,
2024-10-01,qi_1,primary,5,0.450070681728,0.549929318272,78521,-0.0998586365431,
2024-10-01,qi_1,primary,6,0.519451182729,0.480548817271,77913,0.0389023654589,
2024-10-01,qi_1,primary,7,0.593183266882,0.406816733118,80009,0.186366533765,
2024-10-01,qi_1,primary,8,0.662385656787,0.337614343213,81990,0.324771313575,
2024-10-01,qi_1,primary,9,0.760864031419,0.239135968581,82497,0.521728062839,
2024-10-01,qi_1,primary,10,0.862810696195,0.137189303805,84890,0.72562139239,
2024-10-01,di_10,secondary,1,0.124851098299,0.875148901701,83948,-0.750297803402,
2024-10-01,di_10,secondary,2,0.242556115437,0.757443884563,82954,-0.514887769125,
2024-10-01,di_10,secondary,3,0.317797550095,0.682202449905,81146,-0.36440489981,
2024-10-01,di_10,secondary,4,0.387775389242,0.612224610758,80477,-0.224449221517,
2024-10-01,di_10,secondary,5,0.459903172929,0.540096827071,78697,-0.0801936541418,
2024-10-01,di_10,secondary,6,0.522362880066,0.477637119934,77651,0.0447257601319,
2024-10-01,di_10,secondary,7,0.586944769233,0.413055230767,79539,0.173889538465,
2024-10-01,di_10,secondary,8,0.649014118793,0.350985881207,82160,0.298028237585,
2024-10-01,di_10,secondary,9,0.763390002292,0.236609997708,82879,0.526780004585,
2024-10-01,di_10,secondary,10,0.850304943164,0.149695056836,84278,0.700609886329,
2024-10-01,di_5,secondary,1,0.119038580174,0.880961419826,84292,-0.761922839653,
2024-10-01,di_5,secondary,2,0.235069624763,0.764930375237,82801,-0.529860750474,
2024-10-01,di_5,secondary,3,0.318974042027,0.681025957973,80900,-0.362051915946,
2024-10-01,di_5,secondary,4,0.393222745274,0.606777254726,80298,-0.213554509452,
2024-10-01,di_5,secondary,5,0.453335028931,0.546664971069,78635,-0.0933299421377,
2024-10-01,di_5,secondary,6,0.515499174066,0.484500825934,77488,0.0309983481313,
2024-10-01,di_5,secondary,7,0.588792640092,0.411207359908,80001,0.177585280184,
2024-10-01,di_5,secondary,8,0.65724808234,0.34275191766,82001,0.314496164681,
2024-10-01,di_5,secondary,9,0.761819944263,0.238180055737,82530,0.523639888525,
2024-10-01,di_5,secondary,10,0.860408336577,0.139591663423,84783,0.720816673154,
2024-10-01,ofi_100ms,secondary,1,0.279094191782,0.720905808218,84742,-0.441811616436,
2024-10-01,ofi_100ms,secondary,2,0.409923838629,0.590076161371,83113,-0.180152322741,
2024-10-01,ofi_100ms,secondary,3,0.439928786298,0.560071213702,81445,-0.120142427405,
2024-10-01,ofi_100ms,secondary,4,0.475277822516,0.524722177484,80717,-0.0494443549686,
2024-10-01,ofi_100ms,secondary,5,0.50883373646,0.49116626354,76072,0.0176674729204,
2024-10-01,ofi_100ms,secondary,6,0.471455889852,0.528544110148,78440,-0.0570882202958,
2024-10-01,ofi_100ms,secondary,7,0.50259404183,0.49740595817,79991,0.00518808365941,
2024-10-01,ofi_100ms,secondary,8,0.548798900168,0.451201099832,81467,0.0975978003363,
2024-10-01,ofi_100ms,secondary,9,0.569183184701,0.430816815299,83091,0.138366369402,
2024-10-01,ofi_100ms,secondary,10,0.702673329317,0.297326670683,84651,0.405346658634,
2024-11-01,microprice_deviation_bps,primary,1,0.132840676048,0.867159323952,84846,-0.734318647903,
2024-11-01,microprice_deviation_bps,primary,2,0.251475342844,0.748524657156,83201,-0.497049314311,
2024-11-01,microprice_deviation_bps,primary,3,0.344759409531,0.655240590469,82443,-0.310481180937,
2024-11-01,microprice_deviation_bps,primary,4,0.426304105187,0.573695894813,81531,-0.147391789626,
2024-11-01,microprice_deviation_bps,primary,5,0.489679359938,0.510320640062,82117,-0.0206412801247,
2024-11-01,microprice_deviation_bps,primary,6,0.553036643499,0.446963356501,82443,0.106073286998,
2024-11-01,microprice_deviation_bps,primary,7,0.627437996629,0.372562003371,83060,0.254875993258,
2024-11-01,microprice_deviation_bps,primary,8,0.69504493125,0.30495506875,83127,0.3900898625,
2024-11-01,microprice_deviation_bps,primary,9,0.787254238897,0.212745761103,84279,0.574508477794,
2024-11-01,microprice_deviation_bps,primary,10,0.873849485652,0.126150514348,84962,0.747698971305,
2024-11-01,qi_1,primary,1,0.132233741753,0.867766258247,84880,-0.735532516494,
2024-11-01,qi_1,primary,2,0.250913110342,0.749086889658,83232,-0.498173779316,
2024-11-01,qi_1,primary,3,0.345630007283,0.654369992717,82380,-0.308739985433,
2024-11-01,qi_1,primary,4,0.426490244889,0.573509755111,81547,-0.147019510221,
2024-11-01,qi_1,primary,5,0.489945066322,0.510054933678,82099,-0.0201098673553,
2024-11-01,qi_1,primary,6,0.55272894906,0.44727105094,82431,0.105457898121,
2024-11-01,qi_1,primary,7,0.627476707514,0.372523292486,83074,0.254953415028,
2024-11-01,qi_1,primary,8,0.695910655402,0.304089344598,83094,0.391821310805,
2024-11-01,qi_1,primary,9,0.787015729164,0.212984270836,84302,0.574031458328,
2024-11-01,qi_1,primary,10,0.873461221608,0.126538778392,84970,0.746922443215,
2024-11-01,di_10,secondary,1,0.136273678258,0.863726321742,84888,-0.727452643483,
2024-11-01,di_10,secondary,2,0.254086645288,0.745913354712,83259,-0.491826709425,
2024-11-01,di_10,secondary,3,0.353135313531,0.646864686469,82416,-0.293729372937,
2024-11-01,di_10,secondary,4,0.422091118474,0.577908881526,81191,-0.155817763053,
2024-11-01,di_10,secondary,5,0.495236236322,0.504763763678,81973,-0.00952752735657,
2024-11-01,di_10,secondary,6,0.548746417475,0.451253582525,83042,0.097492834951,
2024-11-01,di_10,secondary,7,0.621259776099,0.378740223901,82983,0.242519552197,
2024-11-01,di_10,secondary,8,0.696636512366,0.303363487634,83128,0.393273024733,
2024-11-01,di_10,secondary,9,0.784076039114,0.215923960886,84062,0.568152078228,
2024-11-01,di_10,secondary,10,0.870219944279,0.129780055721,85067,0.740439888558,
2024-11-01,di_5,secondary,1,0.131720936808,0.868279063192,84884,-0.736558126384,
2024-11-01,di_5,secondary,2,0.252701159786,0.747298840214,83205,-0.494597680428,
2024-11-01,di_5,secondary,3,0.353971778352,0.646028221648,82419,-0.292056443296,
2024-11-01,di_5,secondary,4,0.422645450636,0.577354549364,81385,-0.154709098728,
2024-11-01,di_5,secondary,5,0.490941675607,0.509058324393,82024,-0.0181166487857,
2024-11-01,di_5,secondary,6,0.54914610087,0.45085389913,82621,0.0982922017405,
2024-11-01,di_5,secondary,7,0.62413905016,0.37586094984,83193,0.248278100321,
2024-11-01,di_5,secondary,8,0.696598344359,0.303401655641,82989,0.393196688718,
2024-11-01,di_5,secondary,9,0.786488473579,0.213511526421,84328,0.572976947159,
2024-11-01,di_5,secondary,10,0.873212415108,0.126787584892,84961,0.746424830216,
2024-11-01,ofi_100ms,secondary,1,0.319261399676,0.680738600324,85134,-0.361477200648,
2024-11-01,ofi_100ms,secondary,2,0.44410937351,0.55589062649,83896,-0.11178125298,
2024-11-01,ofi_100ms,secondary,3,0.47948265868,0.52051734132,82808,-0.0410346826394,
2024-11-01,ofi_100ms,secondary,4,0.497073433479,0.502926566521,83545,-0.00585313304207,
2024-11-01,ofi_100ms,secondary,5,0.523618774091,0.476381225909,79386,0.0472375481823,
2024-11-01,ofi_100ms,secondary,6,0.505991608121,0.494008391879,82699,0.011983216242,
2024-11-01,ofi_100ms,secondary,7,0.543130718318,0.456869281682,82192,0.0862614366362,
2024-11-01,ofi_100ms,secondary,8,0.562930328856,0.437069671144,83076,0.125860657711,
2024-11-01,ofi_100ms,secondary,9,0.596664049302,0.403335950698,84054,0.193328098603,
2024-11-01,ofi_100ms,secondary,10,0.716037503374,0.283962496626,85219,0.432075006747,
2024-12-01,microprice_deviation_bps,primary,1,0.111938847435,0.888061152565,82286,-0.776122305131,
2024-12-01,microprice_deviation_bps,primary,2,0.226529170047,0.773470829953,76414,-0.546941659905,
2024-12-01,microprice_deviation_bps,primary,3,0.303383770409,0.696616229591,73557,-0.393232459181,
2024-12-01,microprice_deviation_bps,primary,4,0.401780407227,0.598219592773,72343,-0.196439185547,
2024-12-01,microprice_deviation_bps,primary,5,0.447980329174,0.552019670826,70358,-0.104039341653,
2024-12-01,microprice_deviation_bps,primary,6,0.503723657107,0.496276342893,69421,0.00744731421328,
2024-12-01,microprice_deviation_bps,primary,7,0.597401683416,0.402598316584,71046,0.194803366833,
2024-12-01,microprice_deviation_bps,primary,8,0.696944651073,0.303055348927,72594,0.393889302146,
2024-12-01,microprice_deviation_bps,primary,9,0.782818532819,0.217181467181,75628,0.565637065637,
2024-12-01,microprice_deviation_bps,primary,10,0.890130767333,0.109869232667,81060,0.780261534666,
2024-12-01,qi_1,primary,1,0.110845159409,0.889154840591,82304,-0.778309681182,
2024-12-01,qi_1,primary,2,0.227460732984,0.772539267016,76400,-0.545078534031,
2024-12-01,qi_1,primary,3,0.303725474188,0.696274525812,73494,-0.392549051623,
2024-12-01,qi_1,primary,4,0.401289716787,0.598710283213,72419,-0.197420566426,
2024-12-01,qi_1,primary,5,0.448320964486,0.551679035514,70338,-0.103358071028,
2024-12-01,qi_1,primary,6,0.503803048201,0.496196951799,69418,0.00760609640151,
2024-12-01,qi_1,primary,7,0.597695651562,0.402304348438,71083,0.195391303125,
2024-12-01,qi_1,primary,8,0.69719687991,0.30280312009,72562,0.394393759819,
2024-12-01,qi_1,primary,9,0.782143376857,0.217856623143,75591,0.564286753714,
2024-12-01,qi_1,primary,10,0.890219240918,0.109780759082,81098,0.780438481837,
2024-12-01,di_10,secondary,1,0.119683313033,0.880316686967,82100,-0.760633373934,
2024-12-01,di_10,secondary,2,0.221847332836,0.778152667164,76467,-0.556305334327,
2024-12-01,di_10,secondary,3,0.298040810792,0.701959189208,73755,-0.403918378415,
2024-12-01,di_10,secondary,4,0.398278657852,0.601721342148,72153,-0.203442684296,
2024-12-01,di_10,secondary,5,0.456184062531,0.543815937469,70237,-0.0876318749377,
2024-12-01,di_10,secondary,6,0.512512742466,0.487487257534,69649,0.0250254849316,
2024-12-01,di_10,secondary,7,0.588527907369,0.411472092631,71164,0.177055814738,
2024-12-01,di_10,secondary,8,0.697575932572,0.302424067428,72729,0.395151865143,
2024-12-01,di_10,secondary,9,0.783726902102,0.216273097898,75548,0.567453804204,
2024-12-01,di_10,secondary,10,0.886397626846,0.113602373154,80905,0.772795253693,
2024-12-01,di_5,secondary,1,0.115808555161,0.884191444839,82196,-0.768382889678,
2024-12-01,di_5,secondary,2,0.224210843295,0.775789156705,76379,-0.551578313411,
2024-12-01,di_5,secondary,3,0.306745465661,0.693254534339,73605,-0.386509068677,
2024-12-01,di_5,secondary,4,0.394846148503,0.605153851497,71985,-0.210307702994,
2024-12-01,di_5,secondary,5,0.452495609314,0.547504390686,70604,-0.0950087813722,
2024-12-01,di_5,secondary,6,0.51161418456,0.48838581544,69484,0.0232283691209,
2024-12-01,di_5,secondary,7,0.59222781136,0.40777218864,70971,0.184455622719,
2024-12-01,di_5,secondary,8,0.691427630767,0.308572369233,72897,0.382855261533,
2024-12-01,di_5,secondary,9,0.782560940105,0.217439059895,75566,0.565121880211,
2024-12-01,di_5,secondary,10,0.889582819057,0.110417180943,81020,0.779165638114,
2024-12-01,ofi_100ms,secondary,1,0.361360415683,0.638639584317,78329,-0.277279168635,
2024-12-01,ofi_100ms,secondary,2,0.419539333437,0.580460666563,76932,-0.160921333125,
2024-12-01,ofi_100ms,secondary,3,0.464507458675,0.535492541325,74410,-0.0709850826502,
2024-12-01,ofi_100ms,secondary,4,0.49638538206,0.50361461794,75250,-0.0072292358804,
2024-12-01,ofi_100ms,secondary,5,0.504651127842,0.495348872158,66543,0.00930225568429,
2024-12-01,ofi_100ms,secondary,6,0.495349794823,0.504650205177,70427,-0.00930041035398,
2024-12-01,ofi_100ms,secondary,7,0.519623787066,0.480376212934,73788,0.0392475741313,
2024-12-01,ofi_100ms,secondary,8,0.526002590813,0.473997409187,74108,0.0520051816268,
2024-12-01,ofi_100ms,secondary,9,0.530972759604,0.469027240396,76761,0.061945519209,
2024-12-01,ofi_100ms,secondary,10,0.636382246446,0.363617753554,78159,0.272764492893,
2025-01-01,microprice_deviation_bps,primary,1,0.141453564965,0.858546435035,81221,-0.717092870071,
2025-01-01,microprice_deviation_bps,primary,2,0.239668983078,0.760331016922,75404,-0.520662033844,
2025-01-01,microprice_deviation_bps,primary,3,0.305380432503,0.694619567497,71537,-0.389239134993,
2025-01-01,microprice_deviation_bps,primary,4,0.375856286064,0.624143713936,70362,-0.248287427873,
2025-01-01,microprice_deviation_bps,primary,5,0.451948318594,0.548051681406,68187,-0.0961033628111,
2025-01-01,microprice_deviation_bps,primary,6,0.519729994945,0.480270005055,67258,0.0394599898897,
2025-01-01,microprice_deviation_bps,primary,7,0.581586104044,0.418413895956,68394,0.163172208088,
2025-01-01,microprice_deviation_bps,primary,8,0.676094369824,0.323905630176,71845,0.352188739648,
2025-01-01,microprice_deviation_bps,primary,9,0.735079024913,0.264920975087,74660,0.470158049826,
2025-01-01,microprice_deviation_bps,primary,10,0.857350983397,0.142649016603,79622,0.714701966793,
2025-01-01,qi_1,primary,1,0.14181133654,0.85818866346,81277,-0.716377326919,
2025-01-01,qi_1,primary,2,0.239682034132,0.760317965868,75354,-0.520635931736,
2025-01-01,qi_1,primary,3,0.304198297194,0.695801702806,71529,-0.391603405612,
2025-01-01,qi_1,primary,4,0.376976516217,0.623023483783,70389,-0.246046967566,
2025-01-01,qi_1,primary,5,0.451693833536,0.548306166464,68159,-0.0966123329274,
2025-01-01,qi_1,primary,6,0.519603324462,0.480396675538,67259,0.0392066489243,
2025-01-01,qi_1,primary,7,0.581943081452,0.418056918548,68273,0.163886162905,
2025-01-01,qi_1,primary,8,0.675472275547,0.324527724453,71886,0.350944551095,
2025-01-01,qi_1,primary,9,0.734134203767,0.265865796233,74752,0.468268407534,
2025-01-01,qi_1,primary,10,0.858413304527,0.141586695473,79612,0.716826609054,
2025-01-01,di_10,secondary,1,0.140890248717,0.859109751283,81056,-0.718219502566,
2025-01-01,di_10,secondary,2,0.245157712671,0.754842287329,75739,-0.509684574658,
2025-01-01,di_10,secondary,3,0.30349972908,0.69650027092,71977,-0.39300054184,
2025-01-01,di_10,secondary,4,0.37756993356,0.62243006644,70138,-0.244860132881,
2025-01-01,di_10,secondary,5,0.452310732297,0.547689267703,67814,-0.0953785354057,
2025-01-01,di_10,secondary,6,0.516930663479,0.483069336521,66920,0.0338613269576,
2025-01-01,di_10,secondary,7,0.588851032983,0.411148967017,68975,0.177702065966,
2025-01-01,di_10,secondary,8,0.675232665381,0.324767334619,71562,0.350465330762,
2025-01-01,di_10,secondary,9,0.736299446361,0.263700553639,74778,0.472598892722,
2025-01-01,di_10,secondary,10,0.84929147125,0.15070852875,79531,0.6985829425,
2025-01-01,di_5,secondary,1,0.1413744706,0.8586255294,81224,-0.7172510588,
2025-01-01,di_5,secondary,2,0.243554907549,0.756445092451,75445,-0.512890184903,
2025-01-01,di_5,secondary,3,0.303742372502,0.696257627498,71452,-0.392515254996,
2025-01-01,di_5,secondary,4,0.376053962901,0.623946037099,70567,-0.247892074199,
2025-01-01,di_5,secondary,5,0.453057519727,0.546942480273,68307,-0.0938849605458,
2025-01-01,di_5,secondary,6,0.51647366455,0.48352633545,66925,0.0329473290997,
2025-01-01,di_5,secondary,7,0.586659862954,0.413340137046,68590,0.173319725908,
2025-01-01,di_5,secondary,8,0.673169167271,0.326830832729,71716,0.346338334542,
2025-01-01,di_5,secondary,9,0.736481605351,0.263518394649,74750,0.472963210702,
2025-01-01,di_5,secondary,10,0.854491033026,0.145508966974,79514,0.708982066051,
2025-01-01,ofi_100ms,secondary,1,0.37025600287,0.62974399713,78046,-0.25948799426,
2025-01-01,ofi_100ms,secondary,2,0.443053533019,0.556946466981,74851,-0.113892933962,
2025-01-01,ofi_100ms,secondary,3,0.458374729507,0.541625270493,73477,-0.0832505409856,
2025-01-01,ofi_100ms,secondary,4,0.478189904314,0.521810095686,66781,-0.0436201913718,
2025-01-01,ofi_100ms,secondary,5,0.478800659875,0.521199340125,58799,-0.0423986802497,
2025-01-01,ofi_100ms,secondary,6,0.50815872065,0.49184127935,76789,0.0163174413002,
2025-01-01,ofi_100ms,secondary,7,0.483949024036,0.516050975964,74388,-0.0321019519277,
2025-01-01,ofi_100ms,secondary,8,0.496386973762,0.503613026238,72377,-0.00722605247523,
2025-01-01,ofi_100ms,secondary,9,0.528697557001,0.471302442999,74867,0.0573951140022,
2025-01-01,ofi_100ms,secondary,10,0.624271906804,0.375728093196,78115,0.248543813608,
2025-02-01,microprice_deviation_bps,primary,1,0.11136564731,0.88863435269,82503,-0.77726870538,
2025-02-01,microprice_deviation_bps,primary,2,0.24068453004,0.75931546996,76432,-0.51863093992,
2025-02-01,microprice_deviation_bps,primary,3,0.311189517487,0.688810482513,74257,-0.377620965027,
2025-02-01,microprice_deviation_bps,primary,4,0.429242277324,0.570757722676,72190,-0.141515445353,
2025-02-01,microprice_deviation_bps,primary,5,0.48314259202,0.51685740798,71126,-0.0337148159604,
2025-02-01,microprice_deviation_bps,primary,6,0.58801149814,0.41198850186,70968,0.17602299628,
2025-02-01,microprice_deviation_bps,primary,7,0.669909905013,0.330090094987,73589,0.339819810026,
2025-02-01,microprice_deviation_bps,primary,8,0.747862731677,0.252137268323,74511,0.495725463354,
2025-02-01,microprice_deviation_bps,primary,9,0.820435800835,0.179564199165,78568,0.64087160167,
2025-02-01,microprice_deviation_bps,primary,10,0.912900001204,0.0870999987956,83031,0.825800002409,
2025-02-01,qi_1,primary,1,0.111737888274,0.888262111726,82255,-0.776524223451,
2025-02-01,qi_1,primary,2,0.239958186332,0.760041813668,76530,-0.520083627336,
2025-02-01,qi_1,primary,3,0.310904591549,0.689095408451,74354,-0.378190816903,
2025-02-01,qi_1,primary,4,0.429590141235,0.570409858765,72220,-0.14081971753,
2025-02-01,qi_1,primary,5,0.482701927941,0.517298072059,71164,-0.0345961441178,
2025-02-01,qi_1,primary,6,0.588958350934,0.411041649066,71022,0.177916701867,
2025-02-01,qi_1,primary,7,0.668510314462,0.331489685538,73586,0.337020628924,
2025-02-01,qi_1,primary,8,0.747285013273,0.252714986727,74586,0.494570026547,
2025-02-01,qi_1,primary,9,0.821312143439,0.178687856561,78528,0.642624286879,
2025-02-01,qi_1,primary,10,0.913433015796,0.0865669842035,82930,0.826866031593,
2025-02-01,di_10,secondary,1,0.114605375167,0.885394624833,82230,-0.770789249666,
2025-02-01,di_10,secondary,2,0.246324007807,0.753675992193,76850,-0.507351984385,
2025-02-01,di_10,secondary,3,0.315788052649,0.684211947351,74075,-0.368423894701,
2025-02-01,di_10,secondary,4,0.418327244548,0.581672755452,72264,-0.163345510904,
2025-02-01,di_10,secondary,5,0.493723965952,0.506276034048,71781,-0.012552068096,
2025-02-01,di_10,secondary,6,0.589516995645,0.410483004355,70724,0.17903399129,
2025-02-01,di_10,secondary,7,0.660646660742,0.339353339258,73145,0.321293321485,
2025-02-01,di_10,secondary,8,0.744110718492,0.255889281508,74712,0.488221436985,
2025-02-01,di_10,secondary,9,0.819915766436,0.180084233564,78591,0.639831532873,
2025-02-01,di_10,secondary,10,0.912889629603,0.0871103703972,82803,0.825779259206,
2025-02-01,di_5,secondary,1,0.112572886297,0.887427113703,82320,-0.774854227405,
2025-02-01,di_5,secondary,2,0.242800978963,0.757199021037,76816,-0.514398042075,
2025-02-01,di_5,secondary,3,0.313890014863,0.686109985137,74010,-0.372219970274,
2025-02-01,di_5,secondary,4,0.426612613111,0.573387386889,72274,-0.146774773778,
2025-02-01,di_5,secondary,5,0.489920569323,0.510079430677,71383,-0.0201588613535,
2025-02-01,di_5,secondary,6,0.587129968988,0.412870031012,70940,0.174259937976,
2025-02-01,di_5,secondary,7,0.660827895039,0.339172104961,73246,0.321655790077,
2025-02-01,di_5,secondary,8,0.747587519434,0.252412480566,74612,0.495175038868,
2025-02-01,di_5,secondary,9,0.820730034546,0.179269965454,78736,0.641460069092,
2025-02-01,di_5,secondary,10,0.913179941573,0.0868200584273,82838,0.826359883145,
2025-02-01,ofi_100ms,secondary,1,0.386792094501,0.613207905499,78983,-0.226415810997,
2025-02-01,ofi_100ms,secondary,2,0.466882256682,0.533117743318,76998,-0.066235486636,
2025-02-01,ofi_100ms,secondary,3,0.502467798242,0.497532201758,74763,0.00493559648489,
2025-02-01,ofi_100ms,secondary,4,0.567386568409,0.432613431591,74362,0.134773136817,
2025-02-01,ofi_100ms,secondary,5,0.553700128226,0.446299871774,67849,0.107400256452,
2025-02-01,ofi_100ms,secondary,6,0.530685383533,0.469314616467,73944,0.061370767067,
2025-02-01,ofi_100ms,secondary,7,0.537294789436,0.462705210564,78456,0.0745895788722,
2025-02-01,ofi_100ms,secondary,8,0.559272090153,0.440727909847,75339,0.118544180305,
2025-02-01,ofi_100ms,secondary,9,0.573504649898,0.426495350102,77206,0.147009299795,
2025-02-01,ofi_100ms,secondary,10,0.648640807316,0.351359192684,79275,0.297281614633,
2025-03-01,microprice_deviation_bps,primary,1,0.13883972239,0.86116027761,85876,-0.722320555219,
2025-03-01,microprice_deviation_bps,primary,2,0.287312153422,0.712687846578,84577,-0.425375693155,
2025-03-01,microprice_deviation_bps,primary,3,0.353364347034,0.646635652966,83404,-0.293271305933,
2025-03-01,microprice_deviation_bps,primary,4,0.430560909792,0.569439090208,83008,-0.138878180416,
2025-03-01,microprice_deviation_bps,primary,5,0.492611605536,0.507388394464,83374,-0.014776788927,
2025-03-01,microprice_deviation_bps,primary,6,0.561685601249,0.438314398751,82653,0.123371202497,
2025-03-01,microprice_deviation_bps,primary,7,0.632510723095,0.367489276905,82299,0.26502144619,
2025-03-01,microprice_deviation_bps,primary,8,0.682672934856,0.317327065144,83384,0.365345869711,
2025-03-01,microprice_deviation_bps,primary,9,0.79049390866,0.20950609134,83315,0.58098781732,
2025-03-01,microprice_deviation_bps,primary,10,0.888551756331,0.111448243669,85690,0.777103512662,
2025-03-01,qi_1,primary,1,0.14008570497,0.85991429503,85876,-0.71982859006,
2025-03-01,qi_1,primary,2,0.286261436981,0.713738563019,84594,-0.427477126037,
2025-03-01,qi_1,primary,3,0.35323949741,0.64676050259,83408,-0.293521005179,
2025-03-01,qi_1,primary,4,0.430716756457,0.569283243543,82971,-0.138566487086,
2025-03-01,qi_1,primary,5,0.492684447856,0.507315552144,83384,-0.0146311042886,
2025-03-01,qi_1,primary,6,0.561414332027,0.438585667973,82668,0.122828664054,
2025-03-01,qi_1,primary,7,0.632669429221,0.367330570779,82291,0.265338858441,
2025-03-01,qi_1,primary,8,0.681919589311,0.318080410689,83372,0.363839178621,
2025-03-01,qi_1,primary,9,0.789363157453,0.210636842547,83333,0.578726314905,
2025-03-01,qi_1,primary,10,0.890199922972,0.109800077028,85683,0.780399845944,
2025-03-01,di_10,secondary,1,0.142943719917,0.857056280083,85803,-0.714112560167,
2025-03-01,di_10,secondary,2,0.282195828163,0.717804171837,84615,-0.435608343674,
2025-03-01,di_10,secondary,3,0.359186359557,0.640813640443,83575,-0.281627280885,
2025-03-01,di_10,secondary,4,0.431922778801,0.568077221199,82568,-0.136154442399,
2025-03-01,di_10,secondary,5,0.487344723282,0.512655276718,83641,-0.0253105534367,
2025-03-01,di_10,secondary,6,0.56496237139,0.43503762861,82517,0.12992474278,
2025-03-01,di_10,secondary,7,0.634161121817,0.365838878183,82509,0.268322243634,
2025-03-01,di_10,secondary,8,0.684489408485,0.315510591515,83227,0.36897881697,
2025-03-01,di_10,secondary,9,0.785970964496,0.214029035504,83484,0.571941928992,
2025-03-01,di_10,secondary,10,0.885043378756,0.114956621244,85641,0.770086757511,
2025-03-01,di_5,secondary,1,0.139999067838,0.860000932162,85822,-0.720001864324,
2025-03-01,di_5,secondary,2,0.285163913115,0.714836086885,84618,-0.429672173769,
2025-03-01,di_5,secondary,3,0.357597020823,0.642402979177,83513,-0.284805958354,
2025-03-01,di_5,secondary,4,0.430019573255,0.569980426745,82766,-0.139960853491,
2025-03-01,di_5,secondary,5,0.488408018585,0.511591981415,83506,-0.023183962829,
2025-03-01,di_5,secondary,6,0.565464092141,0.434535907859,82656,0.130928184282,
2025-03-01,di_5,secondary,7,0.630059487678,0.369940512322,82370,0.260118975355,
2025-03-01,di_5,secondary,8,0.685667948102,0.314332051898,83240,0.371335896204,
2025-03-01,di_5,secondary,9,0.788012467034,0.211987532966,83420,0.576024934069,
2025-03-01,di_5,secondary,10,0.888034178057,0.111965821943,85669,0.776068356115,
2025-03-01,ofi_100ms,secondary,1,0.33153382026,0.66846617974,85023,-0.336932359479,
2025-03-01,ofi_100ms,secondary,2,0.4355699445,0.5644300555,84324,-0.128860111,
2025-03-01,ofi_100ms,secondary,3,0.487918003437,0.512081996563,83223,-0.0241639931269,
2025-03-01,ofi_100ms,secondary,4,0.518518961312,0.481481038688,83644,0.0370379226245,
2025-03-01,ofi_100ms,secondary,5,0.513867078825,0.486132921175,80875,0.0277341576507,
2025-03-01,ofi_100ms,secondary,6,0.563484163439,0.436515836561,83383,0.126968326877,
2025-03-01,ofi_100ms,secondary,7,0.549929322696,0.450070677304,83478,0.0998586453916,
2025-03-01,ofi_100ms,secondary,8,0.569819148556,0.430180851444,83881,0.139638297111,
2025-03-01,ofi_100ms,secondary,9,0.602293415297,0.397706584703,84590,0.204586830595,
2025-03-01,ofi_100ms,secondary,10,0.678965229747,0.321034770253,85159,0.357930459493,
2025-04-01,microprice_deviation_bps,primary,1,0.124371082031,0.875628917969,85663,-0.751257835939,
2025-04-01,microprice_deviation_bps,primary,2,0.233734968477,0.766265031523,83907,-0.532530063046,
2025-04-01,microprice_deviation_bps,primary,3,0.313185024417,0.686814975583,82935,-0.373629951167,
2025-04-01,microprice_deviation_bps,primary,4,0.388063328514,0.611936671486,82301,-0.223873342973,
2025-04-01,microprice_deviation_bps,primary,5,0.461304655648,0.538695344352,81922,-0.0773906887039,
2025-04-01,microprice_deviation_bps,primary,6,0.546899493274,0.453100506726,82293,0.0937989865481,
2025-04-01,microprice_deviation_bps,primary,7,0.615327768557,0.384672231443,82543,0.230655537114,
2025-04-01,microprice_deviation_bps,primary,8,0.696637875995,0.303362124005,83013,0.393275751991,
2025-04-01,microprice_deviation_bps,primary,9,0.764477070313,0.235522929687,84323,0.528954140626,
2025-04-01,microprice_deviation_bps,primary,10,0.876565630529,0.123434369471,85349,0.753131261058,
2025-04-01,qi_1,primary,1,0.124959194143,0.875040805857,85772,-0.750081611715,
2025-04-01,qi_1,primary,2,0.232677757357,0.767322242643,83794,-0.534644485285,
2025-04-01,qi_1,primary,3,0.313786913095,0.686213086905,82999,-0.372426173809,
2025-04-01,qi_1,primary,4,0.387761310263,0.612238689737,82182,-0.224477379475,
2025-04-01,qi_1,primary,5,0.46163698463,0.53836301537,81980,-0.0767260307392,
2025-04-01,qi_1,primary,6,0.54622440921,0.45377559079,82305,0.0924488184193,
2025-04-01,qi_1,primary,7,0.61669574066,0.38330425934,82548,0.23339148132,
2025-04-01,qi_1,primary,8,0.6953591373,0.3046408627,83088,0.3907182746,
2025-04-01,qi_1,primary,9,0.763249332938,0.236750667062,84325,0.526498665876,
2025-04-01,qi_1,primary,10,0.878542272685,0.121457727315,85256,0.757084545369,
2025-04-01,di_10,secondary,1,0.13129261231,0.86870738769,85656,-0.737414775381,
2025-04-01,di_10,secondary,2,0.234463513659,0.765536486341,83497,-0.531072972682,
2025-04-01,di_10,secondary,3,0.306590018166,0.693409981834,83672,-0.386819963668,
2025-04-01,di_10,secondary,4,0.384115707908,0.615884292092,82207,-0.231768584184,
2025-04-01,di_10,secondary,5,0.468340850908,0.531659149092,82030,-0.0633182981836,
2025-04-01,di_10,secondary,6,0.543548466018,0.456451533982,81748,0.087096932035,
2025-04-01,di_10,secondary,7,0.616762921973,0.383237078027,82766,0.233525843946,
2025-04-01,di_10,secondary,8,0.689319336431,0.310680663569,83066,0.378638672863,
2025-04-01,di_10,secondary,9,0.771521687604,0.228478312396,84380,0.543043375207,
2025-04-01,di_10,secondary,10,0.874851866193,0.125148133807,85227,0.749703732385,
2025-04-01,di_5,secondary,1,0.128405486098,0.871594513902,85744,-0.743189027804,
2025-04-01,di_5,secondary,2,0.233963526054,0.766036473946,83731,-0.532072947893,
2025-04-01,di_5,secondary,3,0.310705777607,0.689294222393,83114,-0.378588444787,
2025-04-01,di_5,secondary,4,0.388400082752,0.611599917248,82173,-0.223199834496,
2025-04-01,di_5,secondary,5,0.462625991785,0.537374008215,82049,-0.0747480164292,
2025-04-01,di_5,secondary,6,0.544478434145,0.455521565855,82051,0.0889568682892,
2025-04-01,di_5,secondary,7,0.614616936702,0.385383063298,82767,0.229233873404,
2025-04-01,di_5,secondary,8,0.694323933478,0.305676066522,82980,0.388647866956,
2025-04-01,di_5,secondary,9,0.765929979155,0.234070020845,84432,0.53185995831,
2025-04-01,di_5,secondary,10,0.877218101587,0.122781898413,85208,0.754436203173,
2025-04-01,ofi_100ms,secondary,1,0.323286419088,0.676713580912,85333,-0.353427161825,
2025-04-01,ofi_100ms,secondary,2,0.436157723095,0.563842276905,84325,-0.12768455381,
2025-04-01,ofi_100ms,secondary,3,0.452887355991,0.547112644009,83502,-0.0942252880171,
2025-04-01,ofi_100ms,secondary,4,0.484828432552,0.515171567448,83116,-0.0303431348958,
2025-04-01,ofi_100ms,secondary,5,0.49112938122,0.50887061878,80885,-0.0177412375595,
2025-04-01,ofi_100ms,secondary,6,0.50261085378,0.49738914622,81391,0.0052217075598,
2025-04-01,ofi_100ms,secondary,7,0.504440497336,0.495559502664,82761,0.0088809946714,
2025-04-01,ofi_100ms,secondary,8,0.554601388872,0.445398611128,83377,0.109202777744,
2025-04-01,ofi_100ms,secondary,9,0.578897327106,0.421102672894,84141,0.157794654211,
2025-04-01,ofi_100ms,secondary,10,0.69144676766,0.30855323234,85418,0.38289353532,
2025-05-01,microprice_deviation_bps,primary,1,0.14793003428,0.85206996572,79639,-0.704139931441,
2025-05-01,microprice_deviation_bps,primary,2,0.278670953912,0.721329046088,77439,-0.442658092176,
2025-05-01,microprice_deviation_bps,primary,3,0.35483087223,0.64516912777,74086,-0.290338255541,
2025-05-01,microprice_deviation_bps,primary,4,0.424112814432,0.575887185568,70842,-0.151774371136,
2025-05-01,microprice_deviation_bps,primary,5,0.499683980694,0.500316019306,69616,-0.000632038611813,
2025-05-01,microprice_deviation_bps,primary,6,0.582565566358,0.417434433642,70768,0.165131132715,
2025-05-01,microprice_deviation_bps,primary,7,0.616370998843,0.383629001157,72604,0.232741997686,
2025-05-01,microprice_deviation_bps,primary,8,0.666330265353,0.333669734647,74316,0.332660530707,
2025-05-01,microprice_deviation_bps,primary,9,0.730267738897,0.269732261103,73243,0.460535477793,
2025-05-01,microprice_deviation_bps,primary,10,0.852856000943,0.147143999057,76313,0.705712001887,
2025-05-01,qi_1,primary,1,0.147374223291,0.852625776709,79824,-0.705251553418,
2025-05-01,qi_1,primary,2,0.278682810967,0.721317189033,77468,-0.442634378066,
2025-05-01,qi_1,primary,3,0.355639189354,0.644360810646,73867,-0.288721621292,
2025-05-01,qi_1,primary,4,0.424638212644,0.575361787356,70898,-0.150723574713,
2025-05-01,qi_1,primary,5,0.499518408304,0.500481591696,69561,-0.000963183392993,
2025-05-01,qi_1,primary,6,0.582226559737,0.417773440263,70701,0.164453119475,
2025-05-01,qi_1,primary,7,0.61818582183,0.38181417817,72661,0.23637164366,
2025-05-01,qi_1,primary,8,0.665022639069,0.334977360931,74208,0.330045278137,
2025-05-01,qi_1,primary,9,0.731680327869,0.268319672131,73200,0.463360655738,
2025-05-01,qi_1,primary,10,0.850976751484,0.149023248516,76478,0.701953502968,
2025-05-01,di_10,secondary,1,0.147647735226,0.852352264774,80008,-0.704704529547,
2025-05-01,di_10,secondary,2,0.286858621805,0.713141378195,77275,-0.42628275639,
2025-05-01,di_10,secondary,3,0.355464303139,0.644535696861,73788,-0.289071393723,
2025-05-01,di_10,secondary,4,0.419492589802,0.580507410198,71658,-0.161014820397,
2025-05-01,di_10,secondary,5,0.503300067879,0.496699932121,69241,0.00660013575772,
2025-05-01,di_10,secondary,6,0.570362307573,0.429637692427,70741,0.140724615145,
2025-05-01,di_10,secondary,7,0.620730108343,0.379269891657,72455,0.241460216686,
2025-05-01,di_10,secondary,8,0.661722481527,0.338277518473,73487,0.323444963055,
2025-05-01,di_10,secondary,9,0.735826263997,0.264173736003,73675,0.471652527995,
2025-05-01,di_10,secondary,10,0.852739815516,0.147260184484,76538,0.705479631033,
2025-05-01,di_5,secondary,1,0.14684973341,0.85315026659,79898,-0.70630053318,
2025-05-01,di_5,secondary,2,0.280308979723,0.719691020277,77675,-0.439382040554,
2025-05-01,di_5,secondary,3,0.359430072262,0.640569927738,73483,-0.281139855477,
2025-05-01,di_5,secondary,4,0.421476246565,0.578523753435,71316,-0.157047506871,
2025-05-01,di_5,secondary,5,0.501828589601,0.498171410399,69179,0.00365717920178,
2025-05-01,di_5,secondary,6,0.580815273332,0.419184726668,70921,0.161630546665,
2025-05-01,di_5,secondary,7,0.617793124321,0.382206875679,72691,0.235586248642,
2025-05-01,di_5,secondary,8,0.65836839962,0.34163160038,73670,0.31673679924,
2025-05-01,di_5,secondary,9,0.735094473086,0.264905526914,73513,0.470188946173,
2025-05-01,di_5,secondary,10,0.852260846837,0.147739153163,76520,0.704521693675,
2025-05-01,ofi_100ms,secondary,1,0.387799428293,0.612200571707,80111,-0.224401143414,
2025-05-01,ofi_100ms,secondary,2,0.471614109961,0.528385890039,75918,-0.0567717800785,
2025-05-01,ofi_100ms,secondary,3,0.481665496571,0.518334503429,74068,-0.0366690068586,
2025-05-01,ofi_100ms,secondary,4,0.540952223554,0.459047776446,72609,0.0819044471071,
2025-05-01,ofi_100ms,secondary,5,0.509674609594,0.490325390406,64292,0.0193492191875,
2025-05-01,ofi_100ms,secondary,6,0.532526189481,0.467473810519,74171,0.0650523789621,
2025-05-01,ofi_100ms,secondary,7,0.509357999394,0.490642000606,69299,0.0187159987879,
2025-05-01,ofi_100ms,secondary,8,0.53261379634,0.46738620366,72454,0.0652275926795,
2025-05-01,ofi_100ms,secondary,9,0.539293325265,0.460706674735,76018,0.0785866505301,
2025-05-01,ofi_100ms,secondary,10,0.620236218502,0.379763781498,79926,0.240472437004,
2025-06-01,microprice_deviation_bps,primary,1,0.152869213623,0.847130786377,77164,-0.694261572754,
2025-06-01,microprice_deviation_bps,primary,2,0.263981544068,0.736018455932,68054,-0.472036911864,
2025-06-01,microprice_deviation_bps,primary,3,0.356263283417,0.643736716583,61637,-0.287473433165,
2025-06-01,microprice_deviation_bps,primary,4,0.417552051074,0.582447948926,62967,-0.164895897851,
2025-06-01,microprice_deviation_bps,primary,5,0.494001985774,0.505998014226,61437,-0.0119960284519,
2025-06-01,microprice_deviation_bps,primary,6,0.565831186844,0.434168813156,60564,0.131662373687,
2025-06-01,microprice_deviation_bps,primary,7,0.63211038363,0.36788961637,59719,0.26422076726,
2025-06-01,microprice_deviation_bps,primary,8,0.685192344868,0.314807655132,62076,0.370384689735,
2025-06-01,microprice_deviation_bps,primary,9,0.741767232563,0.258232767437,68446,0.483534465126,
2025-06-01,microprice_deviation_bps,primary,10,0.86025855358,0.13974144642,78359,0.720517107161,
2025-06-01,qi_1,primary,1,0.153538258268,0.846461741732,77199,-0.692923483465,
2025-06-01,qi_1,primary,2,0.264630781874,0.735369218126,68144,-0.470738436253,
2025-06-01,qi_1,primary,3,0.355475413032,0.644524586968,61557,-0.289049173936,
2025-06-01,qi_1,primary,4,0.417385639608,0.582614360392,62937,-0.165228720784,
2025-06-01,qi_1,primary,5,0.493513047159,0.506486952841,61431,-0.0129739056828,
2025-06-01,qi_1,primary,6,0.56561684127,0.43438315873,60518,0.131233682541,
2025-06-01,qi_1,primary,7,0.632952036926,0.367047963074,59796,0.265904073851,
2025-06-01,qi_1,primary,8,0.68387513108,0.31612486892,61985,0.36775026216,
2025-06-01,qi_1,primary,9,0.742026827809,0.257973172191,68511,0.484053655617,
2025-06-01,qi_1,primary,10,0.860744144489,0.139255855511,78345,0.721488288978,
2025-06-01,di_10,secondary,1,0.149792584911,0.850207415089,77140,-0.700414830179,
2025-06-01,di_10,secondary,2,0.265245516025,0.734754483975,68020,-0.469508967951,
2025-06-01,di_10,secondary,3,0.359663810902,0.640336189098,61513,-0.280672378196,
2025-06-01,di_10,secondary,4,0.421773960042,0.578226039958,62166,-0.156452079915,
2025-06-01,di_10,secondary,5,0.485949854265,0.514050145735,62099,-0.0281002914701,
2025-06-01,di_10,secondary,6,0.564446866845,0.435553133155,60546,0.12889373369,
2025-06-01,di_10,secondary,7,0.633780106823,0.366219893177,59538,0.267560213645,
2025-06-01,di_10,secondary,8,0.686292106022,0.313707893978,62402,0.372584212044,
2025-06-01,di_10,secondary,9,0.741285926444,0.258714073556,68682,0.482571852887,
2025-06-01,di_10,secondary,10,0.85968563658,0.14031436342,78317,0.719371273159,
2025-06-01,di_5,secondary,1,0.150073755855,0.849926244145,77282,-0.69985248829,
2025-06-01,di_5,secondary,2,0.265140487848,0.734859512152,68013,-0.469719024304,
2025-06-01,di_5,secondary,3,0.359070281876,0.640929718124,61481,-0.281859436249,
2025-06-01,di_5,secondary,4,0.424688561721,0.575311438279,62693,-0.150622876557,
2025-06-01,di_5,secondary,5,0.489185180356,0.510814819644,61351,-0.0216296392887,
2025-06-01,di_5,secondary,6,0.56433582481,0.43566417519,61008,0.12867164962,
2025-06-01,di_5,secondary,7,0.631854715637,0.368145284363,58974,0.263709431275,
2025-06-01,di_5,secondary,8,0.686536156612,0.313463843388,62575,0.373072313224,
2025-06-01,di_5,secondary,9,0.73809246196,0.26190753804,68612,0.47618492392,
2025-06-01,di_5,secondary,10,0.860035188821,0.139964811179,78434,0.720070377642,
2025-06-01,ofi_100ms,secondary,1,0.415934658653,0.584065341347,71379,-0.168130682694,
2025-06-01,ofi_100ms,secondary,2,0.480398285408,0.519601714592,67188,-0.0392034291838,
2025-06-01,ofi_100ms,secondary,3,0.499795668165,0.500204331835,66069,-0.0004086636698,
2025-06-01,ofi_100ms,secondary,4,0.529341077509,0.470658922491,64909,0.058682155017,
2025-06-01,ofi_100ms,secondary,5,0.497366166633,0.502633833367,54863,-0.0052676667335,
2025-06-01,ofi_100ms,secondary,6,0.542438610577,0.457561389423,66013,0.0848772211534,
2025-06-01,ofi_100ms,secondary,7,0.517098303848,0.482901696152,65796,0.0341966076965,
2025-06-01,ofi_100ms,secondary,8,0.531309124199,0.468690875801,65540,0.0626182483979,
2025-06-01,ofi_100ms,secondary,9,0.54938621905,0.45061378095,66962,0.0987724380992,
2025-06-01,ofi_100ms,secondary,10,0.599966529064,0.400033470936,71704,0.199933058128,
2025-07-01,microprice_deviation_bps,primary,1,0.108737370528,0.891262629472,78685,-0.782525258944,
2025-07-01,microprice_deviation_bps,primary,2,0.191333935143,0.808666064857,72005,-0.617332129713,
2025-07-01,microprice_deviation_bps,primary,3,0.254088493497,0.745911506503,68118,-0.491823013007,
2025-07-01,microprice_deviation_bps,primary,4,0.352002922197,0.647997077803,65704,-0.295994155607,
2025-07-01,microprice_deviation_bps,primary,5,0.438666240156,0.561333759844,65649,-0.122667519688,
2025-07-01,microprice_deviation_bps,primary,6,0.489769576441,0.510230423559,62754,-0.0204608471173,
2025-07-01,microprice_deviation_bps,primary,7,0.571147520826,0.428852479174,65062,0.142295041653,
2025-07-01,microprice_deviation_bps,primary,8,0.633753439247,0.366246560753,67602,0.267506878495,
2025-07-01,microprice_deviation_bps,primary,9,0.720041149975,0.279958850025,71932,0.44008229995,
2025-07-01,microprice_deviation_bps,primary,10,0.869819421644,0.130180578356,79190,0.739638843288,
2025-07-01,qi_1,primary,1,0.106748794176,0.893251205824,78577,-0.786502411647,
2025-07-01,qi_1,primary,2,0.192929082448,0.807070917552,71985,-0.614141835105,
2025-07-01,qi_1,primary,3,0.255255519395,0.744744480605,68214,-0.48948896121,
2025-07-01,qi_1,primary,4,0.350909754762,0.649090245238,65732,-0.298180490476,
2025-07-01,qi_1,primary,5,0.438692471807,0.561307528193,65620,-0.122615056385,
2025-07-01,qi_1,primary,6,0.489952229299,0.510047770701,62800,-0.0200955414013,
2025-07-01,qi_1,primary,7,0.571481276517,0.428518723483,65052,0.142962553034,
2025-07-01,qi_1,primary,8,0.633580225011,0.366419774989,67641,0.267160450023,
2025-07-01,qi_1,primary,9,0.718586460305,0.281413539695,71848,0.43717292061,
2025-07-01,qi_1,primary,10,0.87097384895,0.12902615105,79232,0.7419476979,
2025-07-01,di_10,secondary,1,0.112239831965,0.887760168035,78555,-0.77552033607,
2025-07-01,di_10,secondary,2,0.195797516714,0.804202483286,72243,-0.608404966571,
2025-07-01,di_10,secondary,3,0.25705949776,0.74294050224,67179,-0.485881004481,
2025-07-01,di_10,secondary,4,0.349531883749,0.650468116251,65582,-0.300936232503,
2025-07-01,di_10,secondary,5,0.437847470793,0.562152529207,65653,-0.124305058413,
2025-07-01,di_10,secondary,6,0.484135319203,0.515864680797,62844,-0.0317293615938,
2025-07-01,di_10,secondary,7,0.564614582375,0.435385417625,65202,0.12922916475,
2025-07-01,di_10,secondary,8,0.64069238668,0.35930761332,68170,0.281384773361,
2025-07-01,di_10,secondary,9,0.714806061449,0.285193938551,71930,0.429612122897,
2025-07-01,di_10,secondary,10,0.866478454306,0.133521545694,79343,0.732956908612,
2025-07-01,di_5,secondary,1,0.111648139198,0.888351860802,78622,-0.776703721605,
2025-07-01,di_5,secondary,2,0.195482757661,0.804517242339,71858,-0.609034484678,
2025-07-01,di_5,secondary,3,0.25371421847,0.74628578153,67982,-0.492571563061,
2025-07-01,di_5,secondary,4,0.353244344442,0.646755655558,65776,-0.293511311117,
2025-07-01,di_5,secondary,5,0.434807880568,0.565192119432,65376,-0.130384238864,
2025-07-01,di_5,secondary,6,0.48953050225,0.51046949775,62897,-0.0209389955006,
2025-07-01,di_5,secondary,7,0.564609243052,0.435390756948,65130,0.129218486105,
2025-07-01,di_5,secondary,8,0.637766748649,0.362233251351,67901,0.275533497298,
2025-07-01,di_5,secondary,9,0.715712077537,0.284287922463,71811,0.431424155074,
2025-07-01,di_5,secondary,10,0.869360286334,0.130639713666,79348,0.738720572667,
2025-07-01,ofi_100ms,secondary,1,0.37473893066,0.62526106934,76608,-0.25052213868,
2025-07-01,ofi_100ms,secondary,2,0.424751066856,0.575248933144,70300,-0.150497866287,
2025-07-01,ofi_100ms,secondary,3,0.439676464216,0.560323535784,69235,-0.120647071568,
2025-07-01,ofi_100ms,secondary,4,0.476170416745,0.523829583255,68843,-0.0476591665093,
2025-07-01,ofi_100ms,secondary,5,0.409890507349,0.590109492651,60826,-0.180218985302,
2025-07-01,ofi_100ms,secondary,6,0.499851044814,0.500148955186,70491,-0.000297910371537,
2025-07-01,ofi_100ms,secondary,7,0.432966087371,0.567033912629,65079,-0.134067825259,
2025-07-01,ofi_100ms,secondary,8,0.459888522485,0.540111477515,68534,-0.0802229550296,
2025-07-01,ofi_100ms,secondary,9,0.514010731624,0.485989268376,70446,0.0280214632484,
2025-07-01,ofi_100ms,secondary,10,0.591021627215,0.408978372785,76339,0.182043254431,
2025-08-01,microprice_deviation_bps,primary,1,0.138054438422,0.861945561578,85785,-0.723891123157,
2025-08-01,microprice_deviation_bps,primary,2,0.262209829045,0.737790170955,84993,-0.475580341911,
2025-08-01,microprice_deviation_bps,primary,3,0.332383979957,0.667616020043,84619,-0.335232040086,
2025-08-01,microprice_deviation_bps,primary,4,0.410464066879,0.589535933121,84212,-0.179071866242,
2025-08-01,microprice_deviation_bps,primary,5,0.459720536819,0.540279463181,83231,-0.0805589263616,
2025-08-01,microprice_deviation_bps,primary,6,0.517246823912,0.482753176088,82334,0.0344936478247,
2025-08-01,microprice_deviation_bps,primary,7,0.594744493446,0.405255506554,81857,0.189488986892,
2025-08-01,microprice_deviation_bps,primary,8,0.682853303309,0.317146696691,82599,0.365706606618,
2025-08-01,microprice_deviation_bps,primary,9,0.742547262726,0.257452737274,83258,0.485094525451,
2025-08-01,microprice_deviation_bps,primary,10,0.872153336378,0.127846663622,85407,0.744306672755,
2025-08-01,qi_1,primary,1,0.137352965178,0.862647034822,85779,-0.725294069644,
2025-08-01,qi_1,primary,2,0.262500294125,0.737499705875,84998,-0.474999411751,
2025-08-01,qi_1,primary,3,0.331840419749,0.668159580251,84622,-0.336319160502,
2025-08-01,qi_1,primary,4,0.411360235613,0.588639764387,84206,-0.177279528775,
2025-08-01,qi_1,primary,5,0.459781577019,0.540218422981,83233,-0.0804368459625,
2025-08-01,qi_1,primary,6,0.517069260757,0.482930739243,82341,0.0341385215142,
2025-08-01,qi_1,primary,7,0.594868662187,0.405131337813,81850,0.189737324374,
2025-08-01,qi_1,primary,8,0.683241542093,0.316758457907,82615,0.366483084186,
2025-08-01,qi_1,primary,9,0.740835024436,0.259164975564,83279,0.481670048872,
2025-08-01,qi_1,primary,10,0.873565103313,0.126434896687,85372,0.747130206625,
2025-08-01,di_10,secondary,1,0.14106122449,0.85893877551,85750,-0.71787755102,
2025-08-01,di_10,secondary,2,0.260730647245,0.739269352755,85130,-0.478538705509,
2025-08-01,di_10,secondary,3,0.3364115783,0.6635884217,84572,-0.3271768434,
2025-08-01,di_10,secondary,4,0.404862629528,0.595137370472,84152,-0.190274740945,
2025-08-01,di_10,secondary,5,0.462860998325,0.537139001675,82999,-0.0742780033494,
2025-08-01,di_10,secondary,6,0.519572304399,0.480427695601,82208,0.0391446087972,
2025-08-01,di_10,secondary,7,0.597480533048,0.402519466952,82319,0.194961066097,
2025-08-01,di_10,secondary,8,0.679398232674,0.320601767326,82158,0.358796465347,
2025-08-01,di_10,secondary,9,0.740581566567,0.259418433433,83533,0.481163133133,
2025-08-01,di_10,secondary,10,0.868813908323,0.131186091677,85474,0.737627816646,
2025-08-01,di_5,secondary,1,0.1405003964,0.8594996036,85772,-0.7189992072,
2025-08-01,di_5,secondary,2,0.256796481821,0.743203518179,85044,-0.486407036358,
2025-08-01,di_5,secondary,3,0.335409231642,0.664590768358,84622,-0.329181536716,
2025-08-01,di_5,secondary,4,0.40858824367,0.59141175633,84278,-0.18282351266,
2025-08-01,di_5,secondary,5,0.462265964862,0.537734035138,83214,-0.0754680702766,
2025-08-01,di_5,secondary,6,0.519222126398,0.480777873602,82327,0.0384442527968,
2025-08-01,di_5,secondary,7,0.59501386395,0.40498613605,81867,0.1900277279,
2025-08-01,di_5,secondary,8,0.679319831776,0.320680168224,82509,0.358639663552,
2025-08-01,di_5,secondary,9,0.743461852796,0.256538147204,83204,0.486923705591,
2025-08-01,di_5,secondary,10,0.872089213415,0.127910786585,85458,0.74417842683,
2025-08-01,ofi_100ms,secondary,1,0.318769317224,0.681230682776,85416,-0.362461365552,
2025-08-01,ofi_100ms,secondary,2,0.438480994705,0.561519005295,84608,-0.12303801059,
2025-08-01,ofi_100ms,secondary,3,0.447415562384,0.552584437616,84293,-0.105168875233,
2025-08-01,ofi_100ms,secondary,4,0.473002289984,0.526997710016,82970,-0.0539954200313,
2025-08-01,ofi_100ms,secondary,5,0.491296386719,0.508703613281,81920,-0.0174072265625,
2025-08-01,ofi_100ms,secondary,6,0.517787286064,0.482212713936,81800,0.0355745721271,
2025-08-01,ofi_100ms,secondary,7,0.526385574118,0.473614425882,82962,0.0527711482365,
2025-08-01,ofi_100ms,secondary,8,0.56033848418,0.43966151582,84258,0.120676968359,
2025-08-01,ofi_100ms,secondary,9,0.562184000378,0.437815999622,84652,0.124368000756,
2025-08-01,ofi_100ms,secondary,10,0.663903718273,0.336096281727,85416,0.327807436546,
2025-09-01,microprice_deviation_bps,primary,1,0.159028575447,0.840971424553,85318,-0.681942849106,
2025-09-01,microprice_deviation_bps,primary,2,0.245706078555,0.754293921445,84247,-0.508587842891,
2025-09-01,microprice_deviation_bps,primary,3,0.320301528046,0.679698471954,83309,-0.359396943908,
2025-09-01,microprice_deviation_bps,primary,4,0.401087953059,0.598912046941,81805,-0.197824093882,
2025-09-01,microprice_deviation_bps,primary,5,0.467659073253,0.532340926747,79806,-0.0646818534947,
2025-09-01,microprice_deviation_bps,primary,6,0.528025259448,0.471974740552,81712,0.0560505188956,
2025-09-01,microprice_deviation_bps,primary,7,0.600316131343,0.399683868657,80979,0.200632262685,
2025-09-01,microprice_deviation_bps,primary,8,0.663201613001,0.336798386999,82827,0.326403226001,
2025-09-01,microprice_deviation_bps,primary,9,0.738100041536,0.261899958464,84265,0.476200083071,
2025-09-01,microprice_deviation_bps,primary,10,0.828920041537,0.171079958463,84744,0.657840083074,
2025-09-01,qi_1,primary,1,0.15971513381,0.84028486619,85233,-0.680569732381,
2025-09-01,qi_1,primary,2,0.245448183425,0.754551816575,84307,-0.50910363315,
2025-09-01,qi_1,primary,3,0.319815170427,0.680184829573,83320,-0.360369659145,
2025-09-01,qi_1,primary,4,0.40027870135,0.59972129865,81808,-0.199442597301,
2025-09-01,qi_1,primary,5,0.468282904216,0.531717095784,79815,-0.063434191568,
2025-09-01,qi_1,primary,6,0.528097726967,0.471902273033,81697,0.0561954539334,
2025-09-01,qi_1,primary,7,0.600083917465,0.399916082535,81032,0.200167834929,
2025-09-01,qi_1,primary,8,0.663157767664,0.336842232336,82837,0.326315535328,
2025-09-01,qi_1,primary,9,0.739066449875,0.260933550125,84259,0.47813289975,
2025-09-01,qi_1,primary,10,0.828355213449,0.171644786551,84704,0.656710426898,
2025-09-01,di_10,secondary,1,0.158418744283,0.841581255717,85274,-0.683162511434,
2025-09-01,di_10,secondary,2,0.246059917649,0.753940082351,84516,-0.507880164703,
2025-09-01,di_10,secondary,3,0.318637515158,0.681362484842,83289,-0.362724969684,
2025-09-01,di_10,secondary,4,0.409026953617,0.590973046383,81733,-0.181946092765,
2025-09-01,di_10,secondary,5,0.463515775274,0.536484224726,80062,-0.0729684494517,
2025-09-01,di_10,secondary,6,0.521161387076,0.478838612924,81351,0.0423227741515,
2025-09-01,di_10,secondary,7,0.603125346337,0.396874653663,81207,0.206250692674,
2025-09-01,di_10,secondary,8,0.667446459579,0.332553540421,82928,0.334892919159,
2025-09-01,di_10,secondary,9,0.735309548793,0.264690451207,83864,0.470619097587,
2025-09-01,di_10,secondary,10,0.830789734396,0.169210265604,84788,0.661579468793,
2025-09-01,di_5,secondary,1,0.158913137804,0.841086862196,85273,-0.682173724391,
2025-09-01,di_5,secondary,2,0.245637726998,0.754362273002,84417,-0.508724546004,
2025-09-01,di_5,secondary,3,0.320593535985,0.679406464015,83230,-0.358812928031,
2025-09-01,di_5,secondary,4,0.40309035121,0.59690964879,81803,-0.193819297581,
2025-09-01,di_5,secondary,5,0.465637200921,0.534362799079,79912,-0.068725598158,
2025-09-01,di_5,secondary,6,0.525868195966,0.474131804034,81606,0.051736391932,
2025-09-01,di_5,secondary,7,0.601078133866,0.398921866134,81066,0.202156267732,
2025-09-01,di_5,secondary,8,0.665748659226,0.334251340774,82788,0.331497318452,
2025-09-01,di_5,secondary,9,0.738035294397,0.261964705603,84206,0.476070588794,
2025-09-01,di_5,secondary,10,0.828215934176,0.171784065824,84711,0.656431868352,
2025-09-01,ofi_100ms,secondary,1,0.334434420213,0.665565579787,84462,-0.331131159575,
2025-09-01,ofi_100ms,secondary,2,0.431334070718,0.568665929282,84081,-0.137331858565,
2025-09-01,ofi_100ms,secondary,3,0.451252236136,0.548747763864,82732,-0.0974955277281,
2025-09-01,ofi_100ms,secondary,4,0.499579714206,0.500420285794,82087,-0.00084057158868,
2025-09-01,ofi_100ms,secondary,5,0.487131954643,0.512868045357,83074,-0.0257360907143,
2025-09-01,ofi_100ms,secondary,6,0.48807135738,0.51192864262,79263,-0.0238572852403,
2025-09-01,ofi_100ms,secondary,7,0.495099053904,0.504900946096,82127,-0.00980189219136,
2025-09-01,ofi_100ms,secondary,8,0.553975178548,0.446024821452,82751,0.107950357095,
2025-09-01,ofi_100ms,secondary,9,0.554848852998,0.445151147002,83958,0.109697705996,
2025-09-01,ofi_100ms,secondary,10,0.652485291855,0.347514708145,84477,0.304970583709,
2025-10-01,microprice_deviation_bps,primary,1,0.125591701078,0.874408298922,79432,-0.748816597845,
2025-10-01,microprice_deviation_bps,primary,2,0.232816628272,0.767183371728,76833,-0.534366743457,
2025-10-01,microprice_deviation_bps,primary,3,0.305403643234,0.694596356766,75153,-0.389192713531,
2025-10-01,microprice_deviation_bps,primary,4,0.38440941839,0.61559058161,72454,-0.231181163221,
2025-10-01,microprice_deviation_bps,primary,5,0.468675001395,0.531324998605,71668,-0.0626499972094,
2025-10-01,microprice_deviation_bps,primary,6,0.52564570466,0.47435429534,71240,0.0512914093206,
2025-10-01,microprice_deviation_bps,primary,7,0.596426327912,0.403573672088,71635,0.192852655825,
2025-10-01,microprice_deviation_bps,primary,8,0.679534710641,0.320465289359,72557,0.359069421283,
2025-10-01,microprice_deviation_bps,primary,9,0.768473362145,0.231526637855,75663,0.536946724291,
2025-10-01,microprice_deviation_bps,primary,10,0.857162638469,0.142837361531,79440,0.714325276939,
2025-10-01,qi_1,primary,1,0.125004715024,0.874995284976,79533,-0.749990569952,
2025-10-01,qi_1,primary,2,0.235946996374,0.764053003626,76674,-0.528106007251,
2025-10-01,qi_1,primary,3,0.303539611201,0.696460388799,75206,-0.392920777598,
2025-10-01,qi_1,primary,4,0.383424759489,0.616575240511,72554,-0.233150481021,
2025-10-01,qi_1,primary,5,0.469378344768,0.530621655232,71567,-0.0612433104643,
2025-10-01,qi_1,primary,6,0.525221176801,0.474778823199,71210,0.050442353602,
2025-10-01,qi_1,primary,7,0.596095928611,0.403904071389,71720,0.192191857223,
2025-10-01,qi_1,primary,8,0.679730810602,0.320269189398,72514,0.359461621204,
2025-10-01,qi_1,primary,9,0.765921802448,0.234078197552,75808,0.531843604897,
2025-10-01,qi_1,primary,10,0.860068862011,0.139931137989,79289,0.720137724022,
2025-10-01,di_10,secondary,1,0.125381230938,0.874618769062,80004,-0.749237538123,
2025-10-01,di_10,secondary,2,0.239228548937,0.760771451063,76220,-0.521542902125,
2025-10-01,di_10,secondary,3,0.310294235335,0.689705764665,74974,-0.37941152933,
2025-10-01,di_10,secondary,4,0.387658856916,0.612341143084,72943,-0.224682286169,
2025-10-01,di_10,secondary,5,0.466900463869,0.533099536131,71572,-0.0661990722629,
2025-10-01,di_10,secondary,6,0.525166533072,0.474833466928,72358,0.0503330661433,
2025-10-01,di_10,secondary,7,0.595234123012,0.404765876988,71928,0.190468246024,
2025-10-01,di_10,secondary,8,0.676337262013,0.323662737987,72798,0.352674524025,
2025-10-01,di_10,secondary,9,0.769873591791,0.230126408209,75628,0.539747183583,
2025-10-01,di_10,secondary,10,0.85608499678,0.14391500322,77650,0.712169993561,
2025-10-01,di_5,secondary,1,0.124407806276,0.875592193724,79577,-0.751184387449,
2025-10-01,di_5,secondary,2,0.237721354167,0.762278645833,76800,-0.524557291667,
2025-10-01,di_5,secondary,3,0.308016709238,0.691983290762,75168,-0.383966581524,
2025-10-01,di_5,secondary,4,0.389229795548,0.610770204452,72682,-0.221540408905,
2025-10-01,di_5,secondary,5,0.463408142109,0.536591857891,71382,-0.0731837157827,
2025-10-01,di_5,secondary,6,0.520665757466,0.479334242534,71858,0.0413315149322,
2025-10-01,di_5,secondary,7,0.596376397844,0.403623602156,71807,0.192752795688,
2025-10-01,di_5,secondary,8,0.678542331221,0.321457668779,72417,0.357084662441,
2025-10-01,di_5,secondary,9,0.770380434783,0.229619565217,75072,0.540760869565,
2025-10-01,di_5,secondary,10,0.858419911237,0.141580088763,79312,0.716839822473,
2025-10-01,ofi_100ms,secondary,1,0.367539463794,0.632460536206,79820,-0.264921072413,
2025-10-01,ofi_100ms,secondary,2,0.45102683568,0.54897316432,76838,-0.0979463286395,
2025-10-01,ofi_100ms,secondary,3,0.462738555986,0.537261444014,74930,-0.0745228880288,
2025-10-01,ofi_100ms,secondary,4,0.492862529997,0.507137470003,72925,-0.0142749400069,
2025-10-01,ofi_100ms,secondary,5,0.462817487856,0.537182512144,72050,-0.0743650242887,
2025-10-01,ofi_100ms,secondary,6,0.521188357714,0.478811642286,66310,0.0423767154275,
2025-10-01,ofi_100ms,secondary,7,0.484107579462,0.515892420538,71984,-0.0317848410758,
2025-10-01,ofi_100ms,secondary,8,0.530405631019,0.469594368981,74871,0.0608112620374,
2025-10-01,ofi_100ms,secondary,9,0.537120697759,0.462879302241,76588,0.0742413955189,
2025-10-01,ofi_100ms,secondary,10,0.623891974573,0.376108025427,79759,0.247783949147,
2025-11-01,microprice_deviation_bps,primary,1,0.0810452934533,0.918954706547,77031,-0.837909413093,
2025-11-01,microprice_deviation_bps,primary,2,0.213086267876,0.786913732124,65030,-0.573827464247,
2025-11-01,microprice_deviation_bps,primary,3,0.297336502499,0.702663497501,57218,-0.405326995002,
2025-11-01,microprice_deviation_bps,primary,4,0.386274131274,0.613725868726,51800,-0.227451737452,
2025-11-01,microprice_deviation_bps,primary,5,0.484639970685,0.515360029315,49121,-0.0307200586307,
2025-11-01,microprice_deviation_bps,primary,6,0.57494641998,0.42505358002,45726,0.14989283996,
2025-11-01,microprice_deviation_bps,primary,7,0.610246519888,0.389753480112,52369,0.220493039775,
2025-11-01,microprice_deviation_bps,primary,8,0.702208314707,0.297791685293,55925,0.404416629414,
2025-11-01,microprice_deviation_bps,primary,9,0.803771017592,0.196228982408,61734,0.607542035183,
2025-11-01,microprice_deviation_bps,primary,10,0.899452859684,0.100547140316,74204,0.798905719368,
2025-11-01,qi_1,primary,1,0.0812638739242,0.918736126076,77033,-0.837472252152,
2025-11-01,qi_1,primary,2,0.21236079493,0.78763920507,65012,-0.57527841014,
2025-11-01,qi_1,primary,3,0.297572408003,0.702427591997,57176,-0.404855183993,
2025-11-01,qi_1,primary,4,0.386405258998,0.613594741002,51873,-0.227189482004,
2025-11-01,qi_1,primary,5,0.484765784114,0.515234215886,49100,-0.0304684317719,
2025-11-01,qi_1,primary,6,0.575085249628,0.424914750372,45748,0.150170499257,
2025-11-01,qi_1,primary,7,0.610219675263,0.389780324737,52350,0.220439350525,
2025-11-01,qi_1,primary,8,0.702225002234,0.297774997766,55955,0.404450004468,
2025-11-01,qi_1,primary,9,0.804864619769,0.195135380231,61752,0.609729239539,
2025-11-01,qi_1,primary,10,0.898542321229,0.101457678771,74159,0.797084642457,
2025-11-01,di_10,secondary,1,0.0836561805878,0.916343819412,77436,-0.832687638824,
2025-11-01,di_10,secondary,2,0.21681113493,0.78318886507,64374,-0.566377730139,
2025-11-01,di_10,secondary,3,0.296626572653,0.703373427347,57864,-0.406746854694,
2025-11-01,di_10,secondary,4,0.382715329602,0.617284670398,51456,-0.234569340796,
2025-11-01,di_10,secondary,5,0.485635146883,0.514364853117,49461,-0.0287297062332,
2025-11-01,di_10,secondary,6,0.570327636878,0.429672363122,45935,0.140655273756,
2025-11-01,di_10,secondary,7,0.604369025966,0.395630974034,51682,0.208738051933,
2025-11-01,di_10,secondary,8,0.70951429754,0.29048570246,55569,0.41902859508,
2025-11-01,di_10,secondary,9,0.797417439466,0.202582560534,62651,0.594834878932,
2025-11-01,di_10,secondary,10,0.904367286044,0.0956327139563,73730,0.808734572087,
2025-11-01,di_5,secondary,1,0.0813509278564,0.918649072144,77221,-0.837298144287,
2025-11-01,di_5,secondary,2,0.218290547973,0.781709452027,64547,-0.563418904054,
2025-11-01,di_5,secondary,3,0.292694777026,0.707305222974,57630,-0.414610445948,
2025-11-01,di_5,secondary,4,0.388218663465,0.611781336535,51641,-0.22356267307,
2025-11-01,di_5,secondary,5,0.491610051567,0.508389948433,48868,-0.016779896865,
2025-11-01,di_5,secondary,6,0.566627269797,0.433372730203,46535,0.133254539594,
2025-11-01,di_5,secondary,7,0.602033714816,0.397966285184,51728,0.204067429632,
2025-11-01,di_5,secondary,8,0.704795195841,0.295204804159,55785,0.409590391682,
2025-11-01,di_5,secondary,9,0.803231464942,0.196768535058,62139,0.606462929883,
2025-11-01,di_5,secondary,10,0.901369086196,0.0986309138043,74064,0.802738172391,
2025-11-01,ofi_100ms,secondary,1,0.401478719905,0.598521280095,63839,-0.19704256019,
2025-11-01,ofi_100ms,secondary,2,0.518342832407,0.481657167593,55444,0.0366856648149,
2025-11-01,ofi_100ms,secondary,3,0.49535708256,0.50464291744,59230,-0.00928583488097,
2025-11-01,ofi_100ms,secondary,4,0.488337364261,0.511662635739,61607,-0.0233252714789,
2025-11-01,ofi_100ms,secondary,5,0.451517001993,0.548482998007,62228,-0.0969659960147,
2025-11-01,ofi_100ms,secondary,6,0.455540124615,0.544459875385,53284,-0.0889197507695,
2025-11-01,ofi_100ms,secondary,7,0.464170319786,0.535829680214,57257,-0.0716593604275,
2025-11-01,ofi_100ms,secondary,8,0.539160661297,0.460839338703,58975,0.0783213225943,
2025-11-01,ofi_100ms,secondary,9,0.594182095681,0.405817904319,55037,0.188364191362,
2025-11-01,ofi_100ms,secondary,10,0.593926363881,0.406073636119,63257,0.187852727761,
2025-12-01,microprice_deviation_bps,primary,1,0.132327140484,0.867672859516,86067,-0.735345719033,
2025-12-01,microprice_deviation_bps,primary,2,0.274884063219,0.725115936781,85607,-0.450231873562,
2025-12-01,microprice_deviation_bps,primary,3,0.353774631765,0.646225368235,85611,-0.292450736471,
2025-12-01,microprice_deviation_bps,primary,4,0.42735152864,0.57264847136,85370,-0.14529694272,
2025-12-01,microprice_deviation_bps,primary,5,0.489865538141,0.510134461859,85303,-0.020268923719,
2025-12-01,microprice_deviation_bps,primary,6,0.542696826232,0.457303173768,85545,0.0853936524636,
2025-12-01,microprice_deviation_bps,primary,7,0.589743290003,0.410256709997,85544,0.179486580006,
2025-12-01,microprice_deviation_bps,primary,8,0.661806422993,0.338193577007,85661,0.323612845986,
2025-12-01,microprice_deviation_bps,primary,9,0.750235604835,0.249764395165,85949,0.500471209671,
2025-12-01,microprice_deviation_bps,primary,10,0.867929120261,0.132070879739,86287,0.735858240523,
2025-12-01,qi_1,primary,1,0.131974797731,0.868025202269,86024,-0.736050404538,
2025-12-01,qi_1,primary,2,0.274142501781,0.725857498219,85627,-0.451714996438,
2025-12-01,qi_1,primary,3,0.354776169954,0.645223830046,85623,-0.290447660091,
2025-12-01,qi_1,primary,4,0.426971819438,0.573028180562,85378,-0.146056361123,
2025-12-01,qi_1,primary,5,0.490235153448,0.509764846552,85306,-0.0195296931048,
2025-12-01,qi_1,primary,6,0.54272020574,0.45727979426,85545,0.0854404114793,
2025-12-01,qi_1,primary,7,0.589871878799,0.410128121201,85544,0.179743757598,
2025-12-01,qi_1,primary,8,0.660892302664,0.339107697336,85666,0.321784605328,
2025-12-01,qi_1,primary,9,0.749310942352,0.250689057648,85987,0.498621884704,
2025-12-01,qi_1,primary,10,0.869672093131,0.130327906869,86244,0.739344186262,
2025-12-01,di_10,secondary,1,0.138413487216,0.861586512784,86126,-0.723173025567,
2025-12-01,di_10,secondary,2,0.276923795184,0.723076204816,85677,-0.446152409632,
2025-12-01,di_10,secondary,3,0.349077654591,0.650922345409,85597,-0.301844690819,
2025-12-01,di_10,secondary,4,0.425585598273,0.574414401727,85212,-0.148828803455,
2025-12-01,di_10,secondary,5,0.490961245756,0.509038754244,85410,-0.0180775084885,
2025-12-01,di_10,secondary,6,0.53486060436,0.46513939564,85512,0.0697212087192,
2025-12-01,di_10,secondary,7,0.596464150414,0.403535849586,85524,0.192928300828,
2025-12-01,di_10,secondary,8,0.660384188708,0.339615811292,85635,0.320768377416,
2025-12-01,di_10,secondary,9,0.752308925522,0.247691074478,86079,0.504617851044,
2025-12-01,di_10,secondary,10,0.866081789909,0.133918210091,86172,0.732163579817,
2025-12-01,di_5,secondary,1,0.136046835796,0.863953164204,86088,-0.727906328408,
2025-12-01,di_5,secondary,2,0.274576904659,0.725423095341,85619,-0.450846190682,
2025-12-01,di_5,secondary,3,0.352723321728,0.647276678272,85594,-0.294553356544,
2025-12-01,di_5,secondary,4,0.426433389545,0.573566610455,85392,-0.147133220911,
2025-12-01,di_5,secondary,5,0.492408800169,0.507591199831,85362,-0.0151823996626,
2025-12-01,di_5,secondary,6,0.536302066884,0.463697933116,85491,0.0726041337685,
2025-12-01,di_5,secondary,7,0.59083308974,0.40916691026,85525,0.18166617948,
2025-12-01,di_5,secondary,8,0.660842874316,0.339157125684,85683,0.321685748632,
2025-12-01,di_5,secondary,9,0.751748048352,0.248251951648,85953,0.503496096704,
2025-12-01,di_5,secondary,10,0.868988949059,0.131011050941,86237,0.737977898118,
2025-12-01,ofi_100ms,secondary,1,0.290597200153,0.709402799847,86219,-0.418805599694,
2025-12-01,ofi_100ms,secondary,2,0.430329921159,0.569670078841,85869,-0.139340157682,
2025-12-01,ofi_100ms,secondary,3,0.462449070129,0.537550929871,85657,-0.0751018597429,
2025-12-01,ofi_100ms,secondary,4,0.498684410557,0.501315589443,85513,-0.00263117888508,
2025-12-01,ofi_100ms,secondary,5,0.521427982909,0.478572017091,84959,0.0428559658188,
2025-12-01,ofi_100ms,secondary,6,0.507552976142,0.492447023858,85463,0.0151059522834,
2025-12-01,ofi_100ms,secondary,7,0.540044188303,0.459955811697,85543,0.0800883766059,
2025-12-01,ofi_100ms,secondary,8,0.550686562982,0.449313437018,85644,0.101373125963,
2025-12-01,ofi_100ms,secondary,9,0.581177073387,0.418822926613,85874,0.162354146773,
2025-12-01,ofi_100ms,secondary,10,0.710044894029,0.289955105971,86203,0.420089788058,
ALL_EQUAL_DAY,microprice_deviation_bps,primary,1,0.130508940853,0.869491059147,1981075,-0.738982118294,
ALL_EQUAL_DAY,microprice_deviation_bps,primary,2,0.242533188036,0.757466811964,1889461,-0.514933623928,
ALL_EQUAL_DAY,microprice_deviation_bps,primary,3,0.319726166744,0.680273833256,1830457,-0.360547666512,
ALL_EQUAL_DAY,microprice_deviation_bps,primary,4,0.399073813778,0.600926186222,1789273,-0.201852372444,
ALL_EQUAL_DAY,microprice_deviation_bps,primary,5,0.466629219018,0.533370780982,1766021,-0.0667415619633,
ALL_EQUAL_DAY,microprice_deviation_bps,primary,6,0.538135756821,0.461864243179,1761208,0.0762715136429,
ALL_EQUAL_DAY,microprice_deviation_bps,primary,7,0.608018533037,0.391981466963,1783194,0.216037066074,
ALL_EQUAL_DAY,microprice_deviation_bps,primary,8,0.680619841256,0.319380158744,1818272,0.361239682512,
ALL_EQUAL_DAY,microprice_deviation_bps,primary,9,0.764042491657,0.235957508343,1874062,0.528084983314,
ALL_EQUAL_DAY,microprice_deviation_bps,primary,10,0.872689859147,0.127310140853,1969144,0.745379718294,
ALL_EQUAL_DAY,qi_1,primary,1,0.129499443534,0.870500556466,1980356,-0.741001112931,
ALL_EQUAL_DAY,qi_1,primary,2,0.242909639122,0.757090360878,1889114,-0.514180721756,
ALL_EQUAL_DAY,qi_1,primary,3,0.320016256681,0.679983743319,1830632,-0.359967486638,
ALL_EQUAL_DAY,qi_1,primary,4,0.399239603208,0.600760396792,1789855,-0.201520793584,
ALL_EQUAL_DAY,qi_1,primary,5,0.46675495024,0.53324504976,1766278,-0.06649009952,
ALL_EQUAL_DAY,qi_1,primary,6,0.538135833753,0.461864166247,1761624,0.0762716675068,
ALL_EQUAL_DAY,qi_1,primary,7,0.608172884182,0.391827115818,1783483,0.216345768364,
ALL_EQUAL_DAY,qi_1,primary,8,0.680180792029,0.319819207971,1818443,0.360361584058,
ALL_EQUAL_DAY,qi_1,primary,9,0.763241589007,0.236758410993,1874303,0.526483178013,
ALL_EQUAL_DAY,qi_1,primary,10,0.873838905857,0.126161094143,1968079,0.747677811714,
ALL_EQUAL_DAY,di_10,secondary,1,0.135306833946,0.864693166054,1978008,-0.729386332108,
ALL_EQUAL_DAY,di_10,secondary,2,0.245430102972,0.754569897028,1888664,-0.509139794055,
ALL_EQUAL_DAY,di_10,secondary,3,0.319784737756,0.680215262244,1831998,-0.360430524487,
ALL_EQUAL_DAY,di_10,secondary,4,0.398483970947,0.601516029053,1788752,-0.203032058105,
ALL_EQUAL_DAY,di_10,secondary,5,0.467196902154,0.532803097846,1771037,-0.0656061956921,
ALL_EQUAL_DAY,di_10,secondary,6,0.536739227262,0.463260772738,1762435,0.0734784545246,
ALL_EQUAL_DAY,di_10,secondary,7,0.606959828488,0.393040171512,1781337,0.213919656977,
ALL_EQUAL_DAY,di_10,secondary,8,0.682090468441,0.317909531559,1821276,0.364180936882,
ALL_EQUAL_DAY,di_10,secondary,9,0.762113018971,0.237886981029,1877030,0.524226037943,
ALL_EQUAL_DAY,di_10,secondary,10,0.868078077925,0.131921922075,1961630,0.73615615585,
ALL_EQUAL_DAY,di_5,secondary,1,0.131600475077,0.868399524923,1980312,-0.736799049847,
ALL_EQUAL_DAY,di_5,secondary,2,0.243549165647,0.756450834353,1889368,-0.512901668706,
ALL_EQUAL_DAY,di_5,secondary,3,0.321462838384,0.678537161616,1830168,-0.357074323232,
ALL_EQUAL_DAY,di_5,secondary,4,0.399614447598,0.600385552402,1789640,-0.200771104803,
ALL_EQUAL_DAY,di_5,secondary,5,0.466449693064,0.533550306936,1767957,-0.0671006138724,
ALL_EQUAL_DAY,di_5,secondary,6,0.536416213177,0.463583786823,1762443,0.0728324263536,
ALL_EQUAL_DAY,di_5,secondary,7,0.606639970084,0.393360029916,1781002,0.213279940169,
ALL_EQUAL_DAY,di_5,secondary,8,0.680526919929,0.319473080071,1820770,0.361053839859,
ALL_EQUAL_DAY,di_5,secondary,9,0.763916204144,0.236083795856,1875224,0.527832408288,
ALL_EQUAL_DAY,di_5,secondary,10,0.871975690015,0.128024309985,1965283,0.74395138003,
ALL_EQUAL_DAY,ofi_100ms,secondary,1,0.332869827259,0.667130172741,1927339,-0.334260345482,
ALL_EQUAL_DAY,ofi_100ms,secondary,2,0.438870065198,0.561129934802,1869984,-0.122259869603,
ALL_EQUAL_DAY,ofi_100ms,secondary,3,0.465034450602,0.534965549398,1848734,-0.0699310987952,
ALL_EQUAL_DAY,ofi_100ms,secondary,4,0.494569692239,0.505430307761,1824206,-0.0108606155226,
ALL_EQUAL_DAY,ofi_100ms,secondary,5,0.496270893412,0.503729106588,1728296,-0.00745821317645,
ALL_EQUAL_DAY,ofi_100ms,secondary,6,0.508327776007,0.491672223993,1826418,0.0166555520149,
ALL_EQUAL_DAY,ofi_100ms,secondary,7,0.508841870701,0.491158129299,1804030,0.0176837414012,
ALL_EQUAL_DAY,ofi_100ms,secondary,8,0.539198805494,0.460801194506,1836408,0.0783976109884,
ALL_EQUAL_DAY,ofi_100ms,secondary,9,0.565443189409,0.434556810591,1869889,0.130886378817,
ALL_EQUAL_DAY,ofi_100ms,secondary,10,0.666514433045,0.333485566955,1926863,0.33302886609,
