date,year,feature,horizon,stride,full_grid_spearman_ic,nonoverlap_spearman_ic,spearman_difference,full_grid_pearson_ic,nonoverlap_pearson_ic,nonoverlap_candidate_rows,nonoverlap_valid_feature_rows,nonoverlap_valid_label_rows,nonoverlap_valid_paired_rows,nonoverlap_paired_coverage
2024-01-01,2024,di_10,100ms,1,0.249128634038,0.249128634038,0,0.150729341835,0.150729341835,863986,863986,863985,863985,0.999998842574
2024-01-01,2024,di_5,100ms,1,0.251843297608,0.251843297608,0,0.149268973106,0.149268973106,863986,863986,863985,863985,0.999998842574
2024-01-01,2024,microprice_deviation_bps,100ms,1,0.252653904616,0.252653904616,0,0.106207474401,0.106207474401,863986,863986,863985,863985,0.999998842574
2024-01-01,2024,ofi_100ms,100ms,1,0.199797191693,0.199797191693,0,0.198508743377,0.198508743377,863986,863986,863985,863985,0.999998842574
2024-01-01,2024,qi_1,100ms,1,0.252599270452,0.252599270452,0,0.142546263178,0.142546263178,863986,863986,863985,863985,0.999998842574
2024-01-01,2024,trade_imbalance_100ms,100ms,1,0.214702785358,0.214702785358,0,0.170911321871,0.170911321871,863986,283046,863985,283045,0.327603688023
2024-01-01,2024,di_10,1s,10,0.421533929732,0.420444969466,-0.0010889602667,0.2653591033,0.263027925659,86399,86399,86398,86398,0.999988425792
2024-01-01,2024,di_5,1s,10,0.425997616879,0.425190281449,-0.000807335430158,0.265007537684,0.262795513968,86399,86399,86398,86398,0.999988425792
2024-01-01,2024,microprice_deviation_bps,1s,10,0.426904025446,0.426109275955,-0.000794749491423,0.0699822316201,0.0586560216611,86399,86399,86398,86398,0.999988425792
2024-01-01,2024,ofi_1s,1s,10,0.317120471463,0.313925389444,-0.00319508201904,0.214193017673,0.210704974261,86399,86399,86398,86398,0.999988425792
2024-01-01,2024,qi_1,1s,10,0.428730663838,0.427678754973,-0.00105190886465,0.259007774558,0.255240009892,86399,86399,86398,86398,0.999988425792
2024-01-01,2024,trade_imbalance_1s,1s,10,0.160065136109,0.161192230635,0.00112709452609,0.122587453064,0.12116986458,86399,81995,86398,81994,0.949015613607
2024-01-01,2024,di_10,30s,300,0.248408061202,0.275490323598,0.0270822623959,0.195310011026,0.211538479149,2880,2880,2879,2879,0.999652777778
2024-01-01,2024,di_5,30s,300,0.250908146168,0.279008314319,0.0281001681508,0.197431236539,0.215410782082,2880,2880,2879,2879,0.999652777778
2024-01-01,2024,microprice_deviation_bps,30s,300,0.25023464159,0.276987655584,0.0267530139941,0.0221989822544,0.080293049583,2880,2880,2879,2879,0.999652777778
2024-01-01,2024,ofi_30s,30s,300,0.121733117101,0.129951983637,0.00821886653657,0.0907175576434,0.0879633675972,2880,2880,2879,2879,0.999652777778
2024-01-01,2024,qi_1,30s,300,0.250150794966,0.274492417214,0.0243416222475,0.195843651936,0.211406351455,2880,2880,2879,2879,0.999652777778
2024-01-01,2024,trade_imbalance_30s,30s,300,0.102696675004,0.108967853283,0.00627117827855,0.0797520766302,0.0841703630023,2880,2880,2879,2879,0.999652777778
2024-01-01,2024,di_10,500ms,5,0.365049596878,0.364767124007,-0.000282472871118,0.228766181583,0.22968597435,172798,172798,172797,172797,0.999994212896
2024-01-01,2024,di_5,500ms,5,0.369182188443,0.368641346011,-0.000540842431674,0.22785770702,0.228698831444,172798,172798,172797,172797,0.999994212896
2024-01-01,2024,microprice_deviation_bps,500ms,5,0.37058406826,0.37032372142,-0.000260346839417,0.0888481364199,0.0819372382438,172798,172798,172797,172797,0.999994212896
2024-01-01,2024,ofi_500ms,500ms,5,0.265987089594,0.265664405064,-0.000322684530739,0.194150543097,0.193296565872,172798,172798,172797,172797,0.999994212896
2024-01-01,2024,qi_1,500ms,5,0.372058299926,0.371345068755,-0.000713231171945,0.221304009189,0.221698007161,172798,172798,172797,172797,0.999994212896
2024-01-01,2024,trade_imbalance_500ms,500ms,5,0.137716754904,0.138981575507,0.00126482060243,0.114287431636,0.114363986071,172798,138994,172797,138993,0.804366948692
2024-01-01,2024,di_10,5s,50,0.452715282521,0.447850869481,-0.00486441304086,0.300910373079,0.299513682436,17280,17280,17279,17279,0.99994212963
2024-01-01,2024,di_5,5s,50,0.45561152172,0.45098691726,-0.00462460445987,0.300828648906,0.299440766976,17280,17280,17279,17279,0.99994212963
2024-01-01,2024,microprice_deviation_bps,5s,50,0.455866917713,0.451325677966,-0.00454123974734,0.0385215955116,0.0350836595797,17280,17280,17279,17279,0.99994212963
2024-01-01,2024,ofi_5s,5s,50,0.332750271119,0.327841507848,-0.00490876327121,0.18956216439,0.183150882655,17280,17280,17279,17279,0.99994212963
2024-01-01,2024,qi_1,5s,50,0.45652140643,0.451552853264,-0.0049685531652,0.29695779488,0.293571222845,17280,17280,17279,17279,0.99994212963
2024-01-01,2024,trade_imbalance_5s,5s,50,0.229913083734,0.227314121811,-0.0025989619234,0.152098601381,0.150844515205,17280,17279,17279,17278,0.999884259259
2024-02-01,2024,di_10,100ms,1,0.281374816498,0.281374816498,0,0.181684764108,0.181684764108,863980,863980,863979,863979,0.999998842566
2024-02-01,2024,di_5,100ms,1,0.284346968888,0.284346968888,0,0.180729608525,0.180729608525,863980,863980,863979,863979,0.999998842566
2024-02-01,2024,microprice_deviation_bps,100ms,1,0.285748872933,0.285748872933,0,0.0895237973064,0.0895237973064,863980,863980,863979,863979,0.999998842566
2024-02-01,2024,ofi_100ms,100ms,1,0.236736863187,0.236736863187,0,0.211214593305,0.211214593305,863980,863980,863979,863979,0.999998842566
2024-02-01,2024,qi_1,100ms,1,0.283858839683,0.283858839683,0,0.173514805865,0.173514805865,863980,863980,863979,863979,0.999998842566
2024-02-01,2024,trade_imbalance_100ms,100ms,1,0.257413634316,0.257413634316,0,0.214518204857,0.214518204857,863980,278686,863979,278686,0.322560707424
2024-02-01,2024,di_10,1s,10,0.432702874621,0.434717987502,0.00201511288127,0.279960252926,0.2812579255,86398,86398,86397,86397,0.999988425658
2024-02-01,2024,di_5,1s,10,0.437623232719,0.439573437073,0.00195020435428,0.28073783054,0.282080789361,86398,86398,86397,86397,0.999988425658
2024-02-01,2024,microprice_deviation_bps,1s,10,0.438118617171,0.439647991659,0.00152937448786,0.0608350295126,0.0457207711515,86398,86398,86397,86397,0.999988425658
2024-02-01,2024,ofi_1s,1s,10,0.342260057742,0.344375015729,0.00211495798659,0.23519530608,0.234575413337,86398,86398,86397,86397,0.999988425658
2024-02-01,2024,qi_1,1s,10,0.438329183756,0.439947134736,0.00161795097933,0.275242640333,0.276357096708,86398,86398,86397,86397,0.999988425658
2024-02-01,2024,trade_imbalance_1s,1s,10,0.188115928469,0.186822649343,-0.00129327912682,0.14263188147,0.139205260787,86398,82512,86397,82511,0.955010532651
2024-02-01,2024,di_10,30s,300,0.185204127114,0.163655136899,-0.0215489902147,0.151961117966,0.12256944801,2880,2880,2879,2879,0.999652777778
2024-02-01,2024,di_5,30s,300,0.18721499999,0.1659723033,-0.0212426966894,0.153653712629,0.124821021606,2880,2880,2879,2879,0.999652777778
2024-02-01,2024,microprice_deviation_bps,30s,300,0.187343600701,0.170843415235,-0.0165001854662,0.0168227822719,0.0159011301308,2880,2880,2879,2879,0.999652777778
2024-02-01,2024,ofi_30s,30s,300,0.0464357612743,0.0551614138573,0.00872565258305,0.0264809869711,0.0349841443685,2880,2880,2879,2879,0.999652777778
2024-02-01,2024,qi_1,30s,300,0.187665335997,0.169498365248,-0.0181669707488,0.153510297287,0.128650865959,2880,2880,2879,2879,0.999652777778
2024-02-01,2024,trade_imbalance_30s,30s,300,0.0309911702115,0.0432510036293,0.0122598334178,0.0209908422466,0.0301279906599,2880,2880,2879,2879,0.999652777778
2024-02-01,2024,di_10,500ms,5,0.390666144205,0.391969178917,0.0013030347121,0.250962700764,0.253195411315,172796,172796,172795,172795,0.999994212829
2024-02-01,2024,di_5,500ms,5,0.395390911858,0.396822642496,0.00143173063792,0.251240167991,0.253857937209,172796,172796,172795,172795,0.999994212829
2024-02-01,2024,microprice_deviation_bps,500ms,5,0.396174882109,0.397653359501,0.00147847739278,0.0819790918641,0.077149161375,172796,172796,172795,172795,0.999994212829
2024-02-01,2024,ofi_500ms,500ms,5,0.302325370541,0.303988364996,0.00166299445573,0.213838768964,0.215283841207,172796,172796,172795,172795,0.999994212829
2024-02-01,2024,qi_1,500ms,5,0.395887521667,0.397215875924,0.00132835425758,0.2449552864,0.247179711647,172796,172796,172795,172795,0.999994212829
2024-02-01,2024,trade_imbalance_500ms,500ms,5,0.165259872524,0.168106161711,0.00284628918686,0.14051251798,0.144244697892,172796,139768,172795,139767,0.808855529063
2024-02-01,2024,di_10,5s,50,0.40510877673,0.404048292774,-0.0010604839558,0.27753582551,0.281177773562,17280,17280,17279,17279,0.99994212963
2024-02-01,2024,di_5,5s,50,0.408790813052,0.408132575439,-0.000658237613277,0.279203434446,0.283042485529,17280,17280,17279,17279,0.99994212963
2024-02-01,2024,microprice_deviation_bps,5s,50,0.409469346192,0.409524197039,5.48508473704e-05,0.0347839894677,0.0252029454327,17280,17280,17279,17279,0.99994212963
2024-02-01,2024,ofi_5s,5s,50,0.279308758722,0.273335017691,-0.00597374103049,0.17598332538,0.177849619785,17280,17280,17279,17279,0.99994212963
2024-02-01,2024,qi_1,5s,50,0.409933002366,0.410340225154,0.000407222788152,0.276650222857,0.279635125925,17280,17280,17279,17279,0.99994212963
2024-02-01,2024,trade_imbalance_5s,5s,50,0.182983017465,0.188143708163,0.00516069069804,0.116542668465,0.123621559051,17280,17280,17279,17279,0.99994212963
2024-03-01,2024,di_10,100ms,1,0.314352390468,0.314352390468,0,0.205889343138,0.205889343138,863986,863936,863933,863933,0.999938656413
2024-03-01,2024,di_5,100ms,1,0.3232046603,0.3232046603,0,0.209633329997,0.209633329997,863986,863936,863933,863933,0.999938656413
2024-03-01,2024,microprice_deviation_bps,100ms,1,0.331348894586,0.331348894586,0,0.10597120347,0.10597120347,863986,863936,863933,863933,0.999938656413
2024-03-01,2024,ofi_100ms,100ms,1,0.274352205805,0.274352205805,0,0.247482601211,0.247482601211,863986,863986,863933,863933,0.999938656413
2024-03-01,2024,qi_1,100ms,1,0.329370510789,0.329370510789,0,0.207164583651,0.207164583651,863986,863936,863933,863933,0.999938656413
2024-03-01,2024,trade_imbalance_100ms,100ms,1,0.242528160928,0.242528160928,0,0.211141814217,0.211141814217,863986,390424,863933,390380,0.451836025121
2024-03-01,2024,di_10,1s,10,0.438892501449,0.433858101297,-0.00503440015176,0.298630843419,0.29711970906,86399,86394,86391,86391,0.999907406336
2024-03-01,2024,di_5,1s,10,0.449948440189,0.444984503969,-0.00496393621996,0.304146704547,0.302702861735,86399,86394,86391,86391,0.999907406336
2024-03-01,2024,microprice_deviation_bps,1s,10,0.454649149514,0.450601373568,-0.00404777594652,0.0472929311731,0.0424122104284,86399,86394,86391,86391,0.999907406336
2024-03-01,2024,ofi_1s,1s,10,0.358396170327,0.352232153896,-0.00616401643075,0.227253639216,0.223102807488,86399,86399,86391,86391,0.999907406336
2024-03-01,2024,qi_1,1s,10,0.454687445949,0.45021130227,-0.00447614367901,0.302919063849,0.302635827212,86399,86394,86391,86391,0.999907406336
2024-03-01,2024,trade_imbalance_1s,1s,10,0.201838310882,0.195192053469,-0.00664625741336,0.1477472682,0.146266289057,86399,85479,86391,85471,0.989259134944
2024-03-01,2024,di_10,30s,300,0.161342750534,0.155043061677,-0.00629968885734,0.141640198267,0.14550776195,2880,2880,2879,2879,0.999652777778
2024-03-01,2024,di_5,30s,300,0.161283228573,0.157939411478,-0.00334381709445,0.141594586905,0.14607445756,2880,2880,2879,2879,0.999652777778
2024-03-01,2024,microprice_deviation_bps,30s,300,0.160113089748,0.157106372225,-0.00300671752349,0.0132750340365,0.0387999921131,2880,2880,2879,2879,0.999652777778
2024-03-01,2024,ofi_30s,30s,300,0.1055447435,0.103879745709,-0.00166499779087,0.0901185396588,0.0890313216061,2880,2880,2879,2879,0.999652777778
2024-03-01,2024,qi_1,30s,300,0.160304784662,0.157965600121,-0.00233918454195,0.140680270773,0.148365246363,2880,2880,2879,2879,0.999652777778
2024-03-01,2024,trade_imbalance_30s,30s,300,0.0613488338515,0.06223290281,0.000884068958535,0.053261816429,0.0570737184234,2880,2880,2879,2879,0.999652777778
2024-03-01,2024,di_10,500ms,5,0.414834882391,0.412786212098,-0.00204867029369,0.273106413342,0.271449349811,172798,172789,172786,172786,0.999930554752
2024-03-01,2024,di_5,500ms,5,0.425913129423,0.423782101287,-0.00213102813602,0.278462036244,0.277001907649,172798,172789,172786,172786,0.999930554752
2024-03-01,2024,microprice_deviation_bps,500ms,5,0.432329550237,0.430563189865,-0.00176636037268,0.0699276593815,0.0537974513142,172798,172789,172786,172786,0.999930554752
2024-03-01,2024,ofi_500ms,500ms,5,0.336633365663,0.333717570445,-0.00291579521786,0.217197047781,0.213354945112,172798,172798,172786,172786,0.999930554752
2024-03-01,2024,qi_1,500ms,5,0.431814539836,0.429918909694,-0.00189563014158,0.276906502194,0.275938954491,172798,172789,172786,172786,0.999930554752
2024-03-01,2024,trade_imbalance_500ms,500ms,5,0.173405402272,0.170457092032,-0.00294831024083,0.140693160814,0.138102590507,172798,158528,172786,158516,0.917348580423
2024-03-01,2024,di_10,5s,50,0.338112019047,0.342070563909,0.00395854486164,0.265668645357,0.273077185697,17280,17279,17277,17277,0.999826388889
2024-03-01,2024,di_5,5s,50,0.345341273912,0.350058052584,0.00471677867174,0.269882593612,0.277357459885,17280,17279,17277,17277,0.999826388889
2024-03-01,2024,microprice_deviation_bps,5s,50,0.346646185497,0.353608365563,0.00696218006532,0.0195497903976,0.0253793746502,17280,17279,17277,17277,0.999826388889
2024-03-01,2024,ofi_5s,5s,50,0.208869453921,0.202188376294,-0.00668107762669,0.141423199296,0.141299790508,17280,17280,17277,17277,0.999826388889
2024-03-01,2024,qi_1,5s,50,0.347125219637,0.353752943345,0.00662772370765,0.269983471744,0.279732488303,17280,17279,17277,17277,0.999826388889
2024-03-01,2024,trade_imbalance_5s,5s,50,0.153214693912,0.148508898975,-0.00470579493736,0.11668544661,0.117877683257,17280,17280,17277,17277,0.999826388889
2024-04-01,2024,di_10,100ms,1,0.29040558372,0.29040558372,0,0.189966850223,0.189966850223,863952,863939,863936,863936,0.999981480453
2024-04-01,2024,di_5,100ms,1,0.298090049049,0.298090049049,0,0.193157349304,0.193157349304,863952,863939,863936,863936,0.999981480453
2024-04-01,2024,microprice_deviation_bps,100ms,1,0.299576519315,0.299576519315,0,0.0920148879356,0.0920148879356,863952,863939,863936,863936,0.999981480453
2024-04-01,2024,ofi_100ms,100ms,1,0.258346310434,0.258346310434,0,0.197954943469,0.197954943469,863952,863952,863936,863936,0.999981480453
2024-04-01,2024,qi_1,100ms,1,0.294969809591,0.294969809591,0,0.186195721908,0.186195721908,863952,863939,863936,863936,0.999981480453
2024-04-01,2024,trade_imbalance_100ms,100ms,1,0.232199748598,0.232199748598,0,0.206399093099,0.206399093099,863952,360750,863936,360742,0.417548660111
2024-04-01,2024,di_10,1s,10,0.43822969919,0.43833744673,0.000107747540331,0.282465433793,0.282379250554,86396,86394,86391,86391,0.99994212695
2024-04-01,2024,di_5,1s,10,0.447258334021,0.44795782656,0.000699492538255,0.286896501572,0.28789983962,86396,86394,86391,86391,0.99994212695
2024-04-01,2024,microprice_deviation_bps,1s,10,0.448005878659,0.449251892928,0.00124601426879,0.0520283029572,0.0676053994319,86396,86394,86391,86391,0.99994212695
2024-04-01,2024,ofi_1s,1s,10,0.356723658489,0.354106994696,-0.00261666379365,0.236720024758,0.235690183174,86396,86396,86391,86391,0.99994212695
2024-04-01,2024,qi_1,1s,10,0.448297921437,0.449573020778,0.0012750993407,0.282636773954,0.285231401722,86396,86394,86391,86391,0.99994212695
2024-04-01,2024,trade_imbalance_1s,1s,10,0.219257608215,0.218211144073,-0.00104646414256,0.162499414684,0.161475184895,86396,84524,86391,84520,0.978286031761
2024-04-01,2024,di_10,30s,300,0.216022841481,0.225196744532,0.00917390305099,0.167231727773,0.177775102459,2880,2880,2879,2879,0.999652777778
2024-04-01,2024,di_5,30s,300,0.218240217877,0.226442909239,0.00820269136277,0.168892643519,0.17741555987,2880,2880,2879,2879,0.999652777778
2024-04-01,2024,microprice_deviation_bps,30s,300,0.216365163698,0.224725335701,0.0083601720033,0.0109502450331,0.0155927524522,2880,2880,2879,2879,0.999652777778
2024-04-01,2024,ofi_30s,30s,300,0.0970175548466,0.0922243369709,-0.00479321787568,0.0701084494651,0.065297079719,2880,2880,2879,2879,0.999652777778
2024-04-01,2024,qi_1,30s,300,0.218495248417,0.228881765434,0.0103865170165,0.168111575998,0.1761683229,2880,2880,2879,2879,0.999652777778
2024-04-01,2024,trade_imbalance_30s,30s,300,0.0743805252935,0.0610796243119,-0.0133009009815,0.0558046647333,0.051711280022,2880,2880,2879,2879,0.999652777778
2024-04-01,2024,di_10,500ms,5,0.402142473498,0.401799679596,-0.000342793901813,0.262213321166,0.26329685782,172791,172788,172785,172785,0.999965275969
2024-04-01,2024,di_5,500ms,5,0.411920835459,0.411574885132,-0.000345950327138,0.266418346483,0.267978526031,172791,172788,172785,172785,0.999965275969
2024-04-01,2024,microprice_deviation_bps,500ms,5,0.413762289057,0.4135625713,-0.000199717756314,0.0653326114551,0.0601624602067,172791,172788,172785,172785,0.999965275969
2024-04-01,2024,ofi_500ms,500ms,5,0.331793587181,0.328408141532,-0.00338544564924,0.234135170848,0.235702608524,172791,172791,172785,172785,0.999965275969
2024-04-01,2024,qi_1,500ms,5,0.412258699664,0.412280253475,2.15538111447e-05,0.26086085654,0.263050799266,172791,172788,172785,172785,0.999965275969
2024-04-01,2024,trade_imbalance_500ms,500ms,5,0.185833212308,0.183813845711,-0.00201936659625,0.159961168005,0.160032561236,172791,152593,172785,152589,0.883084188413
2024-04-01,2024,di_10,5s,50,0.395259073035,0.401485774316,0.00622670128058,0.260226495887,0.269675040338,17280,17280,17279,17279,0.99994212963
2024-04-01,2024,di_5,5s,50,0.399886548138,0.406745822828,0.00685927469041,0.262825338325,0.272459689337,17280,17280,17279,17279,0.99994212963
2024-04-01,2024,microprice_deviation_bps,5s,50,0.397232097899,0.405690257647,0.00845815974849,0.0278913432089,0.0489246235233,17280,17280,17279,17279,0.99994212963
2024-04-01,2024,ofi_5s,5s,50,0.268320931182,0.272921771138,0.0046008399556,0.152789117006,0.157410491822,17280,17280,17279,17279,0.99994212963
2024-04-01,2024,qi_1,5s,50,0.399772426419,0.40813018512,0.0083577587013,0.260568054375,0.273530372608,17280,17280,17279,17279,0.99994212963
2024-04-01,2024,trade_imbalance_5s,5s,50,0.203675260071,0.205146321217,0.00147106114615,0.125323089013,0.128922366022,17280,17280,17279,17279,0.99994212963
2024-05-01,2024,di_10,100ms,1,0.336970604128,0.336970604128,0,0.192711971546,0.192711971546,863986,863986,863985,863985,0.999998842574
2024-05-01,2024,di_5,100ms,1,0.350476174926,0.350476174926,0,0.19983196081,0.19983196081,863986,863986,863985,863985,0.999998842574
2024-05-01,2024,microprice_deviation_bps,100ms,1,0.363718132708,0.363718132708,0,0.0501500904149,0.0501500904149,863986,863986,863985,863985,0.999998842574
2024-05-01,2024,ofi_100ms,100ms,1,0.32104261077,0.32104261077,0,0.192738659065,0.192738659065,863986,863986,863985,863985,0.999998842574
2024-05-01,2024,qi_1,100ms,1,0.361192036693,0.361192036693,0,0.203196588056,0.203196588056,863986,863986,863985,863985,0.999998842574
2024-05-01,2024,trade_imbalance_100ms,100ms,1,0.290029785029,0.290029785029,0,0.239661597283,0.239661597283,863986,406607,863985,406606,0.470616422025
2024-05-01,2024,di_10,1s,10,0.37475101685,0.371615518093,-0.00313549875666,0.231557664519,0.231162947295,86399,86399,86398,86398,0.999988425792
2024-05-01,2024,di_5,1s,10,0.384216097199,0.380816698116,-0.00339939908292,0.237212323897,0.236313162865,86399,86399,86398,86398,0.999988425792
2024-05-01,2024,microprice_deviation_bps,1s,10,0.389235204736,0.387797596193,-0.00143760854246,0.00165112054162,0.019952529187,86399,86399,86398,86398,0.999988425792
2024-05-01,2024,ofi_1s,1s,10,0.291862159295,0.284641986317,-0.00722017297769,0.173590294534,0.169101235711,86399,86399,86398,86398,0.999988425792
2024-05-01,2024,qi_1,1s,10,0.389384986931,0.387175235817,-0.00220975111379,0.240204886189,0.240156204662,86399,86399,86398,86398,0.999988425792
2024-05-01,2024,trade_imbalance_1s,1s,10,0.179020164095,0.173509576209,-0.0055105878857,0.117777560497,0.113710237843,86399,84480,86398,84479,0.977777520573
2024-05-01,2024,di_10,30s,300,0.120092614532,0.118336835753,-0.00175577877912,0.0996927545397,0.0763167781566,2880,2880,2879,2879,0.999652777778
2024-05-01,2024,di_5,30s,300,0.121252866445,0.118955788438,-0.0022970780069,0.0997996022634,0.0757441785681,2880,2880,2879,2879,0.999652777778
2024-05-01,2024,microprice_deviation_bps,30s,300,0.122076166842,0.118680958231,-0.00339520861135,0.00541695315766,-0.00279907430837,2880,2880,2879,2879,0.999652777778
2024-05-01,2024,ofi_30s,30s,300,0.0373624111157,0.0423174065617,0.00495499544605,0.0337270986028,0.0377076971383,2880,2880,2879,2879,0.999652777778
2024-05-01,2024,qi_1,30s,300,0.122788156283,0.116920632728,-0.00586752355466,0.100753116787,0.0743985888151,2880,2880,2879,2879,0.999652777778
2024-05-01,2024,trade_imbalance_30s,30s,300,0.0337764445797,0.0175556452517,-0.0162207993281,0.036715314363,0.0274070008921,2880,2880,2879,2879,0.999652777778
2024-05-01,2024,di_10,500ms,5,0.387482046547,0.389201508931,0.00171946238462,0.232038940024,0.234100323154,172798,172798,172797,172797,0.999994212896
2024-05-01,2024,di_5,500ms,5,0.399035266317,0.400672161961,0.00163689564384,0.238549065416,0.240875442682,172798,172798,172797,172797,0.999994212896
2024-05-01,2024,microprice_deviation_bps,500ms,5,0.407063191009,0.409587777411,0.00252458640242,0.0126450172957,0.00929556137172,172798,172798,172797,172797,0.999994212896
2024-05-01,2024,ofi_500ms,500ms,5,0.327546090182,0.326580972472,-0.000965117709476,0.192981300209,0.19150381344,172798,172798,172797,172797,0.999994212896
2024-05-01,2024,qi_1,500ms,5,0.406602725243,0.409113393303,0.00251066806082,0.242342783826,0.245076656788,172798,172798,172797,172797,0.999994212896
2024-05-01,2024,trade_imbalance_500ms,500ms,5,0.192394589249,0.188602543109,-0.00379204614013,0.141475094099,0.137613873327,172798,154904,172797,154903,0.896439773608
2024-05-01,2024,di_10,5s,50,0.247518344396,0.251013858443,0.00349551404664,0.172064583686,0.173783714257,17280,17280,17279,17279,0.99994212963
2024-05-01,2024,di_5,5s,50,0.251498121359,0.254186311801,0.00268819044176,0.174686218436,0.174777047342,17280,17280,17279,17279,0.99994212963
2024-05-01,2024,microprice_deviation_bps,5s,50,0.251184430257,0.252829835801,0.00164540554386,-0.015166875003,-0.0321427947654,17280,17280,17279,17279,0.99994212963
2024-05-01,2024,ofi_5s,5s,50,0.138819856047,0.141959191275,0.00313933522721,0.0985507504497,0.0998913445921,17280,17280,17279,17279,0.99994212963
2024-05-01,2024,qi_1,5s,50,0.252437074343,0.254982128133,0.0025450537899,0.175379471603,0.174511832562,17280,17280,17279,17279,0.99994212963
2024-05-01,2024,trade_imbalance_5s,5s,50,0.0982652666454,0.0972995266955,-0.000965739949966,0.0700670535822,0.0720128505407,17280,17280,17279,17279,0.99994212963
2024-06-01,2024,di_10,100ms,1,0.119223625107,0.119223625107,0,0.0675471039623,0.0675471039623,863991,863946,863944,863944,0.999945601285
2024-06-01,2024,di_5,100ms,1,0.121104012564,0.121104012564,0,0.06675393373,0.06675393373,863991,863946,863944,863944,0.999945601285
2024-06-01,2024,microprice_deviation_bps,100ms,1,0.12341806257,0.12341806257,0,0.0806581222597,0.0806581222597,863991,863946,863944,863944,0.999945601285
2024-06-01,2024,ofi_100ms,100ms,1,0.0799855254305,0.0799855254305,0,0.123009373879,0.123009373879,863991,863991,863944,863944,0.999945601285
2024-06-01,2024,qi_1,100ms,1,0.122810452079,0.122810452079,0,0.0647846779901,0.0647846779901,863991,863946,863944,863944,0.999945601285
2024-06-01,2024,trade_imbalance_100ms,100ms,1,0.121764688097,0.121764688097,0,0.0945129167186,0.0945129167186,863991,203961,863944,203961,0.236068431268
2024-06-01,2024,di_10,1s,10,0.270540414679,0.272486187954,0.00194577327564,0.145716409273,0.147121954463,86400,86396,86394,86394,0.999930555556
2024-06-01,2024,di_5,1s,10,0.276763706318,0.278423845425,0.00166013910746,0.145740786386,0.147248920466,86400,86396,86394,86394,0.999930555556
2024-06-01,2024,microprice_deviation_bps,1s,10,0.281761752958,0.283504660646,0.00174290768855,0.0266163764448,0.104202913441,86400,86396,86394,86394,0.999930555556
2024-06-01,2024,ofi_1s,1s,10,0.15607885495,0.156633664483,0.000554809532494,0.119250604076,0.122227697793,86400,86400,86394,86394,0.999930555556
2024-06-01,2024,qi_1,1s,10,0.281563591184,0.283428601004,0.00186500982,0.144737062746,0.146878473955,86400,86396,86394,86394,0.999930555556
2024-06-01,2024,trade_imbalance_1s,1s,10,0.0969455954894,0.0983732840436,0.00142768855418,0.0619841128802,0.0632479958425,86400,77494,86394,77492,0.896898148148
2024-06-01,2024,di_10,30s,300,0.439615548373,0.45473422219,0.0151186738176,0.29248922497,0.305803458747,2880,2880,2879,2879,0.999652777778
2024-06-01,2024,di_5,30s,300,0.444508000089,0.457897885476,0.0133898853867,0.292711225246,0.302858074744,2880,2880,2879,2879,0.999652777778
2024-06-01,2024,microprice_deviation_bps,30s,300,0.44373863051,0.455863887039,0.0121252565284,0.0272496864731,0.298035712787,2880,2880,2879,2879,0.999652777778
2024-06-01,2024,ofi_30s,30s,300,0.316332821395,0.326023504727,0.00969068333188,0.161845252002,0.170364389576,2880,2880,2879,2879,0.999652777778
2024-06-01,2024,qi_1,30s,300,0.443878295386,0.457876213452,0.0139979180668,0.290897803761,0.300220887548,2880,2880,2879,2879,0.999652777778
2024-06-01,2024,trade_imbalance_30s,30s,300,0.214614005587,0.228816292641,0.0142022870536,0.118785786168,0.137965298276,2880,2880,2879,2879,0.999652777778
2024-06-01,2024,di_10,500ms,5,0.210850824466,0.210871205,2.03805336549e-05,0.113592225573,0.112319927243,172799,172790,172788,172788,0.999936342224
2024-06-01,2024,di_5,500ms,5,0.215742839513,0.215588594388,-0.000154245124917,0.113392103264,0.11225702112,172799,172790,172788,172788,0.999936342224
2024-06-01,2024,microprice_deviation_bps,500ms,5,0.22007603409,0.220387482586,0.000311448496075,0.0324457058129,0.0905325536024,172799,172790,172788,172788,0.999936342224
2024-06-01,2024,ofi_500ms,500ms,5,0.117957506743,0.114784177474,-0.00317332926926,0.100213991459,0.0985388023163,172799,172799,172788,172788,0.999936342224
2024-06-01,2024,qi_1,500ms,5,0.219763245747,0.219926609007,0.000163363259912,0.112103920245,0.111236741871,172799,172790,172788,172788,0.999936342224
2024-06-01,2024,trade_imbalance_500ms,500ms,5,0.076999699402,0.0778531480902,0.000853448688135,0.0564437736559,0.0574763322812,172799,121650,172788,121649,0.703991342542
2024-06-01,2024,di_10,5s,50,0.425863692984,0.42682670225,0.000963009266045,0.243024994316,0.240126397041,17280,17279,17277,17277,0.999826388889
2024-06-01,2024,di_5,5s,50,0.433222516815,0.434069024567,0.000846507752417,0.242514786456,0.23976895139,17280,17279,17277,17277,0.999826388889
2024-06-01,2024,microprice_deviation_bps,5s,50,0.438204462544,0.437798951034,-0.000405511509294,0.0278405002743,0.0654993335507,17280,17279,17277,17277,0.999826388889
2024-06-01,2024,ofi_5s,5s,50,0.295784726836,0.298369875681,0.00258514884468,0.188912984117,0.180302072813,17280,17280,17277,17277,0.999826388889
2024-06-01,2024,qi_1,5s,50,0.438241637706,0.438469295056,0.00022765734986,0.24208595883,0.238666223088,17280,17279,17277,17277,0.999826388889
2024-06-01,2024,trade_imbalance_5s,5s,50,0.229302083931,0.231449701767,0.00214761783646,0.139245002912,0.134897238098,17280,17278,17277,17275,0.999710648148
2024-07-01,2024,di_10,100ms,1,0.2283009877,0.2283009877,0,0.151278984838,0.151278984838,863983,863981,863979,863979,0.999995370279
2024-07-01,2024,di_5,100ms,1,0.230632097704,0.230632097704,0,0.150932718233,0.150932718233,863983,863981,863979,863979,0.999995370279
2024-07-01,2024,microprice_deviation_bps,100ms,1,0.233979552937,0.233979552937,0,0.0556712324303,0.0556712324303,863983,863981,863979,863979,0.999995370279
2024-07-01,2024,ofi_100ms,100ms,1,0.170572095265,0.170572095265,0,0.153187927171,0.153187927171,863983,863983,863979,863979,0.999995370279
2024-07-01,2024,qi_1,100ms,1,0.232496726686,0.232496726686,0,0.148829906605,0.148829906605,863983,863981,863979,863979,0.999995370279
2024-07-01,2024,trade_imbalance_100ms,100ms,1,0.210889188868,0.210889188868,0,0.177442904705,0.177442904705,863983,255279,863979,255279,0.295467619155
2024-07-01,2024,di_10,1s,10,0.430983316538,0.429648791752,-0.0013345247859,0.286436068289,0.290107805867,86399,86399,86398,86398,0.999988425792
2024-07-01,2024,di_5,1s,10,0.436046875773,0.435094024805,-0.000952850967702,0.287795487162,0.291542723942,86399,86399,86398,86398,0.999988425792
2024-07-01,2024,microprice_deviation_bps,1s,10,0.440874379879,0.43934943008,-0.00152494979882,0.00614949805054,0.122797229113,86399,86399,86398,86398,0.999988425792
2024-07-01,2024,ofi_1s,1s,10,0.321200357233,0.319822582068,-0.00137777516501,0.211918452896,0.214565882449,86399,86399,86398,86398,0.999988425792
2024-07-01,2024,qi_1,1s,10,0.440724091556,0.439093458377,-0.00163063317945,0.287548572352,0.291046009873,86399,86399,86398,86398,0.999988425792
2024-07-01,2024,trade_imbalance_1s,1s,10,0.166721861055,0.164748273505,-0.00197358754943,0.126174120647,0.125981204101,86399,81034,86398,81033,0.937892799685
2024-07-01,2024,di_10,30s,300,0.224935691804,0.229553817799,0.00461812599493,0.18317463129,0.190507638103,2880,2880,2879,2879,0.999652777778
2024-07-01,2024,di_5,30s,300,0.226070502087,0.233448871325,0.00737836923836,0.184056740018,0.1934887316,2880,2880,2879,2879,0.999652777778
2024-07-01,2024,microprice_deviation_bps,30s,300,0.225452301022,0.233766269345,0.0083139683228,0.00770766029089,0.111614375674,2880,2880,2879,2879,0.999652777778
2024-07-01,2024,ofi_30s,30s,300,0.0900296990383,0.0895725570604,-0.00045714197788,0.0573070044091,0.0669087307688,2880,2880,2879,2879,0.999652777778
2024-07-01,2024,qi_1,30s,300,0.225563033896,0.233437554398,0.00787452050274,0.18340541259,0.192892865527,2880,2880,2879,2879,0.999652777778
2024-07-01,2024,trade_imbalance_30s,30s,300,0.0778122251645,0.0866228166631,0.00881059149855,0.0605909086048,0.0673205192523,2880,2880,2879,2879,0.999652777778
2024-07-01,2024,di_10,500ms,5,0.366838229616,0.366052305724,-0.000785923892011,0.242264122273,0.240666863663,172797,172797,172796,172796,0.999994212862
2024-07-01,2024,di_5,500ms,5,0.371366369801,0.37085198376,-0.00051438604066,0.243124499941,0.241669127461,172797,172797,172796,172796,0.999994212862
2024-07-01,2024,microprice_deviation_bps,500ms,5,0.376248086287,0.376252689292,4.60300499505e-06,0.0236947138406,0.171189351383,172797,172797,172796,172796,0.999994212862
2024-07-01,2024,ofi_500ms,500ms,5,0.261630456082,0.261810300897,0.000179844814698,0.179472494587,0.179817505787,172797,172797,172796,172796,0.999994212862
2024-07-01,2024,qi_1,500ms,5,0.375864877431,0.375302152276,-0.000562725154515,0.242237972079,0.241014956488,172797,172797,172796,172796,0.999994212862
2024-07-01,2024,trade_imbalance_500ms,500ms,5,0.141321969238,0.140843831419,-0.000478137818925,0.117285907231,0.114726022932,172797,134270,172796,134269,0.777033166085
2024-07-01,2024,di_10,5s,50,0.456674388286,0.452447345289,-0.00422704299672,0.329505527801,0.330603297261,17280,17280,17279,17279,0.99994212963
2024-07-01,2024,di_5,5s,50,0.460394043097,0.455973601165,-0.00442044193208,0.331311880802,0.332331635094,17280,17280,17279,17279,0.99994212963
2024-07-01,2024,microprice_deviation_bps,5s,50,0.462907783793,0.456428882394,-0.00647890139824,0.0210982665724,0.113663565565,17280,17280,17279,17279,0.99994212963
2024-07-01,2024,ofi_5s,5s,50,0.330854529633,0.320451785237,-0.0104027443964,0.21180454931,0.214574235076,17280,17280,17279,17279,0.99994212963
2024-07-01,2024,qi_1,5s,50,0.463141540807,0.45725875329,-0.00588278751728,0.332129839498,0.332309696947,17280,17280,17279,17279,0.99994212963
2024-07-01,2024,trade_imbalance_5s,5s,50,0.235500217923,0.234009546043,-0.00149067188089,0.162419296362,0.164447907435,17280,17280,17279,17279,0.99994212963
2024-08-01,2024,di_10,100ms,1,0.354832778871,0.354832778871,0,0.238714105343,0.238714105343,863988,863988,863987,863987,0.999998842577
2024-08-01,2024,di_5,100ms,1,0.362177439528,0.362177439528,0,0.239573268796,0.239573268796,863988,863988,863987,863987,0.999998842577
2024-08-01,2024,microprice_deviation_bps,100ms,1,0.367758509867,0.367758509867,0,0.0732398464393,0.0732398464393,863988,863988,863987,863987,0.999998842577
2024-08-01,2024,ofi_100ms,100ms,1,0.300908578008,0.300908578008,0,0.245651887015,0.245651887015,863988,863988,863987,863987,0.999998842577
2024-08-01,2024,qi_1,100ms,1,0.365558110332,0.365558110332,0,0.238858859418,0.238858859418,863988,863988,863987,863987,0.999998842577
2024-08-01,2024,trade_imbalance_100ms,100ms,1,0.312512260401,0.312512260401,0,0.259327722227,0.259327722227,863988,326446,863987,326445,0.377835108821
2024-08-01,2024,di_10,1s,10,0.466887403518,0.46529683624,-0.00159056727825,0.31858749579,0.317238186335,86399,86399,86398,86398,0.999988425792
2024-08-01,2024,di_5,1s,10,0.47392711263,0.472093763496,-0.00183334913393,0.320422236784,0.318645872383,86399,86399,86398,86398,0.999988425792
2024-08-01,2024,microprice_deviation_bps,1s,10,0.476582319154,0.474623138085,-0.00195918106928,0.0369137918672,0.0153257961691,86399,86399,86398,86398,0.999988425792
2024-08-01,2024,ofi_1s,1s,10,0.379828724829,0.377110579971,-0.00271814485821,0.244331180912,0.243111624677,86399,86399,86398,86398,0.999988425792
2024-08-01,2024,qi_1,1s,10,0.475745932735,0.473792384014,-0.00195354872186,0.319836226912,0.317649630124,86399,86399,86398,86398,0.999988425792
2024-08-01,2024,trade_imbalance_1s,1s,10,0.209896649952,0.208293074933,-0.00160357501927,0.157869333291,0.157422911545,86399,83246,86398,83245,0.963494947858
2024-08-01,2024,di_10,30s,300,0.130253757694,0.119211244122,-0.0110425135722,0.111237077934,0.103414591463,2880,2880,2879,2879,0.999652777778
2024-08-01,2024,di_5,30s,300,0.132114653356,0.122042892263,-0.0100717610935,0.112760739653,0.104679604261,2880,2880,2879,2879,0.999652777778
2024-08-01,2024,microprice_deviation_bps,30s,300,0.132648577643,0.120054251144,-0.0125943264989,0.00928116130712,0.0149601369395,2880,2880,2879,2879,0.999652777778
2024-08-01,2024,ofi_30s,30s,300,0.0195743606403,0.00454834309149,-0.0150260175488,0.0142430924206,0.0038080627944,2880,2880,2879,2879,0.999652777778
2024-08-01,2024,qi_1,30s,300,0.132943015004,0.119459206532,-0.013483808472,0.113298326909,0.104295852675,2880,2880,2879,2879,0.999652777778
2024-08-01,2024,trade_imbalance_30s,30s,300,0.0165473244913,-0.00999314767995,-0.0265404721712,0.00836641621037,-0.00908392109499,2880,2880,2879,2879,0.999652777778
2024-08-01,2024,di_10,500ms,5,0.459097599318,0.457962842105,-0.00113475721359,0.306938249257,0.30615140782,172798,172798,172797,172797,0.999994212896
2024-08-01,2024,di_5,500ms,5,0.467037789765,0.465996999012,-0.00104079075218,0.308758959833,0.307493504274,172798,172798,172797,172797,0.999994212896
2024-08-01,2024,microprice_deviation_bps,500ms,5,0.471001869271,0.470471676358,-0.00053019291396,0.0446700760695,0.0341549661614,172798,172798,172797,172797,0.999994212896
2024-08-01,2024,ofi_500ms,500ms,5,0.373878913861,0.374089147081,0.000210233219664,0.245942776692,0.248152327014,172798,172798,172797,172797,0.999994212896
2024-08-01,2024,qi_1,500ms,5,0.469547228038,0.468819926395,-0.000727301642939,0.308334445839,0.307367312905,172798,172798,172797,172797,0.999994212896
2024-08-01,2024,trade_imbalance_500ms,500ms,5,0.2051041795,0.206909353442,0.0018051739419,0.169379105249,0.170275285233,172798,145415,172797,145414,0.841525943587
2024-08-01,2024,di_10,5s,50,0.328982315503,0.326543708414,-0.00243860708904,0.249356558072,0.248925248145,17280,17280,17279,17279,0.99994212963
2024-08-01,2024,di_5,5s,50,0.332262922205,0.330173252308,-0.00208966989725,0.250960857524,0.25042799351,17280,17280,17279,17279,0.99994212963
2024-08-01,2024,microprice_deviation_bps,5s,50,0.332522308502,0.330829664197,-0.00169264430456,0.0205702012118,0.0526940430093,17280,17280,17279,17279,0.99994212963
2024-08-01,2024,ofi_5s,5s,50,0.187599853203,0.180688661833,-0.00691119137011,0.124095361101,0.11734795679,17280,17280,17279,17279,0.99994212963
2024-08-01,2024,qi_1,5s,50,0.332950749197,0.331175434054,-0.00177531514353,0.250868177224,0.251172279041,17280,17280,17279,17279,0.99994212963
2024-08-01,2024,trade_imbalance_5s,5s,50,0.130688322259,0.130070713517,-0.000617608742684,0.0931553815826,0.0942676892287,17280,17280,17279,17279,0.99994212963
2024-09-01,2024,di_10,100ms,1,0.300656080803,0.300656080803,0,0.14314512986,0.14314512986,863991,863966,863964,863964,0.999968749674
2024-09-01,2024,di_5,100ms,1,0.308748686607,0.308748686607,0,0.142812092161,0.142812092161,863991,863966,863964,863964,0.999968749674
2024-09-01,2024,microprice_deviation_bps,100ms,1,0.321895113377,0.321895113377,0,0.0336895049242,0.0336895049242,863991,863966,863964,863964,0.999968749674
2024-09-01,2024,ofi_100ms,100ms,1,0.256110404869,0.256110404869,0,0.188416875537,0.188416875537,863991,863991,863964,863964,0.999968749674
2024-09-01,2024,qi_1,100ms,1,0.319670377619,0.319670377619,0,0.143242664993,0.143242664993,863991,863966,863964,863964,0.999968749674
2024-09-01,2024,trade_imbalance_100ms,100ms,1,0.290324482305,0.290324482305,0,0.175872146316,0.175872146316,863991,215942,863964,215942,0.249935473865
2024-09-01,2024,di_10,1s,10,0.476620375158,0.478117742806,0.00149736764746,0.243577487125,0.247188081575,86400,86397,86395,86395,0.99994212963
2024-09-01,2024,di_5,1s,10,0.48476980192,0.48613711987,0.00136731795042,0.242973771057,0.246026228949,86400,86397,86395,86395,0.99994212963
2024-09-01,2024,microprice_deviation_bps,1s,10,0.492929110243,0.494792554573,0.00186344433069,0.0315647371831,0.032470324395,86400,86397,86395,86395,0.99994212963
2024-09-01,2024,ofi_1s,1s,10,0.373399342964,0.372823918114,-0.000575424850051,0.215974778293,0.218989657255,86400,86400,86395,86395,0.99994212963
2024-09-01,2024,qi_1,1s,10,0.491384618663,0.49317958969,0.00179497102749,0.243313937688,0.246689896094,86400,86397,86395,86395,0.99994212963
2024-09-01,2024,trade_imbalance_1s,1s,10,0.212527854304,0.212387601715,-0.000140252589147,0.128857190121,0.129356807165,86400,77326,86395,77324,0.894953703704
2024-09-01,2024,di_10,30s,300,0.199985954112,0.192753806469,-0.00723214764294,0.154326080248,0.147234389174,2880,2880,2879,2879,0.999652777778
2024-09-01,2024,di_5,30s,300,0.200668844927,0.195176777663,-0.00549206726325,0.154236171555,0.147768261235,2880,2880,2879,2879,0.999652777778
2024-09-01,2024,microprice_deviation_bps,30s,300,0.201840018208,0.198818201571,-0.00302181663618,0.0208360773356,0.0484082734013,2880,2880,2879,2879,0.999652777778
2024-09-01,2024,ofi_30s,30s,300,0.0592225801102,0.0630898291557,0.00386724904555,0.0851299153455,0.0798710875012,2880,2880,2879,2879,0.999652777778
2024-09-01,2024,qi_1,30s,300,0.202145582001,0.198425263392,-0.00372031860927,0.154805785084,0.14748548256,2880,2880,2879,2879,0.999652777778
2024-09-01,2024,trade_imbalance_30s,30s,300,0.0238652348102,0.0272028333569,0.00333759854671,0.0358971593726,0.0319689139716,2880,2880,2879,2879,0.999652777778
2024-09-01,2024,di_10,500ms,5,0.429013738562,0.428134539145,-0.000879199416667,0.212390155337,0.211756301364,172799,172794,172792,172792,0.999959490506
2024-09-01,2024,di_5,500ms,5,0.437716763704,0.436702847975,-0.001013915729,0.211884149299,0.210876989454,172799,172794,172792,172792,0.999959490506
2024-09-01,2024,microprice_deviation_bps,500ms,5,0.448058867162,0.447289744444,-0.000769122717698,0.0303173998837,-0.00295214338919,172799,172794,172792,172792,0.999959490506
2024-09-01,2024,ofi_500ms,500ms,5,0.326010509106,0.324435603504,-0.00157490560196,0.194182120879,0.193538134579,172799,172799,172792,172792,0.999959490506
2024-09-01,2024,qi_1,500ms,5,0.446002279908,0.445195851865,-0.000806428043097,0.212414650008,0.211649553704,172799,172794,172792,172792,0.999959490506
2024-09-01,2024,trade_imbalance_500ms,500ms,5,0.194977162228,0.195699444934,0.000722282705133,0.121705888214,0.121317428879,172799,120786,172792,120785,0.698991313607
2024-09-01,2024,di_10,5s,50,0.441946964537,0.445491276565,0.00354431202816,0.262596569046,0.271238680332,17280,17279,17277,17277,0.999826388889
2024-09-01,2024,di_5,5s,50,0.447081698739,0.451326488801,0.00424479006176,0.262943412762,0.271478510383,17280,17279,17277,17277,0.999826388889
2024-09-01,2024,microprice_deviation_bps,5s,50,0.44985591233,0.454292125298,0.00443621296827,0.0391724272825,0.0526400229578,17280,17279,17277,17277,0.999826388889
2024-09-01,2024,ofi_5s,5s,50,0.327274188063,0.325258204277,-0.00201598378571,0.195793341926,0.198530204625,17280,17280,17277,17277,0.999826388889
2024-09-01,2024,qi_1,5s,50,0.450009560224,0.454295147541,0.0042855873161,0.264001702992,0.272652080206,17280,17279,17277,17277,0.999826388889
2024-09-01,2024,trade_imbalance_5s,5s,50,0.24424422464,0.247535850469,0.00329162582917,0.148685088901,0.156095783456,17280,17277,17277,17274,0.999652777778
2024-10-01,2024,di_10,100ms,1,0.329658699081,0.329658699081,0,0.196884663905,0.196884663905,863992,863980,863977,863977,0.999982638728
2024-10-01,2024,di_5,100ms,1,0.341500798773,0.341500798773,0,0.201601489229,0.201601489229,863992,863980,863977,863977,0.999982638728
2024-10-01,2024,microprice_deviation_bps,100ms,1,0.353151911732,0.353151911732,0,0.0888767581618,0.0888767581618,863992,863980,863977,863977,0.999982638728
2024-10-01,2024,ofi_100ms,100ms,1,0.289509914666,0.289509914666,0,0.20230615381,0.20230615381,863992,863992,863977,863977,0.999982638728
2024-10-01,2024,qi_1,100ms,1,0.349329906337,0.349329906337,0,0.203292688009,0.203292688009,863992,863980,863977,863977,0.999982638728
2024-10-01,2024,trade_imbalance_100ms,100ms,1,0.311867612752,0.311867612752,0,0.24220171128,0.24220171128,863992,331464,863977,331459,0.383636654043
2024-10-01,2024,di_10,1s,10,0.414880103678,0.4147665153,-0.000113588378075,0.271847449526,0.274019927216,86400,86399,86397,86397,0.999965277778
2024-10-01,2024,di_5,1s,10,0.425184953935,0.425547482631,0.000362528696284,0.277590655937,0.280461725568,86400,86399,86397,86397,0.999965277778
2024-10-01,2024,microprice_deviation_bps,1s,10,0.433154797642,0.432913136577,-0.000241661065021,0.0259823796394,0.0446122022746,86400,86399,86397,86397,0.999965277778
2024-10-01,2024,ofi_1s,1s,10,0.341619865636,0.341934149627,0.00031428399076,0.216099601117,0.218656453359,86400,86400,86397,86397,0.999965277778
2024-10-01,2024,qi_1,1s,10,0.43024947741,0.429878964441,-0.000370512968819,0.279911890458,0.281318949108,86400,86399,86397,86397,0.999965277778
2024-10-01,2024,trade_imbalance_1s,1s,10,0.199502196406,0.201686214645,0.0021840182392,0.141329498081,0.141457770883,86400,83804,86397,83801,0.969918981481
2024-10-01,2024,di_10,30s,300,0.163703421421,0.159115408284,-0.00458801313693,0.115277823957,0.113722548427,2880,2880,2879,2879,0.999652777778
2024-10-01,2024,di_5,30s,300,0.165911254305,0.162489604088,-0.00342165021668,0.117465039913,0.117429647714,2880,2880,2879,2879,0.999652777778
2024-10-01,2024,microprice_deviation_bps,30s,300,0.1660375173,0.162143619709,-0.00389389759176,0.00929851588578,0.074830483833,2880,2880,2879,2879,0.999652777778
2024-10-01,2024,ofi_30s,30s,300,0.0615678207648,0.0627624923363,0.00119467157144,0.0268029997701,0.0117759906305,2880,2880,2879,2879,0.999652777778
2024-10-01,2024,qi_1,30s,300,0.166999092203,0.161394412302,-0.0056046799009,0.118262375421,0.115731258377,2880,2880,2879,2879,0.999652777778
2024-10-01,2024,trade_imbalance_30s,30s,300,0.0549258085116,0.0565763994683,0.00165059095675,0.0337268493349,0.0332023238648,2880,2880,2879,2879,0.999652777778
2024-10-01,2024,di_10,500ms,5,0.410862461226,0.409997800166,-0.000864661060685,0.261443905977,0.261662342998,172799,172798,172796,172796,0.999982638788
2024-10-01,2024,di_5,500ms,5,0.422478539911,0.4216890448,-0.000789495110796,0.267387132905,0.268226610358,172799,172798,172796,172796,0.999982638788
2024-10-01,2024,microprice_deviation_bps,500ms,5,0.432709623444,0.431378456052,-0.00133116739217,0.0362070359501,0.0611897769954,172799,172798,172796,172796,0.999982638788
2024-10-01,2024,ofi_500ms,500ms,5,0.347490423481,0.348154544667,0.000664121185441,0.216291698588,0.21648144786,172799,172799,172796,172796,0.999982638788
2024-10-01,2024,qi_1,500ms,5,0.42885510176,0.427607465811,-0.00124763594833,0.269997930057,0.27011198648,172799,172798,172796,172796,0.999982638788
2024-10-01,2024,trade_imbalance_500ms,500ms,5,0.191434073207,0.189292355192,-0.00214171801507,0.15126184251,0.149435336631,172799,147232,172796,147229,0.852024606624
2024-10-01,2024,di_10,5s,50,0.313119173895,0.301980552385,-0.0111386215095,0.210038893187,0.194772725947,17280,17280,17279,17279,0.99994212963
2024-10-01,2024,di_5,5s,50,0.318318839616,0.308080066649,-0.010238772967,0.213640278866,0.198381204374,17280,17280,17279,17279,0.99994212963
2024-10-01,2024,microprice_deviation_bps,5s,50,0.32036178776,0.311603530826,-0.00875825693343,0.0131233961944,0.0386183611447,17280,17280,17279,17279,0.99994212963
2024-10-01,2024,ofi_5s,5s,50,0.178103672469,0.181702551509,0.00359887903976,0.109468751018,0.110017213967,17280,17280,17279,17279,0.99994212963
2024-10-01,2024,qi_1,5s,50,0.320859125475,0.311323664717,-0.00953546075779,0.216120853896,0.201613195813,17280,17280,17279,17279,0.99994212963
2024-10-01,2024,trade_imbalance_5s,5s,50,0.138829792135,0.140397485807,0.00156769367189,0.0842921649912,0.0876559999722,17280,17280,17279,17279,0.99994212963
2024-11-01,2024,di_10,100ms,1,0.305037485278,0.305037485278,0,0.187431694364,0.187431694364,863950,863950,863949,863949,0.999998842526
2024-11-01,2024,di_5,100ms,1,0.31219468068,0.31219468068,0,0.190308406232,0.190308406232,863950,863950,863949,863949,0.999998842526
2024-11-01,2024,microprice_deviation_bps,100ms,1,0.314568334509,0.314568334509,0,0.0527227253873,0.0527227253873,863950,863950,863949,863949,0.999998842526
2024-11-01,2024,ofi_100ms,100ms,1,0.253117096632,0.253117096632,0,0.20016574163,0.20016574163,863950,863950,863949,863949,0.999998842526
2024-11-01,2024,qi_1,100ms,1,0.315338298983,0.315338298983,0,0.191272502104,0.191272502104,863950,863950,863949,863949,0.999998842526
2024-11-01,2024,trade_imbalance_100ms,100ms,1,0.241223531594,0.241223531594,0,0.184512960036,0.184512960036,863950,304494,863949,304494,0.352444007176
2024-11-01,2024,di_10,1s,10,0.42708187426,0.427906935827,0.000825061567446,0.270299362871,0.270356992178,86395,86395,86394,86394,0.999988425256
2024-11-01,2024,di_5,1s,10,0.432700026271,0.434183673839,0.00148364756794,0.273352718032,0.274498731919,86395,86395,86394,86394,0.999988425256
2024-11-01,2024,microprice_deviation_bps,1s,10,0.433895119799,0.435194407094,0.00129928729439,0.0360066741499,0.0191709317508,86395,86395,86394,86394,0.999988425256
2024-11-01,2024,ofi_1s,1s,10,0.326118799073,0.328791160634,0.00267236156107,0.203365383673,0.20251396031,86395,86395,86394,86394,0.999988425256
2024-11-01,2024,qi_1,1s,10,0.434552455362,0.435637223621,0.0010847682585,0.274848512369,0.275507050418,86395,86395,86394,86394,0.999988425256
2024-11-01,2024,trade_imbalance_1s,1s,10,0.18188098898,0.184101489699,0.00222050071875,0.126374933488,0.128151221806,86395,82137,86394,82136,0.950703165692
2024-11-01,2024,di_10,30s,300,0.145210004816,0.151010916947,0.00580091213018,0.115521753647,0.120272380692,2880,2880,2879,2879,0.999652777778
2024-11-01,2024,di_5,30s,300,0.147218411231,0.153347692412,0.00612928118105,0.117874176603,0.122138172687,2880,2880,2879,2879,0.999652777778
2024-11-01,2024,microprice_deviation_bps,30s,300,0.149157159191,0.152644546491,0.00348738729962,0.00701062864627,0.021860306116,2880,2880,2879,2879,0.999652777778
2024-11-01,2024,ofi_30s,30s,300,0.0237756201479,0.0399995551646,0.0162239350167,0.0172264647086,0.0298950354878,2880,2880,2879,2879,0.999652777778
2024-11-01,2024,qi_1,30s,300,0.149103137423,0.15328083483,0.00417769740682,0.11952145348,0.123088416278,2880,2880,2879,2879,0.999652777778
2024-11-01,2024,trade_imbalance_30s,30s,300,0.000589733994173,0.0143242810864,0.0137345470922,0.00670920134837,0.0164970852944,2880,2880,2879,2879,0.999652777778
2024-11-01,2024,di_10,500ms,5,0.409698598666,0.409337359404,-0.000361239262198,0.255941702901,0.253526703209,172790,172790,172789,172789,0.999994212628
2024-11-01,2024,di_5,500ms,5,0.416585769089,0.416658211387,7.24422981156e-05,0.259379899367,0.257300022858,172790,172790,172789,172789,0.999994212628
2024-11-01,2024,microprice_deviation_bps,500ms,5,0.418150239516,0.418280516633,0.000130277117028,0.0504526387575,0.0394930979829,172790,172790,172789,172789,0.999994212628
2024-11-01,2024,ofi_500ms,500ms,5,0.325559461914,0.326441677448,0.000882215533959,0.212590738888,0.208345463327,172790,172790,172789,172789,0.999994212628
2024-11-01,2024,qi_1,500ms,5,0.418991859576,0.419058823848,6.69642722204e-05,0.261066266997,0.258955735707,172790,172790,172789,172789,0.999994212628
2024-11-01,2024,trade_imbalance_500ms,500ms,5,0.170643284429,0.171224166441,0.000580882011819,0.131367230296,0.131273189816,172790,141760,172789,141760,0.820417848255
2024-11-01,2024,di_10,5s,50,0.345313820471,0.350225736509,0.00491191603753,0.237423731661,0.233928417034,17279,17279,17278,17278,0.99994212628
2024-11-01,2024,di_5,5s,50,0.347269862579,0.351457532887,0.00418767030741,0.239149392893,0.235595091237,17279,17279,17278,17278,0.99994212628
2024-11-01,2024,microprice_deviation_bps,5s,50,0.348703086993,0.353497876955,0.00479478996161,0.0191271574871,0.0065384860502,17279,17279,17278,17278,0.99994212628
2024-11-01,2024,ofi_5s,5s,50,0.222029611711,0.225043315643,0.00301370393273,0.141261679519,0.13311450717,17279,17279,17278,17278,0.99994212628
2024-11-01,2024,qi_1,5s,50,0.348724341055,0.353603588359,0.00487924730366,0.240281068459,0.237751496328,17279,17279,17278,17278,0.99994212628
2024-11-01,2024,trade_imbalance_5s,5s,50,0.15555896521,0.150789242914,-0.00476972229605,0.101232384986,0.0905041185354,17279,17278,17278,17277,0.999884252561
2024-12-01,2024,di_10,100ms,1,0.228402634736,0.228402634736,0,0.120418848176,0.120418848176,863987,863987,863986,863986,0.999998842575
2024-12-01,2024,di_5,100ms,1,0.229994973156,0.229994973156,0,0.121193185336,0.121193185336,863987,863987,863986,863986,0.999998842575
2024-12-01,2024,microprice_deviation_bps,100ms,1,0.230155527884,0.230155527884,0,0.0205672300987,0.0205672300987,863987,863987,863986,863986,0.999998842575
2024-12-01,2024,ofi_100ms,100ms,1,0.157666969975,0.157666969975,0,0.142420263822,0.142420263822,863987,863987,863986,863986,0.999998842575
2024-12-01,2024,qi_1,100ms,1,0.230177826918,0.230177826918,0,0.121949118833,0.121949118833,863987,863987,863986,863986,0.999998842575
2024-12-01,2024,trade_imbalance_100ms,100ms,1,0.182643592511,0.182643592511,0,0.119736122502,0.119736122502,863987,313122,863986,313122,0.362415175228
2024-12-01,2024,di_10,1s,10,0.430002867171,0.432304739323,0.0023018721521,0.266904607914,0.268139559895,86399,86399,86398,86398,0.999988425792
2024-12-01,2024,di_5,1s,10,0.431555506667,0.433889889303,0.00233438263643,0.267106267583,0.268359683176,86399,86399,86398,86398,0.999988425792
2024-12-01,2024,microprice_deviation_bps,1s,10,0.432418927789,0.434530419787,0.0021114919987,0.0327731552265,0.160555359094,86399,86399,86398,86398,0.999988425792
2024-12-01,2024,ofi_1s,1s,10,0.31603710316,0.317114646329,0.00107754316938,0.222533297141,0.224927649906,86399,86399,86398,86398,0.999988425792
2024-12-01,2024,qi_1,1s,10,0.43266311777,0.434685035186,0.00202191741587,0.267794968176,0.268568291366,86399,86399,86398,86398,0.999988425792
2024-12-01,2024,trade_imbalance_1s,1s,10,0.171685781651,0.172474847688,0.000789066036378,0.11860568444,0.119907437162,86399,83576,86398,83575,0.96731443651
2024-12-01,2024,di_10,30s,300,0.283597313984,0.2777915896,-0.00580572438425,0.228266444725,0.217214420649,2880,2880,2879,2879,0.999652777778
2024-12-01,2024,di_5,30s,300,0.282790369563,0.278433287233,-0.00435708232968,0.227677886447,0.217262282576,2880,2880,2879,2879,0.999652777778
2024-12-01,2024,microprice_deviation_bps,30s,300,0.283195869314,0.279792703587,-0.00340316572683,0.0111488511651,0.151280872712,2880,2880,2879,2879,0.999652777778
2024-12-01,2024,ofi_30s,30s,300,0.125946248073,0.123262605074,-0.00268364299891,0.0996285125496,0.0920908863054,2880,2880,2879,2879,0.999652777778
2024-12-01,2024,qi_1,30s,300,0.283403884201,0.279761692467,-0.00364219173416,0.227891509522,0.21778917159,2880,2880,2879,2879,0.999652777778
2024-12-01,2024,trade_imbalance_30s,30s,300,0.0964021495054,0.0949191307959,-0.00148301870946,0.0798257346753,0.0781438054662,2880,2880,2879,2879,0.999652777778
2024-12-01,2024,di_10,500ms,5,0.365000403735,0.366954190463,0.0019537867282,0.220423273047,0.220913685114,172798,172798,172797,172797,0.999994212896
2024-12-01,2024,di_5,500ms,5,0.366745516965,0.368692363464,0.00194684649909,0.220700277314,0.221352227703,172798,172798,172797,172797,0.999994212896
2024-12-01,2024,microprice_deviation_bps,500ms,5,0.367125328898,0.368954669718,0.0018293408198,0.00587093101912,0.0265809471084,172798,172798,172797,172797,0.999994212896
2024-12-01,2024,ofi_500ms,500ms,5,0.248444398203,0.252157210658,0.00371281245442,0.183907961416,0.187517678429,172798,172798,172797,172797,0.999994212896
2024-12-01,2024,qi_1,500ms,5,0.367343129424,0.369226356738,0.00188322731436,0.220718627206,0.22137542571,172798,172798,172797,172797,0.999994212896
2024-12-01,2024,trade_imbalance_500ms,500ms,5,0.131393703791,0.132538203843,0.00114450005213,0.0983752700267,0.0991120848539,172798,146618,172797,146617,0.84848782972
2024-12-01,2024,di_10,5s,50,0.472649909193,0.47248963743,-0.000160271762709,0.314838153388,0.308235353206,17280,17280,17279,17279,0.99994212963
2024-12-01,2024,di_5,5s,50,0.473706344904,0.47311180622,-0.000594538684837,0.31528983553,0.308137589117,17280,17280,17279,17279,0.99994212963
2024-12-01,2024,microprice_deviation_bps,5s,50,0.474828492291,0.473359206615,-0.00146928567586,0.0239325240309,0.0165502224804,17280,17280,17279,17279,0.99994212963
2024-12-01,2024,ofi_5s,5s,50,0.337292401604,0.338148484835,0.000856083231709,0.196887239448,0.194831311127,17280,17280,17279,17279,0.99994212963
2024-12-01,2024,qi_1,5s,50,0.475016555394,0.473581233338,-0.00143532205575,0.315790087185,0.308192581881,17280,17280,17279,17279,0.99994212963
2024-12-01,2024,trade_imbalance_5s,5s,50,0.214577845327,0.219003979428,0.00442613410082,0.135154751125,0.133399470016,17280,17280,17279,17279,0.99994212963
2025-01-01,2025,di_10,100ms,1,0.221127886199,0.221127886199,0,0.127577483004,0.127577483004,863992,863992,863991,863991,0.999998842582
2025-01-01,2025,di_5,100ms,1,0.223874095325,0.223874095325,0,0.128175908692,0.128175908692,863992,863992,863991,863991,0.999998842582
2025-01-01,2025,microprice_deviation_bps,100ms,1,0.225535411957,0.225535411957,0,0.0706363129096,0.0706363129096,863992,863992,863991,863991,0.999998842582
2025-01-01,2025,ofi_100ms,100ms,1,0.157413114314,0.157413114314,0,0.163983919926,0.163983919926,863992,863992,863991,863991,0.999998842582
2025-01-01,2025,qi_1,100ms,1,0.226197125066,0.226197125066,0,0.1285999524,0.1285999524,863992,863992,863991,863991,0.999998842582
2025-01-01,2025,trade_imbalance_100ms,100ms,1,0.263547630936,0.263547630936,0,0.19626155853,0.19626155853,863992,206796,863991,206796,0.239349438421
2025-01-01,2025,di_10,1s,10,0.402436272557,0.399632745637,-0.00280352692005,0.250330693321,0.247731364317,86400,86400,86399,86399,0.999988425926
2025-01-01,2025,di_5,1s,10,0.405752961911,0.403034489927,-0.00271847198387,0.251503553627,0.249076712948,86400,86400,86399,86399,0.999988425926
2025-01-01,2025,microprice_deviation_bps,1s,10,0.40776238948,0.405032819397,-0.00272957008273,0.0591274791379,0.0563737248334,86400,86400,86399,86399,0.999988425926
2025-01-01,2025,ofi_1s,1s,10,0.290280494976,0.283279352689,-0.00700114228747,0.214022887049,0.208923778946,86400,86400,86399,86399,0.999988425926
2025-01-01,2025,qi_1,1s,10,0.408506802533,0.405693700165,-0.00281310236799,0.252440491703,0.250207284457,86400,86400,86399,86399,0.999988425926
2025-01-01,2025,trade_imbalance_1s,1s,10,0.148575466167,0.14323591625,-0.00533954991709,0.116815164315,0.114452604841,86400,76876,86399,76875,0.889756944444
2025-01-01,2025,di_10,30s,300,0.27247837738,0.268333912855,-0.00414446452554,0.233553928236,0.231729460489,2880,2880,2879,2879,0.999652777778
2025-01-01,2025,di_5,30s,300,0.272818407818,0.268435658116,-0.00438274970157,0.233775584335,0.231354440101,2880,2880,2879,2879,0.999652777778
2025-01-01,2025,microprice_deviation_bps,30s,300,0.27203416034,0.267948546809,-0.00408561353095,0.0362935053704,0.225605944771,2880,2880,2879,2879,0.999652777778
2025-01-01,2025,ofi_30s,30s,300,0.140056206749,0.120632347735,-0.0194238590138,0.10829892816,0.0857671506939,2880,2880,2879,2879,0.999652777778
2025-01-01,2025,qi_1,30s,300,0.272047789287,0.26793993705,-0.00410785223656,0.232896841481,0.230654802385,2880,2880,2879,2879,0.999652777778
2025-01-01,2025,trade_imbalance_30s,30s,300,0.0958758364902,0.0916114292757,-0.00426440721453,0.0789803686882,0.0707116284986,2880,2880,2879,2879,0.999652777778
2025-01-01,2025,di_10,500ms,5,0.347280650732,0.346217724154,-0.00106292657868,0.208362449579,0.207729038372,172799,172799,172798,172798,0.999994212929
2025-01-01,2025,di_5,500ms,5,0.350650705357,0.34959635789,-0.00105434746695,0.209424203766,0.208838495705,172799,172799,172798,172798,0.999994212929
2025-01-01,2025,microprice_deviation_bps,500ms,5,0.35247274687,0.351516632157,-0.000956114713131,0.0654763868327,0.0896121439768,172799,172799,172798,172798,0.999994212929
2025-01-01,2025,ofi_500ms,500ms,5,0.23965300402,0.237719392574,-0.00193361144555,0.189756496862,0.188365534213,172799,172799,172798,172798,0.999994212929
2025-01-01,2025,qi_1,500ms,5,0.353336866755,0.352250032284,-0.00108683447041,0.210181147099,0.209794835524,172799,172799,172798,172798,0.999994212929
2025-01-01,2025,trade_imbalance_500ms,500ms,5,0.145291620147,0.143215197539,-0.00207642260832,0.118944281941,0.119931452146,172799,120281,172798,120280,0.696068842991
2025-01-01,2025,di_10,5s,50,0.431391294836,0.43448294089,0.00309164605405,0.304459240232,0.306908060236,17280,17280,17279,17279,0.99994212963
2025-01-01,2025,di_5,5s,50,0.433374520342,0.437017954421,0.00364343407912,0.30528894305,0.308254436062,17280,17280,17279,17279,0.99994212963
2025-01-01,2025,microprice_deviation_bps,5s,50,0.435066698385,0.439247492112,0.00418079372662,0.0516039124995,0.115221429236,17280,17280,17279,17279,0.99994212963
2025-01-01,2025,ofi_5s,5s,50,0.306626698586,0.310692899078,0.00406620049115,0.202782426214,0.208194588079,17280,17280,17279,17279,0.99994212963
2025-01-01,2025,qi_1,5s,50,0.435372515688,0.439421255352,0.00404873966411,0.305783688769,0.309002238121,17280,17280,17279,17279,0.99994212963
2025-01-01,2025,trade_imbalance_5s,5s,50,0.190954752136,0.190690752896,-0.000263999240602,0.139072431254,0.140908666005,17280,17274,17279,17273,0.999594907407
2025-02-01,2025,di_10,100ms,1,0.224404868627,0.224404868627,0,0.1279721669,0.1279721669,863992,863992,863991,863991,0.999998842582
2025-02-01,2025,di_5,100ms,1,0.226773172273,0.226773172273,0,0.127716727053,0.127716727053,863992,863992,863991,863991,0.999998842582
2025-02-01,2025,microprice_deviation_bps,100ms,1,0.229795373861,0.229795373861,0,0.0543039167198,0.0543039167198,863992,863992,863991,863991,0.999998842582
2025-02-01,2025,ofi_100ms,100ms,1,0.144316659597,0.144316659597,0,0.145895020574,0.145895020574,863992,863992,863991,863991,0.999998842582
2025-02-01,2025,qi_1,100ms,1,0.229038185716,0.229038185716,0,0.127241159834,0.127241159834,863992,863992,863991,863991,0.999998842582
2025-02-01,2025,trade_imbalance_100ms,100ms,1,0.209022540283,0.209022540283,0,0.168938138424,0.168938138424,863992,293527,863991,293527,0.339733469754
2025-02-01,2025,di_10,1s,10,0.443044346377,0.444018621517,0.000974275140525,0.276534963359,0.276477244207,86400,86400,86399,86399,0.999988425926
2025-02-01,2025,di_5,1s,10,0.445581498884,0.446808904517,0.00122740563379,0.276219185623,0.276533242385,86400,86400,86399,86399,0.999988425926
2025-02-01,2025,microprice_deviation_bps,1s,10,0.449207869218,0.450597336265,0.00138946704713,0.0526146514875,0.0470544156002,86400,86400,86399,86399,0.999988425926
2025-02-01,2025,ofi_1s,1s,10,0.295918354746,0.300156538575,0.00423818382947,0.237005230339,0.239837128225,86400,86400,86399,86399,0.999988425926
2025-02-01,2025,qi_1,1s,10,0.44815019092,0.449520390579,0.00137019965856,0.276103226749,0.276726275343,86400,86400,86399,86399,0.999988425926
2025-02-01,2025,trade_imbalance_1s,1s,10,0.165203683781,0.164362199899,-0.000841483881719,0.122942982723,0.121654829923,86400,83319,86399,83318,0.964328703704
2025-02-01,2025,di_10,30s,300,0.280329171022,0.281275819126,0.00094664810369,0.227902476236,0.230871968887,2880,2880,2879,2879,0.999652777778
2025-02-01,2025,di_5,30s,300,0.280289089606,0.283607117241,0.00331802763511,0.228245084558,0.232153950781,2880,2880,2879,2879,0.999652777778
2025-02-01,2025,microprice_deviation_bps,30s,300,0.281308068041,0.285132098712,0.00382403067128,0.0234971391673,0.0197889205246,2880,2880,2879,2879,0.999652777778
2025-02-01,2025,ofi_30s,30s,300,0.113155139272,0.0998931255381,-0.0132620137335,0.0846375588458,0.074668577649,2880,2880,2879,2879,0.999652777778
2025-02-01,2025,qi_1,30s,300,0.28139583841,0.284668906028,0.0032730676181,0.228782368959,0.233513113267,2880,2880,2879,2879,0.999652777778
2025-02-01,2025,trade_imbalance_30s,30s,300,0.0727326278622,0.0664246357367,-0.00630799212549,0.0596851074962,0.0455519284402,2880,2880,2879,2879,0.999652777778
2025-02-01,2025,di_10,500ms,5,0.370327121145,0.370790044668,0.000462923523121,0.223111288161,0.223561037626,172799,172799,172798,172798,0.999994212929
2025-02-01,2025,di_5,500ms,5,0.372879522337,0.373409802254,0.000530279917057,0.222782794009,0.223227040148,172799,172799,172798,172798,0.999994212929
2025-02-01,2025,microprice_deviation_bps,500ms,5,0.376594857253,0.377014861346,0.000420004092675,0.0580258100065,0.0563767223879,172799,172799,172798,172798,0.999994212929
2025-02-01,2025,ofi_500ms,500ms,5,0.227704406552,0.227853045289,0.000148638736618,0.184617990898,0.188282246217,172799,172799,172798,172798,0.999994212929
2025-02-01,2025,qi_1,500ms,5,0.375448597661,0.37585124235,0.000402644688364,0.222430525916,0.222736140861,172799,172799,172798,172798,0.999994212929
2025-02-01,2025,trade_imbalance_500ms,500ms,5,0.135443437972,0.134451543411,-0.000991894560905,0.110959753471,0.1083869331,172799,144692,172798,144691,0.837337021626
2025-02-01,2025,di_10,5s,50,0.512888089787,0.513258730471,0.00037064068392,0.346258870631,0.348567066284,17280,17280,17279,17279,0.99994212963
2025-02-01,2025,di_5,5s,50,0.514588399147,0.515589922914,0.00100152376748,0.346342594064,0.3496379897,17280,17280,17279,17279,0.99994212963
2025-02-01,2025,microprice_deviation_bps,5s,50,0.516718878858,0.518164240668,0.00144536180984,0.0412171082621,0.0206688172328,17280,17280,17279,17279,0.99994212963
2025-02-01,2025,ofi_5s,5s,50,0.364832726124,0.35717897609,-0.00765375003481,0.227641350727,0.22973190251,17280,17280,17279,17279,0.99994212963
2025-02-01,2025,qi_1,5s,50,0.516344798112,0.517680042228,0.0013352441161,0.346940954862,0.351235286079,17280,17280,17279,17279,0.99994212963
2025-02-01,2025,trade_imbalance_5s,5s,50,0.230951761983,0.234585310727,0.00363354874403,0.153866387241,0.155360234724,17280,17280,17279,17279,0.99994212963
2025-03-01,2025,di_10,100ms,1,0.319411409747,0.319411409747,0,0.192201804754,0.192201804754,863992,863975,863973,863973,0.999978009056
2025-03-01,2025,di_5,100ms,1,0.323791031333,0.323791031333,0,0.193313472153,0.193313472153,863992,863975,863973,863973,0.999978009056
2025-03-01,2025,microprice_deviation_bps,100ms,1,0.325363524217,0.325363524217,0,0.0320041480581,0.0320041480581,863992,863975,863973,863973,0.999978009056
2025-03-01,2025,ofi_100ms,100ms,1,0.225129544324,0.225129544324,0,0.17192980149,0.17192980149,863992,863992,863973,863973,0.999978009056
2025-03-01,2025,qi_1,100ms,1,0.326524905651,0.326524905651,0,0.193947175214,0.193947175214,863992,863975,863973,863973,0.999978009056
2025-03-01,2025,trade_imbalance_100ms,100ms,1,0.325340729553,0.325340729553,0,0.247641068242,0.247641068242,863992,304086,863973,304086,0.351954647728
2025-03-01,2025,di_10,1s,10,0.501448569849,0.503293755013,0.00184518516443,0.328292621404,0.328426409371,86400,86398,86396,86396,0.999953703704
2025-03-01,2025,di_5,1s,10,0.50404943589,0.505968010079,0.00191857418865,0.328803255345,0.328953442973,86400,86398,86396,86396,0.999953703704
2025-03-01,2025,microprice_deviation_bps,1s,10,0.505806772477,0.507954935112,0.00214816263545,0.0411078528213,0.0583775993245,86400,86398,86396,86396,0.999953703704
2025-03-01,2025,ofi_1s,1s,10,0.379198478824,0.380992622989,0.00179414416529,0.256287226261,0.260155212437,86400,86400,86396,86396,0.999953703704
2025-03-01,2025,qi_1,1s,10,0.50632479166,0.508338767833,0.00201397617254,0.330343305359,0.330652402731,86400,86398,86396,86396,0.999953703704
2025-03-01,2025,trade_imbalance_1s,1s,10,0.193549866995,0.197764821358,0.00421495436289,0.152042224967,0.1569292418,86400,83132,86396,83130,0.962152777778
2025-03-01,2025,di_10,30s,300,0.16834167315,0.189798878678,0.0214572055273,0.148809243672,0.157525209227,2880,2880,2879,2879,0.999652777778
2025-03-01,2025,di_5,30s,300,0.167843369273,0.189074544773,0.0212311754999,0.148327072071,0.156513439402,2880,2880,2879,2879,0.999652777778
2025-03-01,2025,microprice_deviation_bps,30s,300,0.168058608908,0.191998987211,0.0239403783023,0.0122244186038,0.0565174430604,2880,2880,2879,2879,0.999652777778
2025-03-01,2025,ofi_30s,30s,300,0.0589481179707,0.0615545027211,0.00260638475035,0.0252745877332,0.0314504264904,2880,2880,2879,2879,0.999652777778
2025-03-01,2025,qi_1,30s,300,0.168078335685,0.191873506245,0.0237951705596,0.148678188284,0.158823450774,2880,2880,2879,2879,0.999652777778
2025-03-01,2025,trade_imbalance_30s,30s,300,0.0381078557251,0.0475819796659,0.0094741239408,0.0416895770787,0.0454950437344,2880,2880,2879,2879,0.999652777778
2025-03-01,2025,di_10,500ms,5,0.469010296291,0.468112298361,-0.000897997929858,0.298638793086,0.298429143073,172799,172795,172793,172793,0.999965277577
2025-03-01,2025,di_5,500ms,5,0.47232595459,0.471637762265,-0.000688192325376,0.299445796807,0.299142020915,172799,172795,172793,172793,0.999965277577
2025-03-01,2025,microprice_deviation_bps,500ms,5,0.473976629291,0.47354519978,-0.000431429511522,0.0430115275839,0.0669677962786,172799,172795,172793,172793,0.999965277577
2025-03-01,2025,ofi_500ms,500ms,5,0.347429176866,0.345019045498,-0.00241013136845,0.252360335225,0.249017664298,172799,172799,172793,172793,0.999965277577
2025-03-01,2025,qi_1,500ms,5,0.474693598858,0.474223184174,-0.000470414684609,0.300896302092,0.300782923819,172799,172795,172793,172793,0.999965277577
2025-03-01,2025,trade_imbalance_500ms,500ms,5,0.1928279703,0.192475293105,-0.000352677195237,0.163738414363,0.163081500761,172799,144106,172793,144105,0.833945798297
2025-03-01,2025,di_10,5s,50,0.404641671575,0.405550897016,0.000909225441498,0.300377234042,0.294206294823,17280,17279,17277,17277,0.999826388889
2025-03-01,2025,di_5,5s,50,0.405305851209,0.406061803085,0.000755951875919,0.30007755296,0.293499297134,17280,17279,17277,17277,0.999826388889
2025-03-01,2025,microprice_deviation_bps,5s,50,0.406748117482,0.408253077456,0.00150495997331,0.0274907486051,0.0316805292916,17280,17279,17277,17277,0.999826388889
2025-03-01,2025,ofi_5s,5s,50,0.234091467585,0.228675533968,-0.00541593361658,0.140594180214,0.128198210921,17280,17280,17277,17277,0.999826388889
2025-03-01,2025,qi_1,5s,50,0.406746858114,0.407959001117,0.00121214300341,0.300727432563,0.294888468065,17280,17279,17277,17277,0.999826388889
2025-03-01,2025,trade_imbalance_5s,5s,50,0.13890747055,0.136075670697,-0.00283179985275,0.1059249234,0.102346073868,17280,17280,17277,17277,0.999826388889
2025-04-01,2025,di_10,100ms,1,0.316226126326,0.316226126326,0,0.214219216964,0.214219216964,863992,863992,863991,863991,0.999998842582
2025-04-01,2025,di_5,100ms,1,0.319086567584,0.319086567584,0,0.213384001009,0.213384001009,863992,863992,863991,863991,0.999998842582
2025-04-01,2025,microprice_deviation_bps,100ms,1,0.319283490839,0.319283490839,0,0.0827117110933,0.0827117110933,863992,863992,863991,863991,0.999998842582
2025-04-01,2025,ofi_100ms,100ms,1,0.23895954299,0.23895954299,0,0.214916521761,0.214916521761,863992,863992,863991,863991,0.999998842582
2025-04-01,2025,qi_1,100ms,1,0.321253067861,0.321253067861,0,0.212722713489,0.212722713489,863992,863992,863991,863991,0.999998842582
2025-04-01,2025,trade_imbalance_100ms,100ms,1,0.261322728719,0.261322728719,0,0.247082348911,0.247082348911,863992,269602,863991,269601,0.312041083714
2025-04-01,2025,di_10,1s,10,0.479554410261,0.479610650968,5.62407077062e-05,0.326976985972,0.327947936717,86400,86400,86399,86399,0.999988425926
2025-04-01,2025,di_5,1s,10,0.480903894162,0.481087808114,0.000183913951954,0.326354720768,0.327169788642,86400,86400,86399,86399,0.999988425926
2025-04-01,2025,microprice_deviation_bps,1s,10,0.480246497591,0.480281452052,3.49544609033e-05,0.0723240540508,0.0665090675413,86400,86400,86399,86399,0.999988425926
2025-04-01,2025,ofi_1s,1s,10,0.360914716755,0.360749593001,-0.000165123754414,0.259446501343,0.260355199978,86400,86400,86399,86399,0.999988425926
2025-04-01,2025,qi_1,1s,10,0.482073124974,0.482116967734,4.38427600387e-05,0.326133265773,0.326810537584,86400,86400,86399,86399,0.999988425926
2025-04-01,2025,trade_imbalance_1s,1s,10,0.18470053386,0.183586598696,-0.00111393516413,0.150438994652,0.150993106497,86400,80578,86399,80577,0.932604166667
2025-04-01,2025,di_10,30s,300,0.178520984495,0.211292594042,0.0327716095475,0.150270218615,0.18859163808,2880,2880,2879,2879,0.999652777778
2025-04-01,2025,di_5,30s,300,0.178652130982,0.210253854282,0.0316017233003,0.149984440646,0.187711935345,2880,2880,2879,2879,0.999652777778
2025-04-01,2025,microprice_deviation_bps,30s,300,0.179076724837,0.209595400955,0.0305186761182,0.023926141284,0.184033383666,2880,2880,2879,2879,0.999652777778
2025-04-01,2025,ofi_30s,30s,300,0.0594457094957,0.0641973215358,0.0047516120401,0.0415632188692,0.0350634120019,2880,2880,2879,2879,0.999652777778
2025-04-01,2025,qi_1,30s,300,0.179204679121,0.210056757428,0.0308520783074,0.150330356357,0.18687475566,2880,2880,2879,2879,0.999652777778
2025-04-01,2025,trade_imbalance_30s,30s,300,0.0130956014314,0.0202810612458,0.00718545981446,0.00433413024898,0.00753609015171,2880,2880,2879,2879,0.999652777778
2025-04-01,2025,di_10,500ms,5,0.451472083869,0.45122007913,-0.000252004738534,0.307867027608,0.308124273546,172799,172799,172798,172798,0.999994212929
2025-04-01,2025,di_5,500ms,5,0.453534981024,0.453462066551,-7.29144728937e-05,0.307110995934,0.307430933714,172799,172799,172798,172798,0.999994212929
2025-04-01,2025,microprice_deviation_bps,500ms,5,0.453048442509,0.452969169484,-7.92730241768e-05,0.0801063573225,0.0593138127618,172799,172799,172798,172798,0.999994212929
2025-04-01,2025,ofi_500ms,500ms,5,0.342535532566,0.34313493197,0.000599399404021,0.269898099753,0.270005017047,172799,172799,172798,172798,0.999994212929
2025-04-01,2025,qi_1,500ms,5,0.45513372634,0.454969898693,-0.000163827647464,0.306759682579,0.307015215299,172799,172799,172798,172798,0.999994212929
2025-04-01,2025,trade_imbalance_500ms,500ms,5,0.170161616887,0.168589928599,-0.00157168828721,0.160993245971,0.160075092144,172799,134801,172798,134801,0.780102894114
2025-04-01,2025,di_10,5s,50,0.405814475133,0.409982159334,0.00416768420114,0.296141677453,0.302918260127,17280,17280,17279,17279,0.99994212963
2025-04-01,2025,di_5,5s,50,0.405506904724,0.409428198648,0.00392129392328,0.295204826346,0.301396633728,17280,17280,17279,17279,0.99994212963
2025-04-01,2025,microprice_deviation_bps,5s,50,0.405416057994,0.409204092114,0.00378803411975,0.0471231368659,0.0582032204029,17280,17280,17279,17279,0.99994212963
2025-04-01,2025,ofi_5s,5s,50,0.257616750214,0.260408860834,0.00279211062001,0.167069621997,0.174858831961,17280,17280,17279,17279,0.99994212963
2025-04-01,2025,qi_1,5s,50,0.406042385519,0.410400624468,0.00435823894913,0.295320556352,0.302020962169,17280,17280,17279,17279,0.99994212963
2025-04-01,2025,trade_imbalance_5s,5s,50,0.176068636146,0.180452832189,0.00438419604354,0.120385417585,0.125923606595,17280,17279,17279,17278,0.999884259259
2025-05-01,2025,di_10,100ms,1,0.215464953441,0.215464953441,0,0.153824608405,0.153824608405,863991,863991,863990,863990,0.999998842581
2025-05-01,2025,di_5,100ms,1,0.216408215933,0.216408215933,0,0.153364747227,0.153364747227,863991,863991,863990,863990,0.999998842581
2025-05-01,2025,microprice_deviation_bps,100ms,1,0.215392307115,0.215392307115,0,0.0573547195653,0.0573547195653,863991,863991,863990,863990,0.999998842581
2025-05-01,2025,ofi_100ms,100ms,1,0.162575594434,0.162575594434,0,0.192878934427,0.192878934427,863991,863991,863990,863990,0.999998842581
2025-05-01,2025,qi_1,100ms,1,0.216513065532,0.216513065532,0,0.152768946835,0.152768946835,863991,863991,863990,863990,0.999998842581
2025-05-01,2025,trade_imbalance_100ms,100ms,1,0.154040924538,0.154040924538,0,0.141766659889,0.141766659889,863991,274772,863990,274772,0.318026460924
2025-05-01,2025,di_10,1s,10,0.356956179594,0.353842186503,-0.00311399309181,0.245017495976,0.24243798905,86400,86400,86399,86399,0.999988425926
2025-05-01,2025,di_5,1s,10,0.358009742389,0.355000669816,-0.00300907257305,0.244898239171,0.242489044208,86400,86400,86399,86399,0.999988425926
2025-05-01,2025,microprice_deviation_bps,1s,10,0.356994293627,0.354066661867,-0.0029276317603,0.0435832249363,0.0730553304603,86400,86400,86399,86399,0.999988425926
2025-05-01,2025,ofi_1s,1s,10,0.252616811929,0.248481476056,-0.0041353358727,0.192594842196,0.188467552165,86400,86400,86399,86399,0.999988425926
2025-05-01,2025,qi_1,1s,10,0.358232846743,0.355270535097,-0.00296231164593,0.244373104399,0.242197791293,86400,86400,86399,86399,0.999988425926
2025-05-01,2025,trade_imbalance_1s,1s,10,0.113059313027,0.113593115639,0.00053380261134,0.0889086910093,0.0873435344053,86400,81258,86399,81257,0.940474537037
2025-05-01,2025,di_10,30s,300,0.224515365269,0.206274893903,-0.0182404713663,0.187228684909,0.174498971407,2880,2880,2879,2879,0.999652777778
2025-05-01,2025,di_5,30s,300,0.223908379434,0.204782702096,-0.0191256773382,0.186227484593,0.173238130458,2880,2880,2879,2879,0.999652777778
2025-05-01,2025,microprice_deviation_bps,30s,300,0.223756164781,0.203534534487,-0.0202216302933,0.00720599117288,0.0188740513526,2880,2880,2879,2879,0.999652777778
2025-05-01,2025,ofi_30s,30s,300,0.0862913997474,0.0779355943952,-0.00835580535214,0.0611593542372,0.0492040340733,2880,2880,2879,2879,0.999652777778
2025-05-01,2025,qi_1,30s,300,0.223696390358,0.203963639897,-0.019732750461,0.186056954867,0.171834114224,2880,2880,2879,2879,0.999652777778
2025-05-01,2025,trade_imbalance_30s,30s,300,0.0757085508708,0.0682477702068,-0.00746078066393,0.0644997982223,0.0603615979159,2880,2880,2879,2879,0.999652777778
2025-05-01,2025,di_10,500ms,5,0.31565441537,0.315825601235,0.000171185865138,0.22049470177,0.221804582482,172799,172799,172798,172798,0.999994212929
2025-05-01,2025,di_5,500ms,5,0.316643661539,0.316960470439,0.000316808899565,0.220189904484,0.221711254739,172799,172799,172798,172798,0.999994212929
2025-05-01,2025,microprice_deviation_bps,500ms,5,0.315470668838,0.315932993388,0.000462324550264,0.0499542533499,0.0873731643459,172799,172799,172798,172798,0.999994212929
2025-05-01,2025,ofi_500ms,500ms,5,0.22081078413,0.221731457593,0.000920673463592,0.200086063755,0.202826032594,172799,172799,172798,172798,0.999994212929
2025-05-01,2025,qi_1,500ms,5,0.316790386983,0.31715886683,0.000368479846444,0.219505288834,0.221517981228,172799,172799,172798,172798,0.999994212929
2025-05-01,2025,trade_imbalance_500ms,500ms,5,0.0974043407726,0.0965826319176,-0.000821708855064,0.0893330121815,0.0899405954269,172799,137464,172798,137463,0.795508075857
2025-05-01,2025,di_10,5s,50,0.375487078579,0.376387788106,0.000900709526295,0.266978204245,0.261357366117,17280,17280,17279,17279,0.99994212963
2025-05-01,2025,di_5,5s,50,0.376055763049,0.376383036386,0.000327273337299,0.266920229801,0.260496009232,17280,17280,17279,17279,0.99994212963
2025-05-01,2025,microprice_deviation_bps,5s,50,0.375068226489,0.375310750181,0.000242523691628,0.0160557546217,-0.0035459657736,17280,17280,17279,17279,0.99994212963
2025-05-01,2025,ofi_5s,5s,50,0.245363002561,0.24692600264,0.00156300007866,0.141544217922,0.131115370667,17280,17280,17279,17279,0.99994212963
2025-05-01,2025,qi_1,5s,50,0.375592195138,0.376019959399,0.000427764260768,0.266274390843,0.260313687911,17280,17280,17279,17279,0.99994212963
2025-05-01,2025,trade_imbalance_5s,5s,50,0.162937319907,0.163268474358,0.00033115445125,0.10296007644,0.104184543322,17280,17280,17279,17279,0.99994212963
2025-06-01,2025,di_10,100ms,1,0.181742961005,0.181742961005,0,0.127337486068,0.127337486068,863992,863992,863991,863991,0.999998842582
2025-06-01,2025,di_5,100ms,1,0.182149905162,0.182149905162,0,0.127105638982,0.127105638982,863992,863992,863991,863991,0.999998842582
2025-06-01,2025,microprice_deviation_bps,100ms,1,0.182051195936,0.182051195936,0,0.0240907250491,0.0240907250491,863992,863992,863991,863991,0.999998842582
2025-06-01,2025,ofi_100ms,100ms,1,0.123515892593,0.123515892593,0,0.17229572702,0.17229572702,863992,863992,863991,863991,0.999998842582
2025-06-01,2025,qi_1,100ms,1,0.182082896264,0.182082896264,0,0.126054312921,0.126054312921,863992,863992,863991,863991,0.999998842582
2025-06-01,2025,trade_imbalance_100ms,100ms,1,0.159713086208,0.159713086208,0,0.132404641499,0.132404641499,863992,215026,863991,215025,0.248873832165
2025-06-01,2025,di_10,1s,10,0.339247059598,0.339015206188,-0.000231853410352,0.232464624571,0.231509026884,86400,86400,86399,86399,0.999988425926
2025-06-01,2025,di_5,1s,10,0.339729173763,0.339410114111,-0.000319059652561,0.232215300065,0.231111453313,86400,86400,86399,86399,0.999988425926
2025-06-01,2025,microprice_deviation_bps,1s,10,0.339687619856,0.339644442112,-4.31777438843e-05,0.0155469929228,0.0601587028838,86400,86400,86399,86399,0.999988425926
2025-06-01,2025,ofi_1s,1s,10,0.222267314343,0.224109918833,0.00184260448938,0.190766937625,0.192208347393,86400,86400,86399,86399,0.999988425926
2025-06-01,2025,qi_1,1s,10,0.339717337119,0.339597576062,-0.000119761057157,0.231362128633,0.230887895956,86400,86400,86399,86399,0.999988425926
2025-06-01,2025,trade_imbalance_1s,1s,10,0.122451254836,0.122640381323,0.000189126486562,0.0976049758221,0.100091152712,86400,78521,86399,78521,0.90880787037
2025-06-01,2025,di_10,30s,300,0.28080010496,0.287385407106,0.00658530214599,0.233769970061,0.251245326046,2880,2880,2879,2879,0.999652777778
2025-06-01,2025,di_5,30s,300,0.28034402959,0.288488328069,0.00814429847822,0.23368396536,0.253000104282,2880,2880,2879,2879,0.999652777778
2025-06-01,2025,microprice_deviation_bps,30s,300,0.280254898693,0.288337835107,0.00808293641331,0.0148585241275,0.0567928339701,2880,2880,2879,2879,0.999652777778
2025-06-01,2025,ofi_30s,30s,300,0.111597338553,0.12561893686,0.0140215983068,0.0708604593655,0.102965610646,2880,2880,2879,2879,0.999652777778
2025-06-01,2025,qi_1,30s,300,0.280222575258,0.288330742961,0.00810816770268,0.233113265398,0.252562765357,2880,2880,2879,2879,0.999652777778
2025-06-01,2025,trade_imbalance_30s,30s,300,0.086801782061,0.113789374923,0.0269875928624,0.0660194452182,0.097598217781,2880,2880,2879,2879,0.999652777778
2025-06-01,2025,di_10,500ms,5,0.288844122405,0.289195227193,0.000351104788093,0.201278366968,0.201677278735,172799,172799,172798,172798,0.999994212929
2025-06-01,2025,di_5,500ms,5,0.289316200867,0.289576519864,0.000260318996804,0.200928055278,0.201395356868,172799,172799,172798,172798,0.999994212929
2025-06-01,2025,microprice_deviation_bps,500ms,5,0.289233189456,0.28990083574,0.000667646284857,0.015789540298,0.061116008981,172799,172799,172798,172798,0.999994212929
2025-06-01,2025,ofi_500ms,500ms,5,0.185125176148,0.184605506299,-0.000519669849147,0.191738043423,0.192802607837,172799,172799,172798,172798,0.999994212929
2025-06-01,2025,qi_1,500ms,5,0.289275514295,0.289868582204,0.000593067909271,0.199946803141,0.201275069203,172799,172799,172798,172798,0.999994212929
2025-06-01,2025,trade_imbalance_500ms,500ms,5,0.109875856412,0.10920834879,-0.0006675076216,0.095855485382,0.0959674638976,172799,124346,172798,124346,0.719599071754
2025-06-01,2025,di_10,5s,50,0.403262777929,0.40368385417,0.000421076241469,0.281902693083,0.280450652293,17280,17280,17279,17279,0.99994212963
2025-06-01,2025,di_5,5s,50,0.403249004428,0.403520517743,0.000271513314698,0.281693602013,0.280675435473,17280,17280,17279,17279,0.99994212963
2025-06-01,2025,microprice_deviation_bps,5s,50,0.403340670647,0.403642074055,0.000301403408069,0.0151848599959,0.121003256662,17280,17280,17279,17279,0.99994212963
2025-06-01,2025,ofi_5s,5s,50,0.280822992045,0.288194094538,0.00737110249287,0.182317788441,0.18590291818,17280,17280,17279,17279,0.99994212963
2025-06-01,2025,qi_1,5s,50,0.403314317869,0.403567195573,0.000252877704029,0.280908564703,0.279966338519,17280,17280,17279,17279,0.99994212963
2025-06-01,2025,trade_imbalance_5s,5s,50,0.200122797559,0.202987065766,0.0028642682073,0.135095189987,0.137318917514,17280,17280,17279,17279,0.99994212963
2025-07-01,2025,di_10,100ms,1,0.194552008663,0.194552008663,0,0.134158352117,0.134158352117,863991,863959,863955,863955,0.999958332899
2025-07-01,2025,di_5,100ms,1,0.19531743526,0.19531743526,0,0.133970022542,0.133970022542,863991,863959,863955,863955,0.999958332899
2025-07-01,2025,microprice_deviation_bps,100ms,1,0.196017220835,0.196017220835,0,0.0792200301697,0.0792200301697,863991,863959,863955,863955,0.999958332899
2025-07-01,2025,ofi_100ms,100ms,1,0.132276266867,0.132276266867,0,0.177642459938,0.177642459938,863991,863991,863955,863955,0.999958332899
2025-07-01,2025,qi_1,100ms,1,0.195780169889,0.195780169889,0,0.133887860883,0.133887860883,863991,863959,863955,863955,0.999958332899
2025-07-01,2025,trade_imbalance_100ms,100ms,1,0.135978313005,0.135978313005,0,0.119936417917,0.119936417917,863991,235624,863955,235622,0.272713488914
2025-07-01,2025,di_10,1s,10,0.372976670876,0.372723460357,-0.000253210519562,0.256083931227,0.255940060546,86400,86396,86393,86393,0.999918981481
2025-07-01,2025,di_5,1s,10,0.374100724514,0.37376789827,-0.000332826244281,0.255848577518,0.255656053311,86400,86396,86393,86393,0.999918981481
2025-07-01,2025,microprice_deviation_bps,1s,10,0.375584591244,0.374837089721,-0.00074750152364,0.0680779921986,0.0967209127982,86400,86396,86393,86393,0.999918981481
2025-07-01,2025,ofi_1s,1s,10,0.250186513842,0.248404365947,-0.00178214789477,0.22093928182,0.22111001627,86400,86400,86393,86393,0.999918981481
2025-07-01,2025,qi_1,1s,10,0.37535568133,0.374680064321,-0.0006756170088,0.256367858594,0.255508927013,86400,86396,86393,86393,0.999918981481
2025-07-01,2025,trade_imbalance_1s,1s,10,0.109802407022,0.105978724924,-0.0038236820978,0.0920085636035,0.0919979934124,86400,79993,86393,79990,0.925810185185
2025-07-01,2025,di_10,30s,300,0.283828709311,0.306905919703,0.0230772103917,0.224609587057,0.260089653297,2880,2880,2879,2879,0.999652777778
2025-07-01,2025,di_5,30s,300,0.283803546636,0.305808069731,0.0220045230948,0.223494140713,0.259062170314,2880,2880,2879,2879,0.999652777778
2025-07-01,2025,microprice_deviation_bps,30s,300,0.285311849637,0.303887027327,0.0185751776894,0.0363603227468,0.223181991501,2880,2880,2879,2879,0.999652777778
2025-07-01,2025,ofi_30s,30s,300,0.124421045651,0.118746126755,-0.00567491889608,0.103693859434,0.0900976692848,2880,2880,2879,2879,0.999652777778
2025-07-01,2025,qi_1,30s,300,0.285572036507,0.30398633844,0.0184143019336,0.225102801961,0.255922667365,2880,2880,2879,2879,0.999652777778
2025-07-01,2025,trade_imbalance_30s,30s,300,0.10268100199,0.119121687354,0.0164406853647,0.0871054647069,0.102160469379,2880,2880,2879,2879,0.999652777778
2025-07-01,2025,di_10,500ms,5,0.315946890359,0.315766768558,-0.000180121800126,0.218262811445,0.219505813035,172799,172792,172789,172789,0.999942129295
2025-07-01,2025,di_5,500ms,5,0.316937976934,0.316701705611,-0.000236271322514,0.217976463077,0.219152933954,172799,172792,172789,172789,0.999942129295
2025-07-01,2025,microprice_deviation_bps,500ms,5,0.318143882892,0.317608875496,-0.00053500739558,0.0736603024163,0.0634621365758,172799,172792,172789,172789,0.999942129295
2025-07-01,2025,ofi_500ms,500ms,5,0.206078586594,0.203978052687,-0.0021005339068,0.214131197663,0.21499267991,172799,172799,172789,172789,0.999942129295
2025-07-01,2025,qi_1,500ms,5,0.317908225342,0.317411568884,-0.000496656458147,0.218173011532,0.218936545497,172799,172792,172789,172789,0.999942129295
2025-07-01,2025,trade_imbalance_500ms,500ms,5,0.0900805361745,0.0908551842891,0.000774648114583,0.0851504357388,0.0857164725618,172799,130794,172789,130793,0.756908315442
2025-07-01,2025,di_10,5s,50,0.439777394131,0.451940819257,0.0121634251254,0.311119006079,0.322281201617,17280,17280,17279,17279,0.99994212963
2025-07-01,2025,di_5,5s,50,0.440999183013,0.452121066878,0.0111218838651,0.310634515298,0.321072087874,17280,17280,17279,17279,0.99994212963
2025-07-01,2025,microprice_deviation_bps,5s,50,0.442752110248,0.453660109812,0.0109079995641,0.0584461179712,0.127176126556,17280,17280,17279,17279,0.99994212963
2025-07-01,2025,ofi_5s,5s,50,0.309771898676,0.330894360865,0.0211224621889,0.214015841024,0.235898800764,17280,17280,17279,17279,0.99994212963
2025-07-01,2025,qi_1,5s,50,0.442710171196,0.453813353991,0.0111031827951,0.312038475784,0.321430746096,17280,17280,17279,17279,0.99994212963
2025-07-01,2025,trade_imbalance_5s,5s,50,0.183961701683,0.192019109114,0.00805740743153,0.133131704705,0.143640238134,17280,17279,17279,17278,0.999884259259
2025-08-01,2025,di_10,100ms,1,0.324152341087,0.324152341087,0,0.232808707659,0.232808707659,863992,863992,863991,863991,0.999998842582
2025-08-01,2025,di_5,100ms,1,0.326673225879,0.326673225879,0,0.231632665248,0.231632665248,863992,863992,863991,863991,0.999998842582
2025-08-01,2025,microprice_deviation_bps,100ms,1,0.326999922406,0.326999922406,0,0.0435372413126,0.0435372413126,863992,863992,863991,863991,0.999998842582
2025-08-01,2025,ofi_100ms,100ms,1,0.237930114977,0.237930114977,0,0.218917908051,0.218917908051,863992,863992,863991,863991,0.999998842582
2025-08-01,2025,qi_1,100ms,1,0.327181243448,0.327181243448,0,0.229748173735,0.229748173735,863992,863992,863991,863991,0.999998842582
2025-08-01,2025,trade_imbalance_100ms,100ms,1,0.266504295483,0.266504295483,0,0.24220737643,0.24220737643,863992,342200,863991,342200,0.396068482116
2025-08-01,2025,di_10,1s,10,0.482193712526,0.484452527131,0.00225881460524,0.355986258798,0.355320629274,86400,86400,86399,86399,0.999988425926
2025-08-01,2025,di_5,1s,10,0.48424800814,0.486402566243,0.00215455810203,0.35525060752,0.354460469897,86400,86400,86399,86399,0.999988425926
2025-08-01,2025,microprice_deviation_bps,1s,10,0.484504230769,0.486821321737,0.00231709096797,0.0219507271502,0.0449276638253,86400,86400,86399,86399,0.999988425926
2025-08-01,2025,ofi_1s,1s,10,0.356976771746,0.363550756248,0.00657398450244,0.261499991768,0.265581831558,86400,86400,86399,86399,0.999988425926
2025-08-01,2025,qi_1,1s,10,0.484572285727,0.486873712364,0.00230142663727,0.353772115031,0.353033213487,86400,86400,86399,86399,0.999988425926
2025-08-01,2025,trade_imbalance_1s,1s,10,0.198263150447,0.2014342539,0.00317110345249,0.164812447261,0.167133045127,86400,84467,86399,84466,0.977615740741
2025-08-01,2025,di_10,30s,300,0.163424060706,0.134784133708,-0.0286399269986,0.15077230876,0.118831956635,2880,2880,2879,2879,0.999652777778
2025-08-01,2025,di_5,30s,300,0.163100548344,0.133625566082,-0.029474982262,0.150088987281,0.116813911395,2880,2880,2879,2879,0.999652777778
2025-08-01,2025,microprice_deviation_bps,30s,300,0.163490724591,0.131806158217,-0.0316845663745,0.00965282766054,0.00256593799852,2880,2880,2879,2879,0.999652777778
2025-08-01,2025,ofi_30s,30s,300,0.0549827812927,0.0612205761699,0.00623779487718,0.0789119629079,0.0876153639665,2880,2880,2879,2879,0.999652777778
2025-08-01,2025,qi_1,30s,300,0.163692327347,0.131635821965,-0.032056505382,0.150237413255,0.115851147496,2880,2880,2879,2879,0.999652777778
2025-08-01,2025,trade_imbalance_30s,30s,300,0.0330175731452,0.0299658288557,-0.00305174428949,0.0379948763555,0.0433589794189,2880,2880,2879,2879,0.999652777778
2025-08-01,2025,di_10,500ms,5,0.45812703564,0.459249598373,0.00112256273305,0.33755460882,0.338691094277,172799,172799,172798,172798,0.999994212929
2025-08-01,2025,di_5,500ms,5,0.460430510031,0.461379092068,0.000948582036619,0.336574801331,0.337545405302,172799,172799,172798,172798,0.999994212929
2025-08-01,2025,microprice_deviation_bps,500ms,5,0.460611021314,0.461514557446,0.00090353613273,0.0224207449193,-0.025816482158,172799,172799,172798,172798,0.999994212929
2025-08-01,2025,ofi_500ms,500ms,5,0.339312889041,0.34104950292,0.00173661387844,0.274032223228,0.274582730537,172799,172799,172798,172798,0.999994212929
2025-08-01,2025,qi_1,500ms,5,0.460660038157,0.461558352745,0.000898314587556,0.334668598381,0.335394477725,172799,172799,172798,172798,0.999994212929
2025-08-01,2025,trade_imbalance_500ms,500ms,5,0.183799577836,0.183478956038,-0.000320621797594,0.174258328161,0.17457804295,172799,151215,172798,151214,0.875086082674
2025-08-01,2025,di_10,5s,50,0.377763776921,0.371634537788,-0.00612923913393,0.294003713114,0.285919779961,17280,17280,17279,17279,0.99994212963
2025-08-01,2025,di_5,5s,50,0.378914467712,0.372793205526,-0.00612126218604,0.294088216932,0.286011919703,17280,17280,17279,17279,0.99994212963
2025-08-01,2025,microprice_deviation_bps,5s,50,0.379180115907,0.373815365006,-0.005364750901,0.0198653120033,0.0497436343048,17280,17280,17279,17279,0.99994212963
2025-08-01,2025,ofi_5s,5s,50,0.231089537471,0.24211116327,0.0110216257992,0.153338069398,0.168504710743,17280,17280,17279,17279,0.99994212963
2025-08-01,2025,qi_1,5s,50,0.379522969978,0.374236597209,-0.00528637276862,0.294009587132,0.286565180944,17280,17280,17279,17279,0.99994212963
2025-08-01,2025,trade_imbalance_5s,5s,50,0.155832312717,0.159945078179,0.0041127654615,0.111348206628,0.114773049099,17280,17280,17279,17279,0.99994212963
2025-09-01,2025,di_10,100ms,1,0.293958178596,0.293958178596,0,0.19860626359,0.19860626359,863979,863969,863966,863966,0.999984953338
2025-09-01,2025,di_5,100ms,1,0.294107534974,0.294107534974,0,0.196776360063,0.196776360063,863979,863969,863966,863966,0.999984953338
2025-09-01,2025,microprice_deviation_bps,100ms,1,0.293170126593,0.293170126593,0,0.0731289554015,0.0731289554015,863979,863969,863966,863966,0.999984953338
2025-09-01,2025,ofi_100ms,100ms,1,0.223893747029,0.223893747029,0,0.229423588727,0.229423588727,863979,863979,863966,863966,0.999984953338
2025-09-01,2025,qi_1,100ms,1,0.292859874052,0.292859874052,0,0.194597079868,0.194597079868,863979,863969,863966,863966,0.999984953338
2025-09-01,2025,trade_imbalance_100ms,100ms,1,0.306656245257,0.306656245257,0,0.266113547387,0.266113547387,863979,263525,863966,263522,0.305009728246
2025-09-01,2025,di_10,1s,10,0.465616213814,0.464133216739,-0.00148299707487,0.330993752982,0.334493476784,86398,86396,86393,86393,0.99994212829
2025-09-01,2025,di_5,1s,10,0.465024604552,0.463223941815,-0.00180066273737,0.32922080514,0.332252493067,86398,86396,86393,86393,0.99994212829
2025-09-01,2025,microprice_deviation_bps,1s,10,0.464180106369,0.462628757635,-0.00155134873471,0.0576376343727,0.0534150848114,86398,86396,86393,86393,0.99994212829
2025-09-01,2025,ofi_1s,1s,10,0.341964935539,0.335411113936,-0.00655382160254,0.235820299448,0.23335258315,86398,86398,86393,86393,0.99994212829
2025-09-01,2025,qi_1,1s,10,0.463752119711,0.462156002446,-0.00159611726478,0.327194473816,0.330017071799,86398,86396,86393,86393,0.99994212829
2025-09-01,2025,trade_imbalance_1s,1s,10,0.193006471767,0.196200168629,0.00319369686195,0.164131460924,0.170655612984,86398,81800,86393,81796,0.946734878122
2025-09-01,2025,di_10,30s,300,0.1670112333,0.170391775939,0.00338054263834,0.154840543162,0.159370568689,2880,2880,2879,2879,0.999652777778
2025-09-01,2025,di_5,30s,300,0.167236110907,0.170022636531,0.00278652562362,0.1547235249,0.159202361467,2880,2880,2879,2879,0.999652777778
2025-09-01,2025,microprice_deviation_bps,30s,300,0.167113944905,0.16975854618,0.00264460127444,0.00653566323025,0.086364495003,2880,2880,2879,2879,0.999652777778
2025-09-01,2025,ofi_30s,30s,300,0.0594000583197,0.0580347473276,-0.00136531099209,0.0467218198328,0.0481753551608,2880,2880,2879,2879,0.999652777778
2025-09-01,2025,qi_1,30s,300,0.167301937557,0.169703164934,0.00240122737675,0.154749719441,0.158958812662,2880,2880,2879,2879,0.999652777778
2025-09-01,2025,trade_imbalance_30s,30s,300,0.052321455494,0.0404014832166,-0.0119199722773,0.0531257488901,0.0501355365583,2880,2880,2879,2879,0.999652777778
2025-09-01,2025,di_10,500ms,5,0.421957758257,0.420982237078,-0.000975521179465,0.296580368942,0.29679540839,172796,172794,172791,172791,0.999971064145
2025-09-01,2025,di_5,500ms,5,0.42154401855,0.420215692226,-0.00132832632494,0.29465518276,0.294646049678,172796,172794,172791,172791,0.999971064145
2025-09-01,2025,microprice_deviation_bps,500ms,5,0.420520221431,0.419424024551,-0.00109619687968,0.0661719730967,0.0654935667654,172796,172794,172791,172791,0.999971064145
2025-09-01,2025,ofi_500ms,500ms,5,0.298399721015,0.296533591431,-0.00186612958399,0.226927405392,0.226644153685,172796,172796,172791,172791,0.999971064145
2025-09-01,2025,qi_1,500ms,5,0.420145744826,0.419002662781,-0.00114308204552,0.292390900463,0.292276746053,172796,172794,172791,172791,0.999971064145
2025-09-01,2025,trade_imbalance_500ms,500ms,5,0.173865762068,0.174136108033,0.000270345964342,0.165989772359,0.16901261495,172796,136908,172791,136906,0.792298432834
2025-09-01,2025,di_10,5s,50,0.406122288949,0.408278639706,0.00215635075712,0.319710173227,0.322126774039,17280,17280,17279,17279,0.99994212963
2025-09-01,2025,di_5,5s,50,0.405463599615,0.407322843763,0.00185924414795,0.318356452739,0.320329695439,17280,17280,17279,17279,0.99994212963
2025-09-01,2025,microprice_deviation_bps,5s,50,0.405231278376,0.407515543785,0.00228426540938,0.0285664770418,0.0117982914352,17280,17280,17279,17279,0.99994212963
2025-09-01,2025,ofi_5s,5s,50,0.271804984249,0.267929293139,-0.00387569111022,0.181526979854,0.178279853323,17280,17280,17279,17279,0.99994212963
2025-09-01,2025,qi_1,5s,50,0.404987187413,0.407471129416,0.00248394200262,0.317476146807,0.319416126543,17280,17280,17279,17279,0.99994212963
2025-09-01,2025,trade_imbalance_5s,5s,50,0.191868738558,0.193575903074,0.00170716451602,0.146438552269,0.146577235164,17280,17280,17279,17279,0.99994212963
2025-10-01,2025,di_10,100ms,1,0.248199462633,0.248199462633,0,0.165349883748,0.165349883748,863990,863984,863982,863982,0.999990740634
2025-10-01,2025,di_5,100ms,1,0.249423214605,0.249423214605,0,0.164966311475,0.164966311475,863990,863984,863982,863982,0.999990740634
2025-10-01,2025,microprice_deviation_bps,100ms,1,0.248087022095,0.248087022095,0,0.0705119796099,0.0705119796099,863990,863984,863982,863982,0.999990740634
2025-10-01,2025,ofi_100ms,100ms,1,0.189848691704,0.189848691704,0,0.228997652471,0.228997652471,863990,863990,863982,863982,0.999990740634
2025-10-01,2025,qi_1,100ms,1,0.249016737427,0.249016737427,0,0.164059647429,0.164059647429,863990,863984,863982,863982,0.999990740634
2025-10-01,2025,trade_imbalance_100ms,100ms,1,0.254326730889,0.254326730889,0,0.221400027062,0.221400027062,863990,263809,863982,263804,0.305332237642
2025-10-01,2025,di_10,1s,10,0.393977829671,0.39288391565,-0.00109391402102,0.275695069361,0.274238916564,86399,86399,86398,86398,0.999988425792
2025-10-01,2025,di_5,1s,10,0.396410530959,0.395423690929,-0.000986840029514,0.275683861671,0.274274449758,86399,86399,86398,86398,0.999988425792
2025-10-01,2025,microprice_deviation_bps,1s,10,0.395717438717,0.394743512121,-0.000973926595813,0.0560639064722,0.0454333677677,86399,86399,86398,86398,0.999988425792
2025-10-01,2025,ofi_1s,1s,10,0.279414336407,0.277182814845,-0.00223152156218,0.211020948416,0.209224498114,86399,86399,86398,86398,0.999988425792
2025-10-01,2025,qi_1,1s,10,0.396679619913,0.395767814054,-0.000911805859856,0.275246336624,0.2736458605,86399,86399,86398,86398,0.999988425792
2025-10-01,2025,trade_imbalance_1s,1s,10,0.146495284748,0.142086353663,-0.0044089310846,0.125685888986,0.121395417485,86399,80515,86398,80514,0.931885785715
2025-10-01,2025,di_10,30s,300,0.234174784807,0.264812836665,0.0306380518585,0.190985845547,0.215741956674,2880,2880,2879,2879,0.999652777778
2025-10-01,2025,di_5,30s,300,0.234003335291,0.263676201889,0.0296728665974,0.19023919574,0.212900326233,2880,2880,2879,2879,0.999652777778
2025-10-01,2025,microprice_deviation_bps,30s,300,0.234499534594,0.265108301239,0.0306087666456,0.012153161617,-0.00947428172465,2880,2880,2879,2879,0.999652777778
2025-10-01,2025,ofi_30s,30s,300,0.0729047417733,0.0753259203009,0.00242117852757,0.0325386432749,0.0411637842988,2880,2880,2879,2879,0.999652777778
2025-10-01,2025,qi_1,30s,300,0.234823237352,0.265590118423,0.0307668810703,0.190631396468,0.213425018782,2880,2880,2879,2879,0.999652777778
2025-10-01,2025,trade_imbalance_30s,30s,300,0.0572953847326,0.0609131264542,0.00361774172161,0.0526600327516,0.0515354373759,2880,2880,2879,2879,0.999652777778
2025-10-01,2025,di_10,500ms,5,0.351791051528,0.351693337044,-9.77144837545e-05,0.245137783871,0.244531799633,172798,172797,172795,172795,0.999982638688
2025-10-01,2025,di_5,500ms,5,0.353690752061,0.353701972287,1.12202262563e-05,0.244828665153,0.243924413263,172798,172797,172795,172795,0.999982638688
2025-10-01,2025,microprice_deviation_bps,500ms,5,0.352731649722,0.352413362284,-0.000318287438547,0.0665091509461,0.0700244621577,172798,172797,172795,172795,0.999982638688
2025-10-01,2025,ofi_500ms,500ms,5,0.250826418873,0.249697018663,-0.00112940020937,0.209684295026,0.210766041115,172798,172798,172795,172795,0.999982638688
2025-10-01,2025,qi_1,500ms,5,0.353708528339,0.353569295939,-0.000139232399981,0.244268124154,0.2429662094,172798,172797,172795,172795,0.999982638688
2025-10-01,2025,trade_imbalance_500ms,500ms,5,0.142050977875,0.143404493132,0.00135351525682,0.13782398694,0.13759820306,172798,134047,172795,134044,0.775726570909
2025-10-01,2025,di_10,5s,50,0.413927015021,0.417450739086,0.00352372406481,0.294302988837,0.303371713522,17280,17280,17279,17279,0.99994212963
2025-10-01,2025,di_5,5s,50,0.416725583178,0.420265378579,0.0035397954005,0.294729495713,0.302852873804,17280,17280,17279,17279,0.99994212963
2025-10-01,2025,microprice_deviation_bps,5s,50,0.417350047968,0.42077196309,0.00342191512159,0.0273193139259,0.0587176109653,17280,17280,17279,17279,0.99994212963
2025-10-01,2025,ofi_5s,5s,50,0.272672290458,0.281271865899,0.00859957544155,0.155181603238,0.16103841112,17280,17280,17279,17279,0.99994212963
2025-10-01,2025,qi_1,5s,50,0.417605867934,0.421124831694,0.00351896375971,0.294489468343,0.303143330043,17280,17280,17279,17279,0.99994212963
2025-10-01,2025,trade_imbalance_5s,5s,50,0.178517860671,0.181825845914,0.00330798524334,0.119136717922,0.121821969606,17280,17280,17279,17279,0.99994212963
2025-11-01,2025,di_10,100ms,1,0.179398024297,0.179398024297,0,0.0985284501844,0.0985284501844,863990,863990,863989,863989,0.999998842579
2025-11-01,2025,di_5,100ms,1,0.18138296451,0.18138296451,0,0.0985373562932,0.0985373562932,863990,863990,863989,863989,0.999998842579
2025-11-01,2025,microprice_deviation_bps,100ms,1,0.18165459687,0.18165459687,0,0.106311895253,0.106311895253,863990,863990,863989,863989,0.999998842579
2025-11-01,2025,ofi_100ms,100ms,1,0.106763085063,0.106763085063,0,0.146412378816,0.146412378816,863990,863990,863989,863989,0.999998842579
2025-11-01,2025,qi_1,100ms,1,0.181657933853,0.181657933853,0,0.0978743710159,0.0978743710159,863990,863990,863989,863989,0.999998842579
2025-11-01,2025,trade_imbalance_100ms,100ms,1,0.198102016591,0.198102016591,0,0.144972568997,0.144972568997,863990,216359,863989,216359,0.25041840762
2025-11-01,2025,di_10,1s,10,0.365885670417,0.365006780162,-0.0008788902548,0.207598268612,0.207876443816,86399,86399,86398,86398,0.999988425792
2025-11-01,2025,di_5,1s,10,0.366795120234,0.365789279869,-0.00100584036506,0.206681685782,0.206854916638,86399,86399,86398,86398,0.999988425792
2025-11-01,2025,microprice_deviation_bps,1s,10,0.367259168102,0.366344696764,-0.000914471337469,0.073125824252,0.0889507611921,86399,86399,86398,86398,0.999988425792
2025-11-01,2025,ofi_1s,1s,10,0.224294005675,0.222837942079,-0.00145606359632,0.17344839874,0.176577619873,86399,86399,86398,86398,0.999988425792
2025-11-01,2025,qi_1,1s,10,0.367380061434,0.366418629795,-0.000961431638178,0.206377941738,0.206501252542,86399,86399,86398,86398,0.999988425792
2025-11-01,2025,trade_imbalance_1s,1s,10,0.140049098475,0.138560492317,-0.0014886061582,0.102095221313,0.100985250505,86399,77994,86398,77993,0.902707207259
2025-11-01,2025,di_10,30s,300,0.34950604066,0.357285001053,0.00777896039281,0.270109575056,0.287499518623,2880,2880,2879,2879,0.999652777778
2025-11-01,2025,di_5,30s,300,0.347930226026,0.353716279149,0.00578605312236,0.267883883375,0.283667445585,2880,2880,2879,2879,0.999652777778
2025-11-01,2025,microprice_deviation_bps,30s,300,0.348227678826,0.354313383011,0.00608570418467,0.0439649301069,0.207869614357,2880,2880,2879,2879,0.999652777778
2025-11-01,2025,ofi_30s,30s,300,0.203159365911,0.191804204778,-0.0113551611334,0.147914959003,0.126981246356,2880,2880,2879,2879,0.999652777778
2025-11-01,2025,qi_1,30s,300,0.348381877275,0.354279031484,0.00589715420917,0.268440112734,0.283949380524,2880,2880,2879,2879,0.999652777778
2025-11-01,2025,trade_imbalance_30s,30s,300,0.152966611719,0.135837780546,-0.017128831173,0.135928181973,0.118227625518,2880,2880,2879,2879,0.999652777778
2025-11-01,2025,di_10,500ms,5,0.30013981388,0.300010814752,-0.000128999128073,0.168079803311,0.169314108196,172798,172798,172797,172797,0.999994212896
2025-11-01,2025,di_5,500ms,5,0.301468847361,0.301426682326,-4.21650351818e-05,0.167521986508,0.168691969498,172798,172798,172797,172797,0.999994212896
2025-11-01,2025,microprice_deviation_bps,500ms,5,0.301819019214,0.301798362597,-2.06566166366e-05,0.0838800050054,0.105752793351,172798,172798,172797,172797,0.999994212896
2025-11-01,2025,ofi_500ms,500ms,5,0.172900654271,0.171594254186,-0.00130640008474,0.163047909068,0.165364800344,172798,172798,172797,172797,0.999994212896
2025-11-01,2025,qi_1,500ms,5,0.301959439959,0.301889440887,-6.99990718563e-05,0.167051226984,0.168341641848,172798,172798,172797,172797,0.999994212896
2025-11-01,2025,trade_imbalance_500ms,500ms,5,0.124478111091,0.122689098731,-0.00178901236003,0.0983547488206,0.0970897392246,172798,123694,172797,123694,0.715830044329
2025-11-01,2025,di_10,5s,50,0.489894537799,0.48453616174,-0.0053583760587,0.301668638874,0.301241741375,17280,17280,17279,17279,0.99994212963
2025-11-01,2025,di_5,5s,50,0.48979805778,0.484185683535,-0.00561237424463,0.300020895498,0.298868938817,17280,17280,17279,17279,0.99994212963
2025-11-01,2025,microprice_deviation_bps,5s,50,0.490354944668,0.484931232299,-0.00542371236936,0.062999763913,0.0977509556751,17280,17280,17279,17279,0.99994212963
2025-11-01,2025,ofi_5s,5s,50,0.372696387696,0.369155206901,-0.00354118079512,0.216224010475,0.215973531614,17280,17280,17279,17279,0.99994212963
2025-11-01,2025,qi_1,5s,50,0.490329790917,0.484672829877,-0.00565696104022,0.299795937108,0.298399760855,17280,17280,17279,17279,0.99994212963
2025-11-01,2025,trade_imbalance_5s,5s,50,0.28448787412,0.279194498046,-0.00529337607392,0.178181327612,0.173437202159,17280,17277,17279,17276,0.999768518519
2025-12-01,2025,di_10,100ms,1,0.372654350359,0.372654350359,0,0.237315365445,0.237315365445,863992,863991,863990,863990,0.999997685164
2025-12-01,2025,di_5,100ms,1,0.375364471859,0.375364471859,0,0.237190403941,0.237190403941,863992,863991,863990,863990,0.999997685164
2025-12-01,2025,microprice_deviation_bps,100ms,1,0.37390420665,0.37390420665,0,0.0651218142446,0.0651218142446,863992,863991,863990,863990,0.999997685164
2025-12-01,2025,ofi_100ms,100ms,1,0.287158616951,0.287158616951,0,0.233759834152,0.233759834152,863992,863992,863990,863990,0.999997685164
2025-12-01,2025,qi_1,100ms,1,0.375819425675,0.375819425675,0,0.236181313868,0.236181313868,863992,863991,863990,863990,0.999997685164
2025-12-01,2025,trade_imbalance_100ms,100ms,1,0.316537636865,0.316537636865,0,0.262159256203,0.262159256203,863992,357288,863990,357288,0.413531606774
2025-12-01,2025,di_10,1s,10,0.444989666483,0.440179629343,-0.00481003714033,0.305809908075,0.302745437094,86400,86400,86399,86399,0.999988425926
2025-12-01,2025,di_5,1s,10,0.445956181826,0.441167652763,-0.00478852906376,0.305472470747,0.302918231783,86400,86400,86399,86399,0.999988425926
2025-12-01,2025,microprice_deviation_bps,1s,10,0.444828664231,0.439706518346,-0.00512214588486,0.0412836451824,0.0424001077523,86400,86400,86399,86399,0.999988425926
2025-12-01,2025,ofi_1s,1s,10,0.31131417531,0.304474178581,-0.00683999672965,0.206014632282,0.200924760914,86400,86400,86399,86399,0.999988425926
2025-12-01,2025,qi_1,1s,10,0.445505682861,0.440659639074,-0.00484604378749,0.304475631553,0.301779022058,86400,86400,86399,86399,0.999988425926
2025-12-01,2025,trade_imbalance_1s,1s,10,0.169963288308,0.167034741067,-0.00292854724107,0.128164285519,0.125423346586,86400,84558,86399,84557,0.978668981481
2025-12-01,2025,di_10,30s,300,0.132486941326,0.155138174326,0.0226512330007,0.11398057691,0.136995785009,2880,2880,2879,2879,0.999652777778
2025-12-01,2025,di_5,30s,300,0.132740543462,0.154727051302,0.0219865078401,0.114174061364,0.134571907785,2880,2880,2879,2879,0.999652777778
2025-12-01,2025,microprice_deviation_bps,30s,300,0.132883718137,0.153716048677,0.0208323305405,0.00795985261645,0.00130135261791,2880,2880,2879,2879,0.999652777778
2025-12-01,2025,ofi_30s,30s,300,0.0465539096496,0.0431469958864,-0.00340691376314,0.0584286178229,0.0623129366769,2880,2880,2879,2879,0.999652777778
2025-12-01,2025,qi_1,30s,300,0.132972719036,0.153160007844,0.0201872888079,0.11501721367,0.133790541198,2880,2880,2879,2879,0.999652777778
2025-12-01,2025,trade_imbalance_30s,30s,300,0.0322284023542,0.0301496587639,-0.00207874359034,0.0255832417542,0.0273431400485,2880,2880,2879,2879,0.999652777778
2025-12-01,2025,di_10,500ms,5,0.452979054515,0.451737719981,-0.00124133453353,0.305006248642,0.304083927005,172799,172799,172798,172798,0.999994212929
2025-12-01,2025,di_5,500ms,5,0.454629986354,0.453359202882,-0.00127078347202,0.304753462171,0.303930365526,172799,172799,172798,172798,0.999994212929
2025-12-01,2025,microprice_deviation_bps,500ms,5,0.45334781428,0.452099675889,-0.00124813839132,0.0505888035834,0.057457450851,172799,172799,172798,172798,0.999994212929
2025-12-01,2025,ofi_500ms,500ms,5,0.334299535403,0.335466626769,0.00116709136544,0.231372786152,0.232734528374,172799,172799,172798,172798,0.999994212929
2025-12-01,2025,qi_1,500ms,5,0.454419807942,0.453190719222,-0.00122908871964,0.303670032081,0.302588365335,172799,172799,172798,172798,0.999994212929
2025-12-01,2025,trade_imbalance_500ms,500ms,5,0.181099632639,0.181358436789,0.000258804150717,0.152758978912,0.153364519375,172799,152564,172798,152563,0.882892840815
2025-12-01,2025,di_10,5s,50,0.297565435943,0.309276619128,0.0117111831848,0.224281899925,0.23522020209,17280,17280,17279,17279,0.99994212963
2025-12-01,2025,di_5,5s,50,0.297335281291,0.308211226071,0.0108759447803,0.22355261696,0.23450412754,17280,17280,17279,17279,0.99994212963
2025-12-01,2025,microprice_deviation_bps,5s,50,0.296931058097,0.307700344546,0.0107692864489,0.0177203814712,0.0379687455452,17280,17280,17279,17279,0.99994212963
2025-12-01,2025,ofi_5s,5s,50,0.144258987102,0.139450711547,-0.00480827555465,0.0988678999802,0.102602818932,17280,17280,17279,17279,0.99994212963
2025-12-01,2025,qi_1,5s,50,0.297227362747,0.307889110119,0.0106617473716,0.223310231943,0.233789419049,17280,17280,17279,17279,0.99994212963
2025-12-01,2025,trade_imbalance_5s,5s,50,0.091368954977,0.0882238366569,-0.00314511832009,0.0641047432565,0.0633632108652,17280,17280,17279,17279,0.99994212963
ALL,ALL,di_10,100ms,1,0.267901537142,0.267901537142,0,,,20735657,20735444,20735404,20735404,0.999987798808
ALL,ALL,di_5,100ms,1,0.272027736437,0.272027736437,0,,,20735657,20735444,20735404,20735404,0.999987798808
ALL,ALL,microprice_deviation_bps,100ms,1,0.274801155684,0.274801155684,0,,,20735657,20735444,20735404,20735404,0.999987798808
ALL,ALL,ofi_100ms,100ms,1,0.209496943232,0.209496943232,0,,,20735657,20735657,20735404,20735404,0.999987798808
ALL,ALL,qi_1,100ms,1,0.274220699858,0.274220699858,0,,,20735657,20735444,20735404,20735404,0.999987798808
ALL,ALL,trade_imbalance_100ms,100ms,1,0.239966347879,0.239966347879,0,,,20735657,6912835,20735404,6912763,0.333375869012
ALL,ALL,di_10,1s,10,0.419643040786,0.419095602812,-0.000547437973667,,,2073579,2073556,2073520,2073520,0.999971546778
ALL,ALL,di_5,1s,10,0.423856399239,0.423374065541,-0.000482333698194,,,2073579,2073556,2073520,2073520,0.999971546778
ALL,ALL,microprice_deviation_bps,1s,10,0.425846205195,0.425457309178,-0.00038889601652,,,2073579,2073556,2073520,2073520,0.999971546778
ALL,ALL,ofi_1s,1s,10,0.310249686469,0.308880954795,-0.00136873167365,,,2073579,2073579,2073520,2073520,0.999971546778
ALL,ALL,qi_1,1s,10,0.42594016798,0.425473937685,-0.000466230295311,,,2073579,2073556,2073520,2073520,0.999971546778
ALL,ALL,trade_imbalance_1s,1s,10,0.169690745627,0.168894591984,-0.000796153642544,,,2073579,1960618,2073520,1960575,0.94550303313
ALL,ALL,di_10,30s,300,0.218907897227,0.22314885229,0.00424095506326,,,69120,69120,69096,69096,0.999652777778
ALL,ALL,di_5,30s,300,0.219618800499,0.224057239437,0.00443843893816,,,69120,69120,69096,69096,0.999652777778
ALL,ALL,microprice_deviation_bps,30s,300,0.219759117169,0.224023503491,0.00426438632227,,,69120,69120,69096,69096,0.999652777778
ALL,ALL,ofi_30s,30s,300,0.0931441063496,0.0929543405562,-0.00018976579346,,,69120,69120,69096,69096,0.999652777778
ALL,ALL,qi_1,30s,300,0.220034587651,0.224024247117,0.00398965946603,,,69120,69120,69096,69096,0.999652777778
ALL,ALL,trade_imbalance_30s,30s,300,0.0666992839533,0.0673283938276,0.000629109874262,,,69120,69120,69096,69096,0.999652777778
ALL,ALL,di_10,500ms,5,0.381461137212,0.381276474837,-0.000184662375659,,,4147144,4147103,4147066,4147066,0.999981191885
ALL,ALL,di_5,500ms,5,0.385965376552,0.385795854514,-0.000169522038208,,,4147144,4147103,4147066,4147066,0.999981191885
ALL,ALL,microprice_deviation_bps,500ms,5,0.388385590517,0.388351850197,-3.37403195505e-05,,,4147144,4147103,4147066,4147066,0.999981191885
ALL,ALL,ofi_500ms,500ms,5,0.280430544085,0.279942272588,-0.00048827149644,,,4147144,4147144,4147066,4147066,0.999981191885
ALL,ALL,qi_1,500ms,5,0.388269582653,0.388164772254,-0.000104810399682,,,4147144,4147103,4147066,4147066,0.999981191885
ALL,ALL,trade_imbalance_500ms,500ms,5,0.154702639301,0.154365289242,-0.000337350059263,,,4147144,3337430,4147066,3337391,0.804744627594
ALL,ALL,di_10,5s,50,0.399241649883,0.400372425186,0.00113077530224,,,414719,414715,414687,414687,0.999922839367
ALL,ALL,di_5,5s,50,0.401695880068,0.402800095419,0.00110421535134,,,414719,414715,414687,414687,0.999922839367
ALL,ALL,microprice_deviation_bps,5s,50,0.402580875704,0.403875202352,0.00129432664871,,,414719,414715,414687,414687,0.999922839367
ALL,ALL,ofi_5s,5s,50,0.26661066572,0.267116571335,0.00050590561467,,,414719,414719,414687,414687,0.999922839367
ALL,ALL,qi_1,5s,50,0.40293871082,0.404280057576,0.00134134675562,,,414719,414715,414687,414687,0.999922839367
ALL,ALL,trade_imbalance_5s,5s,50,0.183447206427,0.184271394768,0.000824188340139,,,414719,414701,414687,414669,0.999879436449
